sim_time_sec,true_frequency,measurement_y,predicted_freq,estimated_freq,residual,residual_cov_S,normalized_residual,kalman_gain,error_cov_P,generation_command,load_demand_mw
0.0,50.0,50.02,50.0,50.017826086956525,0.020000000000003126,0.0092,0.20851441405710738,0.891304347826087,0.0008913043478260864,100.0,100.0
0.1,50.0,50.0,50.016043478260876,50.00880563178619,-0.016043478260876043,0.00182195652173913,-0.37586295658785485,0.45113948216203303,0.00045113948216203304,100.0,100.0
0.2,50.0,50.02,50.00792506860757,50.011760105066806,0.012074931392433541,0.0014654229805512468,0.3154301285533855,0.3176031676370798,0.0003176031676370798,100.0,100.0
0.30000000000000004,50.0,50.05,50.01058409456012,50.02095917724634,0.039415905439874166,0.0013572585657860346,1.0698926691749353,0.26322071180234846,0.0002632207118023485,100.0,100.0
0.4,50.0,49.99,50.01886325952171,50.01197918566865,-0.028863259521706652,0.0013132087765599023,-0.7964866226308696,0.23850646001650083,0.00023850646001650084,100.0,100.0
0.5,50.0,49.99,50.010781267101784,50.00606976806482,-0.020781267101781964,0.0012931902326133657,-0.5778841946433756,0.2267185640745733,0.00022671856407457334,100.0,100.0
0.6000000000000001,50.0,50.05,50.00546279125834,50.015304027554905,0.044537208741658674,0.0012836420369004044,1.2430855832491647,0.2209666158840603,0.0002209666158840603,100.0,100.0
0.7000000000000001,50.0,50.02,50.01377362479941,50.01513177626221,0.006226375200590439,0.0012789829588660889,0.17410165867087066,0.21812875373525498,0.00021812875373525498,100.0,100.0
0.8,50.0,49.99,50.013618598635986,50.00849995242462,-0.023618598635984256,0.0012766842905255565,-0.6610166042558503,0.21672099561251545,0.00021672099561251544,100.0,100.0
0.9,50.0,50.02,50.00764995718216,50.01031782301871,0.012350042817843132,0.0012755440064461374,0.34579661694259434,0.21602077627556393,0.0002160207762755639,100.0,100.0
1.0,50.0,49.99,50.00928604071684,50.005126581347554,-0.019286040716835373,0.0012749768287832067,-0.5401220822882966,0.2156720205226279,0.00021567202052262787,100.0,100.0
1.1,50.0,49.99,50.0046139232128,50.00146464904795,-0.014613923212799307,0.0012746943366233286,-0.4093207798884306,0.21549820120092097,0.000215498201200921,100.0,100.0
1.2000000000000002,50.0,50.01,50.00131818414316,50.00318834747688,0.008681815856839137,0.001274553542972746,0.2431820570816916,0.2154115411521922,0.0002154115411521922,100.0,100.0
1.3,50.0,49.94,50.00286951272919,49.989329410863945,-0.06286951272919339,0.0012744833483332757,-1.761055372279544,0.21536832842283526,0.00021536832842283528,100.0,100.0
1.4000000000000001,50.0,49.95,49.99039646977755,49.98169722013735,-0.04039646977754785,0.0012744483460224965,-1.1315722669412063,0.21534677876827188,0.00021534677876827187,100.0,100.0
1.5,50.0,49.98,49.983527498123614,49.98276790067557,-0.003527498123617079,0.0012744308908023002,-0.09881176265721811,0.21533603177928,0.00021533603177927997,100.0,100.0
1.6,50.0,49.97,49.98449111060801,49.98137073002192,-0.014491110608013003,0.0012744221857412168,-0.40592426195233433,0.21533067205794923,0.00021533067205794924,100.0,100.0
1.7000000000000002,50.0,50.01,49.98323365701973,49.98899720009526,0.0267663429802667,0.001274417844366939,0.7497787312241775,0.21532799903885108,0.0002153279990388511,100.0,100.0
1.8,50.0,49.97,49.99009748008574,49.98576995670519,-0.020097480085738084,0.0012744156792214695,-0.5629710390735131,0.21532666593454639,0.00021532666593454642,100.0,100.0
1.9000000000000001,50.0,49.96,49.98719296103467,49.98133760947758,-0.027192961034671725,0.0012744145994069826,-0.7617301248453111,0.21532600107898534,0.00021532600107898532,100.0,100.0
2.0,50.0,50.05,49.98320384852982,49.99758677456495,0.0667961514701787,0.0012744140608739781,1.8710964018991307,0.21532566949692017,0.00021532566949692019,100.0,100.0
2.1,50.0,49.99,49.99782809710846,49.996142508152225,-0.00782809710845811,0.0012744137922925053,-0.2192809848232912,0.2153255041275648,0.0002153255041275648,100.0,100.0
2.2,50.0,50.0,49.996528257337005,49.997275811789784,0.003471742662995325,0.0012744136583433276,0.09725060632937378,0.21532542165316335,0.00021532542165316338,100.0,100.0
2.3000000000000003,50.0,49.95,49.9975482306108,49.98730988976144,-0.0475482306108006,0.0012744135915390624,-1.3319231368365065,0.21532538052082698,0.00021532538052082697,100.0,100.0
2.4000000000000004,50.0,49.98,49.9885789007853,49.98673164588524,-0.008578900785302324,0.0012744135582218698,-0.24031255100657886,0.21532536000695598,0.00021532536000695596,100.0,100.0
2.5,50.0,50.0,49.98805848129672,49.99062979298836,0.011941518703281417,0.0012744135416056343,0.33450635611765517,0.21532534977610218,0.00021532534977610217,100.0,100.0
2.6,50.0,49.96,49.99156681368952,49.984769678651574,-0.03156681368952263,0.0012744135333186428,-0.8842510000806634,0.21532534467368286,0.00021532534467368284,100.0,100.0
2.7,50.0,50.01,49.986292710786415,49.99139749094728,0.023707289213582783,0.0012744135291856832,0.6640896492274776,0.2153253421289604,0.00021532534212896043,100.0,100.0
2.8000000000000003,50.0,49.98,49.992257741852555,49.98961833940998,-0.012257741852558013,0.001274413527124458,-0.3433644150721944,0.21532534085983457,0.0002153253408598346,100.0,100.0
2.9000000000000004,50.0,49.99,49.99065650546898,49.99051514320551,-0.0006565054689815497,0.0012744135260964662,-0.018390060677646026,0.2153253402268852,0.00021532534022688523,100.0,100.0
3.0,50.0,49.98,49.991463628884965,49.98899521909869,-0.011463628884968102,0.001274413525583777,-0.3211196871673113,0.2153253399112153,0.0002153253399112153,100.0,100.0
3.1,50.0,50.06,49.99009569718882,50.00514786494189,0.06990430281118165,0.0012744135253280845,1.958162470006548,0.21532533975378165,0.00021532533975378166,100.0,100.0
3.2,50.0,50.0,50.004633078447704,50.00363545925721,-0.004633078447703554,0.0012744135252005632,-0.12978200157218386,0.215325339675265,0.00021532533967526498,100.0,100.0
3.3000000000000003,50.0,49.97,50.00327191333149,49.99610762729304,-0.0332719133314896,0.0012744135251369646,-0.9320143306757551,0.2153253396361065,0.00021532533963610647,100.0,100.0
3.4000000000000004,50.0,50.03,49.99649686456374,50.00371093857977,0.03350313543626271,0.0012744135251052462,0.9384913346718604,0.215325339616577,0.000215325339616577,100.0,100.0
3.5,50.0,49.96,50.00333984472179,49.99400767793857,-0.04333984472179253,0.0012744135250894275,-1.2140376770125938,0.21532533960683709,0.00021532533960683713,100.0,100.0
3.6,50.0,50.01,49.99460691014471,49.997921432445324,0.0153930898552872,0.001274413525081538,0.43119192442837895,0.21532533960197958,0.00021532533960197953,100.0,100.0
3.7,50.0,49.94,49.99812928920079,49.98561258026295,-0.0581292892007923,0.0012744135250776034,-1.6283202600531077,0.21532533959955696,0.00021532533959955696,100.0,100.0
3.8000000000000003,50.0,49.96,49.98705132223666,49.981226487089465,-0.027051322236658848,0.0012744135250756412,-0.7577628535428622,0.21532533959834874,0.00021532533959834873,100.0,100.0
3.9000000000000004,50.0,50.01,49.98310383838052,49.98889526351511,0.026896161619475834,0.0012744135250746624,0.7534164873653557,0.2153253395977462,0.00021532533959774618,100.0,100.0
4.0,50.0,50.02,49.9900057371636,49.996464261994824,0.029994262836403607,0.0012744135250741745,0.8402006378098633,0.2153253395974456,0.00021532533959744564,100.0,100.0
4.1000000000000005,50.0,50.01,49.99681783579534,49.99965628977934,0.013182164204657454,0.001274413525073931,0.369259375797235,0.21532533959729577,0.00021532533959729575,100.0,100.0
4.2,50.0,50.0,49.999690660801406,49.9997572693694,0.0003093391985942162,0.0012744135250738096,0.008665223525448481,0.215325339597221,0.000215325339597221,100.0,100.0
4.3,50.0,49.99,49.99978154243246,49.99767532848641,-0.009781542432456547,0.001274413525073749,-0.27400100597041444,0.2153253395971837,0.00021532533959718372,100.0,100.0
4.4,50.0,49.95,49.99790779563777,49.98759203327272,-0.04790779563776937,0.0012744135250737187,-1.3419953232546906,0.21532533959716513,0.00021532533959716513,100.0,100.0
4.5,50.0,49.98,49.98883282994545,49.986930897837844,-0.008832829945454534,0.0012744135250737038,-0.2474256291716943,0.21532533959715588,0.00021532533959715586,100.0,100.0
4.6000000000000005,50.0,49.99,49.98823780805406,49.988617252633254,0.0017621919459429591,0.0012744135250736962,0.049362599941212074,0.21532533959715125,0.00021532533959715122,100.0,100.0
4.7,50.0,50.03,49.98975552736993,49.99842118210591,0.04024447263007147,0.0012744135250736925,1.127329974953582,0.21532533959714895,0.00021532533959714892,100.0,100.0
4.800000000000001,50.0,50.01,49.99857906389532,50.001038280840575,0.011420936104677537,0.0012744135250736905,0.319923775152467,0.21532533959714778,0.00021532533959714778,100.0,100.0
4.9,50.0,49.94,50.00093445275652,49.98781372102356,-0.060934452756519875,0.0012744135250736897,-1.7068986275767197,0.2153253395971472,0.0002153253395971472,100.0,100.0
5.0,50.0,50.01,49.9890323489212,49.9935472155103,0.02096765107879861,0.0012744135250736892,0.587346783812372,0.21532533959714695,0.00021532533959714694,100.0,100.0
5.1000000000000005,50.0,49.99,49.99419249395927,49.99328974377373,-0.00419249395926613,0.001274413525073689,-0.11744032909903095,0.2153253395971468,0.00021532533959714678,100.0,100.0
5.2,50.0,49.98,49.99396076939636,49.99095466198505,-0.013960769396362593,0.0012744135250736888,-0.39106969939951847,0.21532533959714673,0.0002153253395971467,100.0,100.0
5.300000000000001,50.0,50.02,49.991859195786546,49.997918624010346,0.028140804213457216,0.0012744135250736888,0.7882814716132132,0.21532533959714667,0.00021532533959714667,100.0,100.0
5.4,50.0,50.03,49.99812676160931,50.00498987748985,0.031873238390687675,0.0012744135250736888,0.8928345854335953,0.21532533959714667,0.00021532533959714667,100.0,100.0
5.5,50.0,50.03,50.004490889740865,50.00998364757024,0.02550911025913649,0.0012744135250736888,0.714562342358354,0.21532533959714667,0.00021532533959714667,100.0,100.0
5.6000000000000005,50.0,49.97,50.008985282813214,50.00059076355217,-0.038985282813214894,0.0012744135250736888,-1.0920574932454237,0.21532533959714667,0.00021532533959714667,100.0,100.0
5.7,50.0,49.99,50.000531687196954,49.99826394807474,-0.010531687196952078,0.0012744135250736888,-0.2950140948073315,0.21532533959714667,0.00021532533959714667,100.0,100.0
5.800000000000001,50.0,50.01,49.998437553267266,50.000927241036564,0.011562446732732212,0.0012744135250736888,0.32388777722169393,0.21532533959714667,0.00021532533959714667,100.0,100.0
5.9,50.0,50.03,50.00083451693291,50.00711458447885,0.029165483067089326,0.0012744135250736888,0.8169848216861224,0.21532533959714667,0.00021532533959714667,100.0,100.0
6.0,50.0,49.98,50.00640312603097,50.00071786395192,-0.026403126030970725,0.0012744135250736888,-0.7396055523150156,0.21532533959714667,0.00021532533959714667,100.0,100.0
6.1000000000000005,50.0,49.99,50.00064607755673,49.99835370729145,-0.010646077556728528,0.0012744135250736888,-0.2982184027034016,0.21532533959714667,0.00021532533959714667,100.0,100.0
6.2,50.0,49.97,49.998518336562306,49.99237761605728,-0.028518336562306956,0.0012744135250736888,-0.7988569247266161,0.21532533959714667,0.00021532533959714667,100.0,100.0
6.300000000000001,50.0,49.96,49.993139854451556,49.986004004037575,-0.033139854451555095,0.0012744135250736888,-0.9283150914225475,0.21532533959714667,0.00021532533959714667,100.0,100.0
6.4,50.0,50.03,49.987403603633815,49.99657568714698,0.04259639636618573,0.0012744135250736888,1.1932121682897499,0.21532533959714667,0.00021532533959714667,100.0,100.0
6.5,50.0,50.04,49.99691811843228,50.00619473921134,0.04308188156771564,0.0012744135250736888,1.2068116015612917,0.21532533959714667,0.00021532533959714667,100.0,100.0
6.6000000000000005,50.0,50.0,50.005575265290204,50.00437476939825,-0.0055752652902043565,0.0012744135250736888,-0.15617458173049237,0.21532533959714667,0.00021532533959714667,100.0,100.0
6.7,50.0,50.03,50.003937292458424,50.00954925381063,0.026062707541576913,0.0012744135250736888,0.730069734299716,0.21532533959714667,0.00021532533959714667,100.0,100.0
6.800000000000001,50.0,50.01,50.008594328429574,50.00889700513784,0.0014056715704242606,0.0012744135250736888,0.03937573516854237,0.21532533959714667,0.00021532533959714667,100.0,100.0
6.9,50.0,49.98,50.00800730462406,50.00197662224468,-0.028007304624061646,0.0012744135250736888,-0.784541875118733,0.21532533959714667,0.00021532533959714667,100.0,100.0
7.0,50.0,50.01,50.00177896002022,50.003549158245704,0.008221039979780187,0.0012744135250736888,0.2302881411737746,0.21532533959714667,0.00021532533959714667,100.0,100.0
7.1000000000000005,50.0,50.05,50.00319424242114,50.01327270806691,0.046805757578859186,0.0012744135250736888,1.3111249836488446,0.21532533959714667,0.00021532533959714667,100.0,100.0
7.2,50.0,50.0,50.011945437260216,50.00937328192553,-0.011945437260216352,0.0012744135250736888,-0.33461612508016575,0.21532533959714667,0.00021532533959714667,100.0,100.0
7.300000000000001,50.0,50.05,50.00843595373298,50.017385746110456,0.041564046267019705,0.0012744135250736888,1.1642939309423794,0.21532533959714667,0.00021532533959714667,100.0,100.0
7.4,50.0,49.92,50.01564717149941,49.99505191181479,-0.09564717149940805,0.0012744135250736888,-2.679272864175616,0.21532533959714667,0.00021532533959714667,100.0,100.0
7.5,50.0,50.03,49.995546720633314,50.00296538471318,0.034453279366687184,0.0012744135250736888,0.9651068091396505,0.21532533959714667,0.00021532533959714667,100.0,100.0
7.6000000000000005,50.0,50.0,50.00266884624186,50.0020941760185,-0.0026688462418604786,0.0012744135250736888,-0.07475984080217268,0.21532533959714667,0.00021532533959714667,100.0,100.0
7.7,50.0,49.99,50.00188475841665,49.99932566877455,-0.011884758416648822,0.0012744135250736888,-0.3329163865886721,0.21532533959714667,0.00021532533959714667,100.0,100.0
7.800000000000001,50.0,50.0,49.9993931018971,49.99952378243721,0.0006068981029017095,0.0012744135250736888,0.01700045691820876,0.21532533959714667,0.00021532533959714667,100.0,100.0
7.9,50.0,49.94,49.99957140419349,49.98674417135525,-0.05957140419349116,0.0012744135250736888,-1.6687168500058172,0.21532533959714667,0.00021532533959714667,100.0,100.0
8.0,50.0,49.99,49.98806975421972,49.988485385047866,0.0019302457802794493,0.0012744135250736888,0.05407013149703255,0.21532533959714667,0.00021532533959714667,100.0,100.0
8.1,50.0,50.01,49.98963684654308,49.99402154947646,0.020363153456919747,0.0012744135250736888,0.5704135692763965,0.21532533959714667,0.00021532533959714667,100.0,100.0
8.200000000000001,50.0,50.05,49.99461939452881,50.00654424220899,0.05538060547118562,0.0012744135250736888,1.5513240079606703,0.21532533959714667,0.00021532533959714667,100.0,100.0
8.3,50.0,49.98,50.00588981798809,50.000315084137696,-0.02588981798809442,0.0012744135250736888,-0.7252267443619744,0.21532533959714667,0.00021532533959714667,100.0,100.0
8.4,50.0,49.97,50.00028357572393,49.993762754496956,-0.030283575723927925,0.0012744135250736888,-0.8483048834102709,0.21532533959714667,0.00021532533959714667,100.0,100.0
8.5,50.0,49.98,49.994386479047265,49.991288705560805,-0.014386479047267642,0.0012744135250736888,-0.4029946972620494,0.21532533959714667,0.00021532533959714667,100.0,100.0
8.6,50.0,50.03,49.99215983500473,50.000307781382745,0.03784016499527354,0.0012744135250736888,1.0599804014945897,0.21532533959714667,0.00021532533959714667,100.0,100.0
8.700000000000001,50.0,50.01,50.00027700324447,50.00237061082276,0.009722996755527902,0.0012744135250736888,0.27236102183863,0.21532533959714667,0.00021532533959714667,100.0,100.0
8.8,50.0,49.98,50.002133549740485,49.99736763562613,-0.02213354974048798,0.0012744135250736888,-0.6200059894916778,0.21532533959714667,0.00021532533959714667,100.0,100.0
8.9,50.0,50.02,49.99763087206352,50.00244751213293,0.02236912793648571,0.0012744135250736888,0.6266050164993094,0.21532533959714667,0.00021532533959714667,100.0,100.0
9.0,50.0,50.0,50.00220276091964,50.001728450676566,-0.0022027609196371145,0.0012744135250736888,-0.061703837821140084,0.21532533959714667,0.00021532533959714667,100.0,100.0
9.1,50.0,50.03,50.001555605608914,50.00768040449081,0.028444394391087258,0.0012744135250736888,0.7967856533051879,0.21532533959714667,0.00021532533959714667,100.0,100.0
9.200000000000001,50.0,49.98,50.00691236404173,50.00111745011508,-0.026912364041734804,0.0012744135250736888,-0.7538703503457175,0.21532533959714667,0.00021532533959714667,100.0,100.0
9.3,50.0,49.99,50.00100570510357,49.99863589791464,-0.011005705103571017,0.0012744135250736888,-0.3082923056987567,0.21532533959714667,0.00021532533959714667,100.0,100.0
9.4,50.0,49.99,49.99877230812318,49.996883407897506,-0.008772308123177197,0.0012744135250736888,-0.24573028916763578,0.21532533959714667,0.00021532533959714667,100.0,100.0
9.5,50.0,49.95,49.997195067107754,49.987032773255464,-0.04719506710775079,0.0012744135250736888,-1.3220303396585695,0.21532533959714667,0.00021532533959714667,100.0,100.0
9.600000000000001,50.0,50.01,49.98832949592992,49.99299570457805,0.0216705040700802,0.0012744135250736888,0.6070351333738339,0.21532533959714667,0.00021532533959714667,100.0,100.0
9.700000000000001,50.0,50.01,49.99369613412025,49.99720676957755,0.01630386587974897,0.0012744135250736888,0.45670462333578227,0.21532533959714667,0.00021532533959714667,100.0,100.0
9.8,50.0,50.0,49.997486092619795,49.998027400580156,0.0025139073802051826,0.0012744135250736888,0.07041968645017635,0.21532533959714667,0.00021532533959714667,100.0,100.0
9.9,50.0,49.99,49.99822466052214,49.99645368270214,-0.00822466052213855,0.0012744135250736888,-0.23038955996893906,0.21532533959714667,0.00021532533959714667,100.0,100.0
10.0,49.985,49.94,49.996808314431924,49.98457604483493,-0.05680831443192602,0.0012744135250736888,-1.5913170554965905,0.21532533959714667,0.00021532533959714667,100.0,103.0
10.100000000000001,49.9715,49.96,49.98611844035144,49.98049447831302,-0.026118440351439176,0.0012744135250736888,-0.7316309242728993,0.21532533959714667,0.00021532533959714667,100.0,103.0
10.200000000000001,49.95935,49.95,49.98244503048172,49.975458793275,-0.03244503048171765,0.0012744135250736888,-0.9088516511704146,0.21532533959714667,0.00021532533959714667,100.0,103.0
10.3,49.948415,49.92,49.977912913947506,49.9654427960847,-0.05791291394750431,0.0012744135250736888,-1.6222591467416907,0.21532533959714667,0.00021532533959714667,100.0,103.0
10.4,49.9385735,49.93,49.96889851647623,49.96052268020616,-0.03889851647623033,0.0012744135250736888,-1.0896269907165737,0.21532533959714667,0.00021532533959714667,100.0,103.0
10.5,49.92971615,49.94,49.96447041218555,49.95920131237161,-0.024470412185550572,0.0012744135250736888,-0.6854662852664047,0.21532533959714667,0.00021532533959714667,100.0,103.0
10.600000000000001,49.921744534999995,49.98,49.96328118113445,49.966881166484335,0.016718818865548712,0.0012744135250736888,0.4683283050122319,0.21532533959714667,0.00021532533959714667,100.0,103.0
10.700000000000001,49.914570081499996,49.92,49.9701930498359,49.95938521433457,-0.05019304983589734,0.0012744135250736888,-1.4060099664982397,0.21532533959714667,0.00021532533959714667,100.0,103.0
10.8,49.908113073349995,49.92,49.96344669290111,49.95409151899781,-0.04344669290110659,0.0012744135250736888,-1.2170307130182796,0.21532533959714667,0.00021532533959714667,100.0,103.0
10.9,49.90230176601499,49.9,49.95868236709803,49.94604656647428,-0.05868236709802943,0.0012744135250736888,-1.643813102955327,0.21532533959714667,0.00021532533959714667,100.0,103.0
11.0,49.89707158941349,49.84,49.951441909826855,49.92744564274803,-0.11144190982685132,0.0012744135250736888,-3.121715783647994,0.21532533959714667,0.00021532533959714667,100.0,103.0
11.100000000000001,49.89236443047214,49.89,49.93470107847323,49.92507580357062,-0.04470107847323135,0.0012744135250736888,-1.252168618007222,0.21532533959714667,0.00021532533959714667,100.0,103.0
11.200000000000001,49.88812798742493,49.89,49.93256822321356,49.92340220609405,-0.04256822321355713,0.0012744135250736888,-1.1924229806728788,0.21532533959714667,0.00021532533959714667,100.0,103.0
11.3,49.884315188682436,49.96,49.93106198548465,49.937293073287435,0.028938014515354382,0.0012744135250736888,0.8106129623978366,0.21532533959714667,0.00021532533959714667,100.0,103.0
11.4,49.88088366981419,49.87,49.94356376595869,49.92772362307159,-0.07356376595869563,0.0012744135250736888,-2.060671516260352,0.21532533959714667,0.00021532533959714667,100.0,103.0
11.5,49.87779530283277,49.89,49.934951260764436,49.925272115275014,-0.04495126076443512,0.0012744135250736888,-1.2591767355857297,0.21532533959714667,0.00021532533959714667,100.0,103.0
11.600000000000001,49.875015772549496,49.87,49.93274490374751,49.91923433604009,-0.06274490374751451,0.0012744135250736888,-1.7576130620555463,0.21532533959714667,0.00021532533959714667,100.0,103.0
11.700000000000001,49.87251419529455,49.84,49.92731090243608,49.908510652718505,-0.08731090243608008,0.0012744135250736888,-2.4457569207378165,0.21532533959714667,0.00021532533959714667,100.0,103.0
11.8,49.87026277576509,49.91,49.91765958744666,49.91601028417853,-0.00765958744666051,0.0012744135250736888,-0.2145607075975551,0.21532533959714667,0.00021532533959714667,100.0,103.0
11.9,49.86823649818858,49.89,49.92440925576068,49.917000071078725,-0.03440925576067855,0.0012744135250736888,-0.9638736179107512,0.21532533959714667,0.00021532533959714667,100.0,103.0
12.0,49.86641284836972,49.89,49.92530006397085,49.917699065708526,-0.03530006397085117,0.0012744135250736888,-0.9888269775060753,0.21532533959714667,0.00021532533959714667,100.0,103.0
12.100000000000001,49.86477156353275,49.84,49.925929159137674,49.90742643376506,-0.0859291591376703,0.0012744135250736888,-2.407051465399717,0.21532533959714667,0.00021532533959714667,100.0,103.0
12.200000000000001,49.863294407179474,49.91,49.916683790388554,49.91524460095334,-0.006683790388557043,0.0012744135250736888,-0.18722663657659244,0.21532533959714667,0.00021532533959714667,100.0,103.0
12.3,49.86196496646153,49.82,49.92372014085801,49.901386566304694,-0.10372014085800885,0.0012744135250736888,-2.905413244458103,0.21532533959714667,0.00021532533959714667,100.0,103.0
12.4,49.860768469815376,49.88,49.91124790967422,49.90451944291192,-0.031247909674220864,0.0012744135250736888,-0.8753178493403626,0.21532533959714667,0.00021532533959714667,100.0,103.0
12.5,49.859691622833836,49.93,49.91406749862073,49.917498169890855,0.01593250137926816,0.0012744135250736888,0.44630194426792796,0.21532533959714667,0.00021532533959714667,100.0,103.0
12.600000000000001,49.85872246055045,49.83,49.92574835290177,49.90513130629733,-0.0957483529017722,0.0012744135250736888,-2.6821071621633528,0.21532533959714667,0.00021532533959714667,100.0,103.0
12.700000000000001,49.85785021449541,49.84,49.9146181756676,49.89855099165185,-0.07461817566759521,0.0012744135250736888,-2.090207688386419,0.21532533959714667,0.00021532533959714667,100.0,103.0
12.8,49.85706519304587,49.86,49.90869589248667,49.898210432899994,-0.048695892486669834,0.0012744135250736888,-1.3640715275846418,0.21532533959714667,0.00021532533959714667,100.0,103.0
12.9,49.85635867374128,49.84,49.908389389609994,49.89366342106738,-0.0683893896099903,0.0012744135250736888,-1.9157266535656505,0.21532533959714667,0.00021532533959714667,100.0,103.0
13.0,49.855722806367154,49.81,49.904297078960646,49.883992528410424,-0.09429707896064343,0.0012744135250736888,-2.6414540113383382,0.21532533959714667,0.00021532533959714667,100.0,103.0
13.100000000000001,49.85515052573044,49.86,49.89559327556938,49.88792914142003,-0.035593275569382854,0.0012744135250736888,-0.9970404339741775,0.21532533959714667,0.00021532533959714667,100.0,103.0
13.200000000000001,49.854635473157394,49.82,49.89913622727803,49.88209619226495,-0.0791362272780276,0.0012744135250736888,-2.216767553032823,0.21532533959714667,0.00021532533959714667,100.0,103.0
13.3,49.854171925841655,49.87,49.89388657303846,49.88874318858714,-0.023886573038460313,0.0012744135250736888,-0.6691117568541135,0.21532533959714667,0.00021532533959714667,100.0,103.0
13.4,49.85375473325749,49.82,49.89986886972843,49.88267107823091,-0.0798688697284291,0.0012744135250736888,-2.237290366261189,0.21532533959714667,0.00021532533959714667,100.0,103.0
13.5,49.85337925993174,49.9,49.89440397040782,49.89560893738015,0.005596029592176421,0.0012744135250736888,0.1567562322899932,0.21532533959714667,0.00021532533959714667,100.0,103.0
13.600000000000001,49.85304133393857,49.83,49.90604804364214,49.8896729728192,-0.07604804364213891,0.0012744135250736888,-2.1302612143139723,0.21532533959714667,0.00021532533959714667,100.0,103.0
13.700000000000001,49.852737200544716,49.84,49.90070567553728,49.887634205336745,-0.060705675537278125,0.0012744135250736888,-1.700490109835453,0.21532533959714667,0.00021532533959714667,100.0,103.0
13.8,49.85246348049024,49.88,49.89887078480307,49.89480742665689,-0.01887078480307025,0.0012744135250736888,-0.5286092715128187,0.21532533959714667,0.00021532533959714667,100.0,103.0
13.9,49.85221713244122,49.81,49.9053266839912,49.88480043338812,-0.09532668399119615,0.0012744135250736888,-2.6702953537004137,0.21532533959714667,0.00021532533959714667,100.0,103.0
14.0,49.851995419197095,49.86,49.89632039004931,49.888499689727645,-0.03632039004931187,0.0012744135250736888,-1.0174083974453716,0.21532533959714667,0.00021532533959714667,100.0,103.0
14.100000000000001,49.85179587727738,49.89,49.89964972075488,49.89757189135632,-0.009649720754879354,0.0012744135250736888,-0.2703084112171629,0.21532533959714667,0.00021532533959714667,100.0,103.0
14.200000000000001,49.851616289549646,49.8,49.90781470222069,49.884599464851455,-0.10781470222069345,0.0012744135250736888,-3.0201102812629044,0.21532533959714667,0.00021532533959714667,100.0,103.0
14.3,49.85145466059468,49.86,49.89613951836631,49.888357764301205,-0.03613951836631202,0.0012744135250736888,-1.0123418117370606,0.21532533959714667,0.00021532533959714667,100.0,103.0
14.4,49.85130919453521,49.86,49.89952198787108,49.891011902411186,-0.0395219878710833,0.0012744135250736888,-1.107091699433335,0.21532533959714667,0.00021532533959714667,100.0,103.0
14.5,49.85117827508169,49.88,49.90191071217007,49.89719278063124,-0.02191071217006879,0.0012744135250736888,-0.6137638534600164,0.21532533959714667,0.00021532533959714667,100.0,103.0
14.600000000000001,49.85106044757352,49.81,49.907473502568116,49.88648498752591,-0.09747350256811416,0.0012744135250736888,-2.730432132104573,0.21532533959714667,0.00021532533959714667,100.0,103.0
14.700000000000001,49.85095440281617,49.81,49.89783648877332,49.878923066999185,-0.08783648877331984,0.0012744135250736888,-2.4604796688240644,0.21532533959714667,0.00021532533959714667,100.0,103.0
14.8,49.85085896253455,49.87,49.891030760299266,49.88650230469584,-0.021030760299268536,0.0012744135250736888,-0.5891146021308197,0.21532533959714667,0.00021532533959714667,100.0,103.0
14.9,49.8507730662811,49.86,49.89785207422626,49.889701563489034,-0.037852074226258026,0.0012744135250736888,-1.060314003407848,0.21532533959714667,0.00021532533959714667,100.0,103.0
15.0,49.85069575965299,49.86,49.90073140714013,49.89196090306541,-0.040731407140128795,0.0012744135250736888,-1.1409700063206931,0.21532533959714667,0.00021532533959714667,100.0,103.0
15.100000000000001,49.850626183687694,49.86,49.90276481275887,49.89355646492876,-0.04276481275886823,0.0012744135250736888,-1.1979298558462435,0.21532533959714667,0.00021532533959714667,100.0,103.0
15.200000000000001,49.85056356531892,49.83,49.90420081843588,49.88822350200779,-0.07420081843588378,0.0012744135250736888,-2.078516658865501,0.21532533959714667,0.00021532533959714667,100.0,103.0
15.3,49.85050720878703,49.86,49.89940115180701,49.89091708541365,-0.03940115180701298,0.0012744135250736888,-1.1037068341790668,0.21532533959714667,0.00021532533959714667,100.0,103.0
15.4,49.850456487908325,49.86,49.90182537687228,49.89281931339348,-0.04182537687228205,0.0012744135250736888,-1.1716143355950388,0.21532533959714667,0.00021532533959714667,100.0,103.0
15.5,49.850410839117494,49.83,49.90353738205413,49.88770292029024,-0.07353738205413407,0.0012744135250736888,-2.059932449140702,0.21532533959714667,0.00021532533959714667,100.0,103.0
15.600000000000001,49.85036975520575,49.91,49.898932628261214,49.90131571383932,0.011067371738782583,0.0012744135250736888,0.3100197142541512,0.21532533959714667,0.00021532533959714667,100.0,103.0
15.700000000000001,49.850332779685175,49.87,49.91118414245538,49.90231615299516,-0.0411841424553856,0.0012744135250736888,-1.153652048306943,0.21532533959714667,0.00021532533959714667,100.0,103.0
15.8,49.850299501716655,49.81,49.91208453769565,49.890103149948715,-0.10208453769564585,0.0012744135250736888,-2.859596655208455,0.21532533959714667,0.00021532533959714667,100.0,103.0
15.9,49.85026955154499,49.87,49.90109283495384,49.89439775970837,-0.031092834953845738,0.0012744135250736888,-0.8709738893078041,0.21532533959714667,0.00021532533959714667,100.0,103.0
16.0,49.850242596390494,49.82,49.90495798373753,49.88666437703776,-0.0849579837375316,0.0012744135250736888,-2.3798468564692525,0.21532533959714667,0.00021532533959714667,100.0,103.0
16.1,49.850218336751446,49.88,49.89799793933398,49.894122526934844,-0.01799793933398064,0.0012744135250736888,-0.504159085027535,0.21532533959714667,0.00021532533959714667,100.0,103.0
16.2,49.850196503076305,49.89,49.90471027424136,49.901542779444775,-0.0147102742413594,0.0012744135250736888,-0.41206486278268784,0.21532533959714667,0.00021532533959714667,100.0,103.0
16.3,49.850176852768676,49.82,49.9113885015003,49.89171024137947,-0.09138850150029754,0.0012744135250736888,-2.5599788088760698,0.21532533959714667,0.00021532533959714667,100.0,103.0
16.400000000000002,49.85015916749181,49.88,49.902539217241525,49.89768595263474,-0.022539217241522636,0.0012744135250736888,-0.6313695657518166,0.21532533959714667,0.00021532533959714667,100.0,103.0
16.5,49.850143250742626,49.86,49.90791735737127,49.897599536122705,-0.047917357371268565,0.0012744135250736888,-1.342263166962965,0.21532533959714667,0.00021532533959714667,100.0,103.0
16.6,49.850128925668365,49.88,49.907839582510434,49.90184501495213,-0.02783958251043117,0.0012744135250736888,-0.7798436357382292,0.21532533959714667,0.00021532533959714667,100.0,103.0
16.7,49.85011603310153,49.91,49.911660513456916,49.9113029628329,-0.0016605134569189772,0.0012744135250736888,-0.04651437753963269,0.21532533959714667,0.00021532533959714667,100.0,103.0
16.8,49.85010442979137,49.84,49.92017266654961,49.90290945989841,-0.08017266654960764,0.0012744135250736888,-2.2458003364615258,0.21532533959714667,0.00021532533959714667,100.0,103.0
16.900000000000002,49.85009398681223,49.83,49.91261851390857,49.894828654344195,-0.08261851390857089,0.0012744135250736888,-2.3143135225396567,0.21532533959714667,0.00021532533959714667,100.0,103.0
17.0,49.85008458813101,49.82,49.90534578890978,49.886968677929595,-0.08534578890977684,0.0012744135250736888,-2.3907100723730292,0.21532533959714667,0.00021532533959714667,100.0,103.0
17.1,49.85007612931791,49.82,49.898271810136634,49.88141790603808,-0.0782718101366342,0.0012744135250736888,-2.1925534612415363,0.21532533959714667,0.00021532533959714667,100.0,103.0
17.2,49.85006851638612,49.85,49.893276115434276,49.883957671181946,-0.04327611543427423,0.0012744135250736888,-1.2122524893556326,0.21532533959714667,0.00021532533959714667,100.0,103.0
17.3,49.850061664747514,49.86,49.895561904063754,49.887904524994504,-0.03556190406375492,0.0012744135250736888,-0.9961616539494303,0.21532533959714667,0.00021532533959714667,100.0,103.0
17.400000000000002,49.85005549827276,49.86,49.89911407249505,49.890691821552025,-0.039114072495053165,0.0012744135250736888,-1.0956651555978565,0.21532533959714667,0.00021532533959714667,100.0,103.0
17.5,49.85004994844548,49.88,49.90162263939683,49.89696673722572,-0.021622639396824184,0.0012744135250736888,-0.6056943459966737,0.21532533959714667,0.00021532533959714667,100.0,103.0
17.6,49.850044953600936,49.85,49.90727006350315,49.89493836763058,-0.05727006350314667,0.0012744135250736888,-1.604251591219766,0.21532533959714667,0.00021532533959714667,100.0,103.0
17.7,49.85004045824084,49.9,49.90544453086752,49.904272185409525,-0.00544453086752128,0.0012744135250736888,-0.15251244321016405,0.21532533959714667,0.00021532533959714667,100.0,103.0
17.8,49.850036412416756,49.84,49.913844966868574,49.89794427430006,-0.07384496686857034,0.0012744135250736888,-2.0685485287783174,0.21532533959714667,0.00021532533959714667,100.0,103.0
17.900000000000002,49.85003277117508,49.94,49.90814984687005,49.91500799190898,0.03185015312994466,0.0012744135250736888,0.8921879200727533,0.21532533959714667,0.00021532533959714667,100.0,103.0
18.0,49.85002949405757,49.87,49.923507192718084,49.91198573827517,-0.05350719271808657,0.0012744135250736888,-1.4988458857737548,0.21532533959714667,0.00021532533959714667,100.0,103.0
18.1,49.85002654465182,49.82,49.92078716444765,49.89908513403593,-0.10078716444765234,0.0012744135250736888,-2.823254577512222,0.21532533959714667,0.00021532533959714667,100.0,103.0
18.2,49.850023890186634,49.82,49.90917662063234,49.88997463451055,-0.08917662063233678,0.0012744135250736888,-2.4980195026528516,0.21532533959714667,0.00021532533959714667,100.0,103.0
18.3,49.85002150116797,49.87,49.900977171059495,49.894307001181346,-0.030977171059497266,0.0012744135250736888,-0.8677339071040998,0.21532533959714667,0.00021532533959714667,100.0,103.0
18.400000000000002,49.85001935105117,49.84,49.90487630106321,49.89090678950497,-0.06487630106320807,0.0012744135250736888,-1.8173178593976178,0.21532533959714667,0.00021532533959714667,100.0,103.0
18.5,49.850017415946056,49.87,49.90181611055447,49.89496529574467,-0.0318161105544732,0.0012744135250736888,-0.8912343179195741,0.21532533959714667,0.00021532533959714667,100.0,103.0
18.6,49.85001567435145,49.86,49.9054687661702,49.89567818865354,-0.04546876617020246,0.0012744135250736888,-1.2736731202566052,0.21532533959714667,0.00021532533959714667,100.0,103.0
18.7,49.850014106916305,49.85,49.90611036978819,49.894028385358624,-0.056110369788186176,0.0012744135250736888,-1.5717661987869338,0.21532533959714667,0.00021532533959714667,100.0,103.0
18.8,49.850012696224674,49.82,49.904625546822764,49.88640352221456,-0.08462554682276391,0.0012744135250736888,-2.370534618680884,0.21532533959714667,0.00021532533959714667,100.0,103.0
18.900000000000002,49.85001142660221,49.8,49.897763169993105,49.87671228221424,-0.09776316999310808,0.0012744135250736888,-2.738546309024344,0.21532533959714667,0.00021532533959714667,100.0,103.0
19.0,49.850010283941984,49.84,49.88904105399282,49.87848127238762,-0.04904105399281633,0.0012744135250736888,-1.3737402071982572,0.21532533959714667,0.00021532533959714667,100.0,103.0
19.1,49.85000925554778,49.88,49.890633145148854,49.88834355955869,-0.010633145148851497,0.0012744135250736888,-0.297856139513072,0.21532533959714667,0.00021532533959714667,100.0,103.0
19.200000000000003,49.850008329993,49.86,49.899509203602825,49.89100187091984,-0.03950920360282595,0.0012744135250736888,-1.1067335859366858,0.21532533959714667,0.00021532533959714667,100.0,103.0
19.3,49.850007496993705,49.81,49.90190168382785,49.88211292254807,-0.09190168382784947,0.0012744135250736888,-2.5743540952857975,0.21532533959714667,0.00021532533959714667,100.0,103.0
19.400000000000002,49.85000674729434,49.86,49.893901630293264,49.88660175023747,-0.03390163029326487,0.0012744135250736888,-0.9496539905168107,0.21532533959714667,0.00021532533959714667,100.0,103.0
19.5,49.8500060725649,49.86,49.89794157521372,49.88977179264597,-0.03794157521372199,0.0012744135250736888,-1.0628211090887578,0.21532533959714667,0.00021532533959714667,100.0,103.0
19.6,49.85000546530841,49.82,49.90079461338138,49.88339748581741,-0.08079461338137861,0.0012744135250736888,-2.2632223390487565,0.21532533959714667,0.00021532533959714667,100.0,103.0
19.700000000000003,49.85000491877757,49.85,49.895057737235675,49.885355664663926,-0.0450577372356733,0.0012744135250736888,-1.262159359280602,0.21532533959714667,0.00021532533959714667,100.0,103.0
19.8,49.850004426899815,49.85,49.89682009819754,49.886738544653184,-0.04682009819753574,0.0012744135250736888,-1.3115266937033423,0.21532533959714667,0.00021532533959714667,100.0,103.0
19.900000000000002,49.850003984209835,49.81,49.898064690187866,49.87910213086665,-0.08806469018786345,0.0012744135250736888,-2.466872057098264,0.21532533959714667,0.00021532533959714667,100.0,103.0
20.0,49.85000358578885,49.86,49.891191917779985,49.884475507491324,-0.03119191777998509,0.0012744135250736888,-0.8737494018840714,0.21532533959714667,0.00021532533959714667,100.0,103.0
20.1,49.85000322720996,49.87,49.896027956742195,49.89042347811766,-0.02602795674219749,0.0012744135250736888,-0.7290962933466161,0.21532533959714667,0.00021532533959714667,100.0,103.0
20.200000000000003,49.85000290448897,49.88,49.90138113030589,49.896777231161806,-0.021381130305890395,0.0012744135250736888,-0.5989291824936983,0.21532533959714667,0.00021532533959714667,100.0,103.0
20.3,49.85000261404007,49.88,49.907099508045626,49.90126429727279,-0.02709950804562311,0.0012744135250736888,-0.7591126365884865,0.21532533959714667,0.00021532533959714667,100.0,103.0
20.400000000000002,49.85000235263607,49.81,49.91113786754551,49.88936032187014,-0.10113786754551057,0.0012744135250736888,-2.8330784884417755,0.21532533959714667,0.00021532533959714667,100.0,103.0
20.5,49.85000211737246,49.82,49.90042428968313,49.88310690219525,-0.08042428968312976,0.0012744135250736888,-2.2528488149797727,0.21532533959714667,0.00021532533959714667,100.0,103.0
20.6,49.85000190563522,49.87,49.89479621197573,49.88945695921133,-0.02479621197573323,0.0012744135250736888,-0.6945926036227809,0.21532533959714667,0.00021532533959714667,100.0,103.0
20.700000000000003,49.8500017150717,49.87,49.9005112632902,49.8939414151607,-0.03051126329020093,0.0012744135250736888,-0.8546828777436342,0.21532533959714667,0.00021532533959714667,100.0,103.0
20.8,49.85000154356453,49.87,49.90454727364463,49.897108370214944,-0.03454727364463395,0.0012744135250736888,-0.9677397810753873,0.21532533959714667,0.00021532533959714667,100.0,103.0
20.900000000000002,49.850001389208074,49.97,49.90739753319345,49.92087743061819,0.06260246680654546,0.0012744135250736888,1.7536231120673553,0.21532533959714667,0.00021532533959714667,100.0,103.0
21.0,49.850001250287264,49.87,49.928789687556375,49.916130778118486,-0.058789687556377146,0.0012744135250736888,-1.6468193684550203,0.21532533959714667,0.00021532533959714667,100.0,103.0
21.1,49.85000112525854,49.89,49.92451770030664,49.917085164766,-0.03451770030663681,0.0012744135250736888,-0.9669113714030814,0.21532533959714667,0.00021532533959714667,100.0,103.0
21.200000000000003,49.85000101273268,49.88,49.9253766482894,49.915605906086704,-0.04537664828939825,0.0012744135250736888,-1.271092710041907,0.21532533959714667,0.00021532533959714667,100.0,103.0
21.3,49.85000091145942,49.87,49.92404531547803,49.91240798956909,-0.05404531547803515,0.0012744135250736888,-1.513919804696014,0.21532533959714667,0.00021532533959714667,100.0,103.0
21.400000000000002,49.850000820313475,49.84,49.92116719061218,49.903689837729466,-0.08116719061217736,0.0012744135250736888,-2.2736589891727483,0.21532533959714667,0.00021532533959714667,100.0,103.0
21.5,49.85000073828213,49.87,49.91332085395652,49.90399277636669,-0.04332085395652285,0.0012744135250736888,-1.2135057068503579,0.21532533959714667,0.00021532533959714667,100.0,103.0
21.6,49.850000664453916,49.83,49.91359349873002,49.89559370022787,-0.08359349873002486,0.0012744135250736888,-2.341624841151111,0.21532533959714667,0.00021532533959714667,100.0,103.0
21.700000000000003,49.85000059800852,49.84,49.90603433020508,49.8918154656286,-0.06603433020507765,0.0012744135250736888,-1.8497566237342602,0.21532533959714667,0.00021532533959714667,100.0,103.0
21.8,49.85000053820767,49.83,49.90263391906574,49.88699399577664,-0.07263391906574412,0.0012744135250736888,-2.034624603329546,0.21532533959714667,0.00021532533959714667,100.0,103.0
21.900000000000002,49.8500004843869,49.85,49.89829459619898,49.88789554587173,-0.04829459619897847,0.0012744135250736888,-1.3528303979490148,0.21532533959714667,0.00021532533959714667,100.0,103.0
22.0,49.8500004359482,49.92,49.89910599128456,49.903605000806756,0.020894008715444556,0.0012744135250736888,0.5852839106223426,0.21532533959714667,0.00021532533959714667,100.0,103.0
22.1,49.85000039235338,49.79,49.91324450072608,49.88670683675375,-0.12324450072608073,0.0012744135250736888,-3.452330490048038,0.21532533959714667,0.00021532533959714667,100.0,103.0
22.200000000000003,49.85000035311804,49.87,49.89803615307838,49.89199925889578,-0.028036153078382142,0.0012744135250736888,-0.7853499793169297,0.21532533959714667,0.00021532533959714667,100.0,103.0
22.3,49.850000317806234,49.8,49.9027993330062,49.88066403171628,-0.10279933300620314,0.0012744135250736888,-2.8796195335538743,0.21532533959714667,0.00021532533959714667,100.0,103.0
22.400000000000002,49.85000028602561,49.84,49.89259762854465,49.88127202631627,-0.05259762854464611,0.0012744135250736888,-1.4733671332929201,0.21532533959714667,0.00021532533959714667,100.0,103.0
22.5,49.85000025742305,49.88,49.89314482368464,49.8903144100608,-0.013144823684640983,0.0012744135250736888,-0.368213391473364,0.21532533959714667,0.00021532533959714667,100.0,103.0
22.6,49.850000231680745,49.85,49.901282969054726,49.89024044632747,-0.05128296905472496,0.0012744135250736888,-1.436540832611373,0.21532533959714667,0.00021532533959714667,100.0,103.0
22.700000000000003,49.85000020851267,49.82,49.901216401694725,49.88372845241895,-0.081216401694725,0.0012744135250736888,-2.275037492227461,0.21532533959714667,0.00021532533959714667,100.0,103.0
22.8,49.8500001876614,49.83,49.89535560717706,49.881282888867084,-0.0653556071770609,0.0012744135250736888,-1.8307442037876063,0.21532533959714667,0.00021532533959714667,100.0,103.0
22.900000000000002,49.850000168895264,49.87,49.89315459998038,49.88816882787636,-0.023154599980379942,0.0012744135250736888,-0.6486076946735134,0.21532533959714667,0.00021532533959714667,100.0,103.0
23.0,49.850000152005734,49.83,49.899351945088725,49.88441871396077,-0.06935194508872655,0.0012744135250736888,-1.9426898008706135,0.21532533959714667,0.00021532533959714667,100.0,103.0
23.1,49.85000013680516,49.86,49.89597684256469,49.888230116721815,-0.035976842564693357,0.0012744135250736888,-1.0077849298752943,0.21532533959714667,0.00021532533959714667,100.0,103.0
23.200000000000003,49.850000123124644,49.85,49.89940710504963,49.88876850337631,-0.04940710504963164,0.0012744135250736888,-1.3839940458434923,0.21532533959714667,0.00021532533959714667,100.0,103.0
23.3,49.85000011081218,49.83,49.89989165303868,49.88484220911312,-0.06989165303868106,0.0012744135250736888,-1.95780812420652,0.21532533959714667,0.00021532533959714667,100.0,103.0
23.400000000000002,49.85000009973096,49.92,49.89635798820181,49.901448712421015,0.02364201179819503,0.0012744135250736888,0.6622610964069725,0.21532533959714667,0.00021532533959714667,100.0,103.0
23.5,49.85000008975786,49.87,49.91130384117891,49.9024100775504,-0.041303841178915945,0.0012744135250736888,-1.1570050543269204,0.21532533959714667,0.00021532533959714667,100.0,103.0
23.6,49.850000080782074,49.79,49.91216906979536,49.885862973353404,-0.1221690697953619,0.0012744135250736888,-3.422205470512171,0.21532533959714667,0.00021532533959714667,100.0,103.0
23.700000000000003,49.850000072703864,49.86,49.897276676018066,49.889250063095425,-0.03727667601806672,0.0012744135250736888,-1.0441959229551314,0.21532533959714667,0.00021532533959714667,100.0,103.0
23.8,49.85000006543348,49.83,49.90032505678588,49.885182290051276,-0.07032505678588308,0.0012744135250736888,-1.9699486494401135,0.21532533959714667,0.00021532533959714667,100.0,103.0
23.900000000000002,49.85000005889013,49.88,49.89666406104615,49.893075866442324,-0.016664061046149925,0.0012744135250736888,-0.4667944265157046,0.21532533959714667,0.00021532533959714667,100.0,103.0
24.0,49.85000005300112,49.82,49.90376827979809,49.8857308465031,-0.0837682797980932,0.0012744135250736888,-2.3465208162803917,0.21532533959714667,0.00021532533959714667,100.0,103.0
24.1,49.85000004770101,49.85,49.89715776185279,49.88700350076719,-0.047157761852787417,0.0012744135250736888,-1.3209853431809149,0.21532533959714667,0.00021532533959714667,100.0,103.0
24.200000000000003,49.85000004293091,49.87,49.898303150690474,49.892208765156376,-0.028303150690476286,0.0012744135250736888,-0.7928291284195036,0.21532533959714667,0.00021532533959714667,100.0,103.0
24.3,49.850000038637816,49.88,49.90298788864074,49.89803801371255,-0.022987888640734866,0.0012744135250736888,-0.6439377691392891,0.21532533959714667,0.00021532533959714667,100.0,103.0
24.400000000000002,49.850000034774034,49.81,49.9082342123413,49.88708189720885,-0.09823421234129626,0.0012744135250736888,-2.751741168439355,0.21532533959714667,0.00021532533959714667,100.0,103.0
24.5,49.85000003129663,49.84,49.89837370748797,49.88580436909958,-0.05837370748796644,0.0012744135250736888,-1.6351669160943394,0.21532533959714667,0.00021532533959714667,100.0,103.0
24.6,49.85000002816697,49.83,49.897223932189625,49.88274891616184,-0.06722393218962708,0.0012744135250736888,-1.8830798079581916,0.21532533959714667,0.00021532533959714667,100.0,103.0
24.700000000000003,49.85000002535027,49.83,49.89447402454565,49.880591133315164,-0.06447402454565321,0.0012744135250736888,-1.806049271519026,0.21532533959714667,0.00021532533959714667,100.0,103.0
24.8,49.850000022815244,49.91,49.89253201998365,49.89629331871274,0.01746798001634886,0.0012744135250736888,0.48931384081812695,0.21532533959714667,0.00021532533959714667,100.0,103.0
24.900000000000002,49.85000002053372,49.86,49.90666398684147,49.89661604802787,-0.046663986841473104,0.0012744135250736888,-1.307153695385343,0.21532533959714667,0.00021532533959714667,100.0,103.0
25.0,49.85000001848035,49.81,49.90695444322509,49.886077694812194,-0.09695444322508706,0.0012744135250736888,-2.71589221847338,0.21532533959714667,0.00021532533959714667,100.0,103.0
25.1,49.850000016632315,49.88,49.897469925330974,49.89370820772635,-0.017469925330971137,0.0012744135250736888,-0.4893683330587028,0.21532533959714667,0.00021532533959714667,100.0,103.0
25.200000000000003,49.85000001496908,49.92,49.90433738695371,49.907709944426884,0.015662613046288243,0.0012744135250736888,0.4387418201620608,0.21532533959714667,0.00021532533959714667,100.0,103.0
25.3,49.850000013472176,49.88,49.9169389499842,49.90898505803449,-0.03693894998419722,0.0012744135250736888,-1.0347355261249145,0.21532533959714667,0.00021532533959714667,100.0,103.0
25.400000000000002,49.85000001212496,49.8,49.91808655223104,49.892659525270034,-0.11808655223104125,0.0012744135250736888,-3.3078458051281054,0.21532533959714667,0.00021532533959714667,100.0,103.0
25.5,49.85000001091246,49.83,49.903393572743035,49.88759007676789,-0.07339357274303637,0.0012744135250736888,-2.055904056258825,0.21532533959714667,0.00021532533959714667,100.0,103.0
25.6,49.850000009821215,49.89,49.8988310690911,49.896929516140055,-0.00883106909110154,0.0012744135250736888,-0.2473763040404683,0.21532533959714667,0.00021532533959714667,100.0,103.0
25.700000000000003,49.850000008839096,49.83,49.90723656452605,49.89060557504016,-0.07723656452605354,0.0012744135250736888,-2.163554114698363,0.21532533959714667,0.00021532533959714667,100.0,103.0
25.8,49.85000000795519,49.86,49.901545017536144,49.89259932252661,-0.04154501753614426,0.0012744135250736888,-1.1637608972783928,0.21532533959714667,0.00021532533959714667,100.0,103.0
25.900000000000002,49.85000000715967,49.87,49.90333939027395,49.89616057474125,-0.03333939027395161,0.0012744135250736888,-0.9339044978419653,0.21532533959714667,0.00021532533959714667,100.0,103.0
26.0,49.85000000644371,49.82,49.90654451726713,49.88790928969631,-0.08654451726712864,0.0012744135250736888,-2.424288904961825,0.21532533959714667,0.00021532533959714667,100.0,103.0
26.1,49.85000000579934,49.85,49.89911836072668,49.88854193302276,-0.04911836072668052,0.0012744135250736888,-1.375905726899607,0.21532533959714667,0.00021532533959714667,100.0,103.0
26.200000000000003,49.85000000521941,49.75,49.899687739720484,49.86745617633164,-0.1496877397204841,0.0012744135250736888,-4.1930596884964615,0.21532533959714667,0.00021532533959714667,100.0,103.0
26.3,49.85000000469746,49.82,49.88071055869848,49.8676380370296,-0.06071055869848152,0.0012744135250736888,-1.700626897166417,0.21532533959714667,0.00021532533959714667,100.0,103.0
26.400000000000002,49.85000000422772,49.84,49.880874233326644,49.872072975154815,-0.04087423332664031,0.0012744135250736888,-1.144970859872503,0.21532533959714667,0.00021532533959714667,100.0,103.0
26.5,49.850000003804944,49.81,49.88486567763933,49.86874520017747,-0.07486567763933039,0.0012744135250736888,-2.097140724735582,0.21532533959714667,0.00021532533959714667,100.0,103.0
26.6,49.85000000342445,49.9,49.88187068015973,49.885774382111,0.018129319840269886,0.0012744135250736888,0.5078393216708592,0.21532533959714667,0.00021532533959714667,100.0,103.0
26.700000000000003,49.850000003082,49.8,49.8971969438999,49.87626797894685,-0.09719694389990252,0.0012744135250736888,-2.7226851582685874,0.21532533959714667,0.00021532533959714667,100.0,103.0
26.8,49.850000002773804,49.84,49.888641181052165,49.878167502223704,-0.04864118105216164,0.0012744135250736888,-1.3625389484237533,0.21532533959714667,0.00021532533959714667,100.0,103.0
26.900000000000002,49.85000000249642,49.85,49.89035075200133,49.881662212623645,-0.04035075200133065,0.0012744135250736888,-1.1303070774749908,0.21532533959714667,0.00021532533959714667,100.0,103.0
27.0,49.85000000224678,49.9,49.893495991361284,49.89489646923016,0.006504008638714254,0.0012744135250736888,0.182190582124833,0.21532533959714667,0.00021532533959714667,100.0,103.0
27.1,49.8500000020221,49.8,49.90540682230715,49.882710062498006,-0.10540682230715248,0.0012744135250736888,-2.9526606409713065,0.21532533959714667,0.00021532533959714667,100.0,103.0
27.200000000000003,49.850000001819886,49.89,49.89443905624821,49.893483214954074,-0.004439056248209283,0.0012744135250736888,-0.12434704301161649,0.21532533959714667,0.00021532533959714667,100.0,103.0
27.3,49.850000001637895,49.85,49.90413489345867,49.892478279140626,-0.05413489345866651,0.0012744135250736888,-1.5164290671129872,0.21532533959714667,0.00021532533959714667,100.0,103.0
27.400000000000002,49.85000000147411,49.82,49.90323045122656,49.88530882605138,-0.08323045122656225,0.0012744135250736888,-2.3314551381773008,0.21532533959714667,0.00021532533959714667,100.0,103.0
27.5,49.8500000013267,49.86,49.89677794344624,49.88885872028399,-0.03677794344623919,0.0012744135250736888,-1.0302254037517875,0.21532533959714667,0.00021532533959714667,100.0,103.0
27.6,49.850000001194026,49.86,49.899972848255594,49.891365681130296,-0.03997284825559433,0.0012744135250736888,-1.119721220775319,0.21532533959714667,0.00021532533959714667,100.0,103.0
27.700000000000003,49.850000001074626,49.83,49.90222911301727,49.886676354728024,-0.07222911301727208,0.0012744135250736888,-2.0232851581172846,0.21532533959714667,0.00021532533959714667,100.0,103.0
27.8,49.850000000967164,49.85,49.89800871925522,49.887671225477966,-0.04800871925522188,0.0012744135250736888,-1.3448224001599194,0.21532533959714667,0.00021532533959714667,100.0,103.0
27.900000000000002,49.850000000870445,49.84,49.89890410293017,49.88622055696307,-0.058904102930164015,0.0012744135250736888,-1.6500243770446739,0.21532533959714667,0.00021532533959714667,100.0,103.0
28.0,49.8500000007834,49.85,49.89759850126676,49.887349337817184,-0.04759850126676213,0.0012744135250736888,-1.333331355441637,0.21532533959714667,0.00021532533959714667,100.0,103.0
28.1,49.850000000705066,49.87,49.89861440403547,49.89245299776916,-0.028614404035472774,0.0012744135250736888,-0.8015479710999496,0.21532533959714667,0.00021532533959714667,100.0,103.0
28.200000000000003,49.85000000063456,49.9,49.903207697992244,49.90251699933274,-0.0032076979922450732,0.0012744135250736888,-0.08985418023726943,0.21532533959714667,0.00021532533959714667,100.0,103.0
28.3,49.8500000005711,49.81,49.912265299399465,49.890244989077274,-0.1022652993994626,0.0012744135250736888,-2.864660160174949,0.21532533959714667,0.00021532533959714667,100.0,103.0
28.400000000000002,49.85000000051399,49.92,49.90122049016955,49.90526419450126,0.018779509830451957,0.0012744135250736888,0.5260524728800846,0.21532533959714667,0.00021532533959714667,100.0,103.0
28.5,49.850000000462586,49.79,49.91473777505113,49.88787857127765,-0.12473777505113048,0.0012744135250736888,-3.494160157513957,0.21532533959714667,0.00021532533959714667,100.0,103.0
28.6,49.85000000041633,49.85,49.89909071414989,49.8885202394545,-0.04909071414989086,0.0012744135250736888,-1.3751312897487882,0.21532533959714667,0.00021532533959714667,100.0,103.0
28.700000000000003,49.8500000003747,49.87,49.89966821550905,49.89327989692932,-0.029668215509055074,0.0012744135250736888,-0.8310673854314382,0.21532533959714667,0.00021532533959714667,100.0,103.0
28.8,49.85000000033723,49.86,49.90395190723639,49.89448794788477,-0.04395190723639075,0.0012744135250736888,-1.231182799670709,0.21532533959714667,0.00021532533959714667,100.0,103.0
28.900000000000002,49.85000000030351,49.83,49.9050391530963,49.888881321972754,-0.0750391530962986,0.0012744135250736888,-2.1020001270280826,0.21532533959714667,0.00021532533959714667,100.0,103.0
29.0,49.850000000273155,49.84,49.89999318977548,49.88707513581356,-0.05999318977547574,0.0012744135250736888,-1.6805319266734926,0.21532533959714667,0.00021532533959714667,100.0,103.0
29.1,49.85000000024584,49.83,49.89836762223221,49.88364634075761,-0.06836762223220916,0.0012744135250736888,-1.915116904801531,0.21532533959714667,0.00021532533959714667,100.0,103.0
29.200000000000003,49.85000000022126,49.83,49.89528170668185,49.8812249010211,-0.0652817066818514,0.0012744135250736888,-1.8286740997964477,0.21532533959714667,0.00021532533959714667,100.0,103.0
29.3,49.85000000019913,49.88,49.89310241091899,49.89028112983832,-0.013102410918989449,0.0012744135250736888,-0.3670253231769011,0.21532533959714667,0.00021532533959714667,100.0,103.0
29.400000000000002,49.850000000179215,49.86,49.90125301685449,49.89237019699089,-0.041253016854490454,0.0012744135250736888,-1.155581361068264,0.21532533959714667,0.00021532533959714667,100.0,103.0
29.5,49.850000000161295,49.83,49.9031331772918,49.887385751055625,-0.07313317729180113,0.0012744135250736888,-2.0486098471827767,0.21532533959714667,0.00021532533959714667,100.0,103.0
29.6,49.850000000145165,49.88,49.89864717595006,49.89463196645609,-0.018647175950057715,0.0012744135250736888,-0.522345530278509,0.21532533959714667,0.00021532533959714667,100.0,103.0
29.700000000000003,49.85000000013065,49.86,49.90516876981048,49.895442789111854,-0.04516876981048057,0.0012744135250736888,-1.2652696087532955,0.21532533959714667,0.00021532533959714667,100.0,103.0
29.8,49.85000000011758,49.88,49.90589851020067,49.90032190469665,-0.025898510200669023,0.0012744135250736888,-0.7254702310110378,0.21532533959714667,0.00021532533959714667,100.0,103.0
29.900000000000002,49.85000000010582,49.87,49.91028971422699,49.901614317828795,-0.04028971422699357,0.0012744135250736888,-1.1285972845986585,0.21532533959714667,0.00021532533959714667,100.0,103.0
30.0,49.85000000009524,49.82,49.911452886045915,49.89176076230094,-0.09145288604591428,0.0012744135250736888,-2.5617823516598133,0.21532533959714667,0.00021532533959714667,100.0,103.0
30.1,49.85000000008572,49.83,49.902584686070846,49.88695536389309,-0.07258468607084723,0.0012744135250736888,-2.033245486465121,0.21532533959714667,0.00021532533959714667,100.0,103.0
30.200000000000003,49.85000000007715,49.87,49.89825982750378,49.89217477054957,-0.02825982750378131,0.0012744135250736888,-0.7916155573678789,0.21532533959714667,0.00021532533959714667,100.0,103.0
30.3,49.850000000069436,49.87,49.902957293494616,49.89586075308068,-0.03295729349461851,0.0012744135250736888,-0.9232011856968445,0.21532533959714667,0.00021532533959714667,100.0,103.0
30.400000000000002,49.850000000062494,49.85,49.906274677772615,49.894157313670505,-0.0562746777726133,0.0012744135250736888,-1.5763688014268427,0.21532533959714667,0.00021532533959714667,100.0,103.0
30.5,49.85000000005624,49.85,49.90474158230346,49.892954332503884,-0.05474158230345694,0.0012744135250736888,-1.5334236622835835,0.21532533959714667,0.00021532533959714667,100.0,103.0
30.6,49.85000000005061,49.89,49.90365889925349,49.900717792133214,-0.013658899253492507,0.0012744135250736888,-0.38261369939849754,0.21532533959714667,0.00021532533959714667,100.0,103.0
30.700000000000003,49.850000000045554,49.83,49.91064601291989,49.89328088280076,-0.08064601291989248,0.0012744135250736888,-2.2590597362469973,0.21532533959714667,0.00021532533959714667,100.0,103.0
30.8,49.850000000041,49.87,49.903952794520684,49.89664189751024,-0.03395279452068678,0.0012744135250736888,-0.95108720515347,0.21532533959714667,0.00021532533959714667,100.0,103.0
30.900000000000002,49.8500000000369,49.84,49.90697770775922,49.89255571009053,-0.06697770775921441,0.0012744135250736888,-1.8761825581539375,0.21532533959714667,0.00021532533959714667,100.0,103.0
31.0,49.85000000003321,49.84,49.90330013908147,49.889670015137206,-0.06330013908146981,0.0012744135250736888,-1.7731663391695185,0.21532533959714667,0.00021532533959714667,100.0,103.0
31.1,49.850000000029894,49.88,49.900703013623485,49.896245130184326,-0.020703013623482036,0.0012744135250736888,-0.5799337475274615,0.21532533959714667,0.00021532533959714667,100.0,103.0
31.200000000000003,49.8500000000269,49.88,49.90662061716589,49.90088852373436,-0.02662061716588937,0.0012744135250736888,-0.7456979237552926,0.21532533959714667,0.00021532533959714667,100.0,103.0
31.3,49.85000000002421,49.88,49.91079967136093,49.90416772166566,-0.030799671360924208,0.0012744135250736888,-0.8627617775750097,0.21532533959714667,0.00021532533959714667,100.0,103.0
31.400000000000002,49.85000000002179,49.89,49.9137509494991,49.90863676823245,-0.023750949499095952,0.0012744135250736888,-0.6653126641777072,0.21532533959714667,0.00021532533959714667,100.0,103.0
31.5,49.850000000019605,49.85,49.9177730914092,49.90317982748597,-0.06777309140920096,0.0012744135250736888,-1.898462880683194,0.21532533959714667,0.00021532533959714667,100.0,103.0
31.6,49.850000000017644,49.87,49.91286184473738,49.90363260346354,-0.04286184473738075,0.0012744135250736888,-1.200647919986671,0.21532533959714667,0.00021532533959714667,100.0,103.0
31.700000000000003,49.85000000001588,49.84,49.913269343117186,49.897492596928416,-0.07326934311718247,0.0012744135250736888,-2.0524241303994484,0.21532533959714667,0.00021532533959714667,100.0,103.0
31.8,49.85000000001429,49.86,49.90774333723557,49.89746298693182,-0.047743337235573335,0.0012744135250736888,-1.3373885071054985,0.21532533959714667,0.00021532533959714667,100.0,103.0
31.900000000000002,49.85000000001286,49.85,49.90771668823864,49.89528882274323,-0.05771668823863507,0.0012744135250736888,-1.6167624633710775,0.21532533959714667,0.00021532533959714667,100.0,103.0
32.0,49.850000000011576,49.85,49.90575994046891,49.89375341235153,-0.055759940468909974,0.0012744135250736888,-1.5619499569553175,0.21532533959714667,0.00021532533959714667,100.0,103.0
32.1,49.85000000001042,49.87,49.904378071116376,49.89697560127855,-0.034378071116378806,0.0012744135250736888,-0.9630000722539225,0.21532533959714667,0.00021532533959714667,100.0,103.0
32.2,49.85000000000937,49.82,49.9072780411507,49.88848486730055,-0.0872780411506966,0.0012744135250736888,-2.444836408935641,0.21532533959714667,0.00021532533959714667,100.0,103.0
32.300000000000004,49.850000000008436,49.92,49.89963638057049,49.904021183839575,0.020363619429510038,0.0012744135250736888,0.5704266221215256,0.21532533959714667,0.00021532533959714667,100.0,103.0
32.4,49.85000000000759,49.82,49.91361906545562,49.89346050839362,-0.09361906545561993,0.0012744135250736888,-2.6224614665816404,0.21532533959714667,0.00021532533959714667,100.0,103.0
32.5,49.85000000000683,49.81,49.904114457554265,49.883849230020395,-0.09411445755426229,0.0012744135250736888,-2.636338412300079,0.21532533959714667,0.00021532533959714667,100.0,103.0
32.6,49.85000000000615,49.89,49.89546430701836,49.894287703253966,-0.005464307018357317,0.0012744135250736888,-0.1530664136356582,0.21532533959714667,0.00021532533959714667,100.0,103.0
32.7,49.85000000000553,49.88,49.90485893292857,49.899506174753704,-0.024858932928566446,0.0012744135250736888,-0.6963495457707494,0.21532533959714667,0.00021532533959714667,100.0,103.0
32.800000000000004,49.850000000004975,49.87,49.90955555727833,49.90103824347442,-0.03955555727833371,0.0012744135250736888,-1.108032047177053,0.21532533959714667,0.00021532533959714667,100.0,103.0
32.9,49.85000000000448,49.87,49.910934419126974,49.902120201427245,-0.04093441912697671,0.0012744135250736888,-1.1466567872148605,0.21532533959714667,0.00021532533959714667,100.0,103.0
33.0,49.85000000000403,49.85,49.911908181284524,49.898577781125596,-0.06190818128452236,0.0012744135250736888,-1.734174754839583,0.21532533959714667,0.00021532533959714667,100.0,103.0
33.1,49.850000000003625,49.82,49.90872000301304,49.88961633823519,-0.08872000301303729,0.0012744135250736888,-2.4852287093913783,0.21532533959714667,0.00021532533959714667,100.0,103.0
33.2,49.85000000000326,49.85,49.90065470441167,49.88974746298204,-0.05065470441167008,0.0012744135250736888,-1.418941855210684,0.21532533959714667,0.00021532533959714667,100.0,103.0
33.300000000000004,49.850000000002936,49.83,49.90077271668383,49.885533557429675,-0.07077271668383389,0.0012744135250736888,-1.9824885186088181,0.21532533959714667,0.00021532533959714667,100.0,103.0
33.4,49.850000000002645,49.88,49.89698020168671,49.89332393399209,-0.016980201686706664,0.0012744135250736888,-0.4756501723389045,0.21532533959714667,0.00021532533959714667,100.0,103.0
33.5,49.85000000000238,49.85,49.903991540592884,49.89236579377935,-0.05399154059288236,0.0012744135250736888,-1.5124134601977355,0.21532533959714667,0.00021532533959714667,100.0,103.0
33.6,49.85000000000214,49.82,49.90312921440142,49.885229388079985,-0.08312921440141707,0.0012744135250736888,-2.3286192876841323,0.21532533959714667,0.00021532533959714667,100.0,103.0
33.7,49.85000000000193,49.84,49.89670644927199,49.88449611382515,-0.05670644927198509,0.0012744135250736888,-1.5884636040609008,0.21532533959714667,0.00021532533959714667,100.0,103.0
33.800000000000004,49.850000000001735,49.86,49.89604650244264,49.888284777062886,-0.03604650244263752,0.0012744135250736888,-1.0097362455051426,0.21532533959714667,0.00021532533959714667,100.0,103.0
33.9,49.850000000001565,49.83,49.8994562993566,49.88450059811048,-0.06945629935660236,0.0012744135250736888,-1.945612977309577,0.21532533959714667,0.00021532533959714667,100.0,103.0
34.0,49.85000000000141,49.82,49.896050538299434,49.87967493031356,-0.07605053829943387,0.0012744135250736888,-2.13033109476617,0.21532533959714667,0.00021532533959714667,100.0,103.0
34.1,49.850000000001266,49.86,49.89170743728221,49.88488002258166,-0.03170743728220771,0.0012744135250736888,-0.8881901573356523,0.21532533959714667,0.00021532533959714667,100.0,103.0
34.2,49.85000000000114,49.86,49.896392020323496,49.88855589618871,-0.036392020323496865,0.0012744135250736888,-1.0194149079032213,0.21532533959714667,0.00021532533959714667,100.0,103.0
34.300000000000004,49.850000000001025,49.83,49.89970030656984,49.884692064387664,-0.0697003065698425,0.0012744135250736888,-1.9524481183268045,0.21532533959714667,0.00021532533959714667,100.0,103.0
34.4,49.850000000000925,49.84,49.8962228579489,49.88411665196793,-0.05622285794889592,0.0012744135250736888,-1.5749172221973073,0.21532533959714667,0.00021532533959714667,100.0,103.0
34.5,49.85000000000083,49.86,49.895704986771136,49.88801679836933,-0.03570498677113676,0.0012744135250736888,-1.0001696931753818,0.21532533959714667,0.00021532533959714667,100.0,103.0
34.6,49.85000000000075,49.8,49.899215118532396,49.877851589441235,-0.09921511853239906,0.0012744135250736888,-2.7792183567233795,0.21532533959714667,0.00021532533959714667,100.0,103.0
34.7,49.85000000000067,49.81,49.890066430497114,49.872826099159994,-0.08006643049711215,0.0012744135250736888,-2.2428244473872727,0.21532533959714667,0.00021532533959714667,100.0,103.0
34.800000000000004,49.850000000000605,49.83,49.88554348924399,49.87358356856012,-0.05554348924399477,0.0012744135250736888,-1.5558867155207659,0.21532533959714667,0.00021532533959714667,100.0,103.0
34.9,49.85000000000054,49.84,49.88622521170411,49.87627175229597,-0.04622521170410465,0.0012744135250736888,-1.2948627065291438,0.21532533959714667,0.00021532533959714667,100.0,103.0
35.0,49.850000000000485,49.86,49.88864457706637,49.88247667378194,-0.028644577066373245,0.0012744135250736888,-0.8023931793967999,0.21532533959714667,0.00021532533959714667,100.0,103.0
35.1,49.850000000000435,49.9,49.89422900640375,49.895471647559674,0.005770993596250662,0.0012744135250736888,0.1616573318308879,0.21532533959714667,0.00021532533959714667,100.0,103.0
35.2,49.85000000000039,49.88,49.905924482803705,49.90034228474012,-0.02592448280370263,0.0012744135250736888,-0.726197776733813,0.21532533959714667,0.00021532533959714667,100.0,103.0
35.300000000000004,49.85000000000035,49.84,49.91030805626611,49.895168950174195,-0.07030805626610714,0.0012744135250736888,-1.9694724301165465,0.21532533959714667,0.00021532533959714667,100.0,103.0
35.4,49.850000000000314,49.85,49.90565205515678,49.89366875748087,-0.05565205515677718,0.0012744135250736888,-1.5589278687460253,0.21532533959714667,0.00021532533959714667,100.0,103.0
35.5,49.850000000000286,49.82,49.904301881732785,49.886149550419994,-0.08430188173278452,0.0012744135250736888,-2.361468097642485,0.21532533959714667,0.00021532533959714667,100.0,103.0
35.6,49.85000000000026,49.85,49.897534595378,49.88729919248562,-0.047534595377996425,0.0012744135250736888,-1.3315412208151047,0.21532533959714667,0.00021532533959714667,100.0,103.0
35.7,49.85000000000023,49.84,49.89856927323706,49.88595782458733,-0.05856927323705463,0.0012744135250736888,-1.6406451126419228,0.21532533959714667,0.00021532533959714667,100.0,103.0
35.800000000000004,49.85000000000021,49.86,49.8973620421286,49.88931704771922,-0.03736204212859917,0.0012744135250736888,-1.0465872022777114,0.21532533959714667,0.00021532533959714667,100.0,103.0
35.9,49.850000000000186,49.82,49.900385342947295,49.88307634167854,-0.08038534294729516,0.0012744135250736888,-2.251757837266224,0.21532533959714667,0.00021532533959714667,100.0,103.0
36.0,49.850000000000165,49.87,49.894768707510686,49.88943537715456,-0.02476870751068816,0.0012744135250736888,-0.6938221473125347,0.21532533959714667,0.00021532533959714667,100.0,103.0
36.1,49.85000000000015,49.9,49.900491839439105,49.900385933944854,-0.0004918394391069114,0.0012744135250736888,-0.013777428459958784,0.21532533959714667,0.00021532533959714667,100.0,103.0
36.2,49.850000000000136,49.85,49.910347340550366,49.89735302895257,-0.06034734055036495,0.0012744135250736888,-1.690452414086895,0.21532533959714667,0.00021532533959714667,100.0,103.0
36.300000000000004,49.85000000000012,49.86,49.90761772605732,49.897364423023184,-0.047617726057318066,0.0012744135250736888,-1.3338698811382,0.21532533959714667,0.00021532533959714667,100.0,103.0
36.4,49.85000000000011,49.87,49.90762798072087,49.89952572299379,-0.03762798072087037,0.0012744135250736888,-1.0540366860694375,0.21532533959714667,0.00021532533959714667,100.0,103.0
36.5,49.850000000000094,49.84,49.90957315069441,49.89459228839429,-0.06957315069440995,0.0012744135250736888,-1.9488862222327938,0.21532533959714667,0.00021532533959714667,100.0,103.0
36.6,49.85000000000009,49.86,49.90513305955486,49.89541476817915,-0.04513305955486402,0.0012744135250736888,-1.2642692914689857,0.21532533959714667,0.00021532533959714667,100.0,103.0
36.7,49.85000000000008,49.85,49.90587329136124,49.89384235592447,-0.05587329136123742,0.0012744135250736888,-1.565125147242517,0.21532533959714667,0.00021532533959714667,100.0,103.0
36.800000000000004,49.85000000000007,49.85,49.90445812033202,49.89273190707771,-0.05445812033202202,0.0012744135250736888,-1.5254833128076348,0.21532533959714667,0.00021532533959714667,100.0,103.0
36.9,49.850000000000065,49.83,49.90345871636994,49.88764119332121,-0.07345871636994161,0.0012744135250736888,-2.057728862461717,0.21532533959714667,0.00021532533959714667,100.0,103.0
37.0,49.85000000000006,49.85,49.89887707398909,49.88835260143387,-0.04887707398908958,0.0012744135250736888,-1.369146791968459,0.21532533959714667,0.00021532533959714667,100.0,103.0
37.1,49.85000000000005,49.87,49.89951734129048,49.89316150975311,-0.029517341290485888,0.0012744135250736888,-0.8268410900441395,0.21532533959714667,0.00021532533959714667,100.0,103.0
37.2,49.850000000000044,49.9,49.903845358777794,49.90301735559309,-0.003845358777795127,0.0012744135250736888,-0.10771636280357501,0.21532533959714667,0.00021532533959714667,100.0,103.0
37.300000000000004,49.85000000000004,49.88,49.91271562003379,49.90567111803988,-0.03271562003378392,0.0012744135250736888,-0.9164314178568249,0.21532533959714667,0.00021532533959714667,100.0,103.0
37.4,49.85000000000003,49.92,49.91510400623589,49.916158237755816,0.004895993764108653,0.0012744135250736888,0.13714679723101408,0.21532533959714667,0.00021532533959714667,100.0,103.0
37.5,49.85000000000003,49.83,49.924542413980234,49.904185036583605,-0.09454241398023555,0.0012744135250736888,-2.648326346926738,0.21532533959714667,0.00021532533959714667,100.0,103.0
37.6,49.85000000000003,49.88,49.913766532925244,49.9064957427561,-0.03376653292524168,0.0012744135250736888,-0.9458696369756467,0.21532533959714667,0.00021532533959714667,100.0,103.0
37.7,49.85000000000003,49.86,49.91584616848049,49.90382107328723,-0.05584616848049251,0.0012744135250736888,-1.5643653798888262,0.21532533959714667,0.00021532533959714667,100.0,103.0
37.800000000000004,49.85000000000003,49.92,49.91343896595851,49.914851722841604,0.006561034041489222,0.0012744135250736888,0.18378798026874574,0.21532533959714667,0.00021532533959714667,100.0,103.0
37.9,49.85000000000003,49.82,49.923366550557446,49.90110911295568,-0.10336655055744615,0.0012744135250736888,-2.895508457076709,0.21532533959714667,0.00021532533959714667,100.0,103.0
38.0,49.85000000000003,49.82,49.910998201660114,49.89140398298492,-0.09099820166011341,0.0012744135250736888,-2.549045712221937,0.21532533959714667,0.00021532533959714667,100.0,103.0
38.1,49.85000000000003,49.83,49.90226358468643,49.88670340377332,-0.07226358468643213,0.0012744135250736888,-2.024250780062142,0.21532533959714667,0.00021532533959714667,100.0,103.0
38.2,49.85000000000003,49.78,49.898033063395985,49.87261755393655,-0.11803306339598407,0.0012744135250736888,-3.3063474734779534,0.21532533959714667,0.00021532533959714667,100.0,103.0
38.300000000000004,49.85000000000003,49.83,49.885355798542896,49.87343629242297,-0.05535579854289807,0.0012744135250736888,-1.5506291151712397,0.21532533959714667,0.00021532533959714667,100.0,103.0
38.400000000000006,49.85000000000003,49.83,49.886092663180676,49.87401449143239,-0.05609266318067796,0.0012744135250736888,-1.571270200502095,0.21532533959714667,0.00021532533959714667,100.0,103.0
38.5,49.85000000000003,49.85,49.886613042289156,49.87872932652456,-0.03661304228915441,0.0012744135250736888,-1.025606185132749,0.21532533959714667,0.00021532533959714667,100.0,103.0
38.6,49.85000000000003,49.86,49.8908563938721,49.88421223038284,-0.030856393872099375,0.0012744135250736888,-0.8643506911058241,0.21532533959714667,0.00021532533959714667,100.0,103.0
38.7,49.85000000000003,49.91,49.89579100734456,49.89885056351343,0.014208992655433406,0.0012744135250736888,0.3980229404819249,0.21532533959714667,0.00021532533959714667,100.0,103.0
38.800000000000004,49.85000000000003,49.88,49.90896550716209,49.90272849949581,-0.028965507162084236,0.0012744135250736888,-0.8113830876529062,0.21532533959714667,0.00021532533959714667,100.0,103.0
38.900000000000006,49.85000000000003,49.83,49.91245564954623,49.89470085880598,-0.08245564954623319,0.0012744135250736888,-2.3097513587065595,0.21532533959714667,0.00021532533959714667,100.0,103.0
39.0,49.85000000000003,49.82,49.905230772925385,49.8868784278011,-0.08523077292538517,0.0012744135250736888,-2.387488239452136,0.21532533959714667,0.00021532533959714667,100.0,103.0
39.1,49.85000000000003,49.87,49.89819058502099,49.892120437727904,-0.028190585020993808,0.0012744135250736888,-0.7896759338299069,0.21532533959714667,0.00021532533959714667,100.0,103.0
39.2,49.85000000000003,49.81,49.902908393955116,49.882902862475305,-0.09290839395511341,0.0012744135250736888,-2.60255410458859,0.21532533959714667,0.00021532533959714667,100.0,103.0
39.300000000000004,49.85000000000003,49.91,49.89461257622778,49.897925878477054,0.015387423772217801,0.0012744135250736888,0.43103320585626625,0.21532533959714667,0.00021532533959714667,100.0,103.0
39.400000000000006,49.85000000000003,49.89,49.90813329062935,49.90422873366657,-0.01813329062935054,0.0012744135250736888,-0.5079505515929403,0.21532533959714667,0.00021532533959714667,100.0,103.0
39.5,49.85000000000003,49.84,49.91380586029992,49.89791358836658,-0.0738058602999132,0.0012744135250736888,-2.0674530738205643,0.21532533959714667,0.00021532533959714667,100.0,103.0
39.6,49.85000000000003,49.8,49.90812222952992,49.88484077373839,-0.10812222952992556,0.0012744135250736888,-3.0287247500621586,0.21532533959714667,0.00021532533959714667,100.0,103.0
39.7,49.85000000000003,49.89,49.89635669636455,49.89498793856114,-0.0063566963645484975,0.0012744135250736888,-0.17806406408415312,0.21532533959714667,0.00021532533959714667,100.0,103.0
39.800000000000004,49.85000000000003,49.85,49.90548914470502,49.89354092577746,-0.055489144705020976,0.0012744135250736888,-1.5543644138540667,0.21532533959714667,0.00021532533959714667,100.0,103.0
39.900000000000006,49.85000000000003,49.89,49.90418683319972,49.90113204852318,-0.01418683319971592,0.0012744135250736888,-0.39740220881304195,0.21532533959714667,0.00021532533959714667,100.0,103.0
40.0,49.85000000000003,49.8,49.91101884367087,49.88711367345575,-0.11101884367086967,0.0012744135250736888,-3.109864835483994,0.21532533959714667,0.00021532533959714667,100.0,103.0
40.1,49.85000000000003,49.83,49.89840230611018,49.883673556317774,-0.06840230611017972,0.0012744135250736888,-1.9160884711491202,0.21532533959714667,0.00021532533959714667,100.0,103.0
40.2,49.85000000000003,49.85,49.895306200686,49.88555062763743,-0.04530620068599944,0.0012744135250736888,-1.2691193286112412,0.21532533959714667,0.00021532533959714667,100.0,103.0
40.300000000000004,49.85000000000003,49.85,49.896995564873684,49.886876228907695,-0.04699556487368284,0.0012744135250736888,-1.3164418741169202,0.21532533959714667,0.00021532533959714667,100.0,103.0
40.400000000000006,49.85000000000003,49.84,49.89818860601693,49.88565912466565,-0.05818860601692677,0.0012744135250736888,-1.6299818453734698,0.21532533959714667,0.00021532533959714667,100.0,103.0
40.5,49.85000000000003,49.87,49.89709321219909,49.891259357081545,-0.027093212199091,0.0012744135250736888,-0.7589362770526418,0.21532533959714667,0.00021532533959714667,100.0,103.0
40.6,49.85000000000003,49.82,49.90213342137339,49.88444801452389,-0.08213342137339197,0.0012744135250736888,-2.300725088655576,0.21532533959714667,0.00021532533959714667,100.0,103.0
40.7,49.85000000000003,49.85,49.8960032130715,49.88609755559432,-0.04600321307150068,0.0012744135250736888,-1.2886440708612443,0.21532533959714667,0.00021532533959714667,100.0,103.0
40.800000000000004,49.85000000000003,49.85,49.89748780003489,49.88726247336565,-0.04748780003488662,0.0012744135250736888,-1.3302303875620307,0.21532533959714667,0.00021532533959714667,100.0,103.0
40.900000000000006,49.85000000000003,49.87,49.89853622602909,49.89239165346855,-0.028536226029089562,0.0012744135250736888,-0.7993580452736623,0.21532533959714667,0.00021532533959714667,100.0,103.0
41.0,49.85000000000003,49.87,49.9031524881217,49.8960139173584,-0.033152488121700685,0.0012744135250736888,-0.9286689863581258,0.21532533959714667,0.00021532533959714667,100.0,103.0
41.1,49.85000000000003,49.81,49.906412525622564,49.88565246580146,-0.09641252562256142,0.0012744135250736888,-2.700711998250401,0.21532533959714667,0.00021532533959714667,100.0,103.0
41.2,49.85000000000003,49.8,49.89708721922132,49.876181880771945,-0.09708721922132213,0.0012744135250736888,-2.719611545643747,0.21532533959714667,0.00021532533959714667,100.0,103.0
41.300000000000004,49.85000000000003,49.89,49.88856369269475,49.88887296605302,0.001436307305247908,0.0012744135250736888,0.04023390474847173,0.21532533959714667,0.00021532533959714667,100.0,103.0
41.400000000000006,49.85000000000003,49.86,49.89998566944772,49.89137574159487,-0.03998566944772364,0.0012744135250736888,-1.1200803685851282,0.21532533959714667,0.00021532533959714667,100.0,103.0
41.5,49.85000000000003,49.83,49.902238167435385,49.88668345950048,-0.07223816743538691,0.0012744135250736888,-2.02353879088421,0.21532533959714667,0.00021532533959714667,100.0,103.0
41.6,49.85000000000003,49.9,49.898015113550436,49.89844250989925,0.0019848864495628504,0.0012744135250736888,0.05560072837926567,0.21532533959714667,0.00021532533959714667,100.0,103.0
41.7,49.85000000000003,49.85,49.90859825890932,49.89598056890987,-0.05859825890932058,0.0012744135250736888,-1.6414570605953709,0.21532533959714667,0.00021532533959714667,100.0,103.0
41.800000000000004,49.85000000000003,49.89,49.90638251201889,49.902854942054965,-0.016382512018886075,0.0012744135250736888,-0.4589076625177986,0.21532533959714667,0.00021532533959714667,100.0,103.0
41.900000000000006,49.85000000000003,49.85,49.91256944784947,49.899096660242876,-0.06256944784946938,0.0012744135250736888,-1.752698183558645,0.21532533959714667,0.00021532533959714667,100.0,103.0
42.0,49.85000000000003,49.92,49.90918699421859,49.911515308360535,0.010813005781415086,0.0012744135250736888,0.3028944036311496,0.21532533959714667,0.00021532533959714667,100.0,103.0
42.1,49.85000000000003,49.91,49.920363777524486,49.918132193609516,-0.010363777524489137,0.0012744135250736888,-0.2903106015203883,0.21532533959714667,0.00021532533959714667,100.0,103.0
42.2,49.85000000000003,49.84,49.92631897424857,49.907732311804814,-0.08631897424856305,0.0012744135250736888,-2.4179709837951675,0.21532533959714667,0.00021532533959714667,100.0,103.0
42.300000000000004,49.85000000000003,49.88,49.91695908062433,49.9090008540377,-0.03695908062432807,0.0012744135250736888,-1.0352994265204574,0.21532533959714667,0.00021532533959714667,100.0,103.0
42.400000000000006,49.85000000000003,49.87,49.918100768633934,49.90774345429295,-0.04810076863393675,0.0012744135250736888,-1.3474008914910145,0.21532533959714667,0.00021532533959714667,100.0,103.0
42.5,49.85000000000003,49.89,49.916969108863654,49.91116197633895,-0.026969108863653446,0.0012744135250736888,-0.7554598888460801,0.21532533959714667,0.00021532533959714667,100.0,103.0
42.6,49.85000000000003,49.82,49.92004577870506,49.89850338743013,-0.10004577870505926,0.0012744135250736888,-2.8024868467902673,0.21532533959714667,0.00021532533959714667,100.0,103.0
42.7,49.85000000000003,49.87,49.90865304868712,49.9003300678521,-0.038653048687123714,0.0012744135250736888,-1.0827509359825704,0.21532533959714667,0.00021532533959714667,100.0,103.0
42.800000000000004,49.85000000000003,49.88,49.91029706106689,49.90377333610387,-0.03029706106688934,0.0012744135250736888,-0.8486826354430203,0.21532533959714667,0.00021532533959714667,100.0,103.0
42.900000000000006,49.85000000000003,49.79,49.913396002493485,49.886825716351645,-0.12339600249348592,0.0012744135250736888,-3.456574364361518,0.21532533959714667,0.00021532533959714667,100.0,103.0
43.0,49.85000000000003,49.81,49.89814314471648,49.879163692147245,-0.08814314471647577,0.0012744135250736888,-2.4690697288776535,0.21532533959714667,0.00021532533959714667,100.0,103.0
43.1,49.85000000000003,49.79,49.89124732293252,49.86944620873877,-0.10124732293252237,0.0012744135250736888,-2.8361445576591002,0.21532533959714667,0.00021532533959714667,100.0,103.0
43.2,49.85000000000003,49.84,49.882501587864894,49.87334991902447,-0.042501587864890666,0.0012744135250736888,-1.1905563882930086,0.21532533959714667,0.00021532533959714667,100.0,103.0
43.300000000000004,49.85000000000003,49.87,49.88601492712203,49.882566507500854,-0.01601492712202912,0.0012744135250736888,-0.4486108578764222,0.21532533959714667,0.00021532533959714667,100.0,103.0
43.400000000000006,49.85000000000003,49.9,49.89430985675077,49.89553508877827,0.005690143249225343,0.0012744135250736888,0.15939254827850174,0.21532533959714667,0.00021532533959714667,100.0,103.0
43.5,49.85000000000003,49.85,49.90598157990044,49.8939273271972,-0.055981579900439726,0.0012744135250736888,-1.568158530666592,0.21532533959714667,0.00021532533959714667,100.0,103.0
43.6,49.85000000000003,49.9,49.904534594477475,49.903558181381676,-0.004534594477476617,0.0012744135250736888,-0.12702326418109391,0.21532533959714667,0.00021532533959714667,100.0,103.0
43.7,49.85000000000003,49.81,49.91320236324351,49.89098027933087,-0.10320236324350418,0.0012744135250736888,-2.8909092346638503,0.21532533959714667,0.00021532533959714667,100.0,103.0
43.800000000000004,49.85000000000003,49.8,49.90188225139778,49.87994442101663,-0.1018822513977824,0.0012744135250736888,-2.8539302023467155,0.21532533959714667,0.00021532533959714667,100.0,103.0
43.900000000000006,49.85000000000003,49.85,49.89194997891497,49.88291708545901,-0.0419499789149711,0.0012744135250736888,-1.1751046936115295,0.21532533959714667,0.00021532533959714667,100.0,103.0
44.0,49.85000000000003,49.86,49.89462537691311,49.887169655870615,-0.034625376913112405,0.0012744135250736888,-0.9699276133401297,0.21532533959714667,0.00021532533959714667,100.0,103.0
44.1,49.85000000000003,49.85,49.898452690283555,49.88801959829385,-0.048452690283554034,0.0012744135250736888,-1.3572589365471752,0.21532533959714667,0.00021532533959714667,100.0,103.0
44.2,49.85000000000003,49.78,49.89921763846447,49.87354705997614,-0.11921763846446964,0.0012744135250736888,-3.3395298435033127,0.21532533959714667,0.00021532533959714667,100.0,103.0
44.300000000000004,49.85000000000003,49.85,49.88619235397853,49.878399223067284,-0.03619235397852805,0.0012744135250736888,-1.0138218452796457,0.21532533959714667,0.00021532533959714667,100.0,103.0
44.400000000000006,49.85000000000003,49.81,49.89055930076056,49.873212841966584,-0.08055930076055517,0.0012744135250736888,-2.256630751344836,0.21532533959714667,0.00021532533959714667,100.0,103.0
44.5,49.85000000000003,49.87,49.885891557769924,49.88246970269638,-0.015891557769926123,0.0012744135250736888,-0.44515503004399604,0.21532533959714667,0.00021532533959714667,100.0,103.0
44.6,49.85000000000003,49.86,49.89422273242675,49.88685371094502,-0.03422273242674834,0.0012744135250736888,-0.9586487179027268,0.21532533959714667,0.00021532533959714667,100.0,103.0
44.7,49.85000000000003,49.82,49.89816833985052,49.881336715526466,-0.07816833985052085,0.0012744135250736888,-2.189655046939408,0.21532533959714667,0.00021532533959714667,100.0,103.0
44.800000000000004,49.85000000000003,49.83,49.89320304397382,49.879593827066586,-0.0632030439738216,0.0012744135250736888,-1.7704465066529063,0.21532533959714667,0.00021532533959714667,100.0,103.0
44.900000000000006,49.85000000000003,49.82,49.89163444435993,49.87620973330127,-0.07163444435992972,0.0012744135250736888,-2.0066272729773877,0.21532533959714667,0.00021532533959714667,100.0,103.0
45.0,49.85000000000003,49.85,49.88858875997115,49.88027962212573,-0.03858875997114808,0.0012744135250736888,-1.080950077583038,0.21532533959714667,0.00021532533959714667,100.0,103.0
45.1,49.85000000000003,49.88,49.89225165991316,49.88961356708173,-0.012251659913154356,0.0012744135250736888,-0.3431940477887086,0.21532533959714667,0.00021532533959714667,100.0,103.0
45.2,49.85000000000003,49.82,49.90065221037356,49.883285745785614,-0.08065221037355741,0.0012744135250736888,-2.259233339597427,0.21532533959714667,0.00021532533959714667,100.0,103.0
45.300000000000004,49.85000000000003,49.87,49.894957171207054,49.88958325984151,-0.024957171207056206,0.0012744135250736888,-0.6991014008403221,0.21532533959714667,0.00021532533959714667,100.0,103.0
45.400000000000006,49.85000000000003,49.83,49.90062493385736,49.885417595990496,-0.0706249338573599,0.0012744135250736888,-1.9783488194357446,0.21532533959714667,0.00021532533959714667,100.0,103.0
45.5,49.85000000000003,49.82,49.896875836391445,49.88032252081364,-0.07687583639144435,0.0012744135250736888,-2.1534493819890526,0.21532533959714667,0.00021532533959714667,100.0,103.0
45.6,49.85000000000003,49.85,49.89229026873228,49.883184102255846,-0.04229026873228037,0.0012744135250736888,-1.1846369072586174,0.21532533959714667,0.00021532533959714667,100.0,103.0
45.7,49.85000000000003,49.82,49.894865692030265,49.87874521146967,-0.07486569203026505,0.0012744135250736888,-2.09714112785509,0.21532533959714667,0.00021532533959714667,100.0,103.0
45.800000000000004,49.85000000000003,49.83,49.89087069032271,49.87776368825746,-0.060870690322708754,0.0012744135250736888,-1.7051125114168189,0.21532533959714667,0.00021532533959714667,100.0,103.0
45.900000000000006,49.85000000000003,49.81,49.88998731943172,49.87276402271162,-0.07998731943171578,0.0012744135250736888,-2.240608384669999,0.21532533959714667,0.00021532533959714667,100.0,103.0
46.0,49.85000000000003,49.91,49.88548762044046,49.89076575689345,0.024512379559539,0.0012744135250736888,0.6866418772315953,0.21532533959714667,0.00021532533959714667,100.0,103.0
46.1,49.85000000000003,49.85,49.901689181204105,49.89055919070783,-0.05168918120410382,0.0012744135250736888,-1.4479196655853932,0.21532533959714667,0.00021532533959714667,100.0,103.0
46.2,49.85000000000003,49.83,49.901503271637054,49.886106805389495,-0.07150327163705583,0.0012744135250736888,-2.0029528567724277,0.21532533959714667,0.00021532533959714667,100.0,103.0
46.300000000000004,49.85000000000003,49.86,49.89749612485055,49.88942225903352,-0.03749612485054854,0.0012744135250736888,-1.050343133507481,0.21532533959714667,0.00021532533959714667,100.0,103.0
46.400000000000006,49.85000000000003,49.85,49.90048003313017,49.88961040285354,-0.05048003313017091,0.0012744135250736888,-1.4140489554277103,0.21532533959714667,0.00021532533959714667,100.0,103.0
46.5,49.85000000000003,49.84,49.90064936256819,49.88759001797684,-0.060649362568184984,0.0012744135250736888,-1.6989126684158355,0.21532533959714667,0.00021532533959714667,100.0,103.0
46.6,49.85000000000003,49.87,49.89883101617916,49.89262296782945,-0.028831016179161395,0.0012744135250736888,-0.8076157201984101,0.21532533959714667,0.00021532533959714667,100.0,103.0
46.7,49.85000000000003,49.87,49.90336067104651,49.896177273224225,-0.03336067104650908,0.0012744135250736888,-0.9345006157987026,0.21532533959714667,0.00021532533959714667,100.0,103.0
46.800000000000004,49.85000000000003,49.83,49.90655954590181,49.8900743356811,-0.07655954590180869,0.0012744135250736888,-2.1445894385867232,0.21532533959714667,0.00021532533959714667,100.0,103.0
46.900000000000006,49.85000000000003,49.83,49.90106690211299,49.88576439728139,-0.07106690211298883,0.0012744135250736888,-1.99072925406408,0.21532533959714667,0.00021532533959714667,100.0,103.0
47.0,49.85000000000003,49.84,49.89718795755326,49.88487394117224,-0.057187957553253455,0.0012744135250736888,-1.601951635663447,0.21532533959714667,0.00021532533959714667,100.0,103.0
47.1,49.85000000000003,49.78,49.896386547055016,49.871325574285855,-0.11638654705501494,0.0012744135250736888,-3.260225183779009,0.21532533959714667,0.00021532533959714667,100.0,103.0
47.2,49.85000000000003,49.8,49.88419301685727,49.866064126910764,-0.08419301685727021,0.0012744135250736888,-2.3584185698597513,0.21532533959714667,0.00021532533959714667,100.0,103.0
47.300000000000004,49.85000000000003,49.89,49.87945771421969,49.88172773548546,0.010542285780310579,0.0012744135250736888,0.29531098280042084,0.21532533959714667,0.00021532533959714667,100.0,103.0
47.400000000000006,49.85000000000003,49.9,49.893554961936914,49.894942741946565,0.006445038063084496,0.0012744135250736888,0.1805386957115416,0.21532533959714667,0.00021532533959714667,100.0,103.0
47.5,49.85000000000003,49.84,49.90544846775191,49.89135575420712,-0.06544846775190649,0.0012744135250736888,-1.833345418381151,0.21532533959714667,0.00021532533959714667,100.0,103.0
47.6,49.85000000000003,49.87,49.90222017878641,49.89528235784734,-0.03222017878641026,0.0012744135250736888,-0.9025530953819174,0.21532533959714667,0.00021532533959714667,100.0,103.0
47.7,49.85000000000003,49.86,49.90575412206261,49.895902100191506,-0.0457541220626112,0.0012744135250736888,-1.281666522331941,0.21532533959714667,0.00021532533959714667,100.0,103.0
47.800000000000004,49.85000000000003,49.95,49.906311890172354,49.91571904725735,0.0436881098276487,0.0012744135250736888,1.2237932948081758,0.21532533959714667,0.00021532533959714667,100.0,103.0
47.900000000000006,49.85000000000003,49.89,49.924147142531616,49.91679439746972,-0.03414714253161577,0.0012744135250736888,-0.9565312903650414,0.21532533959714667,0.00021532533959714667,100.0,103.0
48.0,49.85000000000003,49.85,49.92511495772275,49.90894080394227,-0.07511495772274657,0.0012744135250736888,-2.10412356962902,0.21532533959714667,0.00021532533959714667,100.0,103.0
48.1,49.85000000000003,49.82,49.918046723548045,49.896934779503674,-0.09804672354804467,0.0012744135250736888,-2.746489223941455,0.21532533959714667,0.00021532533959714667,100.0,103.0
48.2,49.85000000000003,49.8,49.907241301553306,49.8841495318775,-0.10724130155330869,0.0012744135250736888,-3.0040481560129835,0.21532533959714667,0.00021532533959714667,100.0,103.0
48.300000000000004,49.85000000000003,49.86,49.89573457868975,49.888040018398016,-0.035734578689748275,0.0012744135250736888,-1.0009986233286923,0.21532533959714667,0.00021532533959714667,100.0,103.0
48.400000000000006,49.85000000000003,49.83,49.89923601655821,49.88432774778046,-0.06923601655821443,0.0012744135250736888,-1.9394424056668065,0.21532533959714667,0.00021532533959714667,100.0,103.0
48.5,49.85000000000003,49.81,49.89589497300241,49.87739960877098,-0.08589497300241078,0.0012744135250736888,-2.406093841843307,0.21532533959714667,0.00021532533959714667,100.0,103.0
48.6,49.85000000000003,49.83,49.88965964789388,49.876813413950885,-0.059659647893880674,0.0012744135250736888,-1.6711887365047247,0.21532533959714667,0.00021532533959714667,100.0,103.0
48.7,49.85000000000003,49.82,49.889132072555796,49.87424618555566,-0.06913207255579579,0.0012744135250736888,-1.936530721602257,0.21532533959714667,0.00021532533959714667,100.0,103.0
48.800000000000004,49.85000000000003,49.9,49.8868215670001,49.88965921756116,0.013178432999900735,0.0012744135250736888,0.36915485712203233,0.21532533959714667,0.00021532533959714667,100.0,103.0
48.900000000000006,49.85000000000003,49.88,49.90069329580505,49.89623750485844,-0.020693295805045864,0.0012744135250736888,-0.5796615315609372,0.21532533959714667,0.00021532533959714667,100.0,103.0
49.0,49.85000000000003,49.85,49.9066137543726,49.89442337848645,-0.056613754372598635,0.0012744135250736888,-1.5858670303757587,0.21532533959714667,0.00021532533959714667,100.0,103.0
49.1,49.85000000000003,49.9,49.90498104063781,49.903908496370924,-0.004981040637808576,0.0012744135250736888,-0.1395291340771025,0.21532533959714667,0.00021532533959714667,100.0,103.0
49.2,49.85000000000003,49.85,49.91351764673383,49.899840687880456,-0.06351764673382831,0.0012744135250736888,-1.7792591732970628,0.21532533959714667,0.00021532533959714667,100.0,103.0
49.300000000000004,49.85000000000003,49.82,49.90985661909241,49.89050821207128,-0.08985661909240861,0.0012744135250736888,-2.5170676500595204,0.21532533959714667,0.00021532533959714667,100.0,103.0
49.400000000000006,49.85000000000003,49.9,49.90145739086415,49.9011435776814,-0.0014573908641537514,0.0012744135250736888,-0.040824498347541455,0.21532533959714667,0.00021532533959714667,100.0,103.0
49.5,49.85000000000003,49.87,49.91102921991326,49.90219458920203,-0.04102921991326269,0.0012744135250736888,-1.1493123510984211,0.21532533959714667,0.00021532533959714667,100.0,103.0
49.6,49.85000000000003,49.82,49.91197513028183,49.8921705541194,-0.09197513028183124,0.0012744135250736888,-2.5764114806536913,0.21532533959714667,0.00021532533959714667,100.0,103.0
49.7,49.85000000000003,49.84,49.90295349870746,49.88939801521945,-0.06295349870745781,0.0012744135250736888,-1.7634562334428292,0.21532533959714667,0.00021532533959714667,100.0,103.0
49.800000000000004,49.85000000000003,49.82,49.900458213697505,49.88313352150971,-0.08045821369750428,0.0012744135250736888,-2.253799095994179,0.21532533959714667,0.00021532533959714667,100.0,103.0
49.900000000000006,49.85000000000003,49.81,49.894820169358745,49.87655623758689,-0.0848201693587427,0.0012744135250736888,-2.375986393900481,0.21532533959714667,0.00021532533959714667,100.0,103.0
50.0,49.85000000000003,49.88,49.8889006138282,49.88698408613302,-0.008900613828195958,0.0012744135250736888,-0.24932439433966186,0.21532533959714667,0.00021532533959714667,100.0,103.0
50.1,49.85000000000003,49.91,49.898285677519716,49.900808067985935,0.01171432248028026,0.0012744135250736888,0.3281421274837337,0.21532533959714667,0.00021532533959714667,100.0,103.0
50.2,49.85000000000003,49.81,49.91072726118734,49.88903812946548,-0.10072726118733755,0.0012744135250736888,-2.8215765646936406,0.21532533959714667,0.00021532533959714667,100.0,103.0
50.300000000000004,49.85000000000003,49.87,49.90013431651894,49.89364563458097,-0.030134316518939386,0.0012744135250736888,-0.844123827855934,0.21532533959714667,0.00021532533959714667,100.0,103.0
50.400000000000006,49.85000000000003,49.83,49.904281071122874,49.888286474257704,-0.07428107112287563,0.0012744135250736888,-2.080764700738185,0.21532533959714667,0.00021532533959714667,100.0,103.0
50.5,49.85000000000003,49.83,49.899457826831934,49.88450179668167,-0.06945782683193613,0.0012744135250736888,-1.9456557650172355,0.21532533959714667,0.00021532533959714667,100.0,103.0
50.6,49.85000000000003,49.83,49.896051617013505,49.881829030149134,-0.06605161701350681,0.0012744135250736888,-1.8502408625884406,0.21532533959714667,0.00021532533959714667,100.0,103.0
50.7,49.85000000000003,49.82,49.893646127134225,49.87778824979903,-0.07364612713422503,0.0012744135250736888,-2.062978621208656,0.21532533959714667,0.00021532533959714667,100.0,103.0
50.800000000000004,49.85000000000003,49.85,49.89000942481913,49.88139438183286,-0.04000942481912517,0.0012744135250736888,-1.1207458051158357,0.21532533959714667,0.00021532533959714667,100.0,103.0
50.900000000000006,49.85000000000003,49.82,49.89325494364958,49.877481298031064,-0.07325494364958018,0.0012744135250736888,-2.0520207718661996,0.21532533959714667,0.00021532533959714667,100.0,103.0
51.0,49.85000000000003,49.86,49.889733168227956,49.88333086368197,-0.02973316822795624,0.0012744135250736888,-0.8328868439107452,0.21532533959714667,0.00021532533959714667,100.0,103.0
51.1,49.85000000000003,49.85,49.894997777313776,49.88530861563257,-0.044997777313774634,0.0012744135250736888,-1.260479759255188,0.21532533959714667,0.00021532533959714667,100.0,103.0
51.2,49.85000000000003,49.84,49.89677775406931,49.88455206489277,-0.05677775406930863,0.0012744135250736888,-1.5904609972462882,0.21532533959714667,0.00021532533959714667,100.0,103.0
51.300000000000004,49.85000000000003,49.82,49.896096858403496,49.879711276525484,-0.07609685840349556,0.0012744135250736888,-2.131628615601682,0.21532533959714667,0.00021532533959714667,100.0,103.0
51.400000000000006,49.85000000000003,49.83,49.891740148872934,49.87844593035009,-0.06174014887293566,0.0012744135250736888,-1.7294678233787921,0.21532533959714667,0.00021532533959714667,100.0,103.0
51.5,49.85000000000003,49.87,49.89060133731508,49.886165347361555,-0.02060133731508529,0.0012744135250736888,-0.57708558620971,0.21532533959714667,0.00021532533959714667,100.0,103.0
51.6,49.85000000000003,49.87,49.8975488126254,49.89161685519134,-0.02754881262540465,0.0012744135250736888,-0.7716985766585068,0.21532533959714667,0.00021532533959714667,100.0,103.0
51.7,49.85000000000003,49.82,49.9024551696722,49.884700482260996,-0.08245516967220112,0.0012744135250736888,-2.309737916453619,0.21532533959714667,0.00021532533959714667,100.0,103.0
51.800000000000004,49.85000000000003,49.85,49.8962304340349,49.88627585012661,-0.04623043403489646,0.0012744135250736888,-1.2950089946938526,0.21532533959714667,0.00021532533959714667,100.0,103.0
51.900000000000006,49.85000000000003,49.87,49.89764826511395,49.891694893039016,-0.02764826511395313,0.0012744135250736888,-0.7744844442347825,0.21532533959714667,0.00021532533959714667,100.0,103.0
52.0,49.85000000000003,49.8,49.90252540373512,49.88044908635852,-0.10252540373512176,0.0012744135250736888,-2.8719462145084043,0.21532533959714667,0.00021532533959714667,100.0,103.0
52.1,49.85000000000003,49.87,49.89240417772267,49.887579990546136,-0.022404177722670227,0.0012744135250736888,-0.6275868326842231,0.21532533959714667,0.00021532533959714667,100.0,103.0
52.2,49.85000000000003,49.83,49.89882199149152,49.88400287280186,-0.06882199149152513,0.0012744135250736888,-1.9278447169021573,0.21532533959714667,0.00021532533959714667,100.0,103.0
52.300000000000004,49.85000000000003,49.87,49.89560258552167,49.89008970009965,-0.025602585521674825,0.0012744135250736888,-0.7171807756111576,0.21532533959714667,0.00021532533959714667,100.0,103.0
52.400000000000006,49.85000000000003,49.83,49.90108073008969,49.88577524774431,-0.07108073008969029,0.0012744135250736888,-1.9911166039685455,0.21532533959714667,0.00021532533959714667,100.0,103.0
52.5,49.85000000000003,49.79,49.897197722969885,49.874115336867355,-0.10719772296988594,0.0012744135250736888,-3.002827430776749,0.21532533959714667,0.00021532533959714667,100.0,103.0
52.6,49.85000000000003,49.8,49.88670380318062,49.86803427731639,-0.08670380318062598,0.0012744135250736888,-2.428750829125275,0.21532533959714667,0.00021532533959714667,100.0,103.0
52.7,49.85000000000003,49.85,49.88123084958475,49.874506056292006,-0.031230849584751752,0.0012744135250736888,-0.8748399613478747,0.21532533959714667,0.00021532533959714667,100.0,103.0
52.800000000000004,49.85000000000003,49.86,49.88705545066281,49.88122972656088,-0.027055450662807345,0.0012744135250736888,-0.7578784992021488,0.21532533959714667,0.00021532533959714667,100.0,103.0
52.900000000000006,49.85000000000003,49.82,49.893106753904796,49.8773650172934,-0.0731067539047956,0.0012744135250736888,-2.047869674079132,0.21532533959714667,0.00021532533959714667,100.0,103.0
53.0,49.85000000000003,49.87,49.88962851556406,49.885401998784445,-0.019628515564065196,0.0012744135250736888,-0.5498348596244071,0.21532533959714667,0.00021532533959714667,100.0,103.0
53.1,49.85000000000003,49.8,49.896861798906,49.876004999162575,-0.09686179890600499,0.0012744135250736888,-2.7132970616459966,0.21532533959714667,0.00021532533959714667,100.0,103.0
53.2,49.85000000000003,49.85,49.88840449924632,49.880135037404045,-0.038404499246318835,0.0012744135250736888,-1.0757885578827782,0.21532533959714667,0.00021532533959714667,100.0,103.0
53.300000000000004,49.85000000000003,49.81,49.89212153366364,49.87443868653928,-0.0821215336636385,0.0012744135250736888,-2.300392089596008,0.21532533959714667,0.00021532533959714667,100.0,103.0
53.400000000000006,49.85000000000003,49.83,49.88699481788535,49.87472238936891,-0.056994817885353655,0.0012744135250736888,-1.596541398611084,0.21532533959714667,0.00021532533959714667,100.0,103.0
53.5,49.85000000000003,49.85,49.887250150432024,49.8792292491402,-0.03725015043202262,0.0012744135250736888,-1.0434528870474282,0.21532533959714667,0.00021532533959714667,100.0,103.0
53.6,49.85000000000003,49.82,49.891306324226186,49.87595226574676,-0.07130632422618532,0.0012744135250736888,-1.9974359570529387,0.21532533959714667,0.00021532533959714667,100.0,103.0
53.7,49.85000000000003,49.84,49.888357039172085,49.87794454329045,-0.048357039172081784,0.0012744135250736888,-1.3545795533163034,0.21532533959714667,0.00021532533959714667,100.0,103.0
53.800000000000004,49.85000000000003,49.88,49.890150088961406,49.88796451760885,-0.010150088961403014,0.0012744135250736888,-0.2843247478930819,0.21532533959714667,0.00021532533959714667,100.0,103.0
53.900000000000006,49.85000000000003,49.83,49.89916806584797,49.88427442857998,-0.06916806584796831,0.0012744135250736888,-1.9375389673192855,0.21532533959714667,0.00021532533959714667,100.0,103.0
54.0,49.85000000000003,49.88,49.89584698572198,49.892434728139804,-0.015846985721978513,0.0012744135250736888,-0.4439064758348681,0.21532533959714667,0.00021532533959714667,100.0,103.0
54.1,49.85000000000003,49.81,49.90319125532582,49.883124816625305,-0.09319125532582007,0.0012744135250736888,-2.6104776300099615,0.21532533959714667,0.00021532533959714667,100.0,103.0
54.2,49.85000000000003,49.87,49.89481233496277,49.889469610510716,-0.024812334962774685,0.0012744135250736888,-0.695044241459974,0.21532533959714667,0.00021532533959714667,100.0,103.0
54.300000000000004,49.85000000000003,49.9,49.900522649459646,49.90041010978726,-0.0005226494596470843,0.0012744135250736888,-0.014640480139207756,0.21532533959714667,0.00021532533959714667,100.0,103.0
54.400000000000006,49.85000000000003,49.77,49.91036909880854,49.88014407493864,-0.14036909880853443,0.0012744135250736888,-3.9320255007103864,0.21532533959714667,0.00021532533959714667,100.0,103.0
54.5,49.85000000000003,49.82,49.89212966744478,49.8765983223072,-0.07212966744477711,0.0012744135250736888,-2.0204994842738104,0.21532533959714667,0.00021532533959714667,100.0,103.0
54.6,49.85000000000003,49.87,49.888938490076484,49.884860553269306,-0.018938490076486403,0.0012744135250736888,-0.5305058346728344,0.21532533959714667,0.00021532533959714667,100.0,103.0
54.7,49.85000000000003,49.84,49.896374497942375,49.884235640028315,-0.056374497942371704,0.0012744135250736888,-1.5791649685056854,0.21532533959714667,0.00021532533959714667,100.0,103.0
54.800000000000004,49.85000000000003,49.86,49.895812076025486,49.88810082859362,-0.035812076025486306,0.0012744135250736888,-1.0031694821782935,0.21532533959714667,0.00021532533959714667,100.0,103.0
54.900000000000006,49.85000000000003,49.83,49.89929074573426,49.88437069237809,-0.06929074573426419,0.0012744135250736888,-1.9409754818045544,0.21532533959714667,0.00021532533959714667,100.0,103.0
55.0,49.85000000000003,49.85,49.89593362314028,49.88604295013867,-0.04593362314027871,0.0012744135250736888,-1.2866947145821197,0.21532533959714667,0.00021532533959714667,100.0,103.0
55.1,49.85000000000003,49.85,49.89743865512481,49.88722391060003,-0.04743865512480738,0.0012744135250736888,-1.3288537381334748,0.21532533959714667,0.00021532533959714667,100.0,103.0
55.2,49.85000000000003,49.89,49.89850151954003,49.89667092695798,-0.008501519540025981,0.0012744135250736888,-0.23814494721353416,0.21532533959714667,0.00021532533959714667,100.0,103.0
55.300000000000004,49.85000000000003,49.86,49.907003834262184,49.89688271768731,-0.047003834262184796,0.0012744135250736888,-1.3166735165990686,0.21532533959714667,0.00021532533959714667,100.0,103.0
55.400000000000006,49.85000000000003,49.86,49.907194445918584,49.89703228582407,-0.047194445918584904,0.0012744135250736888,-1.322012938879753,0.21532533959714667,0.00021532533959714667,100.0,103.0
55.5,49.85000000000003,49.84,49.90732905724166,49.892831405126344,-0.06732905724165761,0.0012744135250736888,-1.8860245756375182,0.21532533959714667,0.00021532533959714667,100.0,103.0
55.6,49.85000000000003,49.83,49.90354826461371,49.887711459558986,-0.07354826461371289,0.0012744135250736888,-2.0602372918884297,0.21532533959714667,0.00021532533959714667,100.0,103.0
55.7,49.85000000000003,49.84,49.89894031360309,49.886248970560544,-0.05894031360308816,0.0012744135250736888,-1.6510387120410808,0.21532533959714667,0.00021532533959714667,100.0,103.0
55.800000000000004,49.85000000000003,49.86,49.89762407350449,49.88952265710011,-0.03762407350448882,0.0012744135250736888,-1.0539272369486592,0.21532533959714667,0.00021532533959714667,100.0,103.0
55.900000000000006,49.85000000000003,49.84,49.9005703913901,49.887528051294495,-0.0605703913900939,0.0012744135250736888,-1.6967005242280409,0.21532533959714667,0.00021532533959714667,100.0,103.0
56.0,49.85000000000003,49.86,49.898775246165044,49.89042595311659,-0.03877524616504502,0.0012744135250736888,-1.0861739372227823,0.21532533959714667,0.00021532533959714667,100.0,103.0
56.1,49.85000000000003,49.92,49.90138335780493,49.90539199260775,0.0186166421950702,0.0012744135250736888,0.52149021736233,0.21532533959714667,0.00021532533959714667,100.0,103.0
56.2,49.85000000000003,49.88,49.914852793346974,49.907348103783626,-0.03485279334697111,0.0012744135250736888,-0.9762980127001254,0.21532533959714667,0.00021532533959714667,100.0,103.0
56.300000000000004,49.85000000000003,49.84,49.91661329340526,49.90011650998512,-0.07661329340525924,0.0012744135250736888,-2.1460950160675285,0.21532533959714667,0.00021532533959714667,100.0,103.0
56.400000000000006,49.85000000000003,49.89,49.91010485898661,49.905775773397764,-0.02010485898660619,0.0012744135250736888,-0.5631782129722949,0.21532533959714667,0.00021532533959714667,100.0,103.0
56.5,49.85000000000003,49.84,49.915198196057986,49.89900611895471,-0.07519819605798261,0.0012744135250736888,-2.1064552456144248,0.21532533959714667,0.00021532533959714667,100.0,103.0
56.6,49.85000000000003,49.79,49.90910550705924,49.88345907330382,-0.11910550705923839,0.0012744135250736888,-3.336388813543427,0.21532533959714667,0.00021532533959714667,100.0,103.0
56.7,49.85000000000003,49.82,49.895113165973434,49.87893939800199,-0.07511316597343409,0.0012744135250736888,-2.1040733790668,0.21532533959714667,0.00021532533959714667,100.0,103.0
56.800000000000004,49.85000000000003,49.79,49.891045458201795,49.869287810599744,-0.10104545820179567,0.0012744135250736888,-2.830489913754931,0.21532533959714667,0.00021532533959714667,100.0,103.0
56.900000000000006,49.85000000000003,49.84,49.88235902953977,49.87323805711912,-0.042359029539767334,0.0012744135250736888,-1.1865630380864356,0.21532533959714667,0.00021532533959714667,100.0,103.0
57.0,49.85000000000003,49.85,49.88591425140721,49.878181003026576,-0.035914251407206166,0.0012744135250736888,-1.0060316235603888,0.21532533959714667,0.00021532533959714667,100.0,103.0
57.1,49.85000000000003,49.9,49.89036290272392,49.89243801396763,0.009637097276076645,0.0012744135250736888,0.2699548017619392,0.21532533959714667,0.00021532533959714667,100.0,103.0
57.2,49.85000000000003,49.86,49.90319421257087,49.893893404080416,-0.04319421257086731,0.0012744135250736888,-1.2099582226670895,0.21532533959714667,0.00021532533959714667,100.0,103.0
57.300000000000004,49.85000000000003,49.84,49.90450406367238,49.89061470425673,-0.06450406367237349,0.0012744135250736888,-1.8068907288859664,0.21532533959714667,0.00021532533959714667,100.0,103.0
57.400000000000006,49.85000000000003,49.88,49.90155323383105,49.896912276436964,-0.021553233831049567,0.0012744135250736888,-0.6037501541707415,0.21532533959714667,0.00021532533959714667,100.0,103.0
57.5,49.85000000000003,49.78,49.90722104879327,49.879827133257955,-0.1272210487932668,0.0012744135250736888,-3.5637217331185926,0.21532533959714667,0.00021532533959714667,100.0,103.0
57.6,49.85000000000003,49.86,49.89184441993216,49.884987509396,-0.03184441993216325,0.0012744135250736888,-0.8920273214789853,0.21532533959714667,0.00021532533959714667,100.0,103.0
57.7,49.85000000000003,49.87,49.8964887584564,49.89078505754627,-0.026488758456402195,0.0012744135250736888,-0.7420042916625089,0.21532533959714667,0.00021532533959714667,100.0,103.0
57.800000000000004,49.85000000000003,49.8,49.90170655179164,49.87980655398785,-0.10170655179164356,0.0012744135250736888,-2.849008497087747,0.21532533959714667,0.00021532533959714667,100.0,103.0
57.900000000000006,49.85000000000003,49.89,49.89182589858906,49.891432736355306,-0.0018258985890611257,0.0012744135250736888,-0.05114715328971642,0.21532533959714667,0.00021532533959714667,100.0,103.0
58.0,49.85000000000003,49.86,49.90228946271978,49.89318346979826,-0.04228946271977918,0.0012744135250736888,-1.184614329200231,0.21532533959714667,0.00021532533959714667,100.0,103.0
58.1,49.85000000000003,49.84,49.90386512281844,49.89011334355914,-0.06386512281843437,0.0012744135250736888,-1.78899268898645,0.21532533959714667,0.00021532533959714667,100.0,103.0
58.2,49.85000000000003,49.87,49.90110200920323,49.89440495850939,-0.031102009203230807,0.0012744135250736888,-0.8712308787936537,0.21532533959714667,0.00021532533959714667,100.0,103.0
58.300000000000004,49.85000000000003,49.92,49.904964462658455,49.90820199484255,0.015035537341546501,0.0012744135250736888,0.4211761473548022,0.21532533959714667,0.00021532533959714667,100.0,103.0
58.400000000000006,49.85000000000003,49.86,49.917381795358295,49.905026040786076,-0.05738179535829602,0.0012744135250736888,-1.607381428964811,0.21532533959714667,0.00021532533959714667,100.0,103.0
58.5,49.85000000000003,49.86,49.91452343670747,49.90278315918243,-0.05452343670746984,0.0012744135250736888,-1.527312958050461,0.21532533959714667,0.00021532533959714667,100.0,103.0
58.6,49.85000000000003,49.84,49.91250484326419,49.89689271326589,-0.07250484326418416,0.0012744135250736888,-2.0310089261786177,0.21532533959714667,0.00021532533959714667,100.0,103.0
58.7,49.85000000000003,49.82,49.9072034419393,49.888426331189685,-0.08720344193930174,0.0012744135250736888,-2.4427467324753143,0.21532533959714667,0.00021532533959714667,100.0,103.0
58.800000000000004,49.85000000000003,49.88,49.899583698070714,49.89536683163307,-0.019583698070711364,0.0012744135250736888,-0.5485794299875355,0.21532533959714667,0.00021532533959714667,100.0,103.0
58.900000000000006,49.85000000000003,49.82,49.90583014846976,49.88734874260284,-0.08583014846976056,0.0012744135250736888,-2.404277974123019,0.21532533959714667,0.00021532533959714667,100.0,103.0
59.0,49.85000000000003,49.85,49.89861386834256,49.888146070632565,-0.04861386834255654,0.0012744135250736888,-1.3617738635755046,0.21532533959714667,0.00021532533959714667,100.0,103.0
59.1,49.85000000000003,49.83,49.89933146356931,49.88440264263148,-0.06933146356931275,0.0012744135250736888,-1.9421160716288361,0.21532533959714667,0.00021532533959714667,100.0,103.0
59.2,49.85000000000003,49.87,49.89596237836833,49.89037202042942,-0.025962378368333816,0.0012744135250736888,-0.7272593089923972,0.21532533959714667,0.00021532533959714667,100.0,103.0
59.300000000000004,49.85000000000003,49.86,49.901334818386474,49.89243438458022,-0.041334818386474126,0.0012744135250736888,-1.1578727892564273,0.21532533959714667,0.00021532533959714667,100.0,103.0
59.400000000000006,49.85000000000003,49.88,49.9031909461222,49.89819734777286,-0.023190946122198852,0.0012744135250736888,-0.6496258244306855,0.21532533959714667,0.00021532533959714667,100.0,103.0
59.5,49.85000000000003,49.83,49.90837761299557,49.89150092686049,-0.078377612995574,0.0012744135250736888,-2.19551721567845,0.21532533959714667,0.00021532533959714667,100.0,103.0
59.6,49.85000000000003,49.84,49.90235083417444,49.888925119631665,-0.06235083417443832,0.0012744135250736888,-1.7465743674743182,0.21532533959714667,0.00021532533959714667,100.0,103.0
59.7,49.85000000000003,49.82,49.9000326076685,49.88279955924344,-0.08003260766849962,0.0012744135250736888,-2.2418770007929765,0.21532533959714667,0.00021532533959714667,100.0,103.0
59.800000000000004,49.85000000000003,49.84,49.8945196033191,49.88278015121971,-0.054519603319093335,0.0012744135250736888,-1.527205577003076,0.21532533959714667,0.00021532533959714667,100.0,103.0
59.900000000000006,49.85000000000003,49.86,49.89450213609774,49.88707295192567,-0.034502136097742664,0.0012744135250736888,-0.966475386084449,0.21532533959714667,0.00021532533959714667,100.0,103.0
