sim_time_sec,true_frequency,sensor_reading_sent,controller_reading_received,controlled_frequency_input,generation_command,load_demand_mw,attack_active,scenario,defense_mode,is_mitigation_active,is_defense_attack_flag,predicted_freq,estimated_freq,residual,residual_cov_S,normalized_residual,kalman_gain,is_attack_detected,combined_attack_score,score_residual,score_sudden,score_timing,score_replay,raw_rocof_hz_per_sec,raw_inter_arrival_sec,consecutive_identical_count
0.0,50.0,50.02,50.02,50.02,99.68999999999996,100.0,False,spoof,none,False,False,50.0,50.017826086956525,0.020000000000003126,0.0092,0.20851441405710738,0.891304347826087,False,0.0,0.0,0.0,0.0,0.0,0.0,0.2,1
0.1,49.99845,49.99,49.99,49.99,99.68999999999996,100.0,False,spoof,none,False,False,50.014493478260874,50.00344350316192,-0.024493478260872337,0.00182195652173913,-0.5738276330452751,0.45113948216203303,False,0.0,0.0,0.0,0.0,0.0,0.30000000000001137,0.1,1
0.2,49.997054999999996,50.02,50.02,50.02,99.67999999999995,100.0,False,spoof,none,False,False,50.001549152845726,50.00740920034751,0.018450847154277028,0.0014654229805512468,0.4819864312802141,0.3176031676370798,False,0.0,0.0,0.0,0.0,0.0,0.30000000000001137,0.1,1
0.30000000000000004,49.995749499999995,50.04,50.04,50.04,99.67999999999995,100.0,False,spoof,none,False,False,50.005068280312756,50.01426303243331,0.0349317196872434,0.0013572585657860346,0.9481753723015527,0.26322071180234846,False,0.0,0.0,0.0,0.0,0.0,0.19999999999996015,0.10000000000000003,1
0.4,49.994574549999996,49.99,49.99,49.99,100.13499999999998,100.0,False,spoof,none,False,False,50.01123672918998,50.00617163208855,-0.021236729189979542,0.0013132087765599023,-0.5860312032857007,0.23850646001650083,False,0.0,0.0,0.0,0.0,0.0,0.4999999999999717,0.09999999999999998,1
0.5,49.995792095,49.99,49.99,49.99,100.13499999999998,100.0,False,spoof,none,False,False,50.0062294688797,50.0025499469996,-0.01622946887970045,0.0012931902326133657,-0.45130807024905645,0.2267185640745733,False,0.0,0.0,0.0,0.0,0.0,0.0,0.09999999999999998,2
0.6000000000000001,49.9968878855,50.05,50.05,50.05,99.21000000000004,100.0,False,spoof,none,False,False,50.002969952299644,50.013362022784854,0.04703004770035335,0.0012836420369004044,1.3126636340176827,0.2209666158840603,False,0.0,0.0,0.0,0.0,0.0,0.5999999999999511,0.10000000000000009,1
0.7000000000000001,49.99324909695,50.02,50.02,50.02,99.21000000000004,100.0,False,spoof,none,False,False,50.00807582050636,50.010676826918626,0.011924179493639997,0.0012789829588660889,0.33342343839719774,0.21812875373525498,False,0.0,0.0,0.0,0.0,0.0,0.29999999999994037,0.09999999999999998,1
0.8,49.989974187255,49.98,49.98,49.98,100.27000000000004,100.0,False,spoof,none,False,False,50.00565914422676,50.000098268943376,-0.025659144226764852,0.0012766842905255565,-0.7181256028901729,0.21672099561251545,False,0.0,0.0,0.0,0.0,0.0,0.40000000000006264,0.09999999999999998,1
0.9,49.9923267685295,50.01,50.01,50.01,100.27000000000004,100.0,False,spoof,none,False,False,50.00143844204904,50.00328791644374,0.008561557950955034,0.0012755440064461374,0.2397204462255675,0.21602077627556393,False,0.0,0.0,0.0,0.0,0.0,0.3000000000000114,0.09999999999999998,1
1.0,49.99444409167655,49.98,49.98,49.98,100.28000000000004,100.0,False,spoof,none,False,False,50.00430912479937,49.99906632673675,-0.024309124799373194,0.0012749768287832067,-0.6807978526034135,0.2156720205226279,False,0.0,0.0,0.0,0.0,0.0,0.3000000000000114,0.09999999999999998,1
1.1,49.996399682508894,49.98,49.98,49.98,100.28000000000004,100.0,False,spoof,none,False,False,50.00055969406308,49.99612911697524,-0.020559694063081224,0.0012746943366233286,-0.5758556334001667,0.21549820120092097,False,0.0,0.0,0.0,0.0,0.0,0.0,0.10000000000000009,2
1.2000000000000002,49.998159714258,50.01,50.01,50.01,99.82500000000002,100.0,False,spoof,none,False,False,49.99791620527771,50.00051919412181,0.012083794722286711,0.001274553542972746,0.33847320726155533,0.2154115411521922,False,0.0,0.0,0.0,0.0,0.0,0.3000000000000111,0.10000000000000009,1
1.3,49.997468742832204,49.94,49.94,49.94,99.82500000000002,100.0,False,spoof,none,False,False,49.99959227470963,49.9867579861185,-0.05959227470962958,0.0012744833483332757,-1.6692557484228812,0.21536832842283526,False,0.31500000000000167,0.0,0.35000000000000187,0.0,0.0,0.7000000000000037,0.09999999999999987,1
1.4000000000000001,49.996846868548985,49.94,49.94,49.94,100.90500000000003,100.0,False,spoof,none,False,False,49.98720718750665,49.97704127174238,-0.04720718750665043,0.0012744483460224965,-1.3223517915545346,0.21534677876827188,False,0.0,0.0,0.0,0.0,0.0,0.0,0.10000000000000009,2
1.5,50.00168718169409,49.98,49.98,49.98,100.90500000000003,100.0,False,spoof,none,False,False,49.98386214456814,49.98303048568268,-0.003862144568145709,0.0012744308908023002,-0.10818583002509474,0.21533603177928,False,0.0,0.0,0.0,0.0,0.0,0.39999999999999203,0.09999999999999987,1
1.6,50.006043463524676,49.97,49.97,49.97,100.47000000000001,100.0,False,spoof,none,False,False,49.989252437114416,49.98510679689181,-0.019252437114417376,0.0012744221857412168,-0.5392983007204571,0.21533067205794923,False,0.0,0.0,0.0,0.0,0.0,0.09999999999998002,0.10000000000000009,1
1.7000000000000002,50.00778911717221,50.02,50.02,50.02,100.47000000000001,100.0,False,spoof,none,False,False,49.98894611720263,49.99563288764777,0.031053882797372978,0.001274417844366939,0.8698812856341358,0.21532799903885108,False,0.0,0.0,0.0,0.0,0.0,0.5000000000000422,0.10000000000000009,1
1.8,50.00936020545499,49.98,49.98,49.98,100.33000000000004,100.0,False,spoof,none,False,False,49.998419598883,49.99445336806767,-0.01841959888299982,0.0012744156792214695,-0.5159701951807607,0.21532666593454639,False,0.0,0.0,0.0,0.0,0.0,0.4000000000000631,0.09999999999999987,1
1.9000000000000001,50.01007418490949,49.97,49.97,49.97,100.33000000000004,100.0,False,spoof,none,False,False,49.9966580312609,49.99091786399285,-0.026658031260900827,0.0012744145994069826,-0.7467456543112474,0.21532600107898534,False,0.0,0.0,0.0,0.0,0.0,0.09999999999998002,0.10000000000000009,1
2.0,50.01071676641854,50.06,50.06,50.06,99.09999999999997,100.0,False,spoof,none,False,False,49.99347607759356,50.00780038572329,0.06652392240643934,0.0012744140608739781,1.863470710741123,0.21532566949692017,False,0.4050000000000159,0.0,0.45000000000001766,0.0,0.0,0.9000000000000353,0.09999999999999987,1
2.1,50.00514508977668,50.0,50.0,50.0,99.09999999999997,100.0,False,spoof,none,False,False,50.00252034715096,50.00197765213011,-0.0025203471509627207,0.0012744137922925053,-0.07060007019618324,0.2153255041275648,False,0.27000000000001,0.0,0.3000000000000111,0.0,0.0,0.6000000000000222,0.10000000000000009,1
2.2,50.000130580799016,50.0,50.0,50.0,99.09999999999997,100.0,False,spoof,none,False,False,49.9972798869171,49.99786559641362,0.002720113082901321,0.0012744136583433276,0.07619592587210483,0.21532542165316335,False,0.0,0.0,0.0,0.0,0.0,0.0,0.10000000000000009,2
2.3000000000000003,49.995617522719115,49.95,49.95,49.95,99.09999999999997,100.0,False,spoof,none,False,False,49.99357903677226,49.98419536409654,-0.043579036772257496,0.0012744135915390624,-1.2207379036483845,0.21532538052082698,False,0.0,0.0,0.0,0.0,0.0,0.49999999999997113,0.10000000000000009,1
2.4000000000000004,49.991555770447206,49.97,49.97,49.97,100.46500000000002,100.0,False,spoof,none,False,False,49.981275827686886,49.97884785603083,-0.011275827686887396,0.0012744135582218698,-0.31585898752773955,0.21532536000695598,False,0.0,0.0,0.0,0.0,0.0,0.19999999999996004,0.10000000000000009,1
2.5,49.99472519340249,50.0,50.0,50.0,100.46500000000002,100.0,False,spoof,none,False,False,49.98328807042775,49.986886572508325,0.01671192957225287,0.0012744135416056343,0.46813531878261383,0.21532534977610218,False,0.0,0.0,0.0,0.0,0.0,0.3000000000000124,0.09999999999999964,1
2.6,49.99757767406224,49.96,49.96,49.96,100.63499999999999,100.0,False,spoof,none,False,False,49.99052291525749,49.98395055800923,-0.0305229152574924,0.0012744135333186428,-0.8550092704089814,0.21532534467368286,False,0.0,0.0,0.0,0.0,0.0,0.39999999999999114,0.10000000000000009,1
2.7,50.00099490665602,50.01,50.01,50.01,100.63499999999999,100.0,False,spoof,none,False,False,49.988730502208305,49.99331036409721,0.021269497791692515,0.0012744135291856832,0.5958021265306469,0.2153253421289604,False,0.0,0.0,0.0,0.0,0.0,0.49999999999997113,0.10000000000000009,1
2.8000000000000003,50.00407041599042,49.99,49.99,49.99,100.18999999999998,100.0,False,spoof,none,False,False,49.99715432768749,49.99561381963956,-0.007154327687487694,0.001274413527124458,-0.20040734836787027,0.21532534085983457,False,0.0,0.0,0.0,0.0,0.0,0.19999999999996004,0.10000000000000009,1
2.9000000000000004,50.004613374391376,50.0,50.0,50.0,100.18999999999998,100.0,False,spoof,none,False,False,49.997002437675604,49.99764788880296,0.0029975623243956306,0.0012744135260964662,0.08396785043722238,0.2153253402268852,False,0.0,0.0,0.0,0.0,0.0,0.09999999999998002,0.10000000000000009,1
3.0,50.00510203695224,49.99,49.99,49.99,100.19499999999998,100.0,False,spoof,none,False,False,49.99883309992267,49.99693110967935,-0.008833099922668453,0.001274413525583777,-0.24743319173602046,0.2153253399112153,False,0.0,0.0,0.0,0.0,0.0,0.09999999999998047,0.09999999999999964,1
3.1,50.005566833257014,50.06,50.06,50.06,100.19499999999998,100.0,False,spoof,none,False,False,49.998212998711416,50.01151730575625,0.06178700128858594,0.0012744135253280845,1.730780255177686,0.21532533975378165,False,0.315000000000001,0.0,0.3500000000000011,0.0,0.0,0.7000000000000022,0.10000000000000009,1
3.2,50.00598514993131,50.01,50.01,50.01,99.89000000000003,100.0,False,spoof,none,False,False,50.011340575180625,50.011051915374495,-0.001340575180627468,0.0012744135252005632,-0.03755225217178471,0.215325339675265,False,0.0,0.0,0.0,0.0,0.0,0.5000000000000422,0.10000000000000009,1
3.3000000000000003,50.00483663493818,49.97,49.97,49.97,99.89000000000003,100.0,False,spoof,none,False,False,50.00939672383705,50.00091361089628,-0.03939672383705073,0.0012744135251369646,-1.1035827976581984,0.2153253396361065,False,0.0,0.0,0.0,0.0,0.0,0.39999999999999114,0.10000000000000009,1
3.4000000000000004,50.00380297144436,50.03,50.03,50.03,99.57499999999999,100.0,False,spoof,none,False,False,50.000272249806656,50.00667338771307,0.02972775019334506,0.0012744135251052462,0.8327350736715475,0.215325339616577,False,0.27000000000001,0.0,0.3000000000000111,0.0,0.0,0.6000000000000222,0.10000000000000009,1
3.5,50.00129767429992,49.96,49.96,49.96,99.57499999999999,100.0,False,spoof,none,False,False,50.003881048941764,49.99443234717607,-0.04388104894176337,0.0012744135250894275,-1.2291979139313114,0.21532533960683709,False,0.3150000000000024,0.0,0.35000000000000264,0.0,0.0,0.7000000000000053,0.09999999999999964,1
3.6,49.99904290686993,50.01,50.01,50.01,99.87000000000002,100.0,False,spoof,none,False,False,49.99286411245847,49.99655390326273,0.01713588754152795,0.001274413525081538,0.48001125149554064,0.21532533960197958,False,0.0,0.0,0.0,0.0,0.0,0.49999999999997113,0.10000000000000009,1
3.7,49.99848861618294,49.94,49.94,49.94,99.87000000000002,100.0,False,spoof,none,False,False,49.996248512936454,49.98413678278644,-0.05624851293645605,0.0012744135250776034,-1.5756358708587537,0.21532533959955696,False,0.315000000000001,0.0,0.3500000000000011,0.0,0.0,0.7000000000000022,0.10000000000000009,1
3.8000000000000003,49.99798975456464,49.96,49.96,49.96,100.64,100.0,False,spoof,none,False,False,49.9850731045078,49.979674229764875,-0.025073104507796984,0.0012744135250756412,-0.7023489296674504,0.21532533959834874,False,0.0,0.0,0.0,0.0,0.0,0.2000000000000311,0.10000000000000009,1
3.9000000000000004,50.00139077910818,50.01,50.01,50.01,100.64,100.0,False,spoof,none,False,False,49.98490680678839,49.99031000713827,0.0250931932116103,0.0012744135250746624,0.7029116553412524,0.2153253395977462,False,0.0,0.0,0.0,0.0,0.0,0.49999999999997113,0.10000000000000009,1
4.0,50.00445170119736,50.03,50.03,50.03,99.57499999999999,100.0,False,spoof,none,False,False,49.99447900642444,50.00212757642894,0.0355209935755596,0.0012744135250741745,0.9950156675163583,0.2153253395974456,False,0.0,0.0,0.0,0.0,0.0,0.20000000000003199,0.09999999999999964,1
4.1000000000000005,50.00188153107762,50.01,50.01,50.01,99.57499999999999,100.0,False,spoof,none,False,False,49.99978981878605,50.00198832952329,0.010210181213949454,0.001274413525073931,0.286008054770518,0.21532533959729577,False,0.0,0.0,0.0,0.0,0.0,0.2000000000000302,0.10000000000000053,1
4.2,49.99956837796986,50.0,50.0,50.0,99.57499999999999,100.0,False,spoof,none,False,False,49.999664496570965,49.999736738960756,0.0003355034290351,0.0012744135250738096,0.009398137123763597,0.215325339597221,False,0.0,0.0,0.0,0.0,0.0,0.09999999999998047,0.09999999999999964,1
4.3,49.99748654017287,49.99,49.99,49.99,99.57499999999999,100.0,False,spoof,none,False,False,49.997638065064685,49.99599339611077,-0.007638065064682564,0.001274413525073749,-0.21395782166687427,0.2153253395971837,False,0.0,0.0,0.0,0.0,0.0,0.09999999999998047,0.09999999999999964,1
4.4,49.995612886155584,49.95,49.95,49.95,100.79999999999995,100.0,False,spoof,none,False,False,49.9942690564997,49.984736806875254,-0.044269056499693704,0.0012744135250737187,-1.240066799079565,0.21532533959716513,False,0.0,0.0,0.0,0.0,0.0,0.39999999999998936,0.10000000000000053,1
4.5,50.00005159754002,49.98,49.98,49.98,100.79999999999995,100.0,False,spoof,none,False,False,49.99026312618773,49.98805321505603,-0.01026312618773062,0.0012744135250737038,-0.2874911517542033,0.21532533959715588,False,0.0,0.0,0.0,0.0,0.0,0.29999999999994137,0.09999999999999964,1
4.6000000000000005,50.004046437786016,49.99,49.99,49.99,100.20499999999997,100.0,False,spoof,none,False,False,49.993247893550425,49.992548539768705,-0.0032478935504229867,0.0012744135250736962,-0.09098014001839183,0.21532533959715125,False,0.0,0.0,0.0,0.0,0.0,0.10000000000005063,0.10000000000000053,1
4.7,50.00466679400741,50.04,50.04,50.04,100.20499999999997,100.0,False,spoof,none,False,False,49.99431868579183,50.00415503028695,0.04568131420816712,0.0012744135250736925,1.2796270254429793,0.21532533959714895,False,0.0,0.0,0.0,0.0,0.0,0.49999999999997335,0.09999999999999964,1
4.800000000000001,50.005225114606674,50.02,50.02,50.02,99.74499999999996,100.0,False,spoof,none,False,False,50.00476452725826,50.0080451106003,0.015235472741743195,0.0012744135250736905,0.42677674676550603,0.21532533959714778,False,0.0,0.0,0.0,0.0,0.0,0.19999999999995915,0.10000000000000053,1
4.9,50.00342760314601,49.95,49.95,49.95,99.74499999999996,100.0,False,spoof,none,False,False,50.00596559954027,49.9939147878135,-0.05596559954026503,0.0012744135250736897,-1.5677108880995965,0.2153253395971472,False,0.3150000000000024,0.0,0.35000000000000264,0.0,0.0,0.7000000000000053,0.09999999999999964,1
5.0,50.001809842831406,50.01,50.01,50.01,99.89000000000001,100.0,False,spoof,none,False,False,49.993248309032154,49.99685537257863,0.016751690967844013,0.0012744135250736892,0.4692491198182268,0.21532533959714695,False,0.0,0.0,0.0,0.0,0.0,0.5999999999999538,0.09999999999999964,1
5.1000000000000005,50.00107885854827,49.99,49.99,49.99,99.89000000000001,100.0,False,spoof,none,False,False,49.99661983532077,49.99519441703225,-0.006619835320769596,0.001274413525073689,-0.18543512434509402,0.2153253395971468,False,0.0,0.0,0.0,0.0,0.0,0.19999999999995915,0.10000000000000053,1
5.2,50.00042097269344,49.98,49.98,49.98,100.35000000000004,100.0,False,spoof,none,False,False,49.995124975329034,49.99186818487991,-0.015124975329037227,0.0012744135250736888,-0.4236814882776319,0.21532533959714673,False,0.0,0.0,0.0,0.0,0.0,0.10000000000005152,0.09999999999999964,1
5.300000000000001,50.0021288754241,50.02,50.02,50.02,100.35000000000004,100.0,False,spoof,none,False,False,49.99443136639192,49.99993694110662,0.02556863360808137,0.0012744135250736888,0.7162297130825773,0.21532533959714667,False,0.0,0.0,0.0,0.0,0.0,0.4000000000000604,0.10000000000000053,1
5.4,50.00366598788169,50.04,50.04,50.04,99.43,100.0,False,spoof,none,False,False,50.001693246995956,50.00994166159541,0.038306753004043514,0.0012744135250736888,1.0730504857537448,0.21532533959714667,False,0.0,0.0,0.0,0.0,0.0,0.19999999999996093,0.09999999999999964,1
5.5,50.00044938909352,50.03,50.03,50.03,99.43,100.0,False,spoof,none,False,False,50.00609749543587,50.01124431034836,0.02390250456413412,0.0012744135250736888,0.6695580314668762,0.21532533959714667,False,0.0,0.0,0.0,0.0,0.0,0.09999999999998047,0.09999999999999964,1
5.6000000000000005,49.99755445018417,49.97,49.97,49.97,100.49500000000002,100.0,False,spoof,none,False,False,50.007269879313526,49.9992447298936,-0.0372698793135271,0.0012744135250736888,-1.0440055333622835,0.21532533959714667,False,0.2700000000000088,0.0,0.30000000000000976,0.0,0.0,0.6000000000000195,0.10000000000000053,1
5.7,50.00027400516575,49.99,49.99,49.99,100.49500000000002,100.0,False,spoof,none,False,False,50.00179525690424,49.9992554392057,-0.011795256904235885,0.0012744135250736888,-0.3304092662028681,0.21532533959714667,False,0.0,0.0,0.0,0.0,0.0,0.20000000000003199,0.09999999999999964,1
5.800000000000001,50.002721604649174,50.01,50.01,50.01,99.89000000000003,100.0,False,spoof,none,False,False,50.001804895285126,50.00356950899089,0.008195104714872059,0.0012744135250736888,0.22956164136824733,0.21532533959714667,False,0.0,0.0,0.0,0.0,0.0,0.19999999999995915,0.10000000000000053,1
5.9,50.001899444184254,50.03,50.03,50.03,99.89000000000003,100.0,False,spoof,none,False,False,50.00266255809181,50.00854900205441,0.02733744190819465,0.0012744135250736888,0.7657776506339918,0.21532533959714667,False,0.0,0.0,0.0,0.0,0.0,0.20000000000003199,0.09999999999999964,1
6.0,50.001159499765826,49.99,49.99,49.99,100.19499999999998,100.0,False,spoof,none,False,False,50.00714410184897,50.00345254229625,-0.017144101848970195,0.0012744135250736888,-0.48024135104604876,0.21532533959714667,False,0.0,0.0,0.0,0.0,0.0,0.3999999999999929,0.09999999999999964,1
6.1000000000000005,50.00201854978924,50.0,50.0,50.0,100.19499999999998,100.0,False,spoof,none,False,False,50.00408228806663,50.003203268002345,-0.004082288066626916,0.0012744135250736888,-0.11435323668436057,0.21532533959714667,False,0.0,0.0,0.0,0.0,0.0,0.09999999999997958,0.10000000000000053,1
6.2,50.00279169481032,49.97,49.97,49.97,100.51000000000002,100.0,False,spoof,none,False,False,50.00385794120211,49.996567468514705,-0.03385794120210761,0.0012744135250736888,-0.9484301697329532,0.21532533959714667,False,0.0,0.0,0.0,0.0,0.0,0.3000000000000124,0.09999999999999964,1
6.300000000000001,50.005062525329286,49.97,49.97,49.97,100.51000000000002,100.0,False,spoof,none,False,False,49.99946072166323,49.99311708176632,-0.029460721663234324,0.0012744135250736888,-0.8252550585024143,0.21532533959714667,False,0.0,0.0,0.0,0.0,0.0,0.0,0.10000000000000053,2
6.4,50.00710627279636,50.03,50.03,50.03,99.59499999999998,100.0,False,spoof,none,False,False,49.99635537358969,50.0035999141971,0.033644626410314515,0.0012744135250736888,0.9424547862038956,0.21532533959714667,False,0.2700000000000112,0.0,0.3000000000000124,0.0,0.0,0.6000000000000248,0.09999999999999964,1
6.5,50.00437064551672,50.05,50.05,50.05,99.59499999999998,100.0,False,spoof,none,False,False,50.00121492277739,50.01171958609763,0.048785077222603945,0.0012744135250736888,1.3665697744134926,0.21532533959714667,False,0.0,0.0,0.0,0.0,0.0,0.19999999999996093,0.09999999999999964,1
6.6000000000000005,50.00190858096505,50.0,50.0,50.0,99.59499999999998,100.0,False,spoof,none,False,False,50.008522627487864,50.00668748982978,-0.008522627487863588,0.0012744135250736888,-0.2387362239964559,0.21532533959714667,False,0.0,0.0,0.0,0.0,0.0,0.4999999999999689,0.10000000000000053,1
6.7,49.999692722868545,50.03,50.03,50.03,99.59499999999998,100.0,False,spoof,none,False,False,50.0039937408468,50.00959354743062,0.026006259153199096,0.0012744135250736888,0.7284884995090137,0.21532533959714667,False,0.0,0.0,0.0,0.0,0.0,0.3000000000000124,0.09999999999999964,1
6.800000000000001,49.99769845058169,50.01,50.01,50.01,99.89000000000003,100.0,False,spoof,none,False,False,50.006609192687556,50.007339319423615,0.0033908073124422344,0.0012744135250736888,0.09498344673925829,0.21532533959714667,False,0.0,0.0,0.0,0.0,0.0,0.2000000000000302,0.10000000000000053,1
6.9,49.997378605523515,49.98,49.98,49.98,99.89000000000003,100.0,False,spoof,none,False,False,50.006055387481254,50.00044500232352,-0.02605538748125724,0.0012744135250736888,-0.7298646844412501,0.21532533959714667,False,0.0,0.0,0.0,0.0,0.0,0.3000000000000124,0.09999999999999964,1
7.0,49.99709074497116,50.01,50.01,50.01,99.88500000000002,100.0,False,spoof,none,False,False,49.99985050209117,50.00203594617513,0.010149497908827243,0.0012744135250736888,0.28430819130178137,0.21532533959714667,False,0.0,0.0,0.0,0.0,0.0,0.3000000000000124,0.09999999999999964,1
7.1000000000000005,49.996806670474044,50.05,50.05,50.05,99.88500000000002,100.0,False,spoof,none,False,False,50.00125735155762,50.01175287888634,0.048742648442377856,0.0012744135250736888,1.3653812575160478,0.21532533959714667,False,0.0,0.0,0.0,0.0,0.0,0.39999999999998936,0.10000000000000053,1
7.2,49.99655100342664,50.0,50.0,50.0,99.88500000000002,100.0,False,spoof,none,False,False,50.01000259099771,50.00784877969428,-0.010002590997707728,0.0012744135250736888,-0.28019302830896026,0.21532533959714667,False,0.0,0.0,0.0,0.0,0.0,0.49999999999997335,0.09999999999999964,1
7.300000000000001,49.996320903083976,50.05,50.05,50.05,99.88500000000002,100.0,False,spoof,none,False,False,50.00648890172485,50.01585794373719,0.043511098275146765,0.0012744135250736888,1.2188348392487558,0.21532533959714667,False,0.0,0.0,0.0,0.0,0.0,0.4999999999999689,0.10000000000000053,1
7.4,49.996113812775576,49.91,49.91,49.91,101.43000000000005,100.0,False,spoof,none,False,False,50.01369714936347,49.991368525461525,-0.10369714936347663,0.0012744135250736888,-2.904769205680569,0.21532533959714667,True,0.6300000000000048,0.13939499625574486,0.7000000000000053,0.0,0.0,1.4000000000000106,0.09999999999999964,1
7.5,50.00365243149802,50.03,50.03,50.03,101.43000000000005,100.0,False,spoof,none,False,False,49.999381672915376,50.00597457459277,0.030618327084624752,0.0012744135250736888,0.857681953561963,0.21532533959714667,True,0.5400000000000224,0.0,0.6000000000000248,0.0,0.0,1.2000000000000497,0.09999999999999964,1
7.6000000000000005,50.01043718834822,50.01,50.01,50.01,99.92500000000003,100.0,False,spoof,none,False,False,50.012527117133494,50.011982964778525,-0.0025271171334964038,0.0012744135250736888,-0.07078971865270565,0.21532533959714667,False,0.0,0.0,0.0,0.0,0.0,0.2000000000000302,0.10000000000000053,1
7.7,50.0090184695134,50.0,50.0,50.0,99.92500000000003,100.0,False,spoof,none,False,False,50.010409668300674,50.00816820293874,-0.010409668300674468,0.0012744135250736888,-0.2915960960041439,0.21532533959714667,False,0.0,0.0,0.0,0.0,0.0,0.09999999999998047,0.09999999999999964,1
7.800000000000001,50.00774162256206,50.01,50.01,50.01,99.92000000000003,100.0,False,spoof,none,False,False,50.00697638264487,50.00762744407868,0.003023617355125907,0.0012744135250736888,0.08469770516203322,0.21532533959714667,False,0.0,0.0,0.0,0.0,0.0,0.09999999999997958,0.10000000000000053,1
7.9,50.00656746030585,49.94,49.94,49.94,99.92000000000003,100.0,False,spoof,none,False,False,50.006464699670815,49.992153165642975,-0.06646469967081714,0.0012744135250736888,-1.8618121525392362,0.21532533959714667,False,0.3150000000000024,0.0,0.35000000000000264,0.0,0.0,0.7000000000000053,0.09999999999999964,1
8.0,50.00551071427527,50.0,50.0,50.0,99.92000000000003,100.0,False,spoof,none,False,False,49.99253784907868,49.994144639259936,0.0074621509213201875,0.0012744135250736888,0.20903010678156841,0.21532533959714667,False,0.2700000000000112,0.0,0.3000000000000124,0.0,0.0,0.6000000000000248,0.09999999999999964,1
8.1,50.00455964284774,50.02,50.02,50.02,99.92000000000003,100.0,False,spoof,none,False,False,49.99433017533394,49.99985753904756,0.025669824666060492,0.0012744135250736888,0.7190642815438345,0.21532533959714667,False,0.0,0.0,0.0,0.0,0.0,0.20000000000003199,0.09999999999999964,1
8.200000000000001,50.003703678562964,50.05,50.05,50.05,99.29500000000004,100.0,False,spoof,none,False,False,49.99947178514281,50.01035179016617,0.05052821485718795,0.0012744135250736888,1.415398624129065,0.21532533959714667,False,0.0,0.0,0.0,0.0,0.0,0.29999999999993604,0.10000000000000142,1
8.3,49.99980831070667,49.98,49.98,49.98,99.29500000000004,100.0,False,spoof,none,False,False,50.00579161114955,50.000238023720016,-0.02579161114955042,0.0012744135250736888,-0.7224757699895744,0.21532533959714667,False,0.3150000000000024,0.0,0.35000000000000264,0.0,0.0,0.7000000000000053,0.09999999999999964,1
8.4,49.996302479636,49.97,49.97,49.97,100.51000000000002,100.0,False,spoof,none,False,False,49.99668922134802,49.990942355697676,-0.026689221348021874,0.0012744135250736888,-0.7476196671866467,0.21532533959714667,False,0.0,0.0,0.0,0.0,0.0,0.09999999999998047,0.09999999999999964,1
8.5,49.9992222316724,49.98,49.98,49.98,100.51000000000002,100.0,False,spoof,none,False,False,49.99439812012791,49.99129784002181,-0.014398120127914638,0.0012744135250736888,-0.4033207877360094,0.21532533959714667,False,0.0,0.0,0.0,0.0,0.0,0.09999999999998047,0.09999999999999964,1
8.6,50.00185000850516,50.03,50.03,50.03,99.59499999999998,100.0,False,spoof,none,False,False,49.99471805601963,50.00231515258885,0.03528194398037243,0.0012744135250736888,0.9883193995188987,0.21532533959714667,False,0.0,0.0,0.0,0.0,0.0,0.5000000000000444,0.09999999999999964,1
8.700000000000001,49.99964000765464,50.01,50.01,50.01,99.59499999999998,100.0,False,spoof,none,False,False,50.000058637329964,50.002199264622945,0.009941362670033982,0.0012744135250736888,0.2784778976440024,0.21532533959714667,False,0.0,0.0,0.0,0.0,0.0,0.20000000000002843,0.10000000000000142,1
8.8,49.99765100688918,49.98,49.98,49.98,100.35500000000005,100.0,False,spoof,none,False,False,49.99995433816065,49.99565766351977,-0.01995433816065173,0.0012744135250736888,-0.5589618168347931,0.21532533959714667,False,0.0,0.0,0.0,0.0,0.0,0.3000000000000124,0.09999999999999964,1
8.9,49.99966090620026,50.02,50.02,50.02,100.35500000000005,100.0,False,spoof,none,False,False,49.997866897167796,50.00263271505148,0.02213310283220693,0.0012744135250736888,0.6199934706768355,0.21532533959714667,False,0.0,0.0,0.0,0.0,0.0,0.40000000000006397,0.09999999999999964,1
9.0,50.001469815580236,50.0,50.0,50.0,100.35500000000005,100.0,False,spoof,none,False,False,50.00414444354634,50.00325203983228,-0.004144443546337584,0.0012744135250736888,-0.11609433877382112,0.21532533959714667,False,0.0,0.0,0.0,0.0,0.0,0.20000000000003199,0.09999999999999964,1
9.1,50.00309783402221,50.03,50.03,50.03,100.35500000000005,100.0,False,spoof,none,False,False,50.004701835849055,50.010149171636044,0.025298164150946434,0.0012744135250736888,0.7086533105007777,0.21532533959714667,False,0.0,0.0,0.0,0.0,0.0,0.3000000000000124,0.09999999999999964,1
9.200000000000001,50.00456305061999,49.98,49.98,49.98,100.36500000000005,100.0,False,spoof,none,False,False,50.010909254472445,50.00425370875647,-0.030909254472447856,0.0012744135250736888,-0.8658314246170977,0.21532533959714667,False,0.0,0.0,0.0,0.0,0.0,0.5000000000000355,0.10000000000000142,1
9.3,50.005931745557994,50.0,50.0,50.0,100.36500000000005,100.0,False,spoof,none,False,False,50.00565333788083,50.004436030981786,-0.0056533378808296675,0.0012744135250736888,-0.15836155464583448,0.21532533959714667,False,0.0,0.0,0.0,0.0,0.0,0.20000000000003199,0.09999999999999964,1
9.4,50.007163571002195,49.99,49.99,49.99,100.21999999999998,100.0,False,spoof,none,False,False,50.00581742788361,50.002411534853024,-0.0158174278836114,0.0012744135250736888,-0.44307850033889457,0.21532533959714667,False,0.0,0.0,0.0,0.0,0.0,0.09999999999998047,0.09999999999999964,1
9.5,50.00754721390197,49.96,49.96,49.96,100.21999999999998,100.0,False,spoof,none,False,False,50.00327038136773,49.993953171805224,-0.04327038136772643,0.0012744135250736888,-1.2120918664259412,0.21532533959714667,False,0.0,0.0,0.0,0.0,0.0,0.3000000000000124,0.09999999999999964,1
9.600000000000001,50.00789249251177,50.02,50.02,50.02,99.75999999999996,100.0,False,spoof,none,False,False,49.9956578546247,50.000899335344165,0.024342145375300106,0.0012744135250736888,0.6818732696163752,0.21532533959714667,False,0.2700000000000064,0.0,0.3000000000000071,0.0,0.0,0.6000000000000142,0.10000000000000142,1
9.700000000000001,50.0059032432606,50.01,50.01,50.01,99.75999999999996,100.0,False,spoof,none,False,False,49.99960940180975,50.001846760893685,0.010390598190248568,0.0012744135250736888,0.2910619032143313,0.21532533959714667,False,0.0,0.0,0.0,0.0,0.0,0.10000000000005152,0.09999999999999964,1
9.8,50.00411291893454,50.0,50.0,50.0,99.75999999999996,100.0,False,spoof,none,False,False,50.00046208480432,50.0003625862369,-0.000462084804318863,0.0012744135250736888,-0.012943940293802534,0.21532533959714667,False,0.0,0.0,0.0,0.0,0.0,0.09999999999998047,0.09999999999999964,1
9.9,50.002501627041084,50.0,50.0,50.0,99.75999999999996,100.0,False,spoof,none,False,False,49.99912632761322,49.9993144514166,0.0008736723867812657,0.0012744135250736888,0.02447335014080448,0.21532533959714667,False,0.0,0.0,0.0,0.0,0.0,0.0,0.09999999999999964,2
10.0,50.001051464336975,49.96,49.96,49.96,100.68,100.0,False,spoof,none,False,False,49.99818300627494,49.98996123748195,-0.03818300627494153,0.0012744135250736888,-1.069584086819873,0.21532533959714667,False,0.0,0.0,0.0,0.0,0.0,0.3999999999999929,0.09999999999999964,1
10.100000000000001,50.00434631790328,49.99,49.99,49.99,100.68,100.0,False,spoof,none,False,False,49.99436511373376,49.993425194136655,-0.004365113733754811,0.0012744135250736888,-0.12227576197548039,0.21532533959714667,False,0.0,0.0,0.0,0.0,0.0,0.3000000000000071,0.10000000000000142,1
10.200000000000001,50.00731168611295,50.0,50.0,50.0,100.68,100.0,False,spoof,none,False,False,49.99748267472299,49.99802471864314,0.0025173252770116505,0.0012744135250736888,0.07051542872903903,0.21532533959714667,False,0.0,0.0,0.0,0.0,0.0,0.09999999999998047,0.09999999999999964,1
10.3,50.00998051750165,49.98,49.98,49.98,100.68,100.0,False,spoof,none,False,False,50.00162224677882,49.996966429148316,-0.021622246778825627,0.0012744135250736888,-0.6056833479636631,0.21532533959714667,False,0.0,0.0,0.0,0.0,0.0,0.20000000000003199,0.09999999999999964,1
10.4,50.012382465751486,50.01,50.01,50.01,99.92500000000003,100.0,False,spoof,none,False,False,50.00066978623349,50.00267881768128,0.009330213766510553,0.0012744135250736888,0.26135836710784704,0.21532533959714667,False,0.0,0.0,0.0,0.0,0.0,0.3000000000000124,0.09999999999999964,1
10.5,50.01076921917634,50.02,50.02,50.02,99.92500000000003,100.0,False,spoof,none,False,False,50.002035935913156,50.0059040541132,0.01796406408684703,0.0012744135250736888,0.5032101700832716,0.21532533959714667,False,0.0,0.0,0.0,0.0,0.0,0.10000000000005152,0.09999999999999964,1
10.600000000000001,50.009317297258704,50.07,50.07,50.07,98.99,100.0,False,spoof,none,False,False,50.00493864870189,50.0189480062648,0.06506135129811241,0.0012744135250736888,1.822501494889563,0.21532533959714667,False,0.0,0.0,0.0,0.0,0.0,0.4999999999999645,0.10000000000000142,1
10.700000000000001,50.00333556753284,50.01,50.01,50.01,98.99,100.0,False,spoof,none,False,False,50.01200320563832,50.01157186470397,-0.0020032056383243457,0.0012744135250736888,-0.05611388631768614,0.21532533959714667,False,0.2700000000000112,0.0,0.3000000000000124,0.0,0.0,0.6000000000000248,0.09999999999999964,1
10.8,49.99795201077955,50.01,50.01,50.01,99.88500000000003,100.0,False,spoof,none,False,False,50.005364678233576,50.00636278046707,0.004635321766421896,0.0012744135250736888,0.12984484152334427,0.21532533959714667,False,0.0,0.0,0.0,0.0,0.0,0.0,0.09999999999999964,2
10.9,49.99758180970159,50.0,50.0,50.0,99.88500000000003,100.0,False,spoof,none,False,False,50.00515150242037,50.004042253412265,-0.005151502420368104,0.0012744135250736888,-0.1443041171867031,0.21532533959714667,False,0.0,0.0,0.0,0.0,0.0,0.09999999999998047,0.09999999999999964,1
11.0,49.997248628731434,49.94,49.94,49.94,100.96500000000005,100.0,False,spoof,none,False,False,50.00306302807104,49.989483960135615,-0.06306302807104203,0.0012744135250736888,-1.7665243748952235,0.21532533959714667,False,0.2700000000000112,0.0,0.3000000000000124,0.0,0.0,0.6000000000000248,0.09999999999999964,1
11.100000000000001,50.002348765858294,50.0,50.0,50.0,100.96500000000005,100.0,False,spoof,none,False,False,49.99536056412205,49.99635955222801,0.004639435877948017,0.0012744135250736888,0.12996008620020538,0.21532533959714667,False,0.2700000000000064,0.0,0.3000000000000071,0.0,0.0,0.6000000000000142,0.10000000000000142,1
11.200000000000001,50.00693888927246,50.01,50.01,50.01,99.91000000000004,100.0,False,spoof,none,False,False,50.001548597005204,50.00336839822513,0.008451402994793966,0.0012744135250736888,0.23674108029743618,0.21532533959714667,False,0.0,0.0,0.0,0.0,0.0,0.09999999999998047,0.09999999999999964,1
11.3,50.005795000345216,50.08,50.08,50.08,99.91000000000004,100.0,False,spoof,none,False,False,50.00258155840262,50.019251710630655,0.07741844159738065,0.0012744135250736888,2.1686488633896555,0.21532533959714667,False,0.3150000000000024,0.0,0.35000000000000264,0.0,0.0,0.7000000000000053,0.09999999999999964,1
11.4,50.0047655003107,50.0,50.0,50.0,99.91000000000004,100.0,False,spoof,none,False,False,50.01687653956759,50.01324259295397,-0.0168765395675905,0.0012744135250736888,-0.47274638440208505,0.21532533959714667,False,0.35999999999999366,0.0,0.3999999999999929,0.0,0.0,0.7999999999999858,0.09999999999999964,1
11.5,50.00383895027963,50.01,50.01,50.01,99.91000000000004,100.0,False,spoof,none,False,False,50.01146833365858,50.0111521642149,-0.001468333658579013,0.0012744135250736888,-0.04113102839649368,0.21532533959714667,False,0.0,0.0,0.0,0.0,0.0,0.09999999999998047,0.09999999999999964,1
11.600000000000001,50.00300505525167,50.0,50.0,50.0,99.91000000000004,100.0,False,spoof,none,False,False,50.00958694779341,50.007522635004094,-0.00958694779340874,0.0012744135250736888,-0.26855001220090763,0.21532533959714667,False,0.0,0.0,0.0,0.0,0.0,0.09999999999997869,0.10000000000000142,1
11.700000000000001,50.0022545497265,49.97,49.97,49.97,99.91000000000004,100.0,False,spoof,none,False,False,50.00632037150368,49.99849967517536,-0.03632037150368461,0.0012744135250736888,-1.0174078779444278,0.21532533959714667,False,0.0,0.0,0.0,0.0,0.0,0.3000000000000124,0.09999999999999964,1
11.8,50.00157909475385,50.04,50.04,50.04,99.44000000000001,100.0,False,spoof,none,False,False,49.998199707657825,50.007200369801666,0.04180029234217386,0.0012744135250736888,1.1709116666109396,0.21532533959714667,False,0.3150000000000024,0.0,0.35000000000000264,0.0,0.0,0.7000000000000053,0.09999999999999964,1
11.9,49.998621185278466,50.02,50.02,50.02,99.44000000000001,100.0,False,spoof,none,False,False,50.0036803328215,50.007194370698826,0.016319667178500197,0.0012744135250736888,0.4571472500261404,0.21532533959714667,False,0.0,0.0,0.0,0.0,0.0,0.19999999999996093,0.09999999999999964,1
12.0,49.99595906675062,50.02,50.02,50.02,99.72999999999998,100.0,False,spoof,none,False,False,50.00367493362894,50.007190134089235,0.016325066371059904,0.0012744135250736888,0.4572984924506356,0.21532533959714667,False,0.0,0.0,0.0,0.0,0.0,0.0,0.09999999999999964,2
12.100000000000001,49.99501316007556,49.97,49.97,49.97,99.72999999999998,100.0,False,spoof,none,False,False,50.00512112068031,49.99755865344279,-0.03512112068030859,0.0012744135250736888,-0.983814410013894,0.21532533959714667,False,0.0,0.0,0.0,0.0,0.0,0.5000000000000355,0.10000000000000142,1
12.200000000000001,49.994161844068,50.04,50.04,50.04,99.41000000000001,100.0,False,spoof,none,False,False,49.99645278809851,50.00582960628971,0.04354721190149036,0.0012744135250736888,1.2198464557719895,0.21532533959714667,False,0.3150000000000024,0.0,0.35000000000000264,0.0,0.0,0.7000000000000053,0.09999999999999964,1
12.3,49.9917956596612,49.95,49.95,49.95,99.41000000000001,100.0,False,spoof,none,False,False,50.00229664566074,49.99103585267405,-0.052296645660739216,0.0012744135250736888,-1.4649359872298287,0.21532533959714667,False,0.4049999999999848,0.0,0.44999999999998314,0.0,0.0,0.8999999999999663,0.09999999999999964,1
12.4,49.98966609369508,50.01,50.01,50.01,99.85500000000003,100.0,False,spoof,none,False,False,49.98898226740665,49.993507917814874,0.021017732593350047,0.0012744135250736888,0.5887496694474723,0.21532533959714667,False,0.0,0.0,0.0,0.0,0.0,0.5999999999999538,0.09999999999999964,1
12.5,49.98997448432557,50.06,50.06,50.06,99.85500000000003,100.0,False,spoof,none,False,False,49.99343212603338,50.00776587610151,0.06656787396661912,0.0012744135250736888,1.8647022755474671,0.21532533959714667,False,0.0,0.0,0.0,0.0,0.0,0.5000000000000444,0.09999999999999964,1
12.600000000000001,49.990252035893015,49.96,49.96,49.96,100.625,100.0,False,spoof,none,False,False,50.00626428849136,49.996302414860736,-0.046264288491357775,0.0012744135250736888,-1.2959573272488698,0.21532533959714667,False,0.45,0.0,0.5,0.0,0.0,1.0,0.10000000000000142,1
12.700000000000001,49.994351832303714,49.98,49.98,49.98,100.625,100.0,False,spoof,none,False,False,49.99979717337466,49.9955343402947,-0.01979717337466269,0.0012744135250736888,-0.5545593097903792,0.21532533959714667,False,0.0,0.0,0.0,0.0,0.0,0.19999999999996093,0.09999999999999964,1
12.8,49.99804164907334,50.0,50.0,50.0,100.625,100.0,False,spoof,none,False,False,49.99910590626523,49.9992984273023,0.0008940937347716726,0.0012744135250736888,0.025045393857966815,0.21532533959714667,False,0.0,0.0,0.0,0.0,0.0,0.20000000000003199,0.09999999999999964,1
12.9,50.00136248416601,49.99,49.99,49.99,100.625,100.0,False,spoof,none,False,False,50.002493584572065,49.9998033992313,-0.012493584572062844,0.0012744135250736888,-0.3499708522004571,0.21532533959714667,False,0.0,0.0,0.0,0.0,0.0,0.09999999999998047,0.09999999999999964,1
13.0,50.00435123574941,49.96,49.96,49.96,100.64500000000001,100.0,False,spoof,none,False,False,50.00294805930817,49.993700253852595,-0.042948059308166364,0.0012744135250736888,-1.2030629664159727,0.21532533959714667,False,0.0,0.0,0.0,0.0,0.0,0.3000000000000124,0.09999999999999964,1
13.100000000000001,50.00714111217447,50.01,50.01,50.01,100.64500000000001,100.0,False,spoof,none,False,False,49.997555228467334,50.00023490312381,0.012444771532663879,0.0012744135250736888,0.3486034991483034,0.21532533959714667,False,0.0,0.0,0.0,0.0,0.0,0.4999999999999645,0.10000000000000142,1
13.200000000000001,50.009652000957026,49.98,49.98,49.98,100.35500000000005,100.0,False,spoof,none,False,False,50.00343641281143,49.99838995926387,-0.023436412811435048,0.0012744135250736888,-0.6565018483550693,0.21532533959714667,False,0.0,0.0,0.0,0.0,0.0,0.3000000000000124,0.09999999999999964,1
13.3,50.01046180086132,50.03,50.03,50.03,100.35500000000005,100.0,False,spoof,none,False,False,50.00032596333748,50.006715535359056,0.02967403666252011,0.0012744135250736888,0.8312304478437665,0.21532533959714667,False,0.0,0.0,0.0,0.0,0.0,0.5000000000000444,0.09999999999999964,1
13.4,50.01119062077519,49.98,49.98,49.98,100.36500000000005,100.0,False,spoof,none,False,False,50.007818981823156,50.00182885011484,-0.02781898182315956,0.0012744135250736888,-0.7792665683610666,0.21532533959714667,False,0.0,0.0,0.0,0.0,0.0,0.5000000000000444,0.09999999999999964,1
13.5,50.01189655869767,50.06,50.06,50.06,100.36500000000005,100.0,False,spoof,none,False,False,50.00347096510336,50.01564309873958,0.056529034896641406,0.0012744135250736888,1.5834938646099443,0.21532533959714667,False,0.36000000000002563,0.0,0.40000000000002844,0.0,0.0,0.8000000000000569,0.09999999999999964,1
13.600000000000001,50.0125319028279,49.99,49.99,49.99,100.21999999999998,100.0,False,spoof,none,False,False,50.01590378886563,50.01032604673129,-0.02590378886562661,0.0012744135250736888,-0.7256180972109287,0.21532533959714667,False,0.3149999999999968,0.0,0.3499999999999964,0.0,0.0,0.6999999999999929,0.10000000000000142,1
13.700000000000001,50.012378712545114,50.0,50.0,50.0,100.21999999999998,100.0,False,spoof,none,False,False,50.01039344205816,50.0081554706174,-0.010393442058159508,0.0012744135250736888,-0.2911415657699891,0.21532533959714667,False,0.0,0.0,0.0,0.0,0.0,0.09999999999998047,0.09999999999999964,1
13.8,50.012240841290605,50.04,50.04,50.04,99.45000000000002,100.0,False,spoof,none,False,False,50.00843992355566,50.01523560773375,0.031560076444336005,0.0012744135250736888,0.8840622789262602,0.21532533959714667,False,0.0,0.0,0.0,0.0,0.0,0.3999999999999929,0.09999999999999964,1
13.9,50.00826675716154,49.97,49.97,49.97,99.45000000000002,100.0,False,spoof,none,False,False,50.01096204696038,50.00214188028804,-0.04096204696038086,0.0012744135250736888,-1.1474306993251226,0.21532533959714667,False,0.3150000000000024,0.0,0.35000000000000264,0.0,0.0,0.7000000000000053,0.09999999999999964,1
14.0,50.00469008144539,50.01,50.01,50.01,99.89500000000004,100.0,False,spoof,none,False,False,49.99917769225924,50.00150800934874,0.010822307740760095,0.0012744135250736888,0.3031549705341333,0.21532533959714667,False,0.0,0.0,0.0,0.0,0.0,0.3999999999999929,0.09999999999999964,1
14.100000000000001,50.00369607330085,50.05,50.05,50.05,99.89500000000004,100.0,False,spoof,none,False,False,50.00083220841386,50.011419279834385,0.049167791586135934,0.0012744135250736888,1.3772903863549324,0.21532533959714667,False,0.0,0.0,0.0,0.0,0.0,0.3999999999999858,0.10000000000000142,1
14.200000000000001,50.00280146597077,49.95,49.95,49.95,100.81999999999996,100.0,False,spoof,none,False,False,50.00975235185094,49.99688615639691,-0.05975235185093908,0.0012744135250736888,-1.67378556391378,0.21532533959714667,False,0.44999999999997603,0.0,0.49999999999997335,0.0,0.0,0.9999999999999467,0.09999999999999964,1
14.3,50.00662131937369,50.01,50.01,50.01,100.81999999999996,100.0,False,spoof,none,False,False,50.00129754075722,50.003171400749004,0.008702459242776683,0.0012744135250736888,0.24377367919249082,0.21532533959714667,False,0.0,0.0,0.0,0.0,0.0,0.5999999999999538,0.09999999999999964,1
14.4,50.010059187436326,50.02,50.02,50.02,99.75999999999998,100.0,False,spoof,none,False,False,50.00695426067411,50.00976333892475,0.013045739325896477,0.0012744135250736888,0.3654378359656924,0.21532533959714667,False,0.0,0.0,0.0,0.0,0.0,0.10000000000005152,0.09999999999999964,1
14.5,50.00785326869269,50.03,50.03,50.03,99.75999999999998,100.0,False,spoof,none,False,False,50.00758700503228,50.012413090785095,0.02241299496772342,0.0012744135250736888,0.6278338217486927,0.21532533959714667,False,0.0,0.0,0.0,0.0,0.0,0.09999999999998047,0.09999999999999964,1
14.600000000000001,50.005867941823425,49.97,49.97,49.97,100.52500000000003,100.0,False,spoof,none,False,False,50.00997178170659,50.00136484423631,-0.03997178170659055,0.0012744135250736888,-1.1196913445567196,0.21532533959714667,False,0.2700000000000064,0.0,0.3000000000000071,0.0,0.0,0.6000000000000142,0.10000000000000142,1
14.700000000000001,50.00790614764108,49.97,49.97,49.97,100.52500000000003,100.0,False,spoof,none,False,False,50.00385335981269,49.99656387361452,-0.033853359812688666,0.0012744135250736888,-0.9483018356467698,0.21532533959714667,False,0.0,0.0,0.0,0.0,0.0,0.0,0.09999999999999964,2
14.8,50.009740532876975,50.03,50.03,50.03,99.61,100.0,False,spoof,none,False,False,49.999532486253074,50.006092913997314,0.030467513746927466,0.0012744135250736888,0.8534573635723824,0.21532533959714667,False,0.2700000000000112,0.0,0.3000000000000124,0.0,0.0,0.6000000000000248,0.09999999999999964,1
14.9,50.006816479589276,50.02,50.02,50.02,99.61,100.0,False,spoof,none,False,False,50.00353362259758,50.00707925090369,0.016466377402423404,0.0012744135250736888,0.461256903408384,0.21532533959714667,False,0.0,0.0,0.0,0.0,0.0,0.09999999999998047,0.09999999999999964,1
15.0,50.00418483163035,50.01,50.01,50.01,99.90500000000003,100.0,False,spoof,none,False,False,50.004421325813325,50.00562255572707,0.005578674186672572,0.0012744135250736888,0.15627007189147565,0.21532533959714667,False,0.0,0.0,0.0,0.0,0.0,0.10000000000005152,0.09999999999999964,1
15.100000000000001,50.003291348467314,50.01,50.01,50.01,99.90500000000003,100.0,False,spoof,none,False,False,50.00458530015437,50.00575122223744,0.005414699845630366,0.0012744135250736888,0.1516768152850513,0.21532533959714667,False,0.0,0.0,0.0,0.0,0.0,0.0,0.10000000000000142,2
15.200000000000001,50.00248721362058,49.98,49.98,49.98,100.36500000000005,100.0,False,spoof,none,False,False,50.0047011000137,49.999382327264826,-0.02470110001370074,0.0012744135250736888,-0.6919283230702323,0.21532533959714667,False,0.0,0.0,0.0,0.0,0.0,0.3000000000000124,0.09999999999999964,1
15.3,50.004063492258524,50.01,50.01,50.01,100.36500000000005,100.0,False,spoof,none,False,False,50.00126909453835,50.00314907972187,0.008730905461646898,0.0012744135250736888,0.24457051595318727,0.21532533959714667,False,0.0,0.0,0.0,0.0,0.0,0.3000000000000124,0.09999999999999964,1
15.4,50.00548214303267,50.01,50.01,50.01,99.91000000000004,100.0,False,spoof,none,False,False,50.00465917174969,50.00580918740641,0.005340828250311347,0.0012744135250736888,0.14960752083892295,0.21532533959714667,False,0.0,0.0,0.0,0.0,0.0,0.0,0.09999999999999964,2
15.5,50.00448392872941,49.98,49.98,49.98,99.91000000000004,100.0,False,spoof,none,False,False,50.004778268665774,49.999442879550685,-0.024778268665777148,0.0012744135250736888,-0.6940899748183409,0.21532533959714667,False,0.0,0.0,0.0,0.0,0.0,0.3000000000000124,0.09999999999999964,1
15.600000000000001,50.003585535856466,50.06,50.06,50.06,99.12999999999998,100.0,False,spoof,none,False,False,49.99904859159562,50.012172974309216,0.06095140840438518,0.0012744135250736888,1.707373589946311,0.21532533959714667,False,0.3600000000000192,0.0,0.40000000000002134,0.0,0.0,0.8000000000000427,0.10000000000000142,1
15.700000000000001,49.99887698227082,50.01,50.01,50.01,99.12999999999998,100.0,False,spoof,none,False,False,50.006605676878294,50.00733656065718,0.003394323121703735,0.0012744135250736888,0.09508193174620923,0.21532533959714667,False,0.0,0.0,0.0,0.0,0.0,0.5000000000000444,0.09999999999999964,1
15.8,49.99463928404374,49.96,49.96,49.96,100.65,100.0,False,spoof,none,False,False,50.00225290459146,49.99315478356134,-0.04225290459145725,0.0012744135250736888,-1.1835902612676146,0.21532533959714667,False,0.0,0.0,0.0,0.0,0.0,0.49999999999997335,0.09999999999999964,1
15.9,49.99842535563937,50.02,50.02,50.02,100.65,100.0,False,spoof,none,False,False,49.99708930520521,50.002022558342304,0.02291069479479546,0.0012744135250736888,0.6417754116595588,0.21532533959714667,False,0.2700000000000112,0.0,0.3000000000000124,0.0,0.0,0.6000000000000248,0.09999999999999964,1
16.0,50.001832820075435,49.97,49.97,49.97,100.51500000000003,100.0,False,spoof,none,False,False,50.005070302508074,49.997518777710745,-0.03507030250807475,0.0012744135250736888,-0.9823908890907062,0.21532533959714667,False,0.0,0.0,0.0,0.0,0.0,0.5000000000000444,0.09999999999999964,1
16.1,50.004224538067895,50.03,50.03,50.03,100.51500000000003,100.0,False,spoof,none,False,False,50.00034189993967,50.00672804040697,0.029658100060331094,0.0012744135250736888,0.8307840310274318,0.21532533959714667,False,0.2700000000000064,0.0,0.3000000000000071,0.0,0.0,0.6000000000000142,0.10000000000000142,1
16.2,50.0063770842611,50.04,50.04,50.04,99.44500000000002,100.0,False,spoof,none,False,False,50.00863023636627,50.01538494137379,0.03136976363372668,0.0012744135250736888,0.8787312279272903,0.21532533959714667,False,0.0,0.0,0.0,0.0,0.0,0.09999999999998224,0.09999999999999787,1
16.3,50.00296437583499,49.98,49.98,49.98,99.44500000000002,100.0,False,spoof,none,False,False,50.01107144723641,50.00438097730846,-0.031071447236413974,0.0012744135250736888,-0.8703747756064446,0.21532533959714667,False,0.2700000000000064,0.0,0.3000000000000071,0.0,0.0,0.6000000000000142,0.10000000000000142,1
16.400000000000002,49.99989293825149,50.03,50.03,50.03,99.58,100.0,False,spoof,none,False,False,50.001167879577615,50.00737616569887,0.028832120422386254,0.0012744135250736888,0.8076466523092236,0.21532533959714667,False,0.0,0.0,0.0,0.0,0.0,0.5000000000000355,0.10000000000000142,1
16.5,49.99780364442634,50.01,50.01,50.01,99.58,100.0,False,spoof,none,False,False,50.00453854912899,50.00571453789248,0.005461450871010243,0.0012744135250736888,0.15298640710788386,0.21532533959714667,False,0.0,0.0,0.0,0.0,0.0,0.20000000000003554,0.09999999999999787,1
16.6,49.99592327998371,50.02,50.02,50.02,99.71999999999997,100.0,False,spoof,none,False,False,50.00304308410323,50.006694337777226,0.016956915896770397,0.0012744135250736888,0.47499788974529406,0.21532533959714667,False,0.0,0.0,0.0,0.0,0.0,0.10000000000004974,0.10000000000000142,1
16.7,49.99493095198534,50.05,50.05,50.05,99.71999999999997,100.0,False,spoof,none,False,False,50.004624903999506,50.01439531195506,0.045375096000491055,0.0012744135250736888,1.2710492272553153,0.21532533959714667,False,0.0,0.0,0.0,0.0,0.0,0.2999999999999467,0.09999999999999787,1
16.8,49.994037856786804,49.99,49.99,49.99,100.17499999999998,100.0,False,spoof,none,False,False,50.01155578075956,50.00691427494723,-0.021555780759555887,0.0012744135250736888,-0.6038214988464596,0.21532533959714667,False,0.0,0.0,0.0,0.0,0.0,0.5999999999999431,0.10000000000000142,1
16.900000000000002,49.995509071108124,49.97,49.97,49.97,100.17499999999998,100.0,False,spoof,none,False,False,50.007097847452506,49.99910974085147,-0.03709784745250744,0.0012744135250736888,-1.0391865691443352,0.21532533959714667,False,0.0,0.0,0.0,0.0,0.0,0.20000000000002843,0.10000000000000142,1
17.0,49.99683316399731,49.97,49.97,49.97,100.49000000000002,100.0,False,spoof,none,False,False,50.00007376676633,49.9935981227244,-0.030073766766328447,0.0012744135250736888,-0.8424277054661146,0.21532533959714667,False,0.0,0.0,0.0,0.0,0.0,0.0,0.09999999999999787,2
17.1,49.99959984759758,49.97,49.97,49.97,100.49000000000002,100.0,False,spoof,none,False,False,49.996688310451965,49.99094164094062,-0.0266883104519664,0.0012744135250736888,-0.7475941511254266,0.21532533959714667,False,0.0,0.0,0.0,0.0,0.0,0.0,0.10000000000000142,3
17.2,50.00208986283782,50.0,50.0,50.0,100.49000000000002,100.0,False,spoof,none,False,False,49.99429747684656,49.995525374581135,0.0057025231534382215,0.0012744135250736888,0.15973933471137458,0.21532533959714667,False,0.0,0.0,0.0,0.0,0.0,0.30000000000001775,0.09999999999999787,1
17.3,50.004330876554036,50.02,50.02,50.02,100.49000000000002,100.0,False,spoof,none,False,False,49.99842283712302,50.003068947047055,0.021577162876980083,0.0012744135250736888,0.6044204556801556,0.21532533959714667,False,0.0,0.0,0.0,0.0,0.0,0.20000000000002843,0.10000000000000142,1
17.400000000000002,50.00634778889863,50.02,50.02,50.02,99.72999999999998,100.0,False,spoof,none,False,False,50.00521205234235,50.00839627219368,0.014787947657652012,0.0012744135250736888,0.41424065400869287,0.21532533959714667,False,0.0,0.0,0.0,0.0,0.0,0.0,0.10000000000000142,2
17.5,50.00436301000877,50.03,50.03,50.03,99.72999999999998,100.0,False,spoof,none,False,False,50.00620664497431,50.01132995722538,0.023793355025688356,0.0012744135250736888,0.6665005296933205,0.21532533959714667,False,0.0,0.0,0.0,0.0,0.0,0.09999999999998224,0.09999999999999787,1
17.6,50.00257670900789,50.0,50.0,50.0,99.72999999999998,100.0,False,spoof,none,False,False,50.00884696150284,50.006941986512835,-0.008846961502840145,0.0012744135250736888,-0.24782148299192128,0.21532533959714667,False,0.0,0.0,0.0,0.0,0.0,0.3000000000000071,0.10000000000000142,1
17.7,50.0009690381071,50.05,50.05,50.05,99.72999999999998,100.0,False,spoof,none,False,False,50.00489778786155,50.01460943700685,0.04510221213844545,0.0012744135250736888,1.2634051922547116,0.21532533959714667,False,0.0,0.0,0.0,0.0,0.0,0.49999999999998224,0.09999999999999787,1
17.8,49.99952213429639,49.99,49.99,49.99,100.18499999999999,100.0,False,spoof,none,False,False,50.01179849330616,50.007104725332304,-0.02179849330615724,0.0012744135250736888,-0.6106203736036497,0.21532533959714667,False,0.0,0.0,0.0,0.0,0.0,0.5999999999999431,0.10000000000000142,1
17.900000000000002,50.00049492086675,50.09,50.09,50.09,100.18499999999999,100.0,False,spoof,none,False,False,50.00731925279908,50.02512251276826,0.082680747200925,0.0012744135250736888,2.3160568043203806,0.21532533959714667,False,0.45,0.015769101181911743,0.5,0.0,0.0,1.0,0.10000000000000142,1
18.0,50.00137042878008,50.02,50.02,50.02,99.72499999999997,100.0,False,spoof,none,False,False,50.02353526149144,50.022774030110234,-0.0035352614914359037,0.0012744135250736888,-0.0990299036896021,0.21532533959714667,False,0.315000000000008,0.0,0.35000000000000886,0.0,0.0,0.7000000000000177,0.09999999999999787,1
18.1,49.99985838590207,49.97,49.97,49.97,99.72499999999997,100.0,False,spoof,none,False,False,50.01912162709921,50.008544496062505,-0.049121627099211196,0.0012744135250736888,-1.3759972246736503,0.21532533959714667,False,0.0,0.0,0.0,0.0,0.0,0.5000000000000355,0.10000000000000142,1
18.2,49.998497547311864,49.96,49.96,49.96,100.645,100.0,False,spoof,none,False,False,50.00631504645625,49.9963422433496,-0.046315046456250286,0.0012744135250736888,-1.297379161641308,0.21532533959714667,False,0.0,0.0,0.0,0.0,0.0,0.09999999999998224,0.09999999999999787,1
18.3,50.00187279258068,50.02,50.02,50.02,100.645,100.0,False,spoof,none,False,False,49.99993301901464,50.004253948510005,0.020066980985362193,0.0012744135250736888,0.5621171727001016,0.21532533959714667,False,0.2700000000000064,0.0,0.3000000000000071,0.0,0.0,0.6000000000000142,0.10000000000000142,1
18.400000000000002,50.004910513322606,50.0,50.0,50.0,100.645,100.0,False,spoof,none,False,False,50.007053553659006,50.005534744822015,-0.007053553659005729,0.0012744135250736888,-0.19758446191686532,0.21532533959714667,False,0.0,0.0,0.0,0.0,0.0,0.20000000000002843,0.10000000000000142,1
18.5,50.007644461990346,50.03,50.03,50.03,100.645,100.0,False,spoof,none,False,False,50.00820627033981,50.01289901257998,0.021793729660188887,0.0012744135250736888,0.610486934138818,0.21532533959714667,False,0.0,0.0,0.0,0.0,0.0,0.30000000000001775,0.09999999999999787,1
18.6,50.01010501579131,50.03,50.03,50.03,99.57999999999998,100.0,False,spoof,none,False,False,50.01483411132198,50.01809971145187,0.015165888678019712,0.0012744135250736888,0.4248275548470129,0.21532533959714667,False,0.0,0.0,0.0,0.0,0.0,0.0,0.10000000000000142,2
18.7,50.00699451421218,50.0,50.0,50.0,99.57999999999998,100.0,False,spoof,none,False,False,50.01418974030668,50.01113432965635,-0.014189740306683518,0.0012744135250736888,-0.39748364282399534,0.21532533959714667,False,0.0,0.0,0.0,0.0,0.0,0.30000000000001775,0.09999999999999787,1
18.8,50.00419506279096,49.98,49.98,49.98,100.34000000000005,100.0,False,spoof,none,False,False,50.00792089669072,50.00190882012893,-0.027920896690723396,0.0012744135250736888,-0.7821214122089217,0.21532533959714667,False,0.0,0.0,0.0,0.0,0.0,0.20000000000002843,0.10000000000000142,1
18.900000000000002,50.00547555651187,49.96,49.96,49.96,100.34000000000005,100.0,False,spoof,none,False,False,50.00341793811604,49.99406895584659,-0.043417938116036225,0.0012744135250736888,-1.216225232687325,0.21532533959714667,False,0.0,0.0,0.0,0.0,0.0,0.19999999999995738,0.10000000000000142,1
19.0,50.00662800086068,49.99,49.99,49.99,100.19499999999998,100.0,False,spoof,none,False,False,49.99636206026194,49.9949921474755,-0.0063620602619351985,0.0012744135250736888,-0.17821431781867678,0.21532533959714667,False,0.0,0.0,0.0,0.0,0.0,0.30000000000001775,0.09999999999999787,1
19.1,50.006940200774615,50.03,50.03,50.03,100.19499999999998,100.0,False,spoof,none,False,False,49.996467932727946,50.00368823650069,0.0335320672720556,0.0012744135250736888,0.9393017745672266,0.21532533959714667,False,0.0,0.0,0.0,0.0,0.0,0.3999999999999858,0.10000000000000142,1
19.200000000000003,50.00722118069715,50.01,50.01,50.01,99.89000000000003,100.0,False,spoof,none,False,False,50.00429441285062,50.00552297034116,0.0057055871493787436,0.0012744135250736888,0.1598251635032844,0.21532533959714667,False,0.0,0.0,0.0,0.0,0.0,0.20000000000002843,0.10000000000000142,1
19.3,50.00594906262744,49.97,49.97,49.97,99.89000000000003,100.0,False,spoof,none,False,False,50.00442067330705,49.997009030138045,-0.03442067330705356,0.0012744135250736888,-0.9641934467326442,0.21532533959714667,False,0.0,0.0,0.0,0.0,0.0,0.4,0.09999999999999787,1
19.400000000000002,50.00480415636469,50.01,50.01,50.01,99.88500000000003,100.0,False,spoof,none,False,False,49.996758127124245,49.999609437898116,0.013241872875752847,0.0012744135250736888,0.37093193777389755,0.21532533959714667,False,0.0,0.0,0.0,0.0,0.0,0.3999999999999858,0.10000000000000142,1
19.5,50.00374874072822,50.02,50.02,50.02,99.88500000000003,100.0,False,spoof,none,False,False,49.99907349410831,50.00357950109602,0.02092650589169409,0.0012744135250736888,0.5861942229831034,0.21532533959714667,False,0.0,0.0,0.0,0.0,0.0,0.1000000000000533,0.09999999999999787,1
19.6,50.0027988666554,49.97,49.97,49.97,100.50000000000003,100.0,False,spoof,none,False,False,50.00264655098642,49.995616921308596,-0.032646550986420664,0.0012744135250736888,-0.9144966525997469,0.21532533959714667,False,0.0,0.0,0.0,0.0,0.0,0.5000000000000355,0.10000000000000142,1
19.700000000000003,50.005018979989856,50.01,50.01,50.01,100.50000000000003,100.0,False,spoof,none,False,False,49.99855522917773,50.00101957834165,0.011444770822265582,0.0012744135250736888,0.3205914343321151,0.21532533959714667,False,0.0,0.0,0.0,0.0,0.0,0.3999999999999858,0.10000000000000142,1
19.8,50.007017081990874,50.01,50.01,50.01,99.89500000000004,100.0,False,spoof,none,False,False,50.003417620507484,50.00483497360707,0.0065823794925137236,0.0012744135250736888,0.1843859100016066,0.21532533959714667,False,0.0,0.0,0.0,0.0,0.0,0.0,0.09999999999999787,2
19.900000000000002,50.00579037379179,49.97,49.97,49.97,99.89500000000004,100.0,False,spoof,none,False,False,50.00382647624636,49.99654277876124,-0.033826476246360926,0.0012744135250736888,-0.947548771979282,0.21532533959714667,False,0.0,0.0,0.0,0.0,0.0,0.3999999999999858,0.10000000000000142,1
20.0,50.00468633641261,50.02,48.5,48.5,123.29500000000002,100.0,True,spoof,none,False,False,49.99636350088511,49.674158521896246,-1.49636350088511,0.0012744135250736888,-41.9162015981739,0.21532533959714667,True,0.9,1.0,1.0,0.0,0.0,14.700000000000301,0.09999999999999787,1
20.1,50.12069270277135,50.14,48.5,48.5,123.29500000000002,100.0,True,spoof,none,False,False,49.82321766970662,49.5382953756161,-1.3232176697066222,0.0012744135250736888,-37.06603279810096,0.21532533959714667,True,0.9,1.0,0.0,0.0,0.0,0.0,0.10000000000000142,2
20.200000000000003,50.225098432494214,50.26,48.5,48.5,124.04500000000002,100.0,True,spoof,none,False,False,49.70094083805449,49.442347844264326,-1.2009408380544926,0.0012744135250736888,-33.64080869761673,0.21532533959714667,True,0.9,1.0,0.0,0.0,0.0,0.0,0.10000000000000142,3
20.3,50.322813589244795,50.36,48.5,48.5,124.04500000000002,100.0,True,spoof,none,False,False,49.61833805983789,49.37753153731888,-1.118338059837889,0.0012744135250736888,-31.32693596398725,0.21532533959714667,True,0.9,1.0,0.0,0.0,0.2,0.0,0.09999999999999787,4
20.400000000000002,50.410757230320314,50.37,48.5,48.5,124.79500000000002,100.0,True,spoof,none,False,False,49.56000338358699,49.331757795041995,-1.060003383586988,0.0012744135250736888,-29.692862392658736,0.21532533959714667,True,0.9,1.0,0.0,0.0,0.4,0.0,0.10000000000000142,5
20.5,50.493656507288286,50.46,48.5,48.5,124.79500000000002,100.0,True,spoof,none,False,False,49.5225570155378,49.30237457890968,-1.0225570155377994,0.0012744135250736888,-28.643913048905848,0.21532533959714667,True,0.9,1.0,0.0,0.0,0.6,0.0,0.09999999999999787,6
20.6,50.56826585655946,50.58,48.5,48.5,125.54500000000002,100.0,True,spoof,none,False,False,49.49611212101871,49.281623940283524,-0.9961121210187116,0.0012744135250736888,-27.903137475825606,0.21532533959714667,True,0.9,1.0,0.0,0.0,0.8,0.0,0.10000000000000142,7
20.700000000000003,50.639164270903514,50.66,48.5,48.5,125.54500000000002,100.0,True,spoof,none,False,False,49.481186546255174,49.26991221997463,-0.9811865462551737,0.0012744135250736888,-27.48504160514511,0.21532533959714667,True,0.9,1.0,0.0,0.0,1.0,0.0,0.10000000000000142,8
20.8,50.702972843813164,50.72,48.5,48.5,126.29500000000002,100.0,True,spoof,none,False,False,49.470645997977165,49.26164131883412,-0.9706459979771651,0.0012744135250736888,-27.189779293337217,0.21532533959714667,True,0.9,1.0,0.0,0.0,1.0,0.0,0.09999999999999787,9
20.900000000000002,50.76415055943185,50.89,48.5,48.5,126.29500000000002,100.0,True,spoof,none,False,False,49.466952186950714,49.258742878921346,-0.9669521869507136,0.0012744135250736888,-27.08630809295127,0.21532533959714667,True,0.9,1.0,0.0,0.0,1.0,0.0,0.10000000000000142,10
21.0,50.81921050348866,50.84,48.5,48.5,127.04500000000002,100.0,True,spoof,none,False,False,49.46434359102921,49.256695979802515,-0.9643435910292126,0.0012744135250736888,-27.01323598682924,0.21532533959714667,True,0.9,1.0,0.0,0.0,1.0,0.0,0.09999999999999787,11
21.1,50.87251445313979,50.91,48.5,48.5,127.04500000000002,100.0,True,spoof,none,False,False,49.46625138182226,49.258192974895174,-0.9662513818222607,0.0012744135250736888,-27.066677108215348,0.21532533959714667,True,0.9,1.0,0.0,0.0,1.0,0.0,0.10000000000000142,12
21.200000000000003,50.92048800782582,50.95,48.5,48.5,127.79500000000002,100.0,True,spoof,none,False,False,49.467598677405654,49.25925016359953,-0.967598677405654,0.0012744135250736888,-27.104417612613133,0.21532533959714667,True,0.9,1.0,0.0,0.0,1.0,0.0,0.10000000000000142,13
21.3,50.967414207043234,50.99,48.5,48.5,127.79500000000002,100.0,True,spoof,none,False,False,49.47230014723958,49.26293928784486,-0.9723001472395794,0.0012744135250736888,-27.236115396774526,0.21532533959714667,True,0.9,1.0,0.0,0.0,1.0,0.0,0.09999999999999787,14
21.400000000000002,51.00964778633891,51.0,48.5,48.5,128.54500000000002,100.0,True,spoof,none,False,False,49.47562035906038,49.26554457392781,-0.9756203590603789,0.0012744135250736888,-27.32912131943099,0.21532533959714667,True,0.9,1.0,0.0,0.0,1.0,0.0,0.10000000000000142,15
21.5,51.05140800770502,51.08,48.5,48.5,128.54500000000002,100.0,True,spoof,none,False,False,49.48171511653503,49.270326975679474,-0.9817151165350282,0.0012744135250736888,-27.49984793956591,0.21532533959714667,True,0.9,1.0,0.0,0.0,1.0,0.0,0.09999999999999787,16
21.6,51.08899220693452,51.06,48.5,48.5,129.29500000000002,100.0,True,spoof,none,False,False,49.48601927811153,49.27370434220283,-0.9860192781115273,0.0012744135250736888,-27.62041630697459,0.21532533959714667,True,0.9,1.0,0.0,0.0,1.0,0.0,0.10000000000000142,17
21.700000000000003,51.12656798624107,51.12,48.5,48.5,129.29500000000002,100.0,True,spoof,none,False,False,49.49280890798255,49.279031992716135,-0.9928089079825497,0.0012744135250736888,-27.810607723887937,0.21532533959714667,True,0.9,1.0,0.0,0.0,1.0,0.0,0.10000000000000142,18
21.8,51.160386187616965,51.15,48.5,48.5,130.04500000000002,100.0,True,spoof,none,False,False,49.497603793444526,49.28279441783768,-0.9976037934445259,0.0012744135250736888,-27.944922270818186,0.21532533959714667,True,0.9,1.0,0.0,0.0,1.0,0.0,0.09999999999999787,19
21.900000000000002,51.19457256885527,51.2,48.5,48.5,130.04500000000002,100.0,True,spoof,none,False,False,49.50473997605391,49.28839399950328,-1.0047399760539122,0.0012744135250736888,-28.144821338604515,0.21532533959714667,True,0.9,1.0,0.0,0.0,1.0,0.0,0.10000000000000142,20
22.0,51.225340311969745,51.3,48.5,48.5,130.79500000000002,100.0,True,spoof,none,False,False,49.50977959955295,49.29234846436094,-1.0097795995529495,0.0012744135250736888,-28.285991498421694,0.21532533959714667,True,0.9,1.0,0.0,0.0,1.0,0.0,0.09999999999999787,21
22.1,51.25678128077277,51.2,48.5,48.5,130.79500000000002,100.0,True,spoof,none,False,False,49.51708861792485,49.29808366586979,-1.0170886179248484,0.0012744135250736888,-28.490732049350697,0.21532533959714667,True,0.9,1.0,0.0,0.0,1.0,0.0,0.10000000000000142,22
22.200000000000003,51.28507815269549,51.31,48.5,48.5,131.54500000000002,100.0,True,spoof,none,False,False,49.52225029928282,49.30213390643646,-1.0222502992828169,0.0012744135250736888,-28.635321299394665,0.21532533959714667,True,0.9,1.0,0.0,0.0,1.0,0.0,0.10000000000000142,23
22.3,51.31429533742594,51.26,48.5,48.5,131.54500000000002,100.0,True,spoof,none,False,False,49.529645515792815,49.307936745440045,-1.029645515792815,0.0012744135250736888,-28.84247643643982,0.21532533959714667,True,0.9,1.0,0.0,0.0,1.0,0.0,0.09999999999999787,24
22.400000000000002,51.34059080368335,51.33,48.5,48.5,132.29500000000002,100.0,True,spoof,none,False,False,49.53486807089604,49.3120347520921,-1.0348680708960387,0.0012744135250736888,-28.988770884570112,0.21532533959714667,True,0.9,1.0,0.0,0.0,1.0,0.0,0.10000000000000142,25
22.5,51.36800672331501,51.4,48.5,48.5,132.29500000000002,100.0,True,spoof,none,False,False,49.5423062768829,49.31787132384885,-1.042306276882897,0.0012744135250736888,-29.197130244772012,0.21532533959714667,True,0.9,1.0,0.0,0.0,1.0,0.0,0.09999999999999787,26
22.6,51.39268105098351,51.39,48.5,48.5,133.04500000000002,100.0,True,spoof,none,False,False,49.54755919146397,49.321993152813874,-1.047559191463968,0.0012744135250736888,-29.3442751239594,0.21532533959714667,True,0.9,1.0,0.0,0.0,1.0,0.0,0.10000000000000142,27
22.700000000000003,51.41863794588516,51.38,48.5,48.5,133.04500000000002,100.0,True,spoof,none,False,False,49.55501883753249,49.32784654805942,-1.0550188375324865,0.0012744135250736888,-29.55323506469178,0.21532533959714667,True,0.9,1.0,0.0,0.0,1.0,0.0,0.10000000000000142,28
22.8,51.44199915129664,51.42,48.5,48.5,133.79500000000002,100.0,True,spoof,none,False,False,49.560286893253476,49.33198025789327,-1.0602868932534761,0.0012744135250736888,-29.700804078170655,0.21532533959714667,True,0.9,1.0,0.0,0.0,1.0,0.0,0.09999999999999787,29
22.900000000000002,51.46677423616698,51.49,48.5,48.5,133.79500000000002,100.0,True,spoof,none,False,False,49.56775723210395,49.33784204349386,-1.0677572321039506,0.0012744135250736888,-29.910063545591466,0.21532533959714667,True,0.9,1.0,0.0,0.0,1.0,0.0,0.10000000000000142,30
23.0,51.48907181255028,51.47,48.5,48.5,134.54500000000002,100.0,True,spoof,none,False,False,49.573032839144474,49.3419816786568,-1.0730328391444743,0.0012744135250736888,-30.057844086972313,0.21532533959714667,True,0.9,1.0,0.0,0.0,1.0,0.0,0.09999999999999787,31
23.1,51.51288963129525,51.52,48.5,48.5,134.54500000000002,100.0,True,spoof,none,False,False,49.58050851079112,49.34784764876741,-1.0805085107911196,0.0012744135250736888,-30.267252936918993,0.21532533959714667,True,0.9,1.0,0.0,0.0,1.0,0.0,0.10000000000000142,32
23.200000000000003,51.53432566816573,51.54,48.5,48.5,135.29500000000002,100.0,True,spoof,none,False,False,49.585787883890674,49.35199023906145,-1.0857878838906743,0.0012744135250736888,-30.41513897331457,0.21532533959714667,True,0.9,1.0,0.0,0.0,1.0,0.0,0.10000000000000142,33
23.3,51.557368101349155,51.54,48.5,48.5,135.29500000000002,100.0,True,spoof,none,False,False,49.59326621515531,49.357858296106905,-1.0932662151553103,0.0012744135250736888,-30.624622324599866,0.21532533959714667,True,0.9,1.0,0.0,0.0,1.0,0.0,0.09999999999999787,34
23.400000000000002,51.57810629121424,51.65,48.5,48.5,136.04500000000002,100.0,True,spoof,none,False,False,49.59854746649622,49.36200236020934,-1.0985474664962211,0.0012744135250736888,-30.772560974376674,0.21532533959714667,True,0.9,1.0,0.0,0.0,1.0,0.0,0.10000000000000142,35
23.5,51.60052066209282,51.62,48.5,48.5,136.04500000000002,100.0,True,spoof,none,False,False,49.60602712418841,49.36787145806888,-1.106027124188408,0.0012744135250736888,-30.982081481610106,0.21532533959714667,True,0.9,1.0,0.0,0.0,1.0,0.0,0.09999999999999787,36
23.6,51.62069359588354,51.56,48.5,48.5,136.79500000000002,100.0,True,spoof,none,False,False,49.611309312261994,49.37201625720171,-1.1113093122619944,0.0012744135250736888,-31.130046371184697,0.21532533959714667,True,0.9,1.0,0.0,0.0,1.0,0.0,0.10000000000000142,37
23.700000000000003,51.64259923629518,51.65,48.5,48.5,136.79500000000002,100.0,True,spoof,none,False,False,49.61878963148153,49.37788587414501,-1.1187896314815333,0.0012744135250736888,-31.339585409152026,0.21532533959714667,True,0.9,1.0,0.0,0.0,1.0,0.0,0.10000000000000142,38
23.8,51.662314312665664,51.64,48.5,48.5,137.54500000000002,100.0,True,spoof,none,False,False,49.6240722867305,49.38203103985852,-1.1240722867305024,0.0012744135250736888,-31.487563385264423,0.21532533959714667,True,0.9,1.0,0.0,0.0,1.0,0.0,0.09999999999999787,39
23.900000000000002,51.6838078813991,51.71,48.5,48.5,137.54500000000002,100.0,True,spoof,none,False,False,49.63155293587267,49.38790091568374,-1.1315529358726693,0.0012744135250736888,-31.69711166503922,0.21532533959714667,True,0.9,1.0,0.0,0.0,1.0,0.0,0.10000000000000142,40
24.0,51.703152093259185,51.68,48.5,48.5,138.29500000000002,100.0,True,spoof,none,False,False,49.636835824115366,49.39204626422152,-1.1368358241153658,0.0012744135250736888,-31.845096167782376,0.21532533959714667,True,0.9,1.0,0.0,0.0,1.0,0.0,0.09999999999999787,41
24.1,51.72431188393327,51.72,48.5,48.5,138.29500000000002,100.0,True,spoof,none,False,False,49.64431663779936,49.39791626915855,-1.1443166377993634,0.0012744135250736888,-32.05464905671033,0.21532533959714667,True,0.9,1.0,0.0,0.0,1.0,0.0,0.10000000000000142,42
24.200000000000003,51.74335569553994,51.76,48.5,48.5,139.04500000000002,100.0,True,spoof,none,False,False,49.64959964224269,49.402061708876026,-1.1495996422426913,0.0012744135250736888,-32.20263681447079,0.21532533959714667,True,0.9,1.0,0.0,0.0,1.0,0.0,0.10000000000000142,43
24.3,51.764245125985944,51.79,48.5,48.5,139.04500000000002,100.0,True,spoof,none,False,False,49.65708053798843,49.40793177820482,-1.1570805379884277,0.0012744135250736888,-32.41219200211586,0.21532533959714667,True,0.9,1.0,0.0,0.0,1.0,0.0,0.09999999999999787,44
24.400000000000002,51.78304561338735,51.75,48.5,48.5,139.79500000000002,100.0,True,spoof,none,False,False,49.66236360038434,49.41207726339622,-1.1623636003843387,0.0012744135250736888,-32.56018138324668,0.21532533959714667,True,0.9,1.0,0.0,0.0,1.0,0.0,0.10000000000000142,45
24.5,51.803716052048614,51.79,48.5,48.5,139.79500000000002,100.0,True,spoof,none,False,False,49.6698445370566,49.417947364839016,-1.1698445370565977,0.0012744135250736888,-32.76973771732734,0.21532533959714667,True,0.9,1.0,0.0,0.0,1.0,0.0,0.09999999999999787,46
24.6,51.82231944684375,51.81,48.5,48.5,140.54500000000002,100.0,True,spoof,none,False,False,49.67512762835511,49.42209287270956,-1.1751276283551135,0.0012744135250736888,-32.91772790807922,0.21532533959714667,True,0.9,1.0,0.0,0.0,1.0,0.0,0.10000000000000142,47
24.700000000000003,51.842812502159376,51.82,48.5,48.5,140.54500000000002,100.0,True,spoof,none,False,False,49.68260858543861,49.42796299016854,-1.182608585438608,0.0012744135250736888,-33.12728481392032,0.21532533959714667,True,0.9,1.0,0.0,0.0,1.0,0.0,0.10000000000000142,48
24.8,51.86125625194344,51.92,48.5,48.5,141.29500000000002,100.0,True,spoof,none,False,False,49.687891691151684,49.43210850934982,-1.187891691151684,0.0012744135250736888,-33.27527540845352,0.21532533959714667,True,0.9,1.0,0.0,0.0,1.0,0.0,0.09999999999999787,49
24.900000000000002,51.88160562674909,51.89,48.5,48.5,141.29500000000002,100.0,True,spoof,none,False,False,49.69537265841483,49.437978634796515,-1.1953726584148328,0.0012744135250736888,-33.48483259944755,0.21532533959714667,True,0.9,1.0,0.0,0.0,1.0,0.0,0.10000000000000142,50
25.0,51.88492006407418,51.85,48.5,48.5,142.04500000000002,103.0,True,spoof,none,False,False,49.70065577131686,49.442124159618785,-1.2006557713168604,0.0012744135250736888,-33.63282339535798,0.21532533959714667,True,0.9,1.0,0.0,0.0,1.0,0.0,0.09999999999999787,51
25.1,51.891653057666765,51.92,48.5,48.5,142.04500000000002,103.0,True,spoof,none,False,False,49.70813674365691,49.44799428904919,-1.2081367436569082,0.0012744135250736888,-33.84238072856634,0.21532533959714667,True,0.9,1.0,0.0,0.0,1.0,0.0,0.10000000000000142,52
25.200000000000003,51.89771275190009,51.96,48.5,48.5,142.79500000000002,103.0,True,spoof,none,False,False,49.71341986014428,49.45213981668479,-1.2134198601442776,0.0012744135250736888,-33.99037162490952,0.21532533959714667,True,0.9,1.0,0.0,0.0,1.0,0.0,0.10000000000000142,53
25.3,51.90691647671008,51.94,48.5,48.5,142.79500000000002,103.0,True,spoof,none,False,False,49.72090083501631,49.45800994810198,-1.2209008350163089,0.0012744135250736888,-34.199929029043915,0.21532533959714667,True,0.9,1.0,0.0,0.0,1.0,0.0,0.09999999999999787,54
25.400000000000002,51.915199829039075,51.87,48.5,48.5,143.54500000000002,103.0,True,spoof,none,False,False,49.72618395329178,49.462155477140655,-1.2261839532917804,0.0012744135250736888,-34.3479199754755,0.21532533959714667,True,0.9,1.0,0.0,0.0,1.0,0.0,0.10000000000000142,55
25.5,51.92640484613517,51.91,48.5,48.5,143.54500000000002,103.0,True,spoof,none,False,False,49.733664929426595,49.468025609548725,-1.2336649294265953,0.0012744135250736888,-34.55747741498304,0.21532533959714667,True,0.9,1.0,0.0,0.0,1.0,0.0,0.09999999999999787,56
25.6,51.93648936152165,51.98,48.5,48.5,144.29500000000002,103.0,True,spoof,none,False,False,49.738948048593855,49.47217113928716,-1.2389480485938549,0.0012744135250736888,-34.70546838639543,0.21532533959714667,True,0.9,1.0,0.0,0.0,1.0,0.0,0.10000000000000142,57
25.700000000000003,51.949315425369484,51.93,48.5,48.5,144.29500000000002,103.0,True,spoof,none,False,False,49.746429025358445,49.4780412721894,-1.2464290253584451,0.0012744135250736888,-34.91502584354427,0.21532533959714667,True,0.9,1.0,0.0,0.0,1.0,0.0,0.10000000000000142,58
25.8,51.96085888283253,51.97,48.5,48.5,145.04500000000002,103.0,True,spoof,none,False,False,49.75171214497046,49.48218680227682,-1.2517121449704618,0.0012744135250736888,-35.06301682741521,0.21532533959714667,True,0.9,1.0,0.0,0.0,1.0,0.0,0.09999999999999787,59
25.900000000000002,51.97499799454928,52.0,48.5,48.5,145.04500000000002,103.0,True,spoof,none,False,False,49.75919312204914,49.48805693542552,-1.2591931220491404,0.0012744135250736888,-35.27257429336231,0.21532533959714667,True,0.9,1.0,0.0,0.0,1.0,0.0,0.10000000000000142,60
26.0,51.98772319509435,51.96,48.5,48.5,145.79500000000002,103.0,True,spoof,none,False,False,49.76447624188297,49.492202465686994,-1.2644762418829671,0.0012744135250736888,-35.42056528344661,0.21532533959714667,True,0.9,1.0,0.0,0.0,1.0,0.0,0.09999999999999787,61
26.1,52.002925875584914,52.0,48.5,48.5,145.79500000000002,103.0,True,spoof,none,False,False,49.77195721911829,49.4980725989586,-1.271957219118292,0.0012744135250736888,-35.630122753781684,0.21532533959714667,True,0.9,1.0,0.0,0.0,1.0,0.0,0.10000000000000142,62
26.200000000000003,52.016608288026426,51.91,48.5,48.5,146.54500000000002,103.0,True,spoof,none,False,False,49.77724033906274,49.50221812930688,-1.2772403390627431,0.0012744135250736888,-35.7781137469648,0.21532533959714667,True,0.9,1.0,0.0,0.0,1.0,0.0,0.10000000000000142,63
26.3,52.03267245922378,52.0,48.5,48.5,146.54500000000002,103.0,True,spoof,none,False,False,49.7847213163762,49.5080882626398,-1.2847213163761992,0.0012744135250736888,-35.9876712194885,0.21532533959714667,True,0.9,1.0,0.0,0.0,1.0,0.0,0.09999999999999787,64
26.400000000000002,52.0471302133014,52.04,48.5,48.5,147.29500000000002,103.0,True,spoof,none,False,False,49.790004436375824,49.51223379303137,-1.290004436375824,0.0012744135250736888,-36.135662214217135,0.21532533959714667,True,0.9,1.0,0.0,0.0,1.0,0.0,0.10000000000000142,65
26.5,52.06389219197126,52.02,48.5,48.5,147.29500000000002,103.0,True,spoof,none,False,False,49.79748541372823,49.51810392639486,-1.2974854137282321,0.0012744135250736888,-36.34521968783196,0.21532533959714667,True,0.9,1.0,0.0,0.0,1.0,0.0,0.09999999999999787,66
26.6,52.07897797277413,52.13,48.5,48.5,148.04500000000002,103.0,True,spoof,none,False,False,49.80276853375537,49.52224945680802,-1.3027685337553692,0.0012744135250736888,-36.49321068333127,0.21532533959714667,True,0.9,1.0,0.0,0.0,1.0,0.0,0.10000000000000142,67
26.700000000000003,52.09630517549672,52.05,48.5,48.5,148.04500000000002,103.0,True,spoof,none,False,False,49.81024951112722,49.528119590186755,-1.3102495111272177,0.0012744135250736888,-36.70276815749065,0.21532533959714667,True,0.9,1.0,0.0,0.0,1.0,0.0,0.10000000000000142,68
26.8,52.11189965794704,52.1,48.5,48.5,148.79500000000002,103.0,True,spoof,none,False,False,49.81553263116808,49.53226512061069,-1.3155326311680824,0.0012744135250736888,-36.85075915337451,0.21532533959714667,True,0.9,1.0,0.0,0.0,1.0,0.0,0.09999999999999787,69
26.900000000000002,52.12968469215234,52.13,48.5,48.5,148.79500000000002,103.0,True,spoof,none,False,False,49.82301360854962,49.53813525399703,-1.3230136085496227,0.0012744135250736888,-37.06031662780538,0.21532533959714667,True,0.9,1.0,0.0,0.0,1.0,0.0,0.10000000000000142,70
27.0,52.1456912229371,52.19,48.5,48.5,149.54500000000002,103.0,True,spoof,none,False,False,49.82829672859732,49.542280784426325,-1.3282967285973228,0.0012744135250736888,-37.20830762388071,0.21532533959714667,True,0.9,1.0,0.0,0.0,1.0,0.0,0.09999999999999787,71
27.1,52.163847100643395,52.12,48.5,48.5,149.54500000000002,103.0,True,spoof,none,False,False,49.835777705983695,49.54815091781646,-1.3357777059836948,0.0012744135250736888,-37.417865098446924,0.21532533959714667,True,0.9,1.0,0.0,0.0,1.0,0.0,0.10000000000000142,72
27.200000000000003,52.18018739057906,52.22,48.5,48.5,150.29500000000002,103.0,True,spoof,none,False,False,49.84106082603481,49.552296448248434,-1.3410608260348127,0.0012744135250736888,-37.56585609461799,0.21532533959714667,True,0.9,1.0,0.0,0.0,1.0,0.0,0.10000000000000142,73
27.3,52.19864365152115,52.2,48.5,48.5,150.29500000000002,103.0,True,spoof,none,False,False,49.84854180342359,49.55816658164046,-1.3485418034235934,0.0012744135250736888,-37.77541356925168,0.21532533959714667,True,0.9,1.0,0.0,0.0,1.0,0.0,0.09999999999999787,74
27.400000000000002,52.21525428636904,52.18,48.5,48.5,151.04500000000002,103.0,True,spoof,none,False,False,49.85382492347641,49.56231211207377,-1.3538249234764095,0.0012744135250736888,-37.92340456547032,0.21532533959714667,True,0.9,1.0,0.0,0.0,1.0,0.0,0.10000000000000142,75
27.5,52.23395385773213,52.25,48.5,48.5,151.04500000000002,103.0,True,spoof,none,False,False,49.8613059008664,49.568182245466744,-1.3613059008663981,0.0012744135250736888,-38.13296204013785,0.21532533959714667,True,0.9,1.0,0.0,0.0,1.0,0.0,0.09999999999999787,76
27.6,52.25078347195892,52.26,48.5,48.5,151.79500000000002,103.0,True,spoof,none,False,False,49.866589020920074,49.572327775900725,-1.366589020920074,0.0012744135250736888,-38.280953036380566,0.21532533959714667,True,0.9,1.0,0.0,0.0,1.0,0.0,0.10000000000000142,77
27.700000000000003,52.26968012476303,52.25,48.5,48.5,151.79500000000002,103.0,True,spoof,none,False,False,49.87406999831065,49.57819790929416,-1.3740699983106524,0.0012744135250736888,-38.49051051106461,0.21532533959714667,True,0.9,1.0,0.0,0.0,1.0,0.0,0.10000000000000142,78
27.8,52.28668711228673,52.29,48.5,48.5,152.54500000000002,103.0,True,spoof,none,False,False,49.87935311836475,49.582343439728476,-1.3793531183647474,0.0012744135250736888,-38.63850150731908,0.21532533959714667,True,0.9,1.0,0.0,0.0,1.0,0.0,0.09999999999999787,79
27.900000000000002,52.30574340105805,52.29,48.5,48.5,152.54500000000002,103.0,True,spoof,none,False,False,49.88683409575563,49.58821357312215,-1.3868340957556313,0.0012744135250736888,-38.848058982011686,0.21532533959714667,True,0.9,1.0,0.0,0.0,1.0,0.0,0.10000000000000142,80
28.0,52.322894060952244,52.33,48.5,48.5,153.29500000000002,103.0,True,spoof,none,False,False,49.89211721580994,49.59235910355663,-1.3921172158099395,0.0012744135250736888,-38.99604997827212,0.21532533959714667,True,0.9,1.0,0.0,0.0,1.0,0.0,0.09999999999999787,81
28.1,52.34207965485702,52.36,48.5,48.5,153.29500000000002,103.0,True,spoof,none,False,False,49.89959819320097,49.598229236950424,-1.3995981932009727,0.0012744135250736888,-39.205607452968906,0.21532533959714667,True,0.9,1.0,0.0,0.0,1.0,0.0,0.10000000000000142,82
28.200000000000003,52.359346689371314,52.41,48.5,48.5,154.04500000000002,103.0,True,spoof,none,False,False,49.90488131325538,49.60237476738498,-1.4048813132553803,0.0012744135250736888,-39.35359844923213,0.21532533959714667,True,0.9,1.0,0.0,0.0,1.0,0.0,0.10000000000000142,83
28.3,52.378637020434184,52.34,48.5,48.5,154.04500000000002,103.0,True,spoof,none,False,False,49.912362290646485,49.60824490077883,-1.4123622906464846,0.0012744135250736888,-39.56315592393091,0.21532533959714667,True,0.9,1.0,0.0,0.0,1.0,0.0,0.09999999999999787,84
28.400000000000002,52.39599831839077,52.46,48.5,48.5,154.79500000000002,103.0,True,spoof,none,False,False,49.91764541070095,49.61239043121343,-1.417645410700949,0.0012744135250736888,-39.711146920195716,0.21532533959714667,True,0.9,1.0,0.0,0.0,1.0,0.0,0.10000000000000142,85
28.5,52.41537348655169,52.35,48.5,48.5,154.79500000000002,103.0,True,spoof,none,False,False,49.92512638809209,49.618260564607304,-1.4251263880920888,0.0012744135250736888,-39.92070439489549,0.21532533959714667,True,0.9,1.0,0.0,0.0,1.0,0.0,0.09999999999999787,86
28.6,52.432811137896515,52.43,48.5,48.5,155.54500000000004,103.0,True,spoof,none,False,False,49.930409508146575,49.622406095041924,-1.4304095081465746,0.0012744135250736888,-40.0686953911609,0.21532533959714667,True,0.9,1.0,0.0,0.0,1.0,0.0,0.10000000000000142,87
28.700000000000003,52.45225502410686,52.47,48.5,48.5,155.54500000000004,103.0,True,spoof,none,False,False,49.937890485537736,49.628276228435816,-1.4378904855377357,0.0012744135250736888,-40.27825286586127,0.21532533959714667,True,0.9,1.0,0.0,0.0,1.0,0.0,0.10000000000000142,88
28.8,52.469754521696174,52.48,48.5,48.5,156.29500000000004,103.0,True,spoof,none,False,False,49.943173605592236,49.63242175887045,-1.4431736055922357,0.0012744135250736888,-40.42624386212707,0.21532533959714667,True,0.9,1.0,0.0,0.0,1.0,0.0,0.09999999999999787,89
28.900000000000002,52.48925406952656,52.47,48.5,48.5,156.29500000000004,103.0,True,spoof,none,False,False,49.950654582983404,49.63829189226435,-1.4506545829834039,0.0012744135250736888,-40.63580133682765,0.21532533959714667,True,0.9,1.0,0.0,0.0,1.0,0.0,0.10000000000000142,90
29.0,52.5068036625739,52.5,48.5,48.5,157.04500000000004,103.0,True,spoof,none,False,False,49.95593770303792,49.64243742269899,-1.4559377030379181,0.0012744135250736888,-40.78379233309385,0.21532533959714667,True,0.9,1.0,0.0,0.0,1.0,0.0,0.09999999999999787,91
29.1,52.52634829631651,52.51,48.5,48.5,157.04500000000004,103.0,True,spoof,none,False,False,49.963418680429086,49.64830755609289,-1.4634186804290863,0.0012744135250736888,-40.99334980779442,0.21532533959714667,True,0.9,1.0,0.0,0.0,1.0,0.0,0.10000000000000142,92
29.200000000000003,52.543938466684864,52.53,48.5,48.5,157.79500000000004,103.0,True,spoof,none,False,False,49.9687018004836,49.65245308652753,-1.4687018004836006,0.0012744135250736888,-41.141340804060626,0.21532533959714667,True,0.9,1.0,0.0,0.0,1.0,0.0,0.10000000000000142,93
29.3,52.56351962001638,52.59,48.5,48.5,157.79500000000004,103.0,True,spoof,none,False,False,49.976182777874776,49.65832321992143,-1.4761827778747758,0.0012744135250736888,-41.35089827876139,0.21532533959714667,True,0.9,1.0,0.0,0.0,1.0,0.0,0.09999999999999787,94
29.400000000000002,52.58114265801474,52.59,48.5,48.5,158.54500000000004,103.0,True,spoof,none,False,False,49.98146589792929,49.662468750356076,-1.48146589792929,0.0012744135250736888,-41.4988892750276,0.21532533959714667,True,0.9,1.0,0.0,0.0,1.0,0.0,0.10000000000000142,95
29.5,52.600753392213264,52.58,48.5,48.5,158.54500000000004,103.0,True,spoof,none,False,False,49.988946875320465,49.668338883749975,-1.4889468753204653,0.0012744135250736888,-41.70844674972837,0.21532533959714667,True,0.9,1.0,0.0,0.0,1.0,0.0,0.09999999999999787,96
29.6,52.61840305299194,52.65,48.5,48.5,159.29500000000004,103.0,True,spoof,none,False,False,49.99422999537497,49.672484414184616,-1.4942299953749725,0.0012744135250736888,-41.85643774599437,0.21532533959714667,True,0.9,1.0,0.0,0.0,1.0,0.0,0.10000000000000142,97
29.700000000000003,52.63803774769274,52.65,48.5,48.5,159.29500000000004,103.0,True,spoof,none,False,False,50.001710972766155,49.67835454757852,-1.5017109727661548,0.0012744135250736888,-42.065995220695335,0.21532533959714667,True,0.9,1.0,0.0,0.0,1.0,0.0,0.10000000000000142,98
29.8,52.65570897292347,52.68,48.5,48.5,160.04500000000004,103.0,True,spoof,none,False,False,50.00699409282067,49.68250007801316,-1.506994092820669,0.0012744135250736888,-42.213986216961544,0.21532533959714667,True,0.9,1.0,0.0,0.0,1.0,0.0,0.09999999999999787,99
29.900000000000002,52.675363075631125,52.7,48.5,48.5,160.04500000000004,103.0,True,spoof,none,False,False,50.014475070211844,49.68837021140707,-1.5144750702118444,0.0012744135250736888,-42.42354369166231,0.21532533959714667,True,0.9,1.0,0.0,0.0,1.0,0.0,0.10000000000000142,100
30.0,52.69305176806801,52.67,48.5,48.5,160.79500000000004,103.0,True,spoof,none,False,False,50.01975819026636,49.69251574184171,-1.5197581902663586,0.0012744135250736888,-42.57153468792852,0.21532533959714667,True,0.9,1.0,0.0,0.0,1.0,0.0,0.09999999999999787,101
30.1,52.71272159126121,52.7,48.5,48.5,160.79500000000004,103.0,True,spoof,none,False,False,50.02723916765754,49.698385875235616,-1.527239167657541,0.0012744135250736888,-42.781092162629484,0.21532533959714667,True,0.9,1.0,0.0,0.0,1.0,0.0,0.10000000000000142,102
30.200000000000003,52.73042443213509,52.75,48.5,48.5,161.54500000000004,103.0,True,spoof,none,False,False,50.032522287712055,49.702531405670264,-1.5325222877120552,0.0012744135250736888,-42.929083158895686,0.21532533959714667,True,0.9,1.0,0.0,0.0,1.0,0.0,0.10000000000000142,103
30.3,52.75010698892158,52.77,48.5,48.5,161.54500000000004,103.0,True,spoof,none,False,False,50.04000326510324,49.70840153906417,-1.5400032651032376,0.0012744135250736888,-43.13864063359666,0.21532533959714667,True,0.9,1.0,0.0,0.0,1.0,0.0,0.09999999999999787,104
30.400000000000002,52.767821290029424,52.77,48.5,48.5,162.29500000000004,103.0,True,spoof,none,False,False,50.04528638515775,49.71254706949881,-1.5452863851577519,0.0012744135250736888,-43.28663162986286,0.21532533959714667,True,0.9,1.0,0.0,0.0,1.0,0.0,0.10000000000000142,105
30.5,52.78751416102648,52.79,48.5,48.5,162.29500000000004,103.0,True,spoof,none,False,False,50.052767362548934,49.71841720289272,-1.5527673625489342,0.0012744135250736888,-43.496189104563825,0.21532533959714667,True,0.9,1.0,0.0,0.0,1.0,0.0,0.09999999999999787,106
30.6,52.80523774492383,52.85,48.5,48.5,163.04500000000004,103.0,True,spoof,none,False,False,50.05805048260345,49.722562733327365,-1.5580504826034485,0.0012744135250736888,-43.644180100830035,0.21532533959714667,True,0.9,1.0,0.0,0.0,1.0,0.0,0.10000000000000142,107
30.700000000000003,52.82493897043145,52.81,48.5,48.5,163.04500000000004,103.0,True,spoof,none,False,False,50.06553145999463,49.72843286672127,-1.5655314599946308,0.0012744135250736888,-43.853737575531,0.21532533959714667,True,0.9,1.0,0.0,0.0,1.0,0.0,0.10000000000000142,108
30.8,52.842670073388305,52.86,48.5,48.5,163.79500000000007,103.0,True,spoof,none,False,False,50.070814580049145,49.73257839715591,-1.570814580049145,0.0012744135250736888,-44.00172857179721,0.21532533959714667,True,0.9,1.0,0.0,0.0,1.0,0.0,0.09999999999999787,109
30.900000000000002,52.86237806604947,52.86,48.5,48.5,163.79500000000007,103.0,True,spoof,none,False,False,50.07829555744032,49.73844853054982,-1.5782955574403204,0.0012744135250736888,-44.211286046497975,0.21532533959714667,True,0.9,1.0,0.0,0.0,1.0,0.0,0.10000000000000142,110
31.0,52.88011525944452,52.87,48.5,48.5,164.54500000000007,103.0,True,spoof,none,False,False,50.08357867749484,49.742594060984466,-1.5835786774948417,0.0012744135250736888,-44.359277042764376,0.21532533959714667,True,0.9,1.0,0.0,0.0,1.0,0.0,0.09999999999999787,111
31.1,52.89982873350007,52.93,48.5,48.5,164.54500000000007,103.0,True,spoof,none,False,False,50.09105965488602,49.748464194378364,-1.591059654886017,0.0012744135250736888,-44.56883451746515,0.21532533959714667,True,0.9,1.0,0.0,0.0,1.0,0.0,0.10000000000000142,112
31.200000000000003,52.917570860150065,52.94,48.5,48.5,165.29500000000007,103.0,True,spoof,none,False,False,50.096342774940524,49.752609724813006,-1.5963427749405241,0.0012744135250736888,-44.71682551373115,0.21532533959714667,True,0.9,1.0,0.0,0.0,1.0,0.0,0.10000000000000142,113
31.3,52.937288774135055,52.96,48.5,48.5,165.29500000000007,103.0,True,spoof,none,False,False,50.10382375233171,49.75847985820691,-1.6038237523317065,0.0012744135250736888,-44.92638298843212,0.21532533959714667,True,0.9,1.0,0.0,0.0,1.0,0.0,0.09999999999999787,114
31.400000000000002,52.95503489672155,53.0,48.5,48.5,166.04500000000007,103.0,True,spoof,none,False,False,50.10910687238622,49.76262538864155,-1.6091068723862207,0.0012744135250736888,-45.074373984698326,0.21532533959714667,True,0.9,1.0,0.0,0.0,1.0,0.0,0.10000000000000142,115
31.5,52.9747564070494,52.98,48.5,48.5,166.04500000000007,103.0,True,spoof,none,False,False,50.116587849777396,49.76849552203546,-1.616587849777396,0.0012744135250736888,-45.28393145939909,0.21532533959714667,True,0.9,1.0,0.0,0.0,1.0,0.0,0.09999999999999787,116
31.6,52.99250576634446,53.01,48.5,48.5,166.79500000000007,103.0,True,spoof,none,False,False,50.12187096983191,49.7726410524701,-1.6218709698319103,0.0012744135250736888,-45.4319224556653,0.21532533959714667,True,0.9,1.0,0.0,0.0,1.0,0.0,0.10000000000000142,117
31.700000000000003,53.01223018971001,53.0,48.5,48.5,166.79500000000007,103.0,True,spoof,none,False,False,50.12935194722309,49.778511185864005,-1.6293519472230926,0.0012744135250736888,-45.641479930366266,0.21532533959714667,True,0.9,1.0,0.0,0.0,1.0,0.0,0.10000000000000142,118
31.8,53.02998217073901,53.04,48.5,48.5,167.54500000000007,103.0,True,spoof,none,False,False,50.13463506727761,49.78265671629865,-1.6346350672776069,0.0012744135250736888,-45.78947092663247,0.21532533959714667,True,0.9,1.0,0.0,0.0,1.0,0.0,0.09999999999999787,119
31.900000000000002,53.04970895366511,53.05,48.5,48.5,167.54500000000007,103.0,True,spoof,none,False,False,50.14211604466879,49.78852684969256,-1.6421160446687892,0.0012744135250736888,-45.99902840133344,0.21532533959714667,True,0.9,1.0,0.0,0.0,1.0,0.0,0.10000000000000142,120
32.0,53.0674630582986,53.07,48.5,48.5,168.29500000000007,103.0,True,spoof,none,False,False,50.1473991647233,49.7926723801272,-1.6473991647233035,0.0012744135250736888,-46.14701939759964,0.21532533959714667,True,0.9,1.0,0.0,0.0,1.0,0.0,0.09999999999999787,121
32.1,53.08719175246874,53.11,48.5,48.5,168.29500000000007,103.0,True,spoof,none,False,False,50.154880142114486,49.79854251352111,-1.6548801421144859,0.0012744135250736888,-46.35657687230061,0.21532533959714667,True,0.9,1.0,0.0,0.0,1.0,0.0,0.10000000000000142,122
32.2,53.104947577221864,53.08,48.5,48.5,169.04500000000007,103.0,True,spoof,none,False,False,50.16016326216901,49.80268804395576,-1.6601632621690072,0.0012744135250736888,-46.504567868567015,0.21532533959714667,True,0.9,1.0,0.0,0.0,1.0,0.0,0.10000000000000142,123
32.300000000000004,53.12467781949968,53.19,48.5,48.5,169.04500000000007,103.0,True,spoof,none,False,False,50.16764423956018,49.80855817734966,-1.6676442395601825,0.0012744135250736888,-46.71412534326778,0.21532533959714667,True,0.9,1.0,0.0,0.0,1.0,0.0,0.10000000000000142,124
32.4,53.14243503754971,53.11,48.5,48.5,169.79500000000007,103.0,True,spoof,none,False,False,50.1729273596147,49.8127037077843,-1.6729273596146967,0.0012744135250736888,-46.86211633953399,0.21532533959714667,True,0.9,1.0,0.0,0.0,1.0,0.0,0.09999999999999432,125
32.5,53.16216653379474,53.12,48.5,48.5,169.79500000000007,103.0,True,spoof,none,False,False,50.18040833700587,49.81857384117821,-1.680408337005872,0.0012744135250736888,-47.07167381423476,0.21532533959714667,True,0.9,1.0,0.0,0.0,1.0,0.0,0.10000000000000142,126
32.6,53.179924880415264,53.22,48.5,48.5,170.54500000000007,103.0,True,spoof,none,False,False,50.18569145706039,49.822719371612855,-1.6856914570603934,0.0012744135250736888,-47.21966481050116,0.21532533959714667,True,0.9,1.0,0.0,0.0,1.0,0.0,0.10000000000000142,127
32.7,53.19965739237374,53.22,48.5,48.5,170.54500000000007,103.0,True,spoof,none,False,False,50.19317243445157,49.828589505006754,-1.6931724344515686,0.0012744135250736888,-47.42922228520193,0.21532533959714667,True,0.9,1.0,0.0,0.0,1.0,0.0,0.10000000000000142,128
32.800000000000004,53.21741665313636,53.24,48.5,48.5,171.29500000000007,103.0,True,spoof,none,False,False,50.198455554506076,49.832735035441395,-1.6984555545060758,0.0012744135250736888,-47.577213281467934,0.21532533959714667,True,0.9,1.0,0.0,0.0,1.0,0.0,0.10000000000000142,129
32.9,53.237149987822725,53.26,48.5,48.5,171.29500000000007,103.0,True,spoof,none,False,False,50.20593653189726,49.8386051688353,-1.7059365318972581,0.0012744135250736888,-47.7867707561689,0.21532533959714667,True,0.9,1.0,0.0,0.0,1.0,0.0,0.09999999999999432,130
33.0,53.254909989040456,53.25,48.5,48.5,172.04500000000007,103.0,True,spoof,none,False,False,50.21121965195177,49.84275069926995,-1.7112196519517724,0.0012744135250736888,-47.93476175243511,0.21532533959714667,True,0.9,1.0,0.0,0.0,1.0,0.0,0.10000000000000142,131
33.1,53.27464399013641,53.25,48.5,48.5,172.04500000000007,103.0,True,spoof,none,False,False,50.218700629342955,49.848620832663855,-1.7187006293429548,0.0012744135250736888,-48.14431922713607,0.21532533959714667,True,0.9,1.0,0.0,0.0,1.0,0.0,0.10000000000000142,132
33.2,53.29240459112277,53.29,48.5,48.5,172.79500000000007,103.0,True,spoof,none,False,False,50.22398374939747,49.852766363098496,-1.723983749397469,0.0012744135250736888,-48.29231022340228,0.21532533959714667,True,0.9,1.0,0.0,0.0,1.0,0.0,0.10000000000000142,133
33.300000000000004,53.31213913201049,53.29,48.5,48.5,172.79500000000007,103.0,True,spoof,none,False,False,50.23146472678865,49.8586364964924,-1.7314647267886514,0.0012744135250736888,-48.50186769810325,0.21532533959714667,True,0.9,1.0,0.0,0.0,1.0,0.0,0.10000000000000142,134
33.4,53.32990021880944,53.36,48.5,48.5,173.54500000000007,103.0,True,spoof,none,False,False,50.236747846843166,49.86278202692705,-1.7367478468431656,0.0012744135250736888,-48.64985869436945,0.21532533959714667,True,0.9,1.0,0.0,0.0,1.0,0.0,0.09999999999999432,135
33.5,53.349635196928496,53.34,48.5,48.5,173.54500000000007,103.0,True,spoof,none,False,False,50.24422882423435,49.868652160320956,-1.744228824234348,0.0012744135250736888,-48.85941616907042,0.21532533959714667,True,0.9,1.0,0.0,0.0,1.0,0.0,0.10000000000000142,136
33.6,53.36739667723565,53.34,48.5,48.5,174.29500000000007,103.0,True,spoof,none,False,False,50.24951194428886,49.8727976907556,-1.7495119442888623,0.0012744135250736888,-49.00740716533662,0.21532533959714667,True,0.9,1.0,0.0,0.0,1.0,0.0,0.10000000000000142,137
33.7,53.38713200951208,53.38,48.5,48.5,174.29500000000007,103.0,True,spoof,none,False,False,50.256992921680045,49.8786678241495,-1.7569929216800446,0.0012744135250736888,-49.21696464003759,0.21532533959714667,True,0.9,1.0,0.0,0.0,1.0,0.0,0.10000000000000142,138
33.800000000000004,53.40489380856087,53.42,48.5,48.5,175.04500000000007,103.0,True,spoof,none,False,False,50.26227604173456,49.88281335458415,-1.7622760417345589,0.0012744135250736888,-49.3649556363038,0.21532533959714667,True,0.9,1.0,0.0,0.0,1.0,0.0,0.10000000000000142,139
33.9,53.42462942770479,53.41,48.5,48.5,175.04500000000007,103.0,True,spoof,none,False,False,50.269757019125734,49.88868348797805,-1.7697570191257341,0.0012744135250736888,-49.57451311100456,0.21532533959714667,True,0.9,1.0,0.0,0.0,1.0,0.0,0.09999999999999432,140
34.0,53.442391484934305,53.42,48.5,48.5,175.79500000000007,103.0,True,spoof,none,False,False,50.27504013918025,49.8928290184127,-1.7750401391802484,0.0012744135250736888,-49.72250410727077,0.21532533959714667,True,0.9,1.0,0.0,0.0,1.0,0.0,0.10000000000000142,141
34.1,53.46212733644087,53.47,48.5,48.5,175.79500000000007,103.0,True,spoof,none,False,False,50.282521116571424,49.898699151806596,-1.7825211165714236,0.0012744135250736888,-49.93206158197154,0.21532533959714667,True,0.9,1.0,0.0,0.0,1.0,0.0,0.10000000000000142,142
34.2,53.47988960279679,53.49,48.5,48.5,176.54500000000007,103.0,True,spoof,none,False,False,50.28780423662594,49.90284468224124,-1.787804236625938,0.0012744135250736888,-50.08005257823774,0.21532533959714667,True,0.9,1.0,0.0,0.0,1.0,0.0,0.10000000000000142,143
34.300000000000004,53.49962564251711,53.48,48.5,48.5,176.54500000000007,103.0,True,spoof,none,False,False,50.29528521401711,49.90871481563514,-1.7952852140171132,0.0012744135250736888,-50.28961005293851,0.21532533959714667,True,0.9,1.0,0.0,0.0,1.0,0.0,0.10000000000000142,144
34.4,53.5173880782654,53.5,48.5,48.5,177.29500000000007,103.0,True,spoof,none,False,False,50.30056833407163,49.912860346069785,-1.8005683340716274,0.0012744135250736888,-50.437601049204716,0.21532533959714667,True,0.9,1.0,0.0,0.0,1.0,0.0,0.09999999999999432,145
34.5,53.53712427043886,53.54,48.5,48.5,177.29500000000007,103.0,True,spoof,none,False,False,50.3080493114628,49.91873047946369,-1.8080493114628027,0.0012744135250736888,-50.64715852390548,0.21532533959714667,True,0.9,1.0,0.0,0.0,1.0,0.0,0.10000000000000142,146
34.6,53.554886843394975,53.51,48.5,48.5,178.04500000000007,103.0,True,spoof,none,False,False,50.31333243151732,49.92287600989833,-1.813332431517317,0.0012744135250736888,-50.79514952017169,0.21532533959714667,True,0.9,1.0,0.0,0.0,1.0,0.0,0.10000000000000142,147
34.7,53.57462315905548,53.53,48.5,48.5,178.04500000000007,103.0,True,spoof,none,False,False,50.3208134089085,49.92874614329224,-1.8208134089084993,0.0012744135250736888,-51.004706994872656,0.21532533959714667,True,0.9,1.0,0.0,0.0,1.0,0.0,0.10000000000000142,148
34.800000000000004,53.59238584314993,53.57,48.5,48.5,178.79500000000007,103.0,True,spoof,none,False,False,50.326096528963014,49.93289167372688,-1.8260965289630136,0.0012744135250736888,-51.152697991138865,0.21532533959714667,True,0.9,1.0,0.0,0.0,1.0,0.0,0.10000000000000142,149
34.9,53.61212225883494,53.61,48.5,48.5,178.79500000000007,103.0,True,spoof,none,False,False,50.33357750635419,49.938761807120784,-1.8335775063541888,0.0012744135250736888,-51.36225546583963,0.21532533959714667,True,0.9,1.0,0.0,0.0,1.0,0.0,0.09999999999999432,150
35.0,53.62988503295144,53.64,48.5,48.5,179.5450000000001,103.0,True,spoof,none,False,False,50.3388606264087,49.942907337555425,-1.838860626408703,0.0012744135250736888,-51.51024646210583,0.21532533959714667,True,0.9,1.0,0.0,0.0,1.0,0.0,0.10000000000000142,151
35.1,53.6496215296563,53.7,48.5,48.5,179.5450000000001,103.0,True,spoof,none,False,False,50.346341603799885,49.94877747094934,-1.8463416037998854,0.0012744135250736888,-51.7198039368068,0.21532533959714667,True,0.9,1.0,0.0,0.0,1.0,0.0,0.10000000000000142,152
35.2,53.66738437669067,53.69,48.5,48.5,180.2950000000001,103.0,True,spoof,none,False,False,50.35162472385441,49.952923001383986,-1.8516247238544068,0.0012744135250736888,-51.867794933073206,0.21532533959714667,True,0.9,1.0,0.0,0.0,1.0,0.0,0.10000000000000142,153
35.300000000000004,53.687120939021604,53.68,48.5,48.5,180.2950000000001,103.0,True,spoof,none,False,False,50.35910570124559,49.95879313477789,-1.8591057012455892,0.0012744135250736888,-52.07735240777417,0.21532533959714667,True,0.9,1.0,0.0,0.0,1.0,0.0,0.10000000000000142,154
35.4,53.70488384511945,53.7,48.5,48.5,181.0450000000001,103.0,True,spoof,none,False,False,50.3643888213001,49.96293866521253,-1.8643888213001034,0.0012744135250736888,-52.22534340404038,0.21532533959714667,True,0.9,1.0,0.0,0.0,1.0,0.0,0.09999999999999432,155
35.5,53.724620460607504,53.69,48.5,48.5,181.0450000000001,103.0,True,spoof,none,False,False,50.371869798691286,49.96880879860644,-1.8718697986912858,0.0012744135250736888,-52.434900878741345,0.21532533959714667,True,0.9,1.0,0.0,0.0,1.0,0.0,0.10000000000000142,156
35.6,53.74238341454675,53.74,48.5,48.5,181.7950000000001,103.0,True,spoof,none,False,False,50.3771529187458,49.97295432904109,-1.8771529187458,0.0012744135250736888,-52.58289187500755,0.21532533959714667,True,0.9,1.0,0.0,0.0,1.0,0.0,0.10000000000000142,157
35.7,53.76212007309208,53.75,48.5,48.5,181.7950000000001,103.0,True,spoof,none,False,False,50.384633896136975,49.978824462434986,-1.8846338961369753,0.0012744135250736888,-52.79244934970832,0.21532533959714667,True,0.9,1.0,0.0,0.0,1.0,0.0,0.10000000000000142,158
35.800000000000004,53.77988306578287,53.79,48.5,48.5,182.5450000000001,103.0,True,spoof,none,False,False,50.38991701619149,49.982969992869634,-1.8899170161914896,0.0012744135250736888,-52.94044034597452,0.21532533959714667,True,0.9,1.0,0.0,0.0,1.0,0.0,0.10000000000000142,159
35.9,53.79961975920458,53.77,48.5,48.5,182.5450000000001,103.0,True,spoof,none,False,False,50.39739799358267,49.98884012626354,-1.897397993582672,0.0012744135250736888,-53.14999782067549,0.21532533959714667,True,0.9,1.0,0.0,0.0,1.0,0.0,0.09999999999999432,160
36.0,53.817382783284124,53.83,48.5,48.5,183.2950000000001,103.0,True,spoof,none,False,False,50.402681113637186,49.99298565669818,-1.9026811136371862,0.0012744135250736888,-53.2979888169417,0.21532533959714667,True,0.9,1.0,0.0,0.0,1.0,0.0,0.10000000000000142,161
36.1,53.83711950495571,53.89,48.5,48.5,183.2950000000001,103.0,True,spoof,none,False,False,50.41016209102836,49.99885579009209,-1.9101620910283614,0.0012744135250736888,-53.50754629164246,0.21532533959714667,True,0.9,1.0,0.0,0.0,1.0,0.0,0.10000000000000142,162
36.2,53.85488255446014,53.85,48.5,48.5,184.0450000000001,103.0,True,spoof,none,False,False,50.415445211082876,50.00300132052673,-1.9154452110828757,0.0012744135250736888,-53.65553728790867,0.21532533959714667,True,0.9,1.0,0.0,0.0,1.0,0.0,0.10000000000000142,163
36.300000000000004,53.87461929901413,53.89,48.5,48.5,184.0450000000001,103.0,True,spoof,none,False,False,50.42292618847406,50.008871453920634,-1.922926188474058,0.0012744135250736888,-53.86509476260964,0.21532533959714667,True,0.9,1.0,0.0,0.0,1.0,0.0,0.10000000000000142,164
36.4,53.89238236911272,53.91,48.5,48.5,184.7950000000001,103.0,True,spoof,none,False,False,50.42820930852857,50.013016984355275,-1.9282093085285723,0.0012744135250736888,-54.01308575887584,0.21532533959714667,True,0.9,1.0,0.0,0.0,1.0,0.0,0.09999999999999432,165
36.5,53.91211913220145,53.9,48.5,48.5,184.7950000000001,103.0,True,spoof,none,False,False,50.43569028591975,50.01888711774918,-1.9356902859197476,0.0012744135250736888,-54.22264323357661,0.21532533959714667,True,0.9,1.0,0.0,0.0,1.0,0.0,0.10000000000000142,166
36.6,53.929882218981305,53.94,48.5,48.5,185.5450000000001,103.0,True,spoof,none,False,False,50.44097340597426,50.02303264818382,-1.9409734059742618,0.0012744135250736888,-54.370634229842814,0.21532533959714667,True,0.9,1.0,0.0,0.0,1.0,0.0,0.10000000000000142,167
36.7,53.94961899708318,53.95,48.5,48.5,185.5450000000001,103.0,True,spoof,none,False,False,50.448454383365444,50.02890278157773,-1.9484543833654442,0.0012744135250736888,-54.58019170454378,0.21532533959714667,True,0.9,1.0,0.0,0.0,1.0,0.0,0.10000000000000142,168
36.800000000000004,53.96738209737486,53.97,48.5,48.5,186.2950000000001,103.0,True,spoof,none,False,False,50.45373750341996,50.033048312012376,-1.9537375034199584,0.0012744135250736888,-54.72818270080999,0.21532533959714667,True,0.9,1.0,0.0,0.0,1.0,0.0,0.10000000000000142,169
36.9,53.98711888763737,53.96,48.5,48.5,186.2950000000001,103.0,True,spoof,none,False,False,50.46121848081114,50.03891844540628,-1.9612184808111408,0.0012744135250736888,-54.93774017551095,0.21532533959714667,True,0.9,1.0,0.0,0.0,1.0,0.0,0.09999999999999432,170
37.0,54.004881998873635,54.01,48.5,48.5,187.04500000000013,103.0,True,spoof,none,False,False,50.466501600865655,50.04306397584092,-1.966501600865655,0.0012744135250736888,-55.08573117177716,0.21532533959714667,True,0.9,1.0,0.0,0.0,1.0,0.0,0.10000000000000142,171
37.1,54.024618798986275,54.04,48.5,48.5,187.04500000000013,103.0,True,spoof,none,False,False,50.47398257825684,50.048934109234835,-1.9739825782568374,0.0012744135250736888,-55.29528864647813,0.21532533959714667,True,0.9,1.0,0.0,0.0,1.0,0.0,0.10000000000000142,172
37.2,54.042381919087646,54.09,48.5,48.5,187.79500000000013,103.0,True,spoof,none,False,False,50.47926569831136,50.053079639669484,-1.9792656983113588,0.0012744135250736888,-55.44327964274453,0.21532533959714667,True,0.9,1.0,0.0,0.0,1.0,0.0,0.10000000000000142,173
37.300000000000004,54.062118727178884,54.09,48.5,48.5,187.79500000000013,103.0,True,spoof,none,False,False,50.486746675702534,50.05894977306338,-1.986746675702534,0.0012744135250736888,-55.6528371174453,0.21532533959714667,True,0.9,1.0,0.0,0.0,1.0,0.0,0.10000000000000142,174
37.4,54.07988185446099,54.15,48.5,48.5,188.54500000000013,103.0,True,spoof,none,False,False,50.49202979575704,50.063095303498024,-1.9920297957570412,0.0012744135250736888,-55.800828113711304,0.21532533959714667,True,0.9,1.0,0.0,0.0,1.0,0.0,0.09999999999999432,175
37.5,54.099618669014895,54.08,48.5,48.5,188.54500000000013,103.0,True,spoof,none,False,False,50.499510773148224,50.06896543689193,-1.9995107731482236,0.0012744135250736888,-56.01038558841227,0.21532533959714667,True,0.9,1.0,0.0,0.0,1.0,0.0,0.10000000000000142,176
37.6,54.11738180211341,54.14,48.5,48.5,189.29500000000013,103.0,True,spoof,none,False,False,50.50479389320274,50.07311096732657,-2.004793893202738,0.0012744135250736888,-56.15837658467848,0.21532533959714667,True,0.9,1.0,0.0,0.0,1.0,0.0,0.10000000000000142,177
37.7,54.13711862190207,54.14,48.5,48.5,189.29500000000013,103.0,True,spoof,none,False,False,50.51227487059391,50.078981100720476,-2.012274870593913,0.0012744135250736888,-56.367934059379245,0.21532533959714667,True,0.9,1.0,0.0,0.0,1.0,0.0,0.10000000000000142,178
37.800000000000004,54.15488175971186,54.22,48.5,48.5,190.04500000000013,103.0,True,spoof,none,False,False,50.51755799064843,50.08312663115512,-2.0175579906484273,0.0012744135250736888,-56.515925055645454,0.21532533959714667,True,0.9,1.0,0.0,0.0,1.0,0.0,0.10000000000000142,179
37.9,54.174618583740674,54.15,48.5,48.5,190.04500000000013,103.0,True,spoof,none,False,False,50.52503896803961,50.08899676454902,-2.0250389680396097,0.0012744135250736888,-56.72548253034642,0.21532533959714667,True,0.9,1.0,0.0,0.0,1.0,0.0,0.09999999999999432,180
38.0,54.19238172536661,54.17,48.5,48.5,190.79500000000013,103.0,True,spoof,none,False,False,50.530322088094124,50.09314229498367,-2.030322088094124,0.0012744135250736888,-56.87347352661262,0.21532533959714667,True,0.9,1.0,0.0,0.0,1.0,0.0,0.10000000000000142,181
38.1,54.21211855282995,54.19,48.5,48.5,190.79500000000013,103.0,True,spoof,none,False,False,50.537803065485306,50.09901242837758,-2.0378030654853063,0.0012744135250736888,-57.08303100131359,0.21532533959714667,True,0.9,1.0,0.0,0.0,1.0,0.0,0.10000000000000142,182
38.2,54.22988169754696,54.16,48.5,48.5,191.54500000000013,103.0,True,spoof,none,False,False,50.54308618553982,50.10315795881222,-2.0430861855398206,0.0012744135250736888,-57.231021997579795,0.21532533959714667,True,0.9,1.0,0.0,0.0,1.0,0.0,0.10000000000000142,183
38.300000000000004,54.249618527792265,54.23,48.5,48.5,191.54500000000013,103.0,True,spoof,none,False,False,50.550567162931,50.109028092206124,-2.050567162931003,0.0012744135250736888,-57.44057947228076,0.21532533959714667,True,0.9,1.0,0.0,0.0,1.0,0.0,0.10000000000000142,184
38.400000000000006,54.26738167501304,54.24,48.5,48.5,192.29500000000013,103.0,True,spoof,none,False,False,50.55585028298552,50.11317362264077,-2.055850282985517,0.0012744135250736888,-57.58857046854697,0.21532533959714667,True,0.9,1.0,0.0,0.0,1.0,0.0,0.10000000000000142,185
38.5,54.287118507511735,54.29,48.5,48.5,192.29500000000013,103.0,True,spoof,none,False,False,50.5633312603767,50.11904375603468,-2.0633312603766996,0.0012744135250736888,-57.798127943247934,0.21532533959714667,True,0.9,1.0,0.0,0.0,1.0,0.0,0.09999999999999432,186
38.6,54.304881656760564,54.32,48.5,48.5,193.04500000000013,103.0,True,spoof,none,False,False,50.568614380431214,50.12318928646932,-2.068614380431214,0.0012744135250736888,-57.94611893951414,0.21532533959714667,True,0.9,1.0,0.0,0.0,1.0,0.0,0.10000000000000142,187
38.7,54.32461849108451,54.38,48.5,48.5,193.04500000000013,103.0,True,spoof,none,False,False,50.57609535782239,50.129059419863225,-2.076095357822389,0.0012744135250736888,-58.15567641421491,0.21532533959714667,True,0.9,1.0,0.0,0.0,1.0,0.0,0.10000000000000142,188
38.800000000000004,54.342381641976054,54.37,48.5,48.5,193.79500000000013,103.0,True,spoof,none,False,False,50.58137847787691,50.13320495029787,-2.0813784778769104,0.0012744135250736888,-58.30366741048131,0.21532533959714667,True,0.9,1.0,0.0,0.0,1.0,0.0,0.10000000000000142,189
38.900000000000006,54.36211847777845,54.34,48.5,48.5,193.79500000000013,103.0,True,spoof,none,False,False,50.588859455268086,50.13907508369177,-2.0888594552680857,0.0012744135250736888,-58.51322488518208,0.21532533959714667,True,0.9,1.0,0.0,0.0,1.0,0.0,0.10000000000000142,190
39.0,54.37988163000061,54.35,48.5,48.5,194.54500000000013,103.0,True,spoof,none,False,False,50.59414257532259,50.14322061412641,-2.094142575322593,0.0012744135250736888,-58.661215881448086,0.21532533959714667,True,0.9,1.0,0.0,0.0,1.0,0.0,0.09999999999999432,191
39.1,54.39961846700055,54.42,48.5,48.5,194.54500000000013,103.0,True,spoof,none,False,False,50.601623552713775,50.14909074752032,-2.101623552713775,0.0012744135250736888,-58.87077335614905,0.21532533959714667,True,0.9,1.0,0.0,0.0,1.0,0.0,0.10000000000000142,192
39.2,54.417381620300496,54.38,48.5,48.5,195.29500000000013,103.0,True,spoof,none,False,False,50.60690667276829,50.15323627795496,-2.1069066727682895,0.0012744135250736888,-59.01876435241526,0.21532533959714667,True,0.9,1.0,0.0,0.0,1.0,0.0,0.10000000000000142,193
39.300000000000004,54.43711845827045,54.5,48.5,48.5,195.29500000000013,103.0,True,spoof,none,False,False,50.614387650159465,50.159106411348866,-2.1143876501594647,0.0012744135250736888,-59.22832182711603,0.21532533959714667,True,0.9,1.0,0.0,0.0,1.0,0.0,0.10000000000000142,194
39.400000000000006,54.4548816124434,54.49,48.5,48.5,196.04500000000013,103.0,True,spoof,none,False,False,50.61967077021398,50.16325194178351,-2.119670770213979,0.0012744135250736888,-59.376312823382236,0.21532533959714667,True,0.9,1.0,0.0,0.0,1.0,0.0,0.10000000000000142,195
39.5,54.47461845119906,54.46,48.5,48.5,196.04500000000013,103.0,True,spoof,none,False,False,50.627151747605154,50.16912207517741,-2.1271517476051542,0.0012744135250736888,-59.585870298083,0.21532533959714667,True,0.9,1.0,0.0,0.0,1.0,0.0,0.09999999999999432,196
39.6,54.49238160607916,54.44,48.5,48.5,196.79500000000013,103.0,True,spoof,none,False,False,50.63243486765967,50.173267605612054,-2.1324348676596685,0.0012744135250736888,-59.733861294349204,0.21532533959714667,True,0.9,1.0,0.0,0.0,1.0,0.0,0.10000000000000142,197
39.7,54.512118445471245,54.55,48.5,48.5,196.79500000000013,103.0,True,spoof,none,False,False,50.63991584505085,50.17913773900596,-2.139915845050851,0.0012744135250736888,-59.943418769050176,0.21532533959714667,True,0.9,1.0,0.0,0.0,1.0,0.0,0.10000000000000142,198
39.800000000000004,54.52988160092412,54.53,48.5,48.5,197.5,103.0,True,spoof,none,False,False,50.645198965105365,50.18328326944061,-2.145198965105365,0.0012744135250736888,-60.09140976531638,0.21532533959714667,True,0.9,1.0,0.0,0.0,1.0,0.0,0.10000000000000142,199
39.900000000000006,54.54939344083171,54.59,48.5,48.5,197.5,103.0,True,spoof,none,False,False,50.65245494249655,50.188976851035925,-2.152454942496547,0.0012744135250736888,-60.294664529911124,0.21532533959714667,True,0.9,1.0,0.0,0.0,1.0,0.0,0.10000000000000142,200
40.0,54.56695409674854,54.52,54.52,54.52,104.93999999999996,103.0,False,spoof,none,False,False,50.65757916593233,51.489256243695046,3.8624208340676702,0.0012744135250736888,108.19430589024898,0.21532533959714667,True,0.9,1.0,1.0,0.0,0.0,60.200000000003456,0.09999999999999432,1
40.1,54.119958687073684,54.1,54.1,54.1,104.93999999999996,103.0,False,spoof,none,False,False,51.365030619325545,51.95393883000707,2.734969380674457,0.0012744135250736888,76.61208513664843,0.21532533959714667,True,0.9,1.0,1.0,0.0,0.0,4.1999999999999575,0.10000000000000142,1
40.2,53.717662818366314,53.72,53.72,53.72,115.08000000000001,103.0,False,spoof,none,False,False,51.78324494700637,52.20027738650871,1.9367550529936324,0.0012744135250736888,54.25246953667586,0.21532533959714667,True,0.9,1.0,1.0,0.0,0.0,3.7999999999999714,0.10000000000000142,1
40.300000000000004,53.40629653652968,53.41,53.41,53.41,115.08000000000001,103.0,False,spoof,none,False,False,52.05564964785784,52.34727559736636,1.3543503521421556,0.0012744135250736888,37.93812289685561,0.21532533959714667,True,0.9,1.0,1.0,0.0,0.0,3.0999999999999788,0.10000000000000142,1
40.400000000000006,53.126066882876714,53.11,53.11,53.11,122.67500000000001,103.0,False,spoof,none,False,False,52.18794803762973,52.38648918955332,0.9220519623702685,0.0012744135250736888,25.828560985243836,0.21532533959714667,True,0.9,1.0,1.0,0.0,0.0,2.999999999999929,0.10000000000000142,1
40.5,52.911835194589045,52.93,52.93,52.93,122.67500000000001,103.0,False,spoof,none,False,False,52.26121527059799,52.40522156957386,0.6687847294020131,0.0012744135250736888,18.734027879464637,0.21532533959714667,True,0.9,1.0,0.9000000000000498,0.0,0.0,1.8000000000000995,0.09999999999999432,1
40.6,52.71902667513014,52.69,52.69,52.69,127.63000000000004,103.0,False,spoof,none,False,False,52.278074412616476,52.36677242960859,0.4119255873835215,0.0012744135250736888,11.538878056034319,0.21532533959714667,True,0.9,1.0,1.0,0.0,0.0,2.3999999999999857,0.10000000000000142,1
40.7,52.57027400761712,52.57,52.57,52.57,127.63000000000004,103.0,False,spoof,none,False,False,52.26824518664773,52.333220644307886,0.30175481335226806,0.0012744135250736888,8.452769385387558,0.21532533959714667,True,0.9,1.0,0.5999999999999787,0.0,0.0,1.1999999999999573,0.10000000000000142,1
40.800000000000004,52.43639660685541,52.44,52.44,52.44,130.16000000000003,103.0,False,spoof,none,False,False,52.2380485798771,52.28153383799719,0.2019514201228958,0.0012744135250736888,5.657072251429336,0.21532533959714667,True,0.6456251653565072,0.7173612948405635,0.6500000000000036,0.0,0.0,1.3000000000000071,0.10000000000000142,1
40.900000000000006,52.32855694616987,52.34,52.34,52.34,130.16000000000003,103.0,False,spoof,none,False,False,52.20418045419747,52.23342584402133,0.13581954580253353,0.0012744135250736888,3.8045832175563854,0.21532533959714667,False,0.44999999999996804,0.32835026942666784,0.4999999999999645,0.0,0.0,0.999999999999929,0.10000000000000142,1
41.0,52.231501251552885,52.25,52.25,52.25,131.885,103.0,False,spoof,none,False,False,52.1608832596192,52.18007235200548,0.08911674038080264,0.0012744135250736888,2.4963421343572674,0.21532533959714667,False,0.4050000000000384,0.0536278845929567,0.45000000000004264,0.0,0.0,0.9000000000000853,0.09999999999999432,1
41.1,52.1527761263976,52.12,52.12,52.12,131.885,103.0,False,spoof,none,False,False,52.121490116804935,52.12116925689787,-0.0014901168049377134,0.0012744135250736888,-0.041741218870715836,0.21532533959714667,True,0.5850000000000032,0.0,0.6500000000000036,0.0,0.0,1.3000000000000071,0.10000000000000142,1
41.2,52.081923513757836,52.03,52.03,52.03,134.17,103.0,False,spoof,none,False,False,52.068477331208086,52.060192186798915,-0.038477331208085275,0.0012744135250736888,-1.077828730067135,0.21532533959714667,False,0.40499999999997766,0.0,0.44999999999997514,0.0,0.0,0.8999999999999503,0.10000000000000142,1
41.300000000000004,52.02958116238205,52.07,52.07,52.07,134.17,103.0,False,spoof,none,False,False,52.025022968119025,52.034707662782864,0.04497703188097546,0.0012744135250736888,1.2598986372598056,0.21532533959714667,False,0.0,0.0,0.0,0.0,0.0,0.3999999999999858,0.10000000000000142,1
41.400000000000006,51.982473046143845,51.99,51.99,51.99,133.77499999999998,103.0,False,spoof,none,False,False,52.00208689650458,51.999484281410055,-0.012086896504577282,0.0012744135250736888,-0.33857868778705535,0.21532533959714667,False,0.3599999999999872,0.0,0.3999999999999858,0.0,0.0,0.7999999999999716,0.10000000000000142,1
41.5,51.93810074152946,51.91,51.91,51.91,133.77499999999998,103.0,False,spoof,none,False,False,51.96841085326905,51.95583351645273,-0.058410853269052154,0.0012744135250736888,-1.6362074453825701,0.21532533959714667,False,0.3600000000000448,0.0,0.40000000000004976,0.0,0.0,0.8000000000000995,0.09999999999999432,1
41.6,51.89816566737652,51.95,51.95,51.95,133.39999999999998,103.0,False,spoof,none,False,False,51.92912516480746,51.93362004578433,0.020874835192543628,0.0012744135250736888,0.5847468210376348,0.21532533959714667,False,0.0,0.0,0.0,0.0,0.0,0.40000000000005687,0.10000000000000142,1
41.7,51.860349100638864,51.86,51.86,51.86,133.39999999999998,103.0,False,spoof,none,False,False,51.9072580412059,51.89708218743454,-0.04725804120590027,0.0012744135250736888,-1.3237943729245074,0.21532533959714667,False,0.40500000000000963,0.0,0.45000000000001067,0.0,0.0,0.9000000000000213,0.10000000000000142,1
41.800000000000004,51.826314190574976,51.86,51.86,51.86,133.82000000000002,103.0,False,spoof,none,False,False,51.87437396869109,51.871278889001324,-0.01437396869108909,0.0012744135250736888,-0.40264425660285463,0.21532533959714667,False,0.0,0.0,0.0,0.0,0.0,0.0,0.10000000000000142,2
41.900000000000006,51.797782771517475,51.8,51.8,51.8,133.82000000000002,103.0,False,spoof,none,False,False,51.853251000101196,51.84178471042052,-0.05325100010119854,0.0012744135250736888,-1.491669406682217,0.21532533959714667,False,0.2700000000000064,0.0,0.3000000000000071,0.0,0.0,0.6000000000000142,0.10000000000000142,1
42.0,51.77210449436573,51.84,51.84,51.84,133.19999999999993,103.0,False,spoof,none,False,False,51.82670623937847,51.82956872289882,0.013293760621536421,0.0012744135250736888,0.37238541963940186,0.21532533959714667,False,0.0,0.0,0.0,0.0,0.0,0.4000000000000853,0.09999999999999432,1
42.1,51.74589404492915,51.8,51.8,51.8,133.19999999999993,103.0,False,spoof,none,False,False,51.81261185060894,51.80989619959362,-0.01261185060894121,0.0012744135250736888,-0.3532837257375879,0.21532533959714667,False,0.0,0.0,0.0,0.0,0.0,0.40000000000005687,0.10000000000000142,1
42.2,51.722304640436235,51.71,51.71,51.71,134.29500000000002,103.0,False,spoof,none,False,False,51.79490657963425,51.77662404154047,-0.08490657963425008,0.0012744135250736888,-2.378406922419239,0.21532533959714667,False,0.40499999999997766,0.028862233142647516,0.44999999999997514,0.0,0.0,0.8999999999999503,0.10000000000000142,1
42.300000000000004,51.70654917639261,51.74,51.74,51.74,134.29500000000002,103.0,False,spoof,none,False,False,51.770436637386425,51.763882858105,-0.03043663738642266,0.0012744135250736888,-0.8525924535750644,0.21532533959714667,False,0.0,0.0,0.0,0.0,0.0,0.3000000000000071,0.10000000000000142,1
42.400000000000006,51.69236925875335,51.71,51.71,51.71,133.44,103.0,False,spoof,none,False,False,51.758969572294504,51.74842518251026,-0.04896957229450294,0.0012744135250736888,-1.3717378586543962,0.21532533959714667,False,0.0,0.0,0.0,0.0,0.0,0.3000000000000071,0.10000000000000142,1
42.5,51.675332332878014,51.72,51.72,51.72,133.44,103.0,False,spoof,none,False,False,51.740782664259235,51.73630763001988,-0.020782664259236583,0.0012744135250736888,-0.582164924713844,0.21532533959714667,False,0.0,0.0,0.0,0.0,0.0,0.0999999999999858,0.09999999999999432,1
42.6,51.659999099590216,51.63,51.63,51.63,133.82499999999996,103.0,False,spoof,none,False,False,51.72987686701789,51.708370846709364,-0.09987686701789045,0.0012744135250736888,-2.7977552850223764,0.21532533959714667,False,0.40499999999997766,0.11692274716406145,0.44999999999997514,0.0,0.0,0.8999999999999503,0.10000000000000142,1
42.7,51.6481241896312,51.67,51.67,51.67,133.82499999999996,103.0,False,spoof,none,False,False,51.70665876203843,51.698765201653295,-0.036658762038427994,0.0012744135250736888,-1.026886888802971,0.21532533959714667,False,0.0,0.0,0.0,0.0,0.0,0.3999999999999858,0.10000000000000142,1
42.800000000000004,51.637436770668074,51.67,51.67,51.67,132.39,103.0,False,spoof,none,False,False,51.698013681487964,51.6919816260082,-0.028013681487962572,0.0012744135250736888,-0.784720504116752,0.21532533959714667,False,0.0,0.0,0.0,0.0,0.0,0.0,0.10000000000000142,2
42.900000000000006,51.62064309360127,51.57,51.57,51.57,132.39,103.0,False,spoof,none,False,False,51.684733463407376,51.660028441436026,-0.11473346340737578,0.0012744135250736888,-3.2139189303906432,0.21532533959714667,False,0.45,0.20431449063162224,0.5,0.0,0.0,1.0,0.10000000000000142,1
43.0,51.60552878424114,51.57,51.57,51.57,133.105,103.0,False,spoof,none,False,False,51.655975597292425,51.63746287260837,-0.08597559729242477,0.0012744135250736888,-2.408352293076538,0.21532533959714667,False,0.03163551507754288,0.03515057230838097,0.0,0.0,0.0,0.0,0.09999999999999432,2
43.1,51.595500905817026,51.53,51.53,51.53,133.105,103.0,False,spoof,none,False,False,51.639241585347534,51.615719103884445,-0.10924158534753303,0.0012744135250736888,-3.0600801955025014,0.21532533959714667,False,0.15480839301635135,0.17200932557372373,0.0,0.0,0.0,0.3999999999999858,0.10000000000000142,1
43.2,51.586475815235325,51.58,51.58,51.58,132.16500000000002,103.0,False,spoof,none,False,False,51.619672193496,51.61112976495891,-0.039672193496002706,0.0012744135250736888,-1.1112992661452854,0.21532533959714667,False,0.0,0.0,0.0,0.0,0.0,0.4999999999999645,0.10000000000000142,1
43.300000000000004,51.573653233711795,51.6,51.6,51.6,132.16500000000002,103.0,False,spoof,none,False,False,51.61084178846302,51.60850727668038,-0.010841788463018531,0.0012744135250736888,-0.30370066540104207,0.21532533959714667,False,0.0,0.0,0.0,0.0,0.0,0.20000000000002843,0.10000000000000142,1
43.400000000000006,51.562112910340616,51.61,51.61,51.61,130.91000000000003,103.0,False,spoof,none,False,False,51.608481549012346,51.60880850998692,0.0015184509876533525,0.0012744135250736888,0.04253491726961805,0.21532533959714667,False,0.0,0.0,0.0,0.0,0.0,0.09999999999997869,0.10000000000000142,1
43.5,51.545451619306554,51.55,51.55,51.55,130.91000000000003,103.0,False,spoof,none,False,False,51.60247765898823,51.59117788924532,-0.05247765898823076,0.0012744135250736888,-1.4700065406900031,0.21532533959714667,False,0.27000000000002555,0.0,0.3000000000000284,0.0,0.0,0.6000000000000568,0.09999999999999432,1
43.6,51.5304564573759,51.58,51.58,51.58,130.57000000000005,103.0,False,spoof,none,False,False,51.58661010032079,51.58518677822445,-0.006610100320791901,0.0012744135250736888,-0.1851624270884569,0.21532533959714667,False,0.0,0.0,0.0,0.0,0.0,0.3000000000000071,0.10000000000000142,1
43.7,51.515260811638306,51.47,51.47,51.47,130.57000000000005,103.0,False,spoof,none,False,False,51.579518100402005,51.55593607824091,-0.10951810040200627,0.0012744135250736888,-3.067825947628488,0.21532533959714667,False,0.49499999999999045,0.17363588471768393,0.5499999999999894,0.0,0.0,1.0999999999999788,0.10000000000000142,1
43.800000000000004,51.50158473047448,51.45,51.45,51.45,131.79499999999996,103.0,False,spoof,none,False,False,51.553192470416825,51.53097251668046,-0.10319247041682189,0.0012744135250736888,-2.8906321163584754,0.21532533959714667,False,0.12278366691258648,0.13642629656954053,0.0,0.0,0.0,0.19999999999995738,0.10000000000000142,1
43.900000000000006,51.49540125742703,51.49,51.49,51.49,131.79499999999996,103.0,False,spoof,none,False,False,51.53685026501241,51.526762215788395,-0.04685026501240941,0.0012744135250736888,-1.3123717278765705,0.21532533959714667,False,0.0,0.0,0.0,0.0,0.0,0.3999999999999858,0.10000000000000142,1
44.0,51.48983613168432,51.5,51.5,51.5,130.29500000000002,103.0,False,spoof,none,False,False,51.533060994209556,51.52594212440396,-0.03306099420955633,0.0012744135250736888,-0.9261060547815536,0.21532533959714667,False,0.0,0.0,0.0,0.0,0.0,0.0999999999999858,0.09999999999999432,1
44.1,51.47732751851589,51.48,51.48,51.48,130.29500000000002,103.0,False,spoof,none,False,False,51.52482291196356,51.51517140322327,-0.04482291196356414,0.0012744135250736888,-1.2555814232107556,0.21532533959714667,False,0.0,0.0,0.0,0.0,0.0,0.20000000000002843,0.10000000000000142,1
44.2,51.466069766664305,51.4,51.4,51.4,131.09500000000003,103.0,False,spoof,none,False,False,51.51512926290094,51.49033901526923,-0.11512926290094327,0.0012744135250736888,-3.2250060835823757,0.21532533959714667,False,0.3599999999999872,0.20664272294672514,0.3999999999999858,0.0,0.0,0.7999999999999716,0.10000000000000142,1
44.300000000000004,51.45993778999787,51.46,51.46,51.46,131.09500000000003,103.0,False,spoof,none,False,False,51.49678011374231,51.48886042326033,-0.03678011374231005,0.0012744135250736888,-1.0302861981828064,0.21532533959714667,False,0.2700000000000064,0.0,0.3000000000000071,0.0,0.0,0.6000000000000142,0.10000000000000142,1
44.400000000000006,51.45441901099809,51.41,51.41,51.41,130.24000000000007,103.0,False,spoof,none,False,False,51.495449380934296,51.47704996396625,-0.08544938093429977,0.0012744135250736888,-2.3936118968169544,0.21532533959714667,False,0.028849663769822297,0.03205518196646922,0.0,0.0,0.0,0.5000000000000355,0.10000000000000142,1
44.5,51.44517710989828,51.47,51.47,51.47,130.24000000000007,103.0,False,spoof,none,False,False,51.48054496756963,51.478274368846655,-0.010544967569629193,0.0012744135250736888,-0.2953861052032704,0.21532533959714667,False,0.27000000000002555,0.0,0.3000000000000284,0.0,0.0,0.6000000000000568,0.09999999999999432,1
44.6,51.43685939890845,51.45,51.45,51.45,128.91499999999996,103.0,False,spoof,none,False,False,51.481646931962,51.474832545590075,-0.031646931961994085,0.0012744135250736888,-0.8864952795881423,0.21532533959714667,False,0.0,0.0,0.0,0.0,0.0,0.19999999999995738,0.10000000000000142,1
44.7,51.422748459017605,51.39,51.39,51.39,128.91499999999996,103.0,False,spoof,none,False,False,51.47192429103107,51.45428391524355,-0.08192429103107202,0.0012744135250736888,-2.294866920113111,0.21532533959714667,False,0.2700000000000064,0.011319359006305969,0.3000000000000071,0.0,0.0,0.6000000000000142,0.10000000000000142,1
44.800000000000004,51.41004861311585,51.39,51.39,51.39,129.12,103.0,False,spoof,none,False,False,51.4534305237192,51.439772324658534,-0.0634305237191981,0.0012744135250736888,-1.7768186794979823,0.21532533959714667,False,0.0,0.0,0.0,0.0,0.0,0.0,0.10000000000000142,2
44.900000000000006,51.39964375180426,51.37,51.37,51.37,129.12,103.0,False,spoof,none,False,False,51.441395092192685,51.426021919720725,-0.07139509219268803,0.0012744135250736888,-1.999922529317757,0.21532533959714667,False,0.0,0.0,0.0,0.0,0.0,0.20000000000002843,0.10000000000000142,1
45.0,51.39027937662384,51.39,51.39,51.39,128.425,103.0,False,spoof,none,False,False,51.42901972774865,51.42061779162019,-0.039019727748652144,0.0012744135250736888,-1.0930223663240373,0.21532533959714667,False,0.0,0.0,0.0,0.0,0.0,0.20000000000004264,0.09999999999999432,1
45.1,51.37837643896145,51.41,51.41,51.41,128.425,103.0,False,spoof,none,False,False,51.42068101245817,51.41838111982337,-0.010681012458171324,0.0012744135250736888,-0.29919700073177,0.21532533959714667,False,0.0,0.0,0.0,0.0,0.0,0.19999999999995738,0.10000000000000142,1
45.2,51.367663795065305,51.34,51.34,51.34,128.50499999999997,103.0,False,spoof,none,False,False,51.418668007841035,51.40172879233723,-0.07866800784103134,0.0012744135250736888,-2.203651769132915,0.21532533959714667,False,0.3149999999999648,0.0,0.3499999999999609,0.0,0.0,0.6999999999999218,0.10000000000000142,1
45.300000000000004,51.35842241555877,51.37,51.37,51.37,128.50499999999997,103.0,False,spoof,none,False,False,51.404080913103506,51.396742428915715,-0.03408091310350869,0.0012744135250736888,-0.9546760686501131,0.21532533959714667,False,0.0,0.0,0.0,0.0,0.0,0.29999999999993604,0.10000000000000142,1
45.400000000000006,51.35010517400289,51.33,51.33,51.33,127.99000000000005,103.0,False,spoof,none,False,False,51.39959318602414,51.38460800960984,-0.069593186024143,0.0012744135250736888,-1.9494474527891923,0.21532533959714667,False,0.0,0.0,0.0,0.0,0.0,0.3999999999999858,0.10000000000000142,1
45.5,51.3400446566026,51.31,51.31,51.31,127.99000000000005,103.0,False,spoof,none,False,False,51.386097208648856,51.36971155135414,-0.07609720864885361,0.0012744135250736888,-2.1316384266903836,0.21532533959714667,False,0.0,0.0,0.0,0.0,0.0,0.1999999999999716,0.09999999999999432,1
45.6,51.33099019094234,51.33,51.33,51.33,127.32500000000005,103.0,False,spoof,none,False,False,51.37269039621873,51.363498072155394,-0.04269039621873105,0.0012744135250736888,-1.195845296381392,0.21532533959714667,False,0.0,0.0,0.0,0.0,0.0,0.19999999999995738,0.10000000000000142,1
45.7,51.31951617184811,51.29,51.29,51.29,127.32500000000005,103.0,False,spoof,none,False,False,51.36377326493986,51.34788801161349,-0.07377326493985947,0.0012744135250736888,-2.0665400111306704,0.21532533959714667,False,0.0,0.0,0.0,0.0,0.0,0.3999999999999858,0.10000000000000142,1
45.800000000000004,51.3091895546633,51.29,51.29,51.29,127.28000000000003,103.0,False,spoof,none,False,False,51.349724210452145,51.33686407455436,-0.0597242104521456,0.0012744135250736888,-1.6729972657867644,0.21532533959714667,False,0.0,0.0,0.0,0.0,0.0,0.0,0.10000000000000142,2
45.900000000000006,51.29967059919697,51.26,51.26,51.26,127.28000000000003,103.0,False,spoof,none,False,False,51.33957766709893,51.322442578906504,-0.07957766709893122,0.0012744135250736888,-2.2291331851238976,0.21532533959714667,False,0.0,0.0,0.0,0.0,0.0,0.3000000000000071,0.10000000000000142,1
46.0,51.29110353927727,51.35,51.35,51.35,125.705,103.0,False,spoof,none,False,False,51.32659832101586,51.33163729549026,0.02340167898414336,0.0012744135250736888,0.6555288828248532,0.21532533959714667,False,0.4050000000000384,0.0,0.45000000000004264,0.0,0.0,0.9000000000000853,0.09999999999999432,1
46.1,51.27551818534955,51.28,51.28,51.28,125.705,103.0,False,spoof,none,False,False,51.32699856594124,51.316878583769366,-0.0469985659412373,0.0012744135250736888,-1.3165259401560532,0.21532533959714667,False,0.3149999999999968,0.0,0.3499999999999964,0.0,0.0,0.6999999999999929,0.10000000000000142,1
46.2,51.261491366814596,51.24,51.24,51.24,126.73500000000001,103.0,False,spoof,none,False,False,51.313715725392434,51.29784286178866,-0.07371572539243232,0.0012744135250736888,-2.064928210743667,0.21532533959714667,False,0.0,0.0,0.0,0.0,0.0,0.3999999999999858,0.10000000000000142,1
46.300000000000004,51.25401723013314,51.26,51.26,51.26,126.73500000000001,103.0,False,spoof,none,False,False,51.30173357560979,51.29274727926901,-0.04173357560978985,0.0012744135250736888,-1.1690427945067179,0.21532533959714667,False,0.0,0.0,0.0,0.0,0.0,0.19999999999995738,0.10000000000000142,1
46.400000000000006,51.24729050711982,51.24,51.24,51.24,126.11500000000001,103.0,False,spoof,none,False,False,51.29714755134211,51.28484223544222,-0.05714755134210492,0.0012744135250736888,-1.6008197750618494,0.21532533959714667,False,0.0,0.0,0.0,0.0,0.0,0.19999999999995738,0.10000000000000142,1
46.5,51.23813645640784,51.23,51.23,51.23,126.11500000000001,103.0,False,spoof,none,False,False,51.286933011898,51.27467389177677,-0.05693301189800337,0.0012744135250736888,-1.5948100865173203,0.21532533959714667,False,0.0,0.0,0.0,0.0,0.0,0.10000000000005685,0.09999999999999432,1
46.6,51.229897810767056,51.25,51.25,51.25,125.34000000000003,103.0,False,spoof,none,False,False,51.2777815025991,51.27179944111743,-0.027781502599097507,0.0012744135250736888,-0.7782166986532055,0.21532533959714667,False,0.0,0.0,0.0,0.0,0.0,0.20000000000002843,0.10000000000000142,1
46.7,51.21860802969035,51.24,51.24,51.24,125.34000000000003,103.0,False,spoof,none,False,False,51.271319497005685,51.264575615676925,-0.031319497005682706,0.0012744135250736888,-0.8773231568847226,0.21532533959714667,False,0.0,0.0,0.0,0.0,0.0,0.09999999999997869,0.10000000000000142,1
46.800000000000004,51.20844722672132,51.19,51.19,51.19,125.64500000000007,103.0,False,spoof,none,False,False,51.264818054109234,51.248707831200164,-0.0748180541092367,0.0012744135250736888,-2.095806692271516,0.21532533959714667,False,0.0,0.0,0.0,0.0,0.0,0.5000000000000355,0.10000000000000142,1
46.900000000000006,51.20082750404919,51.18,51.18,51.18,125.64500000000007,103.0,False,spoof,none,False,False,51.25206204808015,51.23654526310523,-0.0720620480801486,0.0012744135250736888,-2.0186053275946128,0.21532533959714667,False,0.0,0.0,0.0,0.0,0.0,0.09999999999997869,0.10000000000000142,1
47.0,51.19396975364427,51.19,51.19,51.19,125.05000000000007,103.0,False,spoof,none,False,False,51.241115736794704,51.23010922341062,-0.05111573679470638,0.0012744135250736888,-1.4318563150322483,0.21532533959714667,False,0.0,0.0,0.0,0.0,0.0,0.0999999999999858,0.09999999999999432,1
47.1,51.184822778279845,51.11,51.11,51.11,125.05000000000007,103.0,False,spoof,none,False,False,51.232348301069564,51.20600361159263,-0.12234830106956451,0.0012744135250736888,-3.4272261050155723,0.21532533959714667,False,0.3599999999999872,0.24910765335037952,0.3999999999999858,0.0,0.0,0.7999999999999716,0.10000000000000142,1
47.2,51.17659050045186,51.13,51.13,51.13,125.38499999999999,103.0,False,spoof,none,False,False,51.21065325043337,51.19328656189419,-0.08065325043336458,0.0012744135250736888,-2.259262473799461,0.21532533959714667,False,0.003458384647224218,0.003842649608026909,0.0,0.0,0.0,0.20000000000002843,0.10000000000000142,1
47.300000000000004,51.170856450406674,51.21,51.21,51.21,125.38499999999999,103.0,False,spoof,none,False,False,51.20088290570477,51.20284604713003,0.009117094295227446,0.0012744135250736888,0.2553884549056883,0.21532533959714667,False,0.3599999999999872,0.0,0.3999999999999858,0.0,0.0,0.7999999999999716,0.10000000000000142,1
47.400000000000006,51.165695805366006,51.22,51.22,51.22,123.42500000000004,103.0,False,spoof,none,False,False,51.20948644241703,51.21175027777396,0.010513557582967792,0.0012744135250736888,0.2945062472460852,0.21532533959714667,False,0.0,0.0,0.0,0.0,0.0,0.09999999999997869,0.10000000000000142,1
47.5,51.15125122482941,51.14,51.14,51.14,123.42500000000004,103.0,False,spoof,none,False,False,51.20770024999656,51.193122670675244,-0.06770024999656243,0.0012744135250736888,-1.8964224437605839,0.21532533959714667,False,0.3600000000000128,0.0,0.40000000000001423,0.0,0.0,0.8000000000000285,0.09999999999999432,1
47.6,51.138251102346466,51.16,51.16,51.16,123.74500000000009,103.0,False,spoof,none,False,False,51.190935403607725,51.184274227320316,-0.030935403607728063,0.0012744135250736888,-0.8665639153690939,0.21532533959714667,False,0.0,0.0,0.0,0.0,0.0,0.19999999999995738,0.10000000000000142,1
47.7,51.12815099211182,51.14,51.14,51.14,123.74500000000009,103.0,False,spoof,none,False,False,51.18457180458828,51.17497436562885,-0.04457180458827992,0.0012744135250736888,-1.2485473921354349,0.21532533959714667,False,0.0,0.0,0.0,0.0,0.0,0.19999999999995738,0.10000000000000142,1
47.800000000000004,51.11906089290064,51.22,51.22,51.22,122.23500000000004,103.0,False,spoof,none,False,False,51.17620192906596,51.18563276356353,0.04379807093403798,0.0012744135250736888,1.226873530259418,0.21532533959714667,False,0.3599999999999872,0.0,0.3999999999999858,0.0,0.0,0.7999999999999716,0.10000000000000142,1
47.900000000000006,51.10332980361058,51.14,51.14,51.14,122.23500000000004,103.0,False,spoof,none,False,False,51.17824448720718,51.17000948001158,-0.0382444872071801,0.0012744135250736888,-1.0713062934552466,0.21532533959714667,False,0.3599999999999872,0.0,0.3999999999999858,0.0,0.0,0.7999999999999716,0.10000000000000142,1
48.0,51.08917182324952,51.09,51.09,51.09,123.63999999999999,103.0,False,spoof,none,False,False,51.164183532010426,51.14820993778777,-0.07418353201042294,0.0012744135250736888,-2.0780324307390465,0.21532533959714667,False,0.0,0.0,0.0,0.0,0.0,0.5,0.09999999999999432,1
48.1,51.08345464092457,51.05,51.05,51.05,123.63999999999999,103.0,False,spoof,none,False,False,51.15158894400899,51.12971427014094,-0.10158894400899499,0.0012744135250736888,-2.845714062597667,0.21532533959714667,False,0.11429440945938521,0.1269937882882058,0.0,0.0,0.0,0.40000000000005687,0.10000000000000142,1
48.2,51.078309176832114,51.03,51.03,51.03,124.02500000000002,103.0,False,spoof,none,False,False,51.134942843126844,51.11234598979227,-0.10494284312684243,0.0012744135250736888,-2.9396636353321504,0.21532533959714667,False,0.13205034596563642,0.1467226066284849,0.0,0.0,0.0,0.19999999999995738,0.10000000000000142,1
48.300000000000004,51.075603259148906,51.08,51.08,51.08,124.02500000000002,103.0,False,spoof,none,False,False,51.121236390813046,51.112357150957465,-0.04123639081304731,0.0012744135250736888,-1.1551156316485751,0.21532533959714667,False,0.0,0.0,0.0,0.0,0.0,0.4999999999999645,0.10000000000000142,1
48.400000000000006,51.07316793323402,51.05,51.05,51.05,123.20000000000007,103.0,False,spoof,none,False,False,51.12124643586172,51.10590527286471,-0.07124643586172397,0.0012744135250736888,-1.9957583614976726,0.21532533959714667,False,0.0,0.0,0.0,0.0,0.0,0.3000000000000071,0.10000000000000142,1
48.5,51.06685113991062,51.02,51.02,51.02,123.20000000000007,103.0,False,spoof,none,False,False,51.11131474557824,51.09165236697638,-0.09131474557823793,0.0012744135250736888,-2.5579127546744798,0.21532533959714667,False,0.05990159423773023,0.06655732693081136,0.0,0.0,0.0,0.29999999999995736,0.09999999999999432,1
48.6,51.061166025919555,51.04,51.04,51.04,122.83000000000004,103.0,False,spoof,none,False,False,51.09848713027875,51.08589336908941,-0.05848713027874908,0.0012744135250736888,-1.638344120404295,0.21532533959714667,False,0.0,0.0,0.0,0.0,0.0,0.19999999999995738,0.10000000000000142,1
48.7,51.0541994233276,51.02,51.02,51.02,122.83000000000004,103.0,False,spoof,none,False,False,51.09145403218047,51.076068168435626,-0.07145403218046908,0.0012744135250736888,-2.0015735589028565,0.21532533959714667,False,0.0,0.0,0.0,0.0,0.0,0.19999999999995738,0.10000000000000142,1
48.800000000000004,51.047929480994846,51.1,51.1,51.1,121.38,103.0,False,spoof,none,False,False,51.082611351592064,51.08635556821564,0.017388648407937524,0.0012744135250736888,0.487091600240012,0.21532533959714667,False,0.3599999999999872,0.0,0.3999999999999858,0.0,0.0,0.7999999999999716,0.10000000000000142,1
48.900000000000006,51.03503653289536,51.06,51.06,51.06,121.38,103.0,False,spoof,none,False,False,51.08462001139408,51.079318699079764,-0.024620011394077324,0.0012744135250736888,-0.6896568650151259,0.21532533959714667,False,0.0,0.0,0.0,0.0,0.0,0.3999999999999858,0.10000000000000142,1
49.0,51.02343287960583,51.02,51.02,51.02,122.07,103.0,False,spoof,none,False,False,51.078286829171795,51.06573619788634,-0.05828682917179151,0.0012744135250736888,-1.6327332767993792,0.21532533959714667,False,0.0,0.0,0.0,0.0,0.0,0.40000000000001423,0.09999999999999432,1
49.1,51.016439591645245,51.06,51.06,51.06,122.07,103.0,False,spoof,none,False,False,51.0695125780977,51.06746427898837,-0.009512578097698565,0.0012744135250736888,-0.2664667649442493,0.21532533959714667,False,0.0,0.0,0.0,0.0,0.0,0.3999999999999858,0.10000000000000142,1
49.2,51.01014563248072,51.01,51.01,51.01,121.71500000000006,103.0,False,spoof,none,False,False,51.07106785108953,51.05791839531521,-0.06106785108953261,0.0012744135250736888,-1.7106353876728562,0.21532533959714667,False,0.0,0.0,0.0,0.0,0.0,0.5000000000000355,0.10000000000000142,1
49.300000000000004,51.00270606923265,50.98,50.98,50.98,121.71500000000006,103.0,False,spoof,none,False,False,51.060701555783695,51.04332446587855,-0.08070155578369764,0.0012744135250736888,-2.2606156054426974,0.21532533959714667,False,0.0037141188548698648,0.004126798727633183,0.0,0.0,0.0,0.3000000000000071,0.10000000000000142,1
49.400000000000006,50.996010462309386,51.04,51.04,51.04,120.74500000000003,103.0,False,spoof,none,False,False,51.047567019290696,51.04593764829219,-0.007567019290696919,0.0012744135250736888,-0.21196768425486737,0.21532533959714667,False,0.2700000000000064,0.0,0.3000000000000071,0.0,0.0,0.6000000000000142,0.10000000000000142,1
49.5,50.985134416078445,51.0,51.0,51.0,120.74500000000003,103.0,False,spoof,none,False,False,51.04506888346297,51.03536441082604,-0.045068883462967335,0.0012744135250736888,-1.2624715879002117,0.21532533959714667,False,0.0,0.0,0.0,0.0,0.0,0.40000000000001423,0.09999999999999432,1
49.6,50.9753459744706,50.94,50.94,50.94,121.77500000000006,103.0,False,spoof,none,False,False,51.035552969743435,51.014977994083914,-0.09555296974343719,0.0012744135250736888,-2.6766340803561492,0.21532533959714667,False,0.2700000000000064,0.0914880573143364,0.3000000000000071,0.0,0.0,0.6000000000000142,0.10000000000000142,1
49.7,50.97168637702354,50.97,50.97,50.97,121.77500000000006,103.0,False,spoof,none,False,False,51.02235519467552,51.01108179460234,-0.05235519467552052,0.0012744135250736888,-1.4665760648616983,0.21532533959714667,False,0.0,0.0,0.0,0.0,0.0,0.3000000000000071,0.10000000000000142,1
49.800000000000004,50.96839273932118,50.94,50.94,50.94,121.30500000000006,103.0,False,spoof,none,False,False,51.018848615142105,51.001870510309864,-0.07884861514210684,0.0012744135250736888,-2.208710948962886,0.21532533959714667,False,0.0,0.0,0.0,0.0,0.0,0.3000000000000071,0.10000000000000142,1
49.900000000000006,50.96307846538907,50.92,50.92,50.92,121.30500000000006,103.0,False,spoof,none,False,False,51.008208459278876,50.989214942829314,-0.08820845927887433,0.0012744135250736888,-2.470899323333262,0.21532533959714667,False,0.04345654912345233,0.048285054581613696,0.0,0.0,0.0,0.19999999999995738,0.10000000000000142,1
50.0,50.95829561885016,50.99,50.99,50.99,120.06000000000002,103.0,False,spoof,none,False,False,50.99681844854638,50.995350263797604,-0.0068184485463760325,0.0012744135250736888,-0.19099868694178834,0.21532533959714667,False,0.31500000000001915,0.0,0.3500000000000213,0.0,0.0,0.7000000000000426,0.09999999999999432,1
50.1,50.94776605696514,51.01,51.01,51.01,120.06000000000002,103.0,False,spoof,none,False,False,50.99611523741784,50.99910497863607,0.013884762582158316,0.0012744135250736888,0.38894059310606977,0.21532533959714667,False,0.0,0.0,0.0,0.0,0.0,0.19999999999995738,0.10000000000000142,1
50.2,50.93828945126863,50.89,50.89,50.89,121.11500000000002,103.0,False,spoof,none,False,False,50.99949448077246,50.97591754451612,-0.1094944807724616,0.0012744135250736888,-3.0671643135047724,0.21532533959714667,True,0.5399999999999808,0.17349694572036237,0.5999999999999787,0.0,0.0,1.1999999999999573,0.10000000000000142,1
50.300000000000004,50.935035506141766,50.95,50.95,50.95,121.11500000000002,103.0,False,spoof,none,False,False,50.98390079006451,50.97660109093126,-0.03390079006450719,0.0012744135250736888,-0.9496304539911103,0.21532533959714667,False,0.2700000000000064,0.0,0.3000000000000071,0.0,0.0,0.6000000000000142,0.10000000000000142,1
50.400000000000006,50.93210695552759,50.91,50.91,50.91,120.3600000000001,103.0,False,spoof,none,False,False,50.984515981838136,50.968470802743425,-0.07451598183813957,0.0012744135250736888,-2.0873450302455208,0.21532533959714667,False,0.0,0.0,0.0,0.0,0.0,0.40000000000005687,0.10000000000000142,1
50.5,50.92569625997483,50.91,50.91,50.91,120.3600000000001,103.0,False,spoof,none,False,False,50.97342372246908,50.95976698788991,-0.06342372246908212,0.0012744135250736888,-1.7766281625742453,0.21532533959714667,False,0.0,0.0,0.0,0.0,0.0,0.0,0.09999999999999432,2
50.6,50.91992663397735,50.9,50.9,50.9,120.06000000000006,103.0,False,spoof,none,False,False,50.965590289100916,50.951467037825985,-0.06559028910091769,0.0012744135250736888,-1.8373181243797683,0.21532533959714667,False,0.0,0.0,0.0,0.0,0.0,0.09999999999997869,0.10000000000000142,1
50.7,50.91323397057961,50.89,50.89,50.89,120.06000000000006,103.0,False,spoof,none,False,False,50.956620334043386,50.94227528799142,-0.0666203340433853,0.0012744135250736888,-1.8661717895741634,0.21532533959714667,False,0.0,0.0,0.0,0.0,0.0,0.09999999999997869,0.10000000000000142,1
50.800000000000004,50.90721057352165,50.91,50.91,50.91,119.4550000000001,103.0,False,spoof,none,False,False,50.94834775919228,50.940090514921415,-0.03834775919228406,0.0012744135250736888,-1.0741991529405928,0.21532533959714667,False,0.0,0.0,0.0,0.0,0.0,0.19999999999995738,0.10000000000000142,1
50.900000000000006,50.898764516169486,50.87,50.87,50.87,119.4550000000001,103.0,False,spoof,none,False,False,50.943356463429275,50.92756095802972,-0.0733564634292776,0.0012744135250736888,-2.0548645484949946,0.21532533959714667,False,0.0,0.0,0.0,0.0,0.0,0.3999999999999858,0.10000000000000142,1
51.0,50.891163064552536,50.9,50.9,50.9,119.15500000000007,103.0,False,spoof,none,False,False,50.93207986222676,50.92517225499855,-0.03207986222675885,0.0012744135250736888,-0.8986225416104362,0.21532533959714667,False,0.0,0.0,0.0,0.0,0.0,0.3000000000000284,0.09999999999999432,1
51.1,50.882821758097286,50.88,50.88,50.88,119.15500000000007,103.0,False,spoof,none,False,False,50.9284300294987,50.918001816950195,-0.04843002949869657,0.0012744135250736888,-1.3566241616239054,0.21532533959714667,False,0.0,0.0,0.0,0.0,0.0,0.19999999999995738,0.10000000000000142,1
51.2,50.87531458228756,50.87,50.87,50.87,119.17000000000009,103.0,False,spoof,none,False,False,50.92197663525518,50.910784748617736,-0.051976635255179815,0.0012744135250736888,-1.455971841375558,0.21532533959714667,False,0.0,0.0,0.0,0.0,0.0,0.10000000000004974,0.10000000000000142,1
51.300000000000004,50.8686331240588,50.84,50.84,50.84,119.17000000000009,103.0,False,spoof,none,False,False,50.91555627375596,50.899287093450766,-0.07555627375595719,0.0012744135250736888,-2.1164857341736782,0.21532533959714667,False,0.0,0.0,0.0,0.0,0.0,0.29999999999993604,0.10000000000000142,1
51.400000000000006,50.86261981165293,50.84,50.84,50.84,119.19999999999999,103.0,False,spoof,none,False,False,50.90520838410569,50.891167366653555,-0.06520838410568786,0.0012744135250736888,-1.8266201844995624,0.21532533959714667,False,0.0,0.0,0.0,0.0,0.0,0.0,0.10000000000000142,2
51.5,50.857357830487636,50.88,50.88,50.88,119.19999999999999,103.0,False,spoof,none,False,False,50.8980506299882,50.894163871956046,-0.01805062998819551,0.0012744135250736888,-0.5056350580000807,0.21532533959714667,False,0.0,0.0,0.0,0.0,0.0,0.40000000000001423,0.09999999999999432,1
51.6,50.85262204743887,50.87,50.87,50.87,118.31500000000008,103.0,False,spoof,none,False,False,50.90074748476044,50.894126772162636,-0.030747484760439647,0.0012744135250736888,-0.8612999241781979,0.21532533959714667,False,0.0,0.0,0.0,0.0,0.0,0.10000000000004974,0.10000000000000142,1
51.7,50.843934842694985,50.81,50.81,50.81,118.31500000000008,103.0,False,spoof,none,False,False,50.896289094946376,50.877708866273515,-0.08628909494637327,0.0012744135250736888,-2.4171340034401543,0.21532533959714667,False,0.03329520853962318,0.036994676155136866,0.0,0.0,0.0,0.5999999999999431,0.10000000000000142,1
51.800000000000004,50.836116358425485,50.84,50.84,50.84,118.34499999999998,103.0,False,spoof,none,False,False,50.88151297964616,50.87257418320616,-0.04151297964615708,0.0012744135250736888,-1.1628634504650426,0.21532533959714667,False,0.0,0.0,0.0,0.0,0.0,0.3000000000000071,0.10000000000000142,1
51.900000000000006,50.82922972258294,50.85,50.85,50.85,118.34499999999998,103.0,False,spoof,none,False,False,50.87704176488554,50.871218987678255,-0.027041764885538555,0.0012744135250736888,-0.7574951325945785,0.21532533959714667,False,0.0,0.0,0.0,0.0,0.0,0.09999999999997869,0.10000000000000142,1
52.0,50.823031750324645,50.77,50.77,50.77,119.01,103.0,False,spoof,none,False,False,50.875822088910425,50.85303591167891,-0.105822088910422,0.0012744135250736888,-2.964293107714406,0.21532533959714667,False,0.3600000000000128,0.15189464064954117,0.40000000000001423,0.0,0.0,0.8000000000000285,0.09999999999999432,1
52.1,50.82077857529218,50.84,50.84,50.84,119.01,103.0,False,spoof,none,False,False,50.862782320511016,50.857876709610174,-0.0227823205110127,0.0012744135250736888,-0.6381793854561152,0.21532533959714667,False,0.3149999999999968,0.0,0.3499999999999964,0.0,0.0,0.6999999999999929,0.10000000000000142,1
52.2,50.81875071776296,50.8,50.8,50.8,118.16000000000008,103.0,False,spoof,none,False,False,50.86713903864916,50.8526823023518,-0.06713903864915949,0.0012744135250736888,-1.8807017662894947,0.21532533959714667,False,0.0,0.0,0.0,0.0,0.0,0.40000000000005687,0.10000000000000142,1
52.300000000000004,50.812675645986666,50.83,50.83,50.83,118.16000000000008,103.0,False,spoof,none,False,False,50.858214072116624,50.852138867456695,-0.028214072116625744,0.0012744135250736888,-0.7903338554077063,0.21532533959714667,False,0.0,0.0,0.0,0.0,0.0,0.3000000000000071,0.10000000000000142,1
52.400000000000006,50.807208081388,50.78,50.78,50.78,118.07000000000002,103.0,False,spoof,none,False,False,50.857724980711026,50.840988822844245,-0.07772498071102518,0.0012744135250736888,-2.177235650809724,0.21532533959714667,False,0.0,0.0,0.0,0.0,0.0,0.4999999999999645,0.10000000000000142,1
52.5,50.8018372732492,50.74,50.74,50.74,118.07000000000002,103.0,False,spoof,none,False,False,50.847239940559824,50.8241484639404,-0.10723994055982189,0.0012744135250736888,-3.0040100318023,0.21532533959714667,False,0.14421145002258648,0.16023494446954054,0.0,0.0,0.0,0.40000000000001423,0.09999999999999432,1
52.6,50.79700354592428,50.75,50.75,50.75,118.14500000000004,103.0,False,spoof,none,False,False,50.83208361754637,50.814408934722834,-0.08208361754636684,0.0012744135250736888,-2.2993299816159354,0.21532533959714667,False,0.011030916421942078,0.012256573802157864,0.0,0.0,0.0,0.09999999999997869,0.10000000000000142,1
52.7,50.79302819133185,50.79,50.79,50.79,118.14500000000004,103.0,False,spoof,none,False,False,50.82369304125055,50.816438075701214,-0.03369304125055095,0.0012744135250736888,-0.9438109848832227,0.21532533959714667,False,0.0,0.0,0.0,0.0,0.0,0.3999999999999858,0.10000000000000142,1
52.800000000000004,50.789450372198665,50.8,50.8,50.8,116.99500000000008,103.0,False,spoof,none,False,False,50.825519268131096,50.8200243230545,-0.025519268131098727,0.0012744135250736888,-0.7148468851240161,0.21532533959714667,False,0.0,0.0,0.0,0.0,0.0,0.09999999999997869,0.10000000000000142,1
52.900000000000006,50.7804803349788,50.75,50.75,50.75,116.99500000000008,103.0,False,spoof,none,False,False,50.822996890749046,50.807278810458975,-0.07299689074904592,0.0012744135250736888,-2.044792182425606,0.21532533959714667,False,0.0,0.0,0.0,0.0,0.0,0.4999999999999645,0.10000000000000142,1
53.0,50.77240730148092,50.79,50.79,50.79,116.75000000000004,103.0,False,spoof,none,False,False,50.81152592941308,50.806890851352065,-0.02152592941308029,0.0012744135250736888,-0.6029853015881678,0.21532533959714667,False,0.0,0.0,0.0,0.0,0.0,0.40000000000001423,0.09999999999999432,1
53.1,50.76391657133283,50.71,50.71,50.71,116.75000000000004,103.0,False,spoof,none,False,False,50.80995176621686,50.78842961821288,-0.09995176621686142,0.0012744135250736888,-2.7998533647481594,0.21532533959714667,False,0.3599999999999872,0.1173633306874201,0.3999999999999858,0.0,0.0,0.7999999999999716,0.10000000000000142,1
53.2,50.756274914199544,50.75,50.75,50.75,116.97500000000004,103.0,False,spoof,none,False,False,50.793336656391595,50.78400517613707,-0.04333665639159534,0.0012744135250736888,-1.213948365371398,0.21532533959714667,False,0.0,0.0,0.0,0.0,0.0,0.3999999999999858,0.10000000000000142,1
53.300000000000004,50.75052242277959,50.71,50.71,50.71,116.97500000000004,103.0,False,spoof,none,False,False,50.79047965852336,50.77315034872115,-0.08047965852335892,0.0012744135250736888,-2.2543998094192457,0.21532533959714667,False,0.0025393686530766333,0.0028215207256407034,0.0,0.0,0.0,0.3999999999999858,0.10000000000000142,1
53.400000000000006,50.74534518050163,50.72,50.72,50.72,117.06500000000005,103.0,False,spoof,none,False,False,50.780710313849035,50.76763784490244,-0.06071031384903591,0.0012744135250736888,-1.7006200384327488,0.21532533959714667,False,0.0,0.0,0.0,0.0,0.0,0.09999999999997869,0.10000000000000142,1
53.5,50.74113566245147,50.74,50.74,50.74,117.06500000000005,103.0,False,spoof,none,False,False,50.776199060412196,50.768404485435845,-0.03619906041219423,0.0012744135250736888,-1.014009706200732,0.21532533959714667,False,0.0,0.0,0.0,0.0,0.0,0.20000000000004264,0.09999999999999432,1
53.6,50.73734709620632,50.71,50.71,50.71,116.86000000000004,103.0,False,spoof,none,False,False,50.77688903689226,50.762486132308105,-0.06688903689225612,0.0012744135250736888,-1.8736987058459187,0.21532533959714667,False,0.0,0.0,0.0,0.0,0.0,0.3000000000000071,0.10000000000000142,1
53.7,50.73291238658569,50.72,50.72,50.72,116.86000000000004,103.0,False,spoof,none,False,False,50.770537519077294,50.75965551061958,-0.0505375190772952,0.0012744135250736888,-1.4156592543606221,0.21532533959714667,False,0.0,0.0,0.0,0.0,0.0,0.09999999999997869,0.10000000000000142,1
53.800000000000004,50.72892114792712,50.76,50.76,50.76,115.73000000000006,103.0,False,spoof,none,False,False,50.767989959557625,50.76626951880251,-0.007989959557626491,0.0012744135250736888,-0.22381510600908627,0.21532533959714667,False,0.0,0.0,0.0,0.0,0.0,0.3999999999999858,0.10000000000000142,1
53.900000000000006,50.719679033134405,50.7,50.7,50.7,115.73000000000006,103.0,False,spoof,none,False,False,50.76829256692226,50.75358744675776,-0.06829256692225982,0.0012744135250736888,-1.9130144520880101,0.21532533959714667,False,0.0,0.0,0.0,0.0,0.0,0.5999999999999431,0.10000000000000142,1
54.0,50.711361129820965,50.74,50.74,50.74,115.66000000000003,103.0,False,spoof,none,False,False,50.75687870208199,50.75324428982423,-0.01687870208198916,0.0012744135250736888,-0.4728069608525529,0.21532533959714667,False,0.0,0.0,0.0,0.0,0.0,0.40000000000001423,0.09999999999999432,1
54.1,50.70352501683887,50.67,50.67,50.67,115.66000000000003,103.0,False,spoof,none,False,False,50.75621986084181,50.73765454002603,-0.08621986084180833,0.0012744135250736888,-2.4151946145933287,0.21532533959714667,False,0.3149999999999968,0.036587416716519564,0.3499999999999964,0.0,0.0,0.6999999999999929,0.10000000000000142,1
54.2,50.69647251515498,50.71,50.71,50.71,115.75500000000004,103.0,False,spoof,none,False,False,50.74218908602342,50.73525796014411,-0.032189086023421964,0.0012744135250736888,-0.9016821235085118,0.21532533959714667,False,0.0,0.0,0.0,0.0,0.0,0.3999999999999858,0.10000000000000142,1
54.300000000000004,50.69060026363948,50.74,50.74,50.74,115.75500000000004,103.0,False,spoof,none,False,False,50.7405071641297,50.74039795884124,-0.0005071641297007545,0.0012744135250736888,-0.014206704381204664,0.21532533959714667,False,0.0,0.0,0.0,0.0,0.0,0.3000000000000071,0.10000000000000142,1
54.400000000000006,50.68531523727553,50.61,50.61,50.61,116.95000000000005,103.0,False,spoof,none,False,False,50.74513316295712,50.71603556875254,-0.13513316295711775,0.0012744135250736888,-3.785356230460698,0.21532533959714667,True,0.5850000000000032,0.32431272327716326,0.6500000000000036,0.0,0.0,1.3000000000000071,0.10000000000000142,1
54.5,50.68653371354798,50.66,50.66,50.66,116.95000000000005,103.0,False,spoof,none,False,False,50.729182011877285,50.71428537167579,-0.06918201187728812,0.0012744135250736888,-1.9379296241189985,0.21532533959714667,False,0.0,0.0,0.0,0.0,0.0,0.5,0.09999999999999432,1
54.6,50.68763034219318,50.71,50.71,50.71,115.09500000000004,103.0,False,spoof,none,False,False,50.727606834508215,50.7238156368885,-0.01760683450821432,0.0012744135250736888,-0.4932034390811171,0.21532533959714667,False,0.0,0.0,0.0,0.0,0.0,0.5000000000000355,0.10000000000000142,1
54.7,50.67934230797386,50.67,50.67,50.67,115.09500000000004,103.0,False,spoof,none,False,False,50.72690907319965,50.714655107686774,-0.05690907319964822,0.0012744135250736888,-1.5941395146237538,0.21532533959714667,False,0.0,0.0,0.0,0.0,0.0,0.3999999999999858,0.10000000000000142,1
54.800000000000004,50.671883077176474,50.68,50.68,50.68,115.20500000000006,103.0,False,spoof,none,False,False,50.718664596918096,50.71033912945632,-0.038664596918096095,0.0012744135250736888,-1.0830744255472746,0.21532533959714667,False,0.0,0.0,0.0,0.0,0.0,0.09999999999997869,0.10000000000000142,1
54.900000000000006,50.665719769458825,50.65,50.65,50.65,115.20500000000006,103.0,False,spoof,none,False,False,50.715330216510694,50.701262965454575,-0.06533021651069504,0.0012744135250736888,-1.8300329593009064,0.21532533959714667,False,0.0,0.0,0.0,0.0,0.0,0.3000000000000071,0.10000000000000142,1
55.0,50.660172792512945,50.66,50.66,50.66,115.1750000000001,103.0,False,spoof,none,False,False,50.70716166890912,50.6970065665353,-0.04716166890912632,0.0012744135250736888,-1.3210947878185713,0.21532533959714667,False,0.0,0.0,0.0,0.0,0.0,0.0999999999999858,0.09999999999999432,1
55.1,50.65503051326165,50.65,50.65,50.65,115.1750000000001,103.0,False,spoof,none,False,False,50.70318090988177,50.6917297124014,-0.053180909881774596,0.0012744135250736888,-1.4897060363075074,0.21532533959714667,False,0.0,0.0,0.0,0.0,0.0,0.09999999999997869,0.10000000000000142,1
55.2,50.650402461935485,50.69,50.69,50.69,114.38000000000008,103.0,False,spoof,none,False,False,50.698431741161265,50.69661617363232,-0.008431741161267325,0.0012744135250736888,-0.23619031213354758,0.21532533959714667,False,0.0,0.0,0.0,0.0,0.0,0.3999999999999858,0.10000000000000142,1
55.300000000000004,50.64226221574194,50.65,50.65,50.65,114.38000000000008,103.0,False,spoof,none,False,False,50.69885455626909,50.68833493234958,-0.04885455626909163,0.0012744135250736888,-1.3685160245844596,0.21532533959714667,False,0.0,0.0,0.0,0.0,0.0,0.3999999999999858,0.10000000000000142,1
55.400000000000006,50.63493599416774,50.65,50.65,50.65,114.65500000000009,103.0,False,spoof,none,False,False,50.69140143911463,50.68248666017746,-0.04140143911462957,0.0012744135250736888,-1.159738972085886,0.21532533959714667,False,0.0,0.0,0.0,0.0,0.0,0.0,0.10000000000000142,2
55.5,50.62971739475097,50.62,50.62,50.62,114.65500000000009,103.0,False,spoof,none,False,False,50.68751299415972,50.67297573576506,-0.06751299415972056,0.0012744135250736888,-1.8911770248480964,0.21532533959714667,False,0.0,0.0,0.0,0.0,0.0,0.3000000000000284,0.09999999999999432,1
55.6,50.625020655275875,50.61,50.61,50.61,114.95000000000006,103.0,False,spoof,none,False,False,50.678953162188556,50.66410579912401,-0.0689531621885564,0.0012744135250736888,-1.9315190763591235,0.21532533959714667,False,0.0,0.0,0.0,0.0,0.0,0.09999999999997869,0.10000000000000142,1
55.7,50.62226858974829,50.61,50.61,50.61,114.95000000000006,103.0,False,spoof,none,False,False,50.67244521921161,50.65899918117865,-0.06244521921161095,0.0012744135250736888,-1.7492182853750413,0.21532533959714667,False,0.0,0.0,0.0,0.0,0.0,0.0,0.10000000000000142,2
55.800000000000004,50.61979173077346,50.63,50.63,50.63,114.33500000000001,103.0,False,spoof,none,False,False,50.66784926306079,50.65969935763872,-0.03784926306078518,0.0012744135250736888,-1.0602352569143547,0.21532533959714667,False,0.0,0.0,0.0,0.0,0.0,0.20000000000002843,0.10000000000000142,1
55.900000000000006,50.61448755769611,50.6,50.6,50.6,114.33500000000001,103.0,False,spoof,none,False,False,50.66540442187485,50.65132119252349,-0.0654044218748453,0.0012744135250736888,-1.832111603294527,0.21532533959714667,False,0.0,0.0,0.0,0.0,0.0,0.3000000000000071,0.10000000000000142,1
56.0,50.609713801926496,50.62,50.62,50.62,114.1750000000001,103.0,False,spoof,none,False,False,50.65786407327114,50.6497109788355,-0.037864073271144605,0.0012744135250736888,-1.0606501211921655,0.21532533959714667,False,0.0,0.0,0.0,0.0,0.0,0.1999999999999716,0.09999999999999432,1
56.1,50.60461742173385,50.67,50.67,50.67,114.1750000000001,103.0,False,spoof,none,False,False,50.65561488095195,50.658712361596116,0.014385119048050399,0.0012744135250736888,0.4029566009028896,0.21532533959714667,False,0.0,0.0,0.0,0.0,0.0,0.5000000000000355,0.10000000000000142,1
56.2,50.60003067956046,50.63,50.63,50.63,113.71000000000001,103.0,False,spoof,none,False,False,50.66371612543651,50.656456189276994,-0.033716125436505706,0.0012744135250736888,-0.9444576201370478,0.21532533959714667,False,0.0,0.0,0.0,0.0,0.0,0.3999999999999858,0.10000000000000142,1
56.300000000000004,50.59357761160442,50.58,50.58,50.58,113.71000000000001,103.0,False,spoof,none,False,False,50.6593605703493,50.64227222858821,-0.07936057034930144,0.0012744135250736888,-2.2230518612220465,0.21532533959714667,False,0.0,0.0,0.0,0.0,0.0,0.5000000000000355,0.10000000000000142,1
56.400000000000006,50.587769850443976,50.63,50.63,50.63,113.395,103.0,False,spoof,none,False,False,50.646595005729395,50.6430216804851,-0.016595005729392653,0.0012744135250736888,-0.4648600458809782,0.21532533959714667,False,0.0,0.0,0.0,0.0,0.0,0.5000000000000355,0.10000000000000142,1
56.5,50.58096786539958,50.57,50.57,50.57,113.395,103.0,False,spoof,none,False,False,50.64569451243659,50.62939556584054,-0.07569451243659131,0.0012744135250736888,-2.1203580823047963,0.21532533959714667,False,0.27000000000002555,0.0,0.3000000000000284,0.0,0.0,0.6000000000000568,0.09999999999999432,1
56.6,50.57484607885962,50.51,50.51,50.51,114.94000000000007,103.0,False,spoof,none,False,False,50.63343100925648,50.60685318527151,-0.12343100925648542,0.0012744135250736888,-3.4575549753790407,0.21532533959714667,False,0.2700000000000064,0.25547652503814955,0.3000000000000071,0.0,0.0,0.6000000000000142,0.10000000000000142,1
56.7,50.57706147097366,50.55,50.55,50.55,114.94000000000007,103.0,False,spoof,none,False,False,50.62086786674436,50.605608219271105,-0.07086786674436496,0.0012744135250736888,-1.9851538663782202,0.21532533959714667,False,0.0,0.0,0.0,0.0,0.0,0.3999999999999858,0.10000000000000142,1
56.800000000000004,50.5790553238763,50.52,50.52,50.52,114.53,103.0,False,spoof,none,False,False,50.61974739734399,50.59826925513697,-0.09974739734398952,0.0012744135250736888,-2.7941285747017415,0.21532533959714667,False,0.10454504476229745,0.11616116084699717,0.0,0.0,0.0,0.29999999999993604,0.10000000000000142,1
56.900000000000006,50.57879979148867,50.57,50.57,50.57,114.53,103.0,False,spoof,none,False,False,50.611092329623276,50.60224410979231,-0.04109232962327525,0.0012744135250736888,-1.1510801831299589,0.21532533959714667,False,0.0,0.0,0.0,0.0,0.0,0.4999999999999645,0.10000000000000142,1
57.0,50.5785698123398,50.58,50.58,50.58,113.34000000000006,103.0,False,spoof,none,False,False,50.61466969881308,50.607204434142425,-0.034669698813083016,0.0012744135250736888,-0.9711691603928903,0.21532533959714667,False,0.0,0.0,0.0,0.0,0.0,0.0999999999999858,0.09999999999999432,1
57.1,50.57241283110582,50.63,50.63,50.63,113.34000000000006,103.0,False,spoof,none,False,False,50.61318399072818,50.616804903635305,0.01681600927182103,0.0012744135250736888,0.4710508070381829,0.21532533959714667,False,0.0,0.0,0.0,0.0,0.0,0.5000000000000355,0.10000000000000142,1
57.2,50.56687154799524,50.58,50.58,50.58,113.05000000000007,103.0,False,spoof,none,False,False,50.621824413271774,50.612818557280576,-0.041824413271775995,0.0012744135250736888,-1.1715873431743817,0.21532533959714667,False,0.0,0.0,0.0,0.0,0.0,0.5000000000000355,0.10000000000000142,1
57.300000000000004,50.56043439319572,50.55,50.55,50.55,113.05000000000007,103.0,False,spoof,none,False,False,50.61678670155252,50.60240583236015,-0.0667867015525232,0.0012744135250736888,-1.870832083712777,0.21532533959714667,False,0.0,0.0,0.0,0.0,0.0,0.3000000000000071,0.10000000000000142,1
57.400000000000006,50.554640953876145,50.58,50.58,50.58,112.76000000000008,103.0,False,spoof,none,False,False,50.60741524912413,50.60151205129634,-0.0274152491241324,0.0012744135250736888,-0.7679571898616664,0.21532533959714667,False,0.0,0.0,0.0,0.0,0.0,0.3000000000000071,0.10000000000000142,1
57.5,50.54797685848853,50.48,50.48,50.48,112.76000000000008,103.0,False,spoof,none,False,False,50.605160846166704,50.57821054446159,-0.12516084616670753,0.0012744135250736888,-3.5060112446063663,0.21532533959714667,False,0.450000000000032,0.2656520362747502,0.5000000000000355,0.0,0.0,1.000000000000071,0.09999999999999432,1
57.6,50.54197917263968,50.55,50.55,50.55,112.93500000000009,103.0,False,spoof,none,False,False,50.58418949001543,50.57682762646721,-0.03418949001543581,0.0012744135250736888,-0.9577175299839081,0.21532533959714667,False,0.3149999999999968,0.0,0.3499999999999964,0.0,0.0,0.6999999999999929,0.10000000000000142,1
57.7,50.53745625537571,50.56,50.56,50.56,112.93500000000009,103.0,False,spoof,none,False,False,50.58381986382049,50.578690843554185,-0.023819863820484954,0.0012744135250736888,-0.6672430952438445,0.21532533959714667,False,0.0,0.0,0.0,0.0,0.0,0.10000000000004974,0.10000000000000142,1
57.800000000000004,50.533385629838136,50.49,50.49,50.49,113.59000000000002,103.0,False,spoof,none,False,False,50.58549675919877,50.564933887093865,-0.09549675919876677,0.0012744135250736888,-2.6750595080540616,0.21532533959714667,False,0.3149999999999968,0.09115740705156922,0.3499999999999964,0.0,0.0,0.6999999999999929,0.10000000000000142,1
57.900000000000006,50.53299706685432,50.57,50.57,50.57,113.59000000000002,103.0,False,spoof,none,False,False,50.576390498384484,50.57501446214965,-0.006390498384483578,0.0012744135250736888,-0.17901092778484234,0.21532533959714667,False,0.3599999999999872,0.0,0.3999999999999858,0.0,0.0,0.7999999999999716,0.10000000000000142,1
58.0,50.53264736016889,50.54,50.54,50.54,112.57000000000005,103.0,False,spoof,none,False,False,50.58546301593469,50.575673676589446,-0.045463015934693374,0.0012744135250736888,-1.2735120444012444,0.21532533959714667,False,0.0,0.0,0.0,0.0,0.0,0.3000000000000284,0.09999999999999432,1
58.1,50.527232624152,50.51,50.51,50.51,112.57000000000005,103.0,False,spoof,none,False,False,50.5809563089305,50.56567761761348,-0.07095630893050497,0.0012744135250736888,-1.987631312868886,0.21532533959714667,False,0.0,0.0,0.0,0.0,0.0,0.3000000000000071,0.10000000000000142,1
58.2,50.5223593617368,50.54,50.54,50.54,112.30000000000004,103.0,False,spoof,none,False,False,50.57195985585213,50.56507808903729,-0.03195985585212924,0.0012744135250736888,-0.8952609176540477,0.21532533959714667,False,0.0,0.0,0.0,0.0,0.0,0.3000000000000071,0.10000000000000142,1
58.300000000000004,50.51662342556312,50.59,50.59,50.59,112.30000000000004,103.0,False,spoof,none,False,False,50.570070280133564,50.57436165383188,0.019929719866439655,0.0012744135250736888,0.5582722080715573,0.21532533959714667,False,0.0,0.0,0.0,0.0,0.0,0.5000000000000355,0.10000000000000142,1
58.400000000000006,50.51146108300681,50.52,50.52,50.52,112.34,103.0,False,spoof,none,False,False,50.578425488448694,50.56584500030735,-0.058425488448691,0.0012744135250736888,-1.6366174066919743,0.21532533959714667,False,0.3149999999999968,0.0,0.3499999999999964,0.0,0.0,0.6999999999999929,0.10000000000000142,1
58.5,50.507014974706124,50.51,50.51,50.51,112.34,103.0,False,spoof,none,False,False,50.57096050027662,50.55783415985255,-0.06096050027662159,0.0012744135250736888,-1.7076282718797722,0.21532533959714667,False,0.0,0.0,0.0,0.0,0.0,0.10000000000005685,0.09999999999999432,1
58.6,50.50301347723551,50.49,50.49,50.49,112.54500000000002,103.0,False,spoof,none,False,False,50.563750743867296,50.54787033989853,-0.07375074386729352,0.0012744135250736888,-2.065909149834386,0.21532533959714667,False,0.0,0.0,0.0,0.0,0.0,0.19999999999995738,0.10000000000000142,1
58.7,50.50043712951196,50.47,50.47,50.47,112.54500000000002,103.0,False,spoof,none,False,False,50.55580830590868,50.53733160329863,-0.08580830590867805,0.0012744135250736888,-2.403666119320885,0.21532533959714667,False,0.0307498548106485,0.034166505345165,0.0,0.0,0.0,0.20000000000002843,0.10000000000000142,1
58.800000000000004,50.498118416560764,50.52,50.52,50.52,111.835,103.0,False,spoof,none,False,False,50.54632344296877,50.54065533867215,-0.026323442968767097,0.0012744135250736888,-0.7373734667974848,0.21532533959714667,False,0.0,0.0,0.0,0.0,0.0,0.5000000000000355,0.10000000000000142,1
58.900000000000006,50.49248157490469,50.47,50.47,50.47,111.835,103.0,False,spoof,none,False,False,50.54576480480494,50.5294507224808,-0.07576480480494041,0.0012744135250736888,-2.1223271152842766,0.21532533959714667,False,0.0,0.0,0.0,0.0,0.0,0.5000000000000355,0.10000000000000142,1
59.0,50.487408417414215,50.49,50.49,50.49,112.04,103.0,False,spoof,none,False,False,50.53568065023273,50.52584444870835,-0.045680650232725384,0.0012744135250736888,-1.2796084261330836,0.21532533959714667,False,0.0,0.0,0.0,0.0,0.0,0.20000000000004264,0.09999999999999432,1
59.1,50.4838675756728,50.47,50.47,50.47,112.04,103.0,False,spoof,none,False,False,50.53346000383752,50.51979545696037,-0.06346000383751971,0.0012744135250736888,-1.7776444778965501,0.21532533959714667,False,0.0,0.0,0.0,0.0,0.0,0.20000000000002843,0.10000000000000142,1
59.2,50.48068081810552,50.5,50.5,50.5,111.64000000000003,103.0,False,spoof,none,False,False,50.52801591126433,50.521983375657214,-0.028015911264333226,0.0012744135250736888,-0.7847829647126005,0.21532533959714667,False,0.0,0.0,0.0,0.0,0.0,0.3000000000000071,0.10000000000000142,1
59.300000000000004,50.47581273629497,50.49,50.49,50.49,111.64000000000003,103.0,False,spoof,none,False,False,50.527985038091494,50.51980589686483,-0.037985038091491674,0.0012744135250736888,-1.0640385931730416,0.21532533959714667,False,0.0,0.0,0.0,0.0,0.0,0.09999999999997869,0.10000000000000142,1
59.400000000000006,50.47143146266547,50.5,50.5,50.5,111.39000000000003,103.0,False,spoof,none,False,False,50.52602530717835,50.52042139907205,-0.026025307178350943,0.0012744135250736888,-0.7290220736451375,0.21532533959714667,False,0.0,0.0,0.0,0.0,0.0,0.09999999999997869,0.10000000000000142,1
59.5,50.46623831639892,50.45,50.45,50.45,111.39000000000003,103.0,False,spoof,none,False,False,50.52532925916485,50.509108960853574,-0.07532925916484601,0.0012744135250736888,-2.1101265912507756,0.21532533959714667,False,0.0,0.0,0.0,0.0,0.0,0.5,0.09999999999999432,1
59.6,50.46156448475903,50.45,50.45,50.45,111.91499999999999,103.0,False,spoof,none,False,False,50.51514806476822,50.50112003559791,-0.06514806476821633,0.0012744135250736888,-1.8249305165089778,0.21532533959714667,False,0.0,0.0,0.0,0.0,0.0,0.0,0.10000000000000142,2
59.7,50.45998303628313,50.43,50.43,50.43,111.91499999999999,103.0,False,spoof,none,False,False,50.51058303203812,50.49323146329874,-0.08058303203812045,0.0012744135250736888,-2.2572955129579197,0.21532533959714667,False,0.0030866402018141395,0.0034296002242379326,0.0,0.0,0.0,0.20000000000002843,0.10000000000000142,1
59.800000000000004,50.45855973265481,50.44,50.44,50.44,111.84500000000007,103.0,False,spoof,none,False,False,50.50348331696887,50.48981375018379,-0.06348331696887044,0.0012744135250736888,-1.7782975263790908,0.21532533959714667,False,0.0,0.0,0.0,0.0,0.0,0.09999999999997869,0.10000000000000142,1
59.900000000000006,50.456928759389335,50.47,50.47,50.47,111.84500000000007,103.0,False,spoof,none,False,False,50.50005737516541,50.49358526065052,-0.030057375165412736,0.0012744135250736888,-0.8419685432050107,0.21532533959714667,False,0.0,0.0,0.0,0.0,0.0,0.3000000000000071,0.10000000000000142,1
