sim_time_sec,true_frequency,sensor_reading_sent,controller_reading_received,generation_command,load_demand_mw,attack_active,scenario,predicted_freq,estimated_freq,residual,residual_cov_S,normalized_residual,kalman_gain,is_attack_detected,combined_attack_score,score_residual,score_sudden,score_timing,score_replay,raw_rocof_hz_per_sec,raw_inter_arrival_sec,consecutive_identical_count
0.0,50.0,50.02,50.02,100.0,100.0,False,slow_drift,50.0,50.017826086956525,0.020000000000003126,0.0092,0.20851441405710738,0.891304347826087,False,0.0,0.0,0.0,0.0,0.0,0.0,0.2,1
0.1,50.0,50.0,50.0,100.0,100.0,False,slow_drift,50.016043478260876,50.00880563178619,-0.016043478260876043,0.00182195652173913,-0.37586295658785485,0.45113948216203303,False,0.0,0.0,0.0,0.0,0.0,0.20000000000003126,0.1,1
0.2,50.0,50.02,50.02,100.0,100.0,False,slow_drift,50.00792506860757,50.011760105066806,0.012074931392433541,0.0014654229805512468,0.3154301285533855,0.3176031676370798,False,0.0,0.0,0.0,0.0,0.0,0.20000000000003126,0.1,1
0.30000000000000004,50.0,50.05,50.05,100.0,100.0,False,slow_drift,50.01058409456012,50.02095917724634,0.039415905439874166,0.0013572585657860346,1.0698926691749353,0.26322071180234846,False,0.0,0.0,0.0,0.0,0.0,0.2999999999999402,0.10000000000000003,1
0.4,50.0,49.99,49.99,100.0,100.0,False,slow_drift,50.01886325952171,50.01197918566865,-0.028863259521706652,0.0013132087765599023,-0.7964866226308696,0.23850646001650083,False,0.0,0.0,0.0,0.0,0.0,0.5999999999999518,0.09999999999999998,1
0.5,50.0,49.99,49.99,100.0,100.0,False,slow_drift,50.010781267101784,50.00606976806482,-0.020781267101781964,0.0012931902326133657,-0.5778841946433756,0.2267185640745733,False,0.0,0.0,0.0,0.0,0.0,0.0,0.09999999999999998,2
0.6000000000000001,50.0,50.05,50.05,100.0,100.0,False,slow_drift,50.00546279125834,50.015304027554905,0.044537208741658674,0.0012836420369004044,1.2430855832491647,0.2209666158840603,False,0.0,0.0,0.0,0.0,0.0,0.5999999999999511,0.10000000000000009,1
0.7000000000000001,50.0,50.02,50.02,100.0,100.0,False,slow_drift,50.01377362479941,50.01513177626221,0.006226375200590439,0.0012789829588660889,0.17410165867087066,0.21812875373525498,False,0.0,0.0,0.0,0.0,0.0,0.29999999999994037,0.09999999999999998,1
0.8,50.0,49.99,49.99,100.0,100.0,False,slow_drift,50.013618598635986,50.00849995242462,-0.023618598635984256,0.0012766842905255565,-0.6610166042558503,0.21672099561251545,False,0.0,0.0,0.0,0.0,0.0,0.3000000000000114,0.09999999999999998,1
0.9,50.0,50.02,50.02,100.0,100.0,False,slow_drift,50.00764995718216,50.01031782301871,0.012350042817843132,0.0012755440064461374,0.34579661694259434,0.21602077627556393,False,0.0,0.0,0.0,0.0,0.0,0.3000000000000114,0.09999999999999998,1
1.0,50.0,49.99,49.99,100.0,100.0,False,slow_drift,50.00928604071684,50.005126581347554,-0.019286040716835373,0.0012749768287832067,-0.5401220822882966,0.2156720205226279,False,0.0,0.0,0.0,0.0,0.0,0.3000000000000114,0.09999999999999998,1
1.1,50.0,49.99,49.99,100.0,100.0,False,slow_drift,50.0046139232128,50.00146464904795,-0.014613923212799307,0.0012746943366233286,-0.4093207798884306,0.21549820120092097,False,0.0,0.0,0.0,0.0,0.0,0.0,0.10000000000000009,2
1.2000000000000002,50.0,50.01,50.01,100.0,100.0,False,slow_drift,50.00131818414316,50.00318834747688,0.008681815856839137,0.001274553542972746,0.2431820570816916,0.2154115411521922,False,0.0,0.0,0.0,0.0,0.0,0.19999999999996004,0.10000000000000009,1
1.3,50.0,49.94,49.94,100.0,100.0,False,slow_drift,50.00286951272919,49.989329410863945,-0.06286951272919339,0.0012744833483332757,-1.761055372279544,0.21536832842283526,False,0.31500000000000167,0.0,0.35000000000000187,0.0,0.0,0.7000000000000037,0.09999999999999987,1
1.4000000000000001,50.0,49.95,49.95,100.0,100.0,False,slow_drift,49.99039646977755,49.98169722013735,-0.04039646977754785,0.0012744483460224965,-1.1315722669412063,0.21534677876827188,False,0.0,0.0,0.0,0.0,0.0,0.10000000000005108,0.10000000000000009,1
1.5,50.0,49.98,49.98,100.0,100.0,False,slow_drift,49.983527498123614,49.98276790067557,-0.003527498123617079,0.0012744308908023002,-0.09881176265721811,0.21533603177928,False,0.0,0.0,0.0,0.0,0.0,0.2999999999999407,0.09999999999999987,1
1.6,50.0,49.97,49.97,100.0,100.0,False,slow_drift,49.98449111060801,49.98137073002192,-0.014491110608013003,0.0012744221857412168,-0.40592426195233433,0.21533067205794923,False,0.0,0.0,0.0,0.0,0.0,0.09999999999998002,0.10000000000000009,1
1.7000000000000002,50.0,50.01,50.01,100.0,100.0,False,slow_drift,49.98323365701973,49.98899720009526,0.0267663429802667,0.001274417844366939,0.7497787312241775,0.21532799903885108,False,0.0,0.0,0.0,0.0,0.0,0.39999999999999114,0.10000000000000009,1
1.8,50.0,49.97,49.97,100.0,100.0,False,slow_drift,49.99009748008574,49.98576995670519,-0.020097480085738084,0.0012744156792214695,-0.5629710390735131,0.21532666593454639,False,0.0,0.0,0.0,0.0,0.0,0.39999999999999203,0.09999999999999987,1
1.9000000000000001,50.0,49.96,49.96,100.0,100.0,False,slow_drift,49.98719296103467,49.98133760947758,-0.027192961034671725,0.0012744145994069826,-0.7617301248453111,0.21532600107898534,False,0.0,0.0,0.0,0.0,0.0,0.09999999999998002,0.10000000000000009,1
2.0,50.0,50.05,50.05,100.0,100.0,False,slow_drift,49.98320384852982,49.99758677456495,0.0667961514701787,0.0012744140608739781,1.8710964018991307,0.21532566949692017,False,0.40499999999998393,0.0,0.44999999999998214,0.0,0.0,0.8999999999999643,0.09999999999999987,1
2.1,50.0,49.99,49.99,100.0,100.0,False,slow_drift,49.99782809710846,49.996142508152225,-0.00782809710845811,0.0012744137922925053,-0.2192809848232912,0.2153255041275648,False,0.0,0.0,0.0,0.0,0.0,0.5999999999999511,0.10000000000000009,1
2.2,50.0,50.0,50.0,100.0,100.0,False,slow_drift,49.996528257337005,49.997275811789784,0.003471742662995325,0.0012744136583433276,0.09725060632937378,0.21532542165316335,False,0.0,0.0,0.0,0.0,0.0,0.09999999999998002,0.10000000000000009,1
2.3000000000000003,50.0,49.95,49.95,100.0,100.0,False,slow_drift,49.9975482306108,49.98730988976144,-0.0475482306108006,0.0012744135915390624,-1.3319231368365065,0.21532538052082698,False,0.0,0.0,0.0,0.0,0.0,0.49999999999997113,0.10000000000000009,1
2.4000000000000004,50.0,49.98,49.98,100.0,100.0,False,slow_drift,49.9885789007853,49.98673164588524,-0.008578900785302324,0.0012744135582218698,-0.24031255100657886,0.21532536000695598,False,0.0,0.0,0.0,0.0,0.0,0.29999999999994004,0.10000000000000009,1
2.5,50.0,50.0,50.0,100.0,100.0,False,slow_drift,49.98805848129672,49.99062979298836,0.011941518703281417,0.0012744135416056343,0.33450635611765517,0.21532534977610218,False,0.0,0.0,0.0,0.0,0.0,0.20000000000003199,0.09999999999999964,1
2.6,50.0,49.96,49.96,100.0,100.0,False,slow_drift,49.99156681368952,49.984769678651574,-0.03156681368952263,0.0012744135333186428,-0.8842510000806634,0.21532534467368286,False,0.0,0.0,0.0,0.0,0.0,0.39999999999999114,0.10000000000000009,1
2.7,50.0,50.01,50.01,100.0,100.0,False,slow_drift,49.986292710786415,49.99139749094728,0.023707289213582783,0.0012744135291856832,0.6640896492274776,0.2153253421289604,False,0.0,0.0,0.0,0.0,0.0,0.49999999999997113,0.10000000000000009,1
2.8000000000000003,50.0,49.98,49.98,100.0,100.0,False,slow_drift,49.992257741852555,49.98961833940998,-0.012257741852558013,0.001274413527124458,-0.3433644150721944,0.21532534085983457,False,0.0,0.0,0.0,0.0,0.0,0.3000000000000111,0.10000000000000009,1
2.9000000000000004,50.0,49.99,49.99,100.0,100.0,False,slow_drift,49.99065650546898,49.99051514320551,-0.0006565054689815497,0.0012744135260964662,-0.018390060677646026,0.2153253402268852,False,0.0,0.0,0.0,0.0,0.0,0.10000000000005108,0.10000000000000009,1
3.0,50.0,49.98,49.98,100.0,100.0,False,slow_drift,49.991463628884965,49.98899521909869,-0.011463628884968102,0.001274413525583777,-0.3211196871673113,0.2153253399112153,False,0.0,0.0,0.0,0.0,0.0,0.10000000000005152,0.09999999999999964,1
3.1,50.0,50.06,50.06,100.0,100.0,False,slow_drift,49.99009569718882,50.00514786494189,0.06990430281118165,0.0012744135253280845,1.958162470006548,0.21532533975378165,False,0.360000000000024,0.0,0.40000000000002667,0.0,0.0,0.8000000000000533,0.10000000000000009,1
3.2,50.0,50.0,50.0,100.0,100.0,False,slow_drift,50.004633078447704,50.00363545925721,-0.004633078447703554,0.0012744135252005632,-0.12978200157218386,0.215325339675265,False,0.27000000000001,0.0,0.3000000000000111,0.0,0.0,0.6000000000000222,0.10000000000000009,1
3.3000000000000003,50.0,49.97,49.97,100.0,100.0,False,slow_drift,50.00327191333149,49.99610762729304,-0.0332719133314896,0.0012744135251369646,-0.9320143306757551,0.2153253396361065,False,0.0,0.0,0.0,0.0,0.0,0.3000000000000111,0.10000000000000009,1
3.4000000000000004,50.0,50.03,50.03,100.0,100.0,False,slow_drift,49.99649686456374,50.00371093857977,0.03350313543626271,0.0012744135251052462,0.9384913346718604,0.215325339616577,False,0.27000000000001,0.0,0.3000000000000111,0.0,0.0,0.6000000000000222,0.10000000000000009,1
3.5,50.0,49.96,49.96,100.0,100.0,False,slow_drift,50.00333984472179,49.99400767793857,-0.04333984472179253,0.0012744135250894275,-1.2140376770125938,0.21532533960683709,False,0.3150000000000024,0.0,0.35000000000000264,0.0,0.0,0.7000000000000053,0.09999999999999964,1
3.6,50.0,50.01,50.01,100.0,100.0,False,slow_drift,49.99460691014471,49.997921432445324,0.0153930898552872,0.001274413525081538,0.43119192442837895,0.21532533960197958,False,0.0,0.0,0.0,0.0,0.0,0.49999999999997113,0.10000000000000009,1
3.7,50.0,49.94,49.94,100.0,100.0,False,slow_drift,49.99812928920079,49.98561258026295,-0.0581292892007923,0.0012744135250776034,-1.6283202600531077,0.21532533959955696,False,0.315000000000001,0.0,0.3500000000000011,0.0,0.0,0.7000000000000022,0.10000000000000009,1
3.8000000000000003,50.0,49.96,49.96,100.0,100.0,False,slow_drift,49.98705132223666,49.981226487089465,-0.027051322236658848,0.0012744135250756412,-0.7577628535428622,0.21532533959834874,False,0.0,0.0,0.0,0.0,0.0,0.2000000000000311,0.10000000000000009,1
3.9000000000000004,50.0,50.01,50.01,100.0,100.0,False,slow_drift,49.98310383838052,49.98889526351511,0.026896161619475834,0.0012744135250746624,0.7534164873653557,0.2153253395977462,False,0.0,0.0,0.0,0.0,0.0,0.49999999999997113,0.10000000000000009,1
4.0,50.0,50.02,50.02,100.0,100.0,False,slow_drift,49.9900057371636,49.996464261994824,0.029994262836403607,0.0012744135250741745,0.8402006378098633,0.2153253395974456,False,0.0,0.0,0.0,0.0,0.0,0.10000000000005152,0.09999999999999964,1
4.1000000000000005,50.0,50.01,50.01,100.0,100.0,False,slow_drift,49.99681783579534,49.99965628977934,0.013182164204657454,0.001274413525073931,0.369259375797235,0.21532533959729577,False,0.0,0.0,0.0,0.0,0.0,0.10000000000005063,0.10000000000000053,1
4.2,50.0,50.0,50.0,100.0,100.0,False,slow_drift,49.999690660801406,49.9997572693694,0.0003093391985942162,0.0012744135250738096,0.008665223525448481,0.215325339597221,False,0.0,0.0,0.0,0.0,0.0,0.09999999999998047,0.09999999999999964,1
4.3,50.0,49.99,49.99,100.0,100.0,False,slow_drift,49.99978154243246,49.99767532848641,-0.009781542432456547,0.001274413525073749,-0.27400100597041444,0.2153253395971837,False,0.0,0.0,0.0,0.0,0.0,0.09999999999998047,0.09999999999999964,1
4.4,50.0,49.95,49.95,100.0,100.0,False,slow_drift,49.99790779563777,49.98759203327272,-0.04790779563776937,0.0012744135250737187,-1.3419953232546906,0.21532533959716513,False,0.0,0.0,0.0,0.0,0.0,0.39999999999998936,0.10000000000000053,1
4.5,50.0,49.98,49.98,100.0,100.0,False,slow_drift,49.98883282994545,49.986930897837844,-0.008832829945454534,0.0012744135250737038,-0.2474256291716943,0.21532533959715588,False,0.0,0.0,0.0,0.0,0.0,0.29999999999994137,0.09999999999999964,1
4.6000000000000005,50.0,49.99,49.99,100.0,100.0,False,slow_drift,49.98823780805406,49.988617252633254,0.0017621919459429591,0.0012744135250736962,0.049362599941212074,0.21532533959715125,False,0.0,0.0,0.0,0.0,0.0,0.10000000000005063,0.10000000000000053,1
4.7,50.0,50.03,50.03,100.0,100.0,False,slow_drift,49.98975552736993,49.99842118210591,0.04024447263007147,0.0012744135250736925,1.127329974953582,0.21532533959714895,False,0.0,0.0,0.0,0.0,0.0,0.3999999999999929,0.09999999999999964,1
4.800000000000001,50.0,50.01,50.01,100.0,100.0,False,slow_drift,49.99857906389532,50.001038280840575,0.011420936104677537,0.0012744135250736905,0.319923775152467,0.21532533959714778,False,0.0,0.0,0.0,0.0,0.0,0.2000000000000302,0.10000000000000053,1
4.9,50.0,49.94,49.94,100.0,100.0,False,slow_drift,50.00093445275652,49.98781372102356,-0.060934452756519875,0.0012744135250736897,-1.7068986275767197,0.2153253395971472,False,0.3150000000000024,0.0,0.35000000000000264,0.0,0.0,0.7000000000000053,0.09999999999999964,1
5.0,50.0,50.01,50.01,100.0,100.0,False,slow_drift,49.9890323489212,49.9935472155103,0.02096765107879861,0.0012744135250736892,0.587346783812372,0.21532533959714695,False,0.3150000000000024,0.0,0.35000000000000264,0.0,0.0,0.7000000000000053,0.09999999999999964,1
5.1000000000000005,50.0,49.99,49.99,100.0,100.0,False,slow_drift,49.99419249395927,49.99328974377373,-0.00419249395926613,0.001274413525073689,-0.11744032909903095,0.2153253395971468,False,0.0,0.0,0.0,0.0,0.0,0.19999999999995915,0.10000000000000053,1
5.2,50.0,49.98,49.98,100.0,100.0,False,slow_drift,49.99396076939636,49.99095466198505,-0.013960769396362593,0.0012744135250736888,-0.39106969939951847,0.21532533959714673,False,0.0,0.0,0.0,0.0,0.0,0.10000000000005152,0.09999999999999964,1
5.300000000000001,50.0,50.02,50.02,100.0,100.0,False,slow_drift,49.991859195786546,49.997918624010346,0.028140804213457216,0.0012744135250736888,0.7882814716132132,0.21532533959714667,False,0.0,0.0,0.0,0.0,0.0,0.4000000000000604,0.10000000000000053,1
5.4,50.0,50.03,50.03,100.0,100.0,False,slow_drift,49.99812676160931,50.00498987748985,0.031873238390687675,0.0012744135250736888,0.8928345854335953,0.21532533959714667,False,0.0,0.0,0.0,0.0,0.0,0.09999999999998047,0.09999999999999964,1
5.5,50.0,50.03,50.03,100.0,100.0,False,slow_drift,50.004490889740865,50.00998364757024,0.02550911025913649,0.0012744135250736888,0.714562342358354,0.21532533959714667,False,0.0,0.0,0.0,0.0,0.0,0.0,0.09999999999999964,2
5.6000000000000005,50.0,49.97,49.97,100.0,100.0,False,slow_drift,50.008985282813214,50.00059076355217,-0.038985282813214894,0.0012744135250736888,-1.0920574932454237,0.21532533959714667,False,0.2700000000000088,0.0,0.30000000000000976,0.0,0.0,0.6000000000000195,0.10000000000000053,1
5.7,50.0,49.99,49.99,100.0,100.0,False,slow_drift,50.000531687196954,49.99826394807474,-0.010531687196952078,0.0012744135250736888,-0.2950140948073315,0.21532533959714667,False,0.0,0.0,0.0,0.0,0.0,0.20000000000003199,0.09999999999999964,1
5.800000000000001,50.0,50.01,50.01,100.0,100.0,False,slow_drift,49.998437553267266,50.000927241036564,0.011562446732732212,0.0012744135250736888,0.32388777722169393,0.21532533959714667,False,0.0,0.0,0.0,0.0,0.0,0.19999999999995915,0.10000000000000053,1
5.9,50.0,50.03,50.03,100.0,100.0,False,slow_drift,50.00083451693291,50.00711458447885,0.029165483067089326,0.0012744135250736888,0.8169848216861224,0.21532533959714667,False,0.0,0.0,0.0,0.0,0.0,0.20000000000003199,0.09999999999999964,1
6.0,50.0,49.98,49.98,100.0,100.0,False,slow_drift,50.00640312603097,50.00071786395192,-0.026403126030970725,0.0012744135250736888,-0.7396055523150156,0.21532533959714667,False,0.0,0.0,0.0,0.0,0.0,0.5000000000000444,0.09999999999999964,1
6.1000000000000005,50.0,49.99,49.99,100.0,100.0,False,slow_drift,50.00064607755673,49.99835370729145,-0.010646077556728528,0.0012744135250736888,-0.2982184027034016,0.21532533959714667,False,0.0,0.0,0.0,0.0,0.0,0.10000000000005063,0.10000000000000053,1
6.2,50.0,49.97,49.97,100.0,100.0,False,slow_drift,49.998518336562306,49.99237761605728,-0.028518336562306956,0.0012744135250736888,-0.7988569247266161,0.21532533959714667,False,0.0,0.0,0.0,0.0,0.0,0.20000000000003199,0.09999999999999964,1
6.300000000000001,50.0,49.96,49.96,100.0,100.0,False,slow_drift,49.993139854451556,49.986004004037575,-0.033139854451555095,0.0012744135250736888,-0.9283150914225475,0.21532533959714667,False,0.0,0.0,0.0,0.0,0.0,0.09999999999997958,0.10000000000000053,1
6.4,50.0,50.03,50.03,100.0,100.0,False,slow_drift,49.987403603633815,49.99657568714698,0.04259639636618573,0.0012744135250736888,1.1932121682897499,0.21532533959714667,False,0.3150000000000024,0.0,0.35000000000000264,0.0,0.0,0.7000000000000053,0.09999999999999964,1
6.5,50.0,50.04,50.04,100.0,100.0,False,slow_drift,49.99691811843228,50.00619473921134,0.04308188156771564,0.0012744135250736888,1.2068116015612917,0.21532533959714667,False,0.0,0.0,0.0,0.0,0.0,0.09999999999998047,0.09999999999999964,1
6.6000000000000005,50.0,50.0,50.0,100.0,100.0,False,slow_drift,50.005575265290204,50.00437476939825,-0.0055752652902043565,0.0012744135250736888,-0.15617458173049237,0.21532533959714667,False,0.0,0.0,0.0,0.0,0.0,0.39999999999998936,0.10000000000000053,1
6.7,50.0,50.03,50.03,100.0,100.0,False,slow_drift,50.003937292458424,50.00954925381063,0.026062707541576913,0.0012744135250736888,0.730069734299716,0.21532533959714667,False,0.0,0.0,0.0,0.0,0.0,0.3000000000000124,0.09999999999999964,1
6.800000000000001,50.0,50.01,50.01,100.0,100.0,False,slow_drift,50.008594328429574,50.00889700513784,0.0014056715704242606,0.0012744135250736888,0.03937573516854237,0.21532533959714667,False,0.0,0.0,0.0,0.0,0.0,0.2000000000000302,0.10000000000000053,1
6.9,50.0,49.98,49.98,100.0,100.0,False,slow_drift,50.00800730462406,50.00197662224468,-0.028007304624061646,0.0012744135250736888,-0.784541875118733,0.21532533959714667,False,0.0,0.0,0.0,0.0,0.0,0.3000000000000124,0.09999999999999964,1
7.0,50.0,50.01,50.01,100.0,100.0,False,slow_drift,50.00177896002022,50.003549158245704,0.008221039979780187,0.0012744135250736888,0.2302881411737746,0.21532533959714667,False,0.0,0.0,0.0,0.0,0.0,0.3000000000000124,0.09999999999999964,1
7.1000000000000005,50.0,50.05,50.05,100.0,100.0,False,slow_drift,50.00319424242114,50.01327270806691,0.046805757578859186,0.0012744135250736888,1.3111249836488446,0.21532533959714667,False,0.0,0.0,0.0,0.0,0.0,0.39999999999998936,0.10000000000000053,1
7.2,50.0,50.0,50.0,100.0,100.0,False,slow_drift,50.011945437260216,50.00937328192553,-0.011945437260216352,0.0012744135250736888,-0.33461612508016575,0.21532533959714667,False,0.0,0.0,0.0,0.0,0.0,0.49999999999997335,0.09999999999999964,1
7.300000000000001,50.0,50.05,50.05,100.0,100.0,False,slow_drift,50.00843595373298,50.017385746110456,0.041564046267019705,0.0012744135250736888,1.1642939309423794,0.21532533959714667,False,0.0,0.0,0.0,0.0,0.0,0.4999999999999689,0.10000000000000053,1
7.4,50.0,49.92,49.92,100.0,100.0,False,slow_drift,50.01564717149941,49.99505191181479,-0.09564717149940805,0.0012744135250736888,-2.679272864175616,0.21532533959714667,True,0.5849999999999816,0.09204218529063556,0.6499999999999796,0.0,0.0,1.2999999999999592,0.09999999999999964,1
7.5,50.0,50.03,50.03,100.0,100.0,False,slow_drift,49.995546720633314,50.00296538471318,0.034453279366687184,0.0012744135250736888,0.9651068091396505,0.21532533959714667,False,0.4949999999999993,0.0,0.5499999999999992,0.0,0.0,1.0999999999999983,0.09999999999999964,1
7.6000000000000005,50.0,50.0,50.0,100.0,100.0,False,slow_drift,50.00266884624186,50.0020941760185,-0.0026688462418604786,0.0012744135250736888,-0.07475984080217268,0.21532533959714667,False,0.0,0.0,0.0,0.0,0.0,0.30000000000000976,0.10000000000000053,1
7.7,50.0,49.99,49.99,100.0,100.0,False,slow_drift,50.00188475841665,49.99932566877455,-0.011884758416648822,0.0012744135250736888,-0.3329163865886721,0.21532533959714667,False,0.0,0.0,0.0,0.0,0.0,0.09999999999998047,0.09999999999999964,1
7.800000000000001,50.0,50.0,50.0,100.0,100.0,False,slow_drift,49.9993931018971,49.99952378243721,0.0006068981029017095,0.0012744135250736888,0.01700045691820876,0.21532533959714667,False,0.0,0.0,0.0,0.0,0.0,0.09999999999997958,0.10000000000000053,1
7.9,50.0,49.94,49.94,100.0,100.0,False,slow_drift,49.99957140419349,49.98674417135525,-0.05957140419349116,0.0012744135250736888,-1.6687168500058172,0.21532533959714667,False,0.2700000000000112,0.0,0.3000000000000124,0.0,0.0,0.6000000000000248,0.09999999999999964,1
8.0,50.0,49.99,49.99,100.0,100.0,False,slow_drift,49.98806975421972,49.988485385047866,0.0019302457802794493,0.0012744135250736888,0.05407013149703255,0.21532533959714667,False,0.0,0.0,0.0,0.0,0.0,0.5000000000000444,0.09999999999999964,1
8.1,50.0,50.01,50.01,100.0,100.0,False,slow_drift,49.98963684654308,49.99402154947646,0.020363153456919747,0.0012744135250736888,0.5704135692763965,0.21532533959714667,False,0.0,0.0,0.0,0.0,0.0,0.19999999999996093,0.09999999999999964,1
8.200000000000001,50.0,50.05,50.05,100.0,100.0,False,slow_drift,49.99461939452881,50.00654424220899,0.05538060547118562,0.0012744135250736888,1.5513240079606703,0.21532533959714667,False,0.0,0.0,0.0,0.0,0.0,0.3999999999999858,0.10000000000000142,1
8.3,50.0,49.98,49.98,100.0,100.0,False,slow_drift,50.00588981798809,50.000315084137696,-0.02588981798809442,0.0012744135250736888,-0.7252267443619744,0.21532533959714667,False,0.3150000000000024,0.0,0.35000000000000264,0.0,0.0,0.7000000000000053,0.09999999999999964,1
8.4,50.0,49.97,49.97,100.0,100.0,False,slow_drift,50.00028357572393,49.993762754496956,-0.030283575723927925,0.0012744135250736888,-0.8483048834102709,0.21532533959714667,False,0.0,0.0,0.0,0.0,0.0,0.09999999999998047,0.09999999999999964,1
8.5,50.0,49.98,49.98,100.0,100.0,False,slow_drift,49.994386479047265,49.991288705560805,-0.014386479047267642,0.0012744135250736888,-0.4029946972620494,0.21532533959714667,False,0.0,0.0,0.0,0.0,0.0,0.09999999999998047,0.09999999999999964,1
8.6,50.0,50.03,50.03,100.0,100.0,False,slow_drift,49.99215983500473,50.000307781382745,0.03784016499527354,0.0012744135250736888,1.0599804014945897,0.21532533959714667,False,0.0,0.0,0.0,0.0,0.0,0.5000000000000444,0.09999999999999964,1
8.700000000000001,50.0,50.01,50.01,100.0,100.0,False,slow_drift,50.00027700324447,50.00237061082276,0.009722996755527902,0.0012744135250736888,0.27236102183863,0.21532533959714667,False,0.0,0.0,0.0,0.0,0.0,0.20000000000002843,0.10000000000000142,1
8.8,50.0,49.98,49.98,100.0,100.0,False,slow_drift,50.002133549740485,49.99736763562613,-0.02213354974048798,0.0012744135250736888,-0.6200059894916778,0.21532533959714667,False,0.0,0.0,0.0,0.0,0.0,0.3000000000000124,0.09999999999999964,1
8.9,50.0,50.02,50.02,100.0,100.0,False,slow_drift,49.99763087206352,50.00244751213293,0.02236912793648571,0.0012744135250736888,0.6266050164993094,0.21532533959714667,False,0.0,0.0,0.0,0.0,0.0,0.40000000000006397,0.09999999999999964,1
9.0,50.0,50.0,50.0,100.0,100.0,False,slow_drift,50.00220276091964,50.001728450676566,-0.0022027609196371145,0.0012744135250736888,-0.061703837821140084,0.21532533959714667,False,0.0,0.0,0.0,0.0,0.0,0.20000000000003199,0.09999999999999964,1
9.1,50.0,50.03,50.03,100.0,100.0,False,slow_drift,50.001555605608914,50.00768040449081,0.028444394391087258,0.0012744135250736888,0.7967856533051879,0.21532533959714667,False,0.0,0.0,0.0,0.0,0.0,0.3000000000000124,0.09999999999999964,1
9.200000000000001,50.0,49.98,49.98,100.0,100.0,False,slow_drift,50.00691236404173,50.00111745011508,-0.026912364041734804,0.0012744135250736888,-0.7538703503457175,0.21532533959714667,False,0.0,0.0,0.0,0.0,0.0,0.5000000000000355,0.10000000000000142,1
9.3,50.0,49.99,49.99,100.0,100.0,False,slow_drift,50.00100570510357,49.99863589791464,-0.011005705103571017,0.0012744135250736888,-0.3082923056987567,0.21532533959714667,False,0.0,0.0,0.0,0.0,0.0,0.10000000000005152,0.09999999999999964,1
9.4,50.0,49.99,49.99,100.0,100.0,False,slow_drift,49.99877230812318,49.996883407897506,-0.008772308123177197,0.0012744135250736888,-0.24573028916763578,0.21532533959714667,False,0.0,0.0,0.0,0.0,0.0,0.0,0.09999999999999964,2
9.5,50.0,49.95,49.95,100.0,100.0,False,slow_drift,49.997195067107754,49.987032773255464,-0.04719506710775079,0.0012744135250736888,-1.3220303396585695,0.21532533959714667,False,0.0,0.0,0.0,0.0,0.0,0.3999999999999929,0.09999999999999964,1
9.600000000000001,50.0,50.01,50.01,100.0,100.0,False,slow_drift,49.98832949592992,49.99299570457805,0.0216705040700802,0.0012744135250736888,0.6070351333738339,0.21532533959714667,False,0.0,0.0,0.0,0.0,0.0,0.5999999999999431,0.10000000000000142,1
9.700000000000001,50.0,50.01,50.01,100.0,100.0,False,slow_drift,49.99369613412025,49.99720676957755,0.01630386587974897,0.0012744135250736888,0.45670462333578227,0.21532533959714667,False,0.0,0.0,0.0,0.0,0.0,0.0,0.09999999999999964,2
9.8,50.0,50.0,50.0,100.0,100.0,False,slow_drift,49.997486092619795,49.998027400580156,0.0025139073802051826,0.0012744135250736888,0.07041968645017635,0.21532533959714667,False,0.0,0.0,0.0,0.0,0.0,0.09999999999998047,0.09999999999999964,1
9.9,50.0,49.99,49.99,100.0,100.0,False,slow_drift,49.99822466052214,49.99645368270214,-0.00822466052213855,0.0012744135250736888,-0.23038955996893906,0.21532533959714667,False,0.0,0.0,0.0,0.0,0.0,0.09999999999998047,0.09999999999999964,1
10.0,50.0,49.96,49.96,100.0,100.0,False,slow_drift,49.996808314431924,49.98888255162687,-0.036808314431922895,0.0012744135250736888,-1.0310761571669171,0.21532533959714667,False,0.0,0.0,0.0,0.0,0.0,0.3000000000000124,0.09999999999999964,1
10.100000000000001,50.0,49.99,49.99,100.0,100.0,False,slow_drift,49.98999429646419,49.989995524579975,5.703535812529026e-06,0.0012744135250736888,0.0001597677013633113,0.21532533959714667,False,0.0,0.0,0.0,0.0,0.0,0.3000000000000071,0.10000000000000142,1
10.200000000000001,50.0,49.99,49.99,100.0,100.0,False,slow_drift,49.99099597212198,49.990781514086585,-0.0009959721219772177,0.0012744135250736888,-0.027899215816387015,0.21532533959714667,False,0.0,0.0,0.0,0.0,0.0,0.0,0.09999999999999964,2
10.3,50.0,49.97,49.97,100.0,100.0,False,slow_drift,49.991703362677924,49.9870300787389,-0.021703362677925497,0.0012744135250736888,-0.6079555701726893,0.21532533959714667,False,0.0,0.0,0.0,0.0,0.0,0.20000000000003199,0.09999999999999964,1
10.4,50.0,49.99,49.99,100.0,100.0,False,slow_drift,49.98832707086501,49.98868729489912,0.0016729291349903974,0.0012744135250736888,0.04686216607143786,0.21532533959714667,False,0.0,0.0,0.0,0.0,0.0,0.20000000000003199,0.09999999999999964,1
10.5,50.0,50.01,50.01,100.0,100.0,False,slow_drift,49.98981856540921,49.994164139666026,0.020181434590789138,0.0012744135250736888,0.5653232522361742,0.21532533959714667,False,0.0,0.0,0.0,0.0,0.0,0.19999999999996093,0.09999999999999964,1
10.600000000000001,50.0,50.06,50.06,100.0,100.0,False,slow_drift,49.994747725699426,50.008798193822685,0.06525227430057612,0.0012744135250736888,1.8278496386101655,0.21532533959714667,False,0.0,0.0,0.0,0.0,0.0,0.5000000000000355,0.10000000000000142,1
10.700000000000001,50.0,50.01,50.01,100.0,100.0,False,slow_drift,50.007918374440415,50.00836660117095,0.0020816255595832445,0.0012744135250736888,0.05831058867433718,0.21532533959714667,False,0.0,0.0,0.0,0.0,0.0,0.5000000000000444,0.09999999999999964,1
10.8,50.0,50.01,50.01,100.0,100.0,False,slow_drift,50.00752994105385,50.00806180733526,0.0024700589461446043,0.0012744135250736888,0.06919140214575416,0.21532533959714667,False,0.0,0.0,0.0,0.0,0.0,0.0,0.09999999999999964,2
10.9,50.0,50.0,50.0,100.0,100.0,False,slow_drift,50.00725562660173,50.00569330633972,-0.007255626601732956,0.0012744135250736888,-0.20324493826494558,0.21532533959714667,False,0.0,0.0,0.0,0.0,0.0,0.09999999999998047,0.09999999999999964,1
11.0,50.0,49.94,49.94,100.0,100.0,False,slow_drift,50.00512397570575,49.99110113352099,-0.06512397570575246,0.0012744135250736888,-1.824255732609244,0.21532533959714667,False,0.2700000000000112,0.0,0.3000000000000124,0.0,0.0,0.6000000000000248,0.09999999999999964,1
11.100000000000001,50.0,50.0,50.0,100.0,100.0,False,slow_drift,49.991991020168896,49.99371555647085,0.008008979831103602,0.0012744135250736888,0.2243479027640508,0.21532533959714667,False,0.2700000000000064,0.0,0.3000000000000071,0.0,0.0,0.6000000000000142,0.10000000000000142,1
11.200000000000001,50.0,50.0,50.0,100.0,100.0,False,slow_drift,49.994344000823766,49.99556188076715,0.005655999176234161,0.0012744135250736888,0.1584361029722412,0.21532533959714667,False,0.0,0.0,0.0,0.0,0.0,0.0,0.09999999999999964,2
11.3,50.0,50.08,50.08,100.0,100.0,False,slow_drift,49.99600569269043,50.014091795436094,0.0839943073095668,0.0012744135250736888,2.35285230908415,0.21532533959714667,False,0.35999999999999366,0.023495925350392976,0.3999999999999929,0.0,0.0,0.7999999999999858,0.09999999999999964,1
11.4,50.0,49.99,49.99,100.0,100.0,False,slow_drift,50.01268261589249,50.007798473922485,-0.022682615892485103,0.0012744135250736888,-0.6353864552035396,0.21532533959714667,False,0.4049999999999848,0.0,0.44999999999998314,0.0,0.0,0.8999999999999663,0.09999999999999964,1
11.5,50.0,50.01,50.01,100.0,100.0,False,slow_drift,50.00701862653024,50.00766059178508,0.0029813734697583527,0.0012744135250736888,0.08351436754767069,0.21532533959714667,False,0.0,0.0,0.0,0.0,0.0,0.19999999999996093,0.09999999999999964,1
11.600000000000001,50.0,50.0,50.0,100.0,100.0,False,slow_drift,50.00689453260657,50.005409965031696,-0.006894532606573023,0.0012744135250736888,-0.19312995705345457,0.21532533959714667,False,0.0,0.0,0.0,0.0,0.0,0.09999999999997869,0.10000000000000142,1
11.700000000000001,50.0,49.96,49.96,100.0,100.0,False,slow_drift,50.00486896852853,49.995207542642746,-0.044868968528525954,0.0012744135250736888,-1.2568715617771646,0.21532533959714667,False,0.0,0.0,0.0,0.0,0.0,0.3999999999999929,0.09999999999999964,1
11.8,50.0,50.04,50.04,100.0,100.0,False,slow_drift,49.99568678837847,50.00522854571952,0.044313211621528126,0.0012744135250736888,1.241303674335698,0.21532533959714667,False,0.35999999999999366,0.0,0.3999999999999929,0.0,0.0,0.7999999999999858,0.09999999999999964,1
11.9,50.0,50.02,50.02,100.0,100.0,False,slow_drift,50.00470569114757,50.00799894339512,0.015294308852432437,0.0012744135250736888,0.4284248665408443,0.21532533959714667,False,0.0,0.0,0.0,0.0,0.0,0.19999999999996093,0.09999999999999964,1
12.0,50.0,50.03,50.03,100.0,100.0,False,slow_drift,50.007199049055615,50.01210867156085,0.0228009509443865,0.0012744135250736888,0.6387012619925956,0.21532533959714667,False,0.0,0.0,0.0,0.0,0.0,0.09999999999998047,0.09999999999999964,1
12.100000000000001,50.0,49.97,49.97,100.0,100.0,False,slow_drift,50.01089780440477,50.00209147078254,-0.04089780440477142,0.0012744135250736888,-1.1456311339718417,0.21532533959714667,False,0.2700000000000064,0.0,0.3000000000000071,0.0,0.0,0.6000000000000142,0.10000000000000142,1
12.200000000000001,50.0,50.04,50.04,100.0,100.0,False,slow_drift,50.00188232370429,50.010090025297316,0.0381176762957125,0.0012744135250736888,1.0677540605073166,0.21532533959714667,False,0.3150000000000024,0.0,0.35000000000000264,0.0,0.0,0.7000000000000053,0.09999999999999964,1
12.3,50.0,49.96,49.96,100.0,100.0,False,slow_drift,50.00908102276759,49.998512634872384,-0.04908102276758797,0.0012744135250736888,-1.3748598143124169,0.21532533959714667,False,0.35999999999999366,0.0,0.3999999999999929,0.0,0.0,0.7999999999999858,0.09999999999999964,1
12.4,50.0,50.02,50.02,100.0,100.0,False,slow_drift,49.99866137138515,50.00325611883818,0.021338628614856248,0.0012744135250736888,0.5977386232154235,0.21532533959714667,False,0.2700000000000112,0.0,0.3000000000000124,0.0,0.0,0.6000000000000248,0.09999999999999964,1
12.5,50.0,50.07,50.07,100.0,100.0,False,slow_drift,50.002930506954364,50.017372268321026,0.06706949304563636,0.0012744135250736888,1.8787536517198613,0.21532533959714667,False,0.0,0.0,0.0,0.0,0.0,0.49999999999997335,0.09999999999999964,1
12.600000000000001,50.0,49.97,49.97,100.0,100.0,False,slow_drift,50.01563504148893,50.005808660682796,-0.04563504148892861,0.0012744135250736888,-1.278330831953264,0.21532533959714667,False,0.45,0.0,0.5,0.0,0.0,1.0,0.10000000000000142,1
12.700000000000001,50.0,49.98,49.98,100.0,100.0,False,slow_drift,50.00522779461452,49.99979561117186,-0.025227794614522736,0.0012744135250736888,-0.7066821158857253,0.21532533959714667,False,0.0,0.0,0.0,0.0,0.0,0.09999999999998047,0.09999999999999964,1
12.8,50.0,50.0,50.0,100.0,100.0,False,slow_drift,49.999816050054676,49.99985565913912,0.00018394994532400233,0.0012744135250736888,0.005152814130799863,0.21532533959714667,False,0.0,0.0,0.0,0.0,0.0,0.20000000000003199,0.09999999999999964,1
12.9,50.0,49.98,49.98,100.0,100.0,False,slow_drift,49.99987009322521,49.995591558653665,-0.019870093225215157,0.0012744135250736888,-0.5566019439193578,0.21532533959714667,False,0.0,0.0,0.0,0.0,0.0,0.20000000000003199,0.09999999999999964,1
13.0,50.0,49.95,49.95,100.0,100.0,False,slow_drift,49.9960324027883,49.98612046002544,-0.04603240278829901,0.0012744135250736888,-1.2894617345192985,0.21532533959714667,False,0.0,0.0,0.0,0.0,0.0,0.29999999999994137,0.09999999999999964,1
13.100000000000001,50.0,50.0,50.0,100.0,100.0,False,slow_drift,49.9875084140229,49.99019816901552,0.012491585977102204,0.0012744135250736888,0.3499148674686498,0.21532533959714667,False,0.0,0.0,0.0,0.0,0.0,0.4999999999999645,0.10000000000000142,1
13.200000000000001,50.0,49.97,49.97,100.0,100.0,False,slow_drift,49.99117835211397,49.98661811625292,-0.02117835211397079,0.0012744135250736888,-0.5932489506735639,0.21532533959714667,False,0.0,0.0,0.0,0.0,0.0,0.3000000000000124,0.09999999999999964,1
13.3,50.0,50.01,50.01,100.0,100.0,False,slow_drift,49.98795630462763,49.99270287081966,0.022043695372367722,0.0012744135250736888,0.6174889848959513,0.21532533959714667,False,0.0,0.0,0.0,0.0,0.0,0.3999999999999929,0.09999999999999964,1
13.4,50.0,49.97,49.97,100.0,100.0,False,slow_drift,49.9934325837377,49.98838695468674,-0.023432583737701407,0.0012744135250736888,-0.656394588169654,0.21532533959714667,False,0.0,0.0,0.0,0.0,0.0,0.3999999999999929,0.09999999999999964,1
13.5,50.0,50.05,50.05,100.0,100.0,False,slow_drift,49.98954825921807,50.00256505083117,0.06045174078192872,0.0012744135250736888,1.6933768780627503,0.21532533959714667,False,0.35999999999999366,0.0,0.3999999999999929,0.0,0.0,0.7999999999999858,0.09999999999999964,1
13.600000000000001,50.0,49.98,49.98,100.0,100.0,False,slow_drift,50.00230854574806,49.99750495055894,-0.022308545748060737,0.0012744135250736888,-0.6249079855160105,0.21532533959714667,False,0.3149999999999968,0.0,0.3499999999999964,0.0,0.0,0.6999999999999929,0.10000000000000142,1
13.700000000000001,50.0,49.99,49.99,100.0,100.0,False,slow_drift,49.99775445550305,49.996084724738466,-0.007754455503047097,0.0012744135250736888,-0.2172181558541953,0.21532533959714667,False,0.0,0.0,0.0,0.0,0.0,0.10000000000005152,0.09999999999999964,1
13.8,50.0,50.03,50.03,100.0,100.0,False,slow_drift,49.99647625226462,50.00369476463031,0.03352374773538003,0.0012744135250736888,0.9390687273321863,0.21532533959714667,False,0.0,0.0,0.0,0.0,0.0,0.3999999999999929,0.09999999999999964,1
13.9,50.0,49.96,49.96,100.0,100.0,False,slow_drift,50.00332528816728,49.99399625577952,-0.04332528816728143,0.0012744135250736888,-1.2136299181612962,0.21532533959714667,False,0.3150000000000024,0.0,0.35000000000000264,0.0,0.0,0.7000000000000053,0.09999999999999964,1
14.0,50.0,50.01,50.01,100.0,100.0,False,slow_drift,49.99459663020157,49.99791336603436,0.015403369798427491,0.0012744135250736888,0.4314798866586914,0.21532533959714667,False,0.0,0.0,0.0,0.0,0.0,0.49999999999997335,0.09999999999999964,1
14.100000000000001,50.0,50.04,50.04,100.0,100.0,False,slow_drift,49.998122029430924,50.00713941766535,0.041877970569075273,0.0012744135250736888,1.1730875925919344,0.21532533959714667,False,0.0,0.0,0.0,0.0,0.0,0.3000000000000071,0.10000000000000142,1
14.200000000000001,50.0,49.95,49.95,100.0,100.0,False,slow_drift,50.006425475898816,49.99427564113898,-0.05642547589881275,0.0012744135250736888,-1.5805929653112625,0.21532533959714667,False,0.4049999999999848,0.0,0.44999999999998314,0.0,0.0,0.8999999999999663,0.09999999999999964,1
14.3,50.0,50.01,50.01,100.0,100.0,False,slow_drift,49.99484807702508,49.99811066998521,0.015151922974915522,0.0012744135250736888,0.4244363469443681,0.21532533959714667,False,0.0,0.0,0.0,0.0,0.0,0.5999999999999538,0.09999999999999964,1
14.4,50.0,50.01,50.01,100.0,100.0,False,slow_drift,49.99829960298669,50.000818994947004,0.01170039701330694,0.0012744135250736888,0.32775204667739416,0.21532533959714667,False,0.0,0.0,0.0,0.0,0.0,0.0,0.09999999999999964,2
14.5,50.0,50.02,50.02,100.0,100.0,False,slow_drift,50.0007370954523,50.00488488691566,0.019262904547701964,0.0012744135250736888,0.5395933474120806,0.21532533959714667,False,0.0,0.0,0.0,0.0,0.0,0.10000000000005152,0.09999999999999964,1
14.600000000000001,50.0,49.96,49.96,100.0,100.0,False,slow_drift,50.004396398224095,49.9948367286996,-0.04439639822409447,0.0012744135250736888,-1.2436339011832356,0.21532533959714667,False,0.2700000000000064,0.0,0.3000000000000071,0.0,0.0,0.6000000000000142,0.10000000000000142,1
14.700000000000001,50.0,49.96,49.96,100.0,100.0,False,slow_drift,49.995353055829646,49.98774064707733,-0.03535305582964554,0.0012744135250736888,-0.990311387834831,0.21532533959714667,False,0.0,0.0,0.0,0.0,0.0,0.0,0.09999999999999964,2
14.8,50.0,50.02,50.02,100.0,100.0,False,slow_drift,49.9889665823696,49.99564886355972,0.031033417630403903,0.0012744135250736888,0.8693094885747344,0.21532533959714667,False,0.2700000000000112,0.0,0.3000000000000124,0.0,0.0,0.6000000000000248,0.09999999999999964,1
14.9,50.0,50.01,50.01,100.0,100.0,False,slow_drift,49.99608397720375,49.9990804495382,0.013916022796244931,0.0012744135250736888,0.38981625562716277,0.21532533959714667,False,0.0,0.0,0.0,0.0,0.0,0.10000000000005152,0.09999999999999964,1
15.0,50.0,50.01,50.01,100.0,100.0,False,slow_drift,49.99917240458438,50.00150386024427,0.01082759541561984,0.0012744135250736888,0.3033030891198082,0.21532533959714667,False,0.0,0.0,0.0,0.0,0.0,0.0,0.09999999999999964,2
15.100000000000001,50.0,50.01,50.01,100.0,100.0,False,slow_drift,50.00135347421985,50.003215290319794,0.008646525780150682,0.0012744135250736888,0.24220686852507706,0.21532533959714667,False,0.0,0.0,0.0,0.0,0.0,0.0,0.10000000000000142,3
15.200000000000001,50.0,49.98,49.98,100.0,100.0,False,slow_drift,50.002893761287815,49.997964154363856,-0.022893761287818393,0.0012744135250736888,-0.6413010695015235,0.21532533959714667,False,0.0,0.0,0.0,0.0,0.0,0.3000000000000124,0.09999999999999964,1
15.3,50.0,50.01,50.01,100.0,100.0,False,slow_drift,49.99816773892747,50.000715524561116,0.011832261072527217,0.0012744135250736888,0.33144582862714184,0.21532533959714667,False,0.0,0.0,0.0,0.0,0.0,0.3000000000000124,0.09999999999999964,1
15.4,50.0,50.01,50.01,100.0,100.0,False,slow_drift,50.000643972105,50.002658561988774,0.009356027894995123,0.0012744135250736888,0.26208147363443657,0.21532533959714667,False,0.0,0.0,0.0,0.0,0.0,0.0,0.09999999999999964,2
15.5,50.0,49.98,49.98,100.0,100.0,False,slow_drift,50.002392705789894,49.997570988811184,-0.022392705789897605,0.0012744135250736888,-0.6272654803881176,0.21532533959714667,False,0.0,0.0,0.0,0.0,0.0,0.3000000000000124,0.09999999999999964,1
15.600000000000001,50.0,50.06,50.06,100.0,100.0,False,slow_drift,49.997813889930065,50.0112041351991,0.06218611006993768,0.0012744135250736888,1.7419601084602194,0.21532533959714667,False,0.3600000000000192,0.0,0.40000000000002134,0.0,0.0,0.8000000000000427,0.10000000000000142,1
15.700000000000001,50.0,50.01,50.01,100.0,100.0,False,slow_drift,50.010083721679194,50.01006569428019,-8.37216791964579e-05,0.0012744135250736888,-0.0023452154381342484,0.21532533959714667,False,0.0,0.0,0.0,0.0,0.0,0.5000000000000444,0.09999999999999964,1
15.8,50.0,49.96,49.96,100.0,100.0,False,slow_drift,50.00905912485217,49.99849545213304,-0.04905912485217101,0.0012744135250736888,-1.3742464089221798,0.21532533959714667,False,0.0,0.0,0.0,0.0,0.0,0.49999999999997335,0.09999999999999964,1
15.9,50.0,50.02,50.02,100.0,100.0,False,slow_drift,49.99864590691974,50.00324398426404,0.02135409308026226,0.0012744135250736888,0.598171814514986,0.21532533959714667,False,0.2700000000000112,0.0,0.3000000000000124,0.0,0.0,0.6000000000000248,0.09999999999999964,1
16.0,50.0,49.97,49.97,100.0,100.0,False,slow_drift,50.00291958583764,49.99583116483775,-0.03291958583763943,0.0012744135250736888,-0.9221449171158512,0.21532533959714667,False,0.0,0.0,0.0,0.0,0.0,0.5000000000000444,0.09999999999999964,1
16.1,50.0,50.02,50.02,100.0,100.0,False,slow_drift,49.996248048353976,50.001362445408255,0.023751951646026725,0.0012744135250736888,0.6653407363625449,0.21532533959714667,False,0.0,0.0,0.0,0.0,0.0,0.5000000000000355,0.10000000000000142,1
16.2,50.0,50.04,50.04,100.0,100.0,False,slow_drift,50.00122620086743,50.00957518233312,0.03877379913257073,0.0012744135250736888,1.086133402884117,0.21532533959714667,False,0.0,0.0,0.0,0.0,0.0,0.19999999999996448,0.09999999999999787,1
16.3,50.0,49.97,49.97,100.0,100.0,False,slow_drift,50.00861766409981,50.00030230246307,-0.038617664099810156,0.0012744135250736888,-1.081759741333392,0.21532533959714667,False,0.3149999999999968,0.0,0.3499999999999964,0.0,0.0,0.6999999999999929,0.10000000000000142,1
16.400000000000002,50.0,50.03,50.03,100.0,100.0,False,slow_drift,50.00027207221677,50.00667324836221,0.02972792778323452,0.0012744135250736888,0.832740048337818,0.21532533959714667,False,0.2700000000000064,0.0,0.3000000000000071,0.0,0.0,0.6000000000000142,0.10000000000000142,1
16.5,50.0,50.01,50.01,100.0,100.0,False,slow_drift,50.00600592352599,50.006865949399135,0.003994076474008068,0.0012744135250736888,0.11188224958976724,0.21532533959714667,False,0.0,0.0,0.0,0.0,0.0,0.20000000000003554,0.09999999999999787,1
16.6,50.0,50.03,50.03,100.0,100.0,False,slow_drift,50.00617935445922,50.011308543049715,0.02382064554078056,0.0012744135250736888,0.6672649928278772,0.21532533959714667,False,0.0,0.0,0.0,0.0,0.0,0.20000000000002843,0.10000000000000142,1
16.7,50.0,50.06,50.06,100.0,100.0,False,slow_drift,50.01017768874475,50.0209056948353,0.04982231125525516,0.0012744135250736888,1.3956248207250193,0.21532533959714667,False,0.0,0.0,0.0,0.0,0.0,0.30000000000001775,0.09999999999999787,1
16.8,50.0,49.99,49.99,100.0,100.0,False,slow_drift,50.01881512535177,50.012610498699864,-0.028815125351769666,0.0012744135250736888,-0.807170585627753,0.21532533959714667,False,0.3149999999999968,0.0,0.3499999999999964,0.0,0.0,0.6999999999999929,0.10000000000000142,1
16.900000000000002,50.0,49.98,49.98,100.0,100.0,False,slow_drift,50.011349448829876,50.0045991181144,-0.03134944882987867,0.0012744135250736888,-0.8781621687294304,0.21532533959714667,False,0.0,0.0,0.0,0.0,0.0,0.10000000000004974,0.10000000000000142,1
17.0,50.0,49.97,49.97,100.0,100.0,False,slow_drift,50.00413920630296,49.9967881701122,-0.03413920630296019,0.0012744135250736888,-0.9563089803714737,0.21532533959714667,False,0.0,0.0,0.0,0.0,0.0,0.09999999999998224,0.09999999999999787,1
17.1,50.0,49.97,49.97,100.0,100.0,False,slow_drift,49.99710935310098,49.99127202243825,-0.027109353100982503,0.0012744135250736888,-0.759388416721419,0.21532533959714667,False,0.0,0.0,0.0,0.0,0.0,0.0,0.10000000000000142,2
17.2,50.0,50.0,50.0,100.0,100.0,False,slow_drift,49.992144820194426,49.99383623945366,0.007855179805574153,0.0012744135250736888,0.22003964954076424,0.21532533959714667,False,0.0,0.0,0.0,0.0,0.0,0.30000000000001775,0.09999999999999787,1
17.3,50.0,50.01,50.01,100.0,100.0,False,slow_drift,49.994452615508294,49.99780036135382,0.015547384491704008,0.0012744135250736888,0.43551403271538625,0.21532533959714667,False,0.0,0.0,0.0,0.0,0.0,0.09999999999997869,0.10000000000000142,1
17.400000000000002,50.0,50.01,50.01,100.0,100.0,False,slow_drift,49.998020325218434,50.00059985275904,0.011979674781564142,0.0012744135250736888,0.335575188065989,0.21532533959714667,False,0.0,0.0,0.0,0.0,0.0,0.0,0.10000000000000142,2
17.5,50.0,50.03,50.03,100.0,100.0,False,slow_drift,50.000539867483134,50.006883380521906,0.029460132516867077,0.0012744135250736888,0.8252385553079127,0.21532533959714667,False,0.0,0.0,0.0,0.0,0.0,0.20000000000003554,0.09999999999999787,1
17.6,50.0,50.0,50.0,100.0,100.0,False,slow_drift,50.00619504246971,50.004861092846106,-0.00619504246971303,0.0012744135250736888,-0.17353580792109818,0.21532533959714667,False,0.0,0.0,0.0,0.0,0.0,0.3000000000000071,0.10000000000000142,1
17.7,50.0,50.05,50.05,100.0,100.0,False,slow_drift,50.0043749835615,50.014199205720246,0.0456250164384997,0.0012744135250736888,1.2780500097903595,0.21532533959714667,False,0.0,0.0,0.0,0.0,0.0,0.49999999999998224,0.09999999999999787,1
17.8,50.0,49.99,49.99,100.0,100.0,False,slow_drift,50.01277928514822,50.0078743278379,-0.02277928514821781,0.0012744135250736888,-0.6380943587371669,0.21532533959714667,False,0.0,0.0,0.0,0.0,0.0,0.5999999999999431,0.10000000000000142,1
17.900000000000002,50.0,50.09,50.09,100.0,100.0,False,slow_drift,50.00708689505411,50.02494018753364,0.0829131049458951,0.0012744135250736888,2.3225656199091747,0.21532533959714667,False,0.45,0.017135911446441755,0.5,0.0,0.0,1.0,0.10000000000000142,1
18.0,50.0,50.02,50.02,100.0,100.0,False,slow_drift,50.02244616878028,50.02191944665695,-0.0024461687802741494,0.0012744135250736888,-0.06852218974632883,0.21532533959714667,False,0.315000000000008,0.0,0.35000000000000886,0.0,0.0,0.7000000000000177,0.09999999999999787,1
18.1,50.0,49.97,49.97,100.0,100.0,False,slow_drift,50.019727501991255,50.00901991073767,-0.04972750199125642,0.0012744135250736888,-1.3929690193633881,0.21532533959714667,False,0.0,0.0,0.0,0.0,0.0,0.5000000000000355,0.10000000000000142,1
18.2,50.0,49.97,49.97,100.0,100.0,False,slow_drift,50.0081179196639,49.999910165667536,-0.038117919663903876,0.0012744135250736888,-1.0677608777480245,0.21532533959714667,False,0.0,0.0,0.0,0.0,0.0,0.0,0.09999999999999787,2
18.3,50.0,50.02,50.02,100.0,100.0,False,slow_drift,49.99991914910078,50.00424306514006,0.020080850899219627,0.0012744135250736888,0.5625056973500637,0.21532533959714667,False,0.0,0.0,0.0,0.0,0.0,0.5000000000000355,0.10000000000000142,1
18.400000000000002,50.0,49.99,49.99,100.0,100.0,False,slow_drift,50.00381875862605,50.00084322973209,-0.01381875862605142,0.0012744135250736888,-0.387091687322938,0.21532533959714667,False,0.0,0.0,0.0,0.0,0.0,0.3000000000000071,0.10000000000000142,1
18.5,50.0,50.02,50.02,100.0,100.0,False,slow_drift,50.00075890675888,50.00490200169525,0.019241093241120666,0.0012744135250736888,0.5389823681124382,0.21532533959714667,False,0.0,0.0,0.0,0.0,0.0,0.30000000000001775,0.09999999999999787,1
18.6,50.0,50.01,50.01,100.0,100.0,False,slow_drift,50.00441180152573,50.005615082259936,0.0055881984742711666,0.0012744135250736888,0.15653686666348496,0.21532533959714667,False,0.0,0.0,0.0,0.0,0.0,0.10000000000004974,0.10000000000000142,1
18.7,50.0,50.0,50.0,100.0,100.0,False,slow_drift,50.005053574033944,50.003965411488906,-0.00505357403394413,0.0012744135250736888,-0.14156094282759643,0.21532533959714667,False,0.0,0.0,0.0,0.0,0.0,0.09999999999998224,0.09999999999999787,1
18.8,50.0,49.97,49.97,100.0,100.0,False,slow_drift,50.00356887034002,49.99634064193416,-0.03356887034001943,0.0012744135250736888,-0.9403327037600937,0.21532533959714667,False,0.0,0.0,0.0,0.0,0.0,0.3000000000000071,0.10000000000000142,1
18.900000000000002,50.0,49.95,49.95,100.0,100.0,False,slow_drift,49.996706577740746,49.9866494680273,-0.046706577740742716,0.0012744135250736888,-1.3083467535687168,0.21532533959714667,False,0.0,0.0,0.0,0.0,0.0,0.19999999999995738,0.10000000000000142,1
19.0,50.0,49.99,49.99,100.0,100.0,False,slow_drift,49.987984521224575,49.98841850487634,0.0020154787754265158,0.0012744135250736888,0.05645768198545824,0.21532533959714667,False,0.0,0.0,0.0,0.0,0.0,0.4,0.09999999999999787,1
19.1,50.0,50.03,50.03,100.0,100.0,False,slow_drift,49.989576654388706,49.99828082501011,0.04042334561129479,0.0012744135250736888,1.1323405729379556,0.21532533959714667,False,0.0,0.0,0.0,0.0,0.0,0.3999999999999858,0.10000000000000142,1
19.200000000000003,50.0,50.01,50.01,100.0,100.0,False,slow_drift,49.9984527425091,50.00093915964975,0.011547257490896357,0.0012744135250736888,0.3234622954971407,0.21532533959714667,False,0.0,0.0,0.0,0.0,0.0,0.20000000000002843,0.10000000000000142,1
19.3,50.0,49.96,49.96,100.0,100.0,False,slow_drift,50.00084524368477,49.99205022771742,-0.04084524368477105,0.0012744135250736888,-1.1441588007223487,0.21532533959714667,False,0.0,0.0,0.0,0.0,0.0,0.49999999999998224,0.09999999999999787,1
19.400000000000002,50.0,50.01,50.01,100.0,100.0,False,slow_drift,49.99284520494568,49.99653906701647,0.017154795054317162,0.0012744135250736888,0.4805408895945291,0.21532533959714667,False,0.0,0.0,0.0,0.0,0.0,0.4999999999999645,0.10000000000000142,1
19.5,50.0,50.01,50.01,100.0,100.0,False,slow_drift,49.996885160314825,49.999709117623794,0.013114839685172797,0.0012744135250736888,0.3673734783334855,0.21532533959714667,False,0.0,0.0,0.0,0.0,0.0,0.0,0.09999999999999787,2
19.6,50.0,49.97,49.97,100.0,100.0,False,slow_drift,49.99973820586142,49.993334816585296,-0.029738205861420397,0.0012744135250736888,-0.8330279583256158,0.21532533959714667,False,0.0,0.0,0.0,0.0,0.0,0.3999999999999858,0.10000000000000142,1
19.700000000000003,50.0,50.0,50.0,100.0,100.0,False,slow_drift,49.994001334926764,49.995292999520785,0.005998665073235543,0.0012744135250736888,0.16803487547038956,0.21532533959714667,False,0.0,0.0,0.0,0.0,0.0,0.3000000000000071,0.10000000000000142,1
19.8,50.0,50.0,50.0,100.0,100.0,False,slow_drift,49.995763699568705,49.99667588239771,0.004236300431294637,0.0012744135250736888,0.11866743796112597,0.21532533959714667,False,0.0,0.0,0.0,0.0,0.0,0.0,0.09999999999999787,2
19.900000000000002,50.0,49.96,49.96,100.0,100.0,False,slow_drift,49.99700829415794,49.989039470650475,-0.0370082941579426,0.0012744135250736888,-1.0366779982345662,0.21532533959714667,False,0.0,0.0,0.0,0.0,0.0,0.3999999999999858,0.10000000000000142,1
20.0,50.0,50.01,50.0,100.0,100.0,True,slow_drift,49.99013552358543,49.99225959531935,0.009864476414570333,0.0012744135250736888,0.27632415640249475,0.21532533959714667,False,0.0,0.0,0.0,0.0,0.0,0.4,0.09999999999999787,1
20.1,50.0,50.02,49.995,100.0,100.0,True,slow_drift,49.99303363578741,49.99345704382926,0.0019663642125848924,0.0012744135250736888,0.055081882645085435,0.21532533959714667,False,0.0,0.0,0.0,0.0,0.0,0.05000000000002487,0.10000000000000142,1
20.200000000000003,50.0,50.03,49.99,100.0,100.0,True,slow_drift,49.994111339446334,49.99322606388385,-0.004111339446332352,0.0012744135250736888,-0.11516702523755493,0.21532533959714667,False,0.0,0.0,0.0,0.0,0.0,0.04999999999995382,0.10000000000000142,1
20.3,50.0,50.03,49.985,100.0,100.0,True,slow_drift,49.99390345749547,49.99198631748667,-0.008903457495470946,0.0012744135250736888,-0.24940405127509635,0.21532533959714667,False,0.0,0.0,0.0,0.0,0.0,0.05000000000002665,0.09999999999999787,1
20.400000000000002,50.0,49.96,49.98,100.0,100.0,True,slow_drift,49.992787685738,49.9900341729638,-0.012787685738004484,0.0012744135250736888,-0.35820922727080323,0.21532533959714667,False,0.0,0.0,0.0,0.0,0.0,0.05000000000002487,0.10000000000000142,1
20.5,50.0,49.97,49.975,100.0,100.0,True,slow_drift,49.991030755667424,49.98757892775934,-0.016030755667422625,0.0012744135250736888,-0.4490542478009475,0.21532533959714667,False,0.0,0.0,0.0,0.0,0.0,0.049999999999955594,0.09999999999999787,1
20.6,50.0,50.02,49.97,100.0,100.0,True,slow_drift,49.9888210349834,49.984768389234034,-0.018821034983403706,0.0012744135250736888,-0.5272156773297326,0.21532533959714667,False,0.0,0.0,0.0,0.0,0.0,0.05000000000002487,0.10000000000000142,1
20.700000000000003,50.0,50.02,49.965,100.0,100.0,True,slow_drift,49.98629155031063,49.981706940009445,-0.021291550310628793,0.0012744135250736888,-0.5964198636428123,0.21532533959714667,False,0.0,0.0,0.0,0.0,0.0,0.04999999999995382,0.10000000000000142,1
20.8,50.0,50.02,49.96,100.0,100.0,True,slow_drift,49.983536246008505,49.97846829584388,-0.023536246008504236,0.0012744135250736888,-0.6592983803555271,0.21532533959714667,False,0.0,0.0,0.0,0.0,0.0,0.05000000000002665,0.09999999999999787,1
20.900000000000002,50.0,50.12,49.955,100.0,100.0,True,slow_drift,49.98062146625949,49.97510451533619,-0.02562146625949424,0.0012744135250736888,-0.7177096636870113,0.21532533959714667,False,0.0,0.0,0.0,0.0,0.0,0.05000000000002487,0.10000000000000142,1
21.0,50.0,50.02,49.95,100.0,100.0,True,slow_drift,49.97759406380257,49.97165236264342,-0.027594063802567348,0.0012744135250736888,-0.7729661546657118,0.21532533959714667,False,0.0,0.0,0.0,0.0,0.0,0.049999999999955594,0.09999999999999787,1
21.1,50.0,50.04,49.945,100.0,100.0,True,slow_drift,49.974487126379074,49.968137800877756,-0.029487126379073914,0.0012744135250736888,-0.8259947085885199,0.21532533959714667,False,0.0,0.0,0.0,0.0,0.0,0.05000000000002487,0.10000000000000142,1
21.200000000000003,50.0,50.03,49.94,100.0,100.0,True,slow_drift,49.97132402078998,49.96457916537583,-0.03132402078998098,0.0012744135250736888,-0.8774498773336783,0.21532533959714667,False,0.0,0.0,0.0,0.0,0.0,0.05000000000002487,0.10000000000000142,1
21.3,50.0,50.02,49.935,100.0,100.0,True,slow_drift,49.96812124883825,49.96098940468428,-0.03312124883824907,0.0012744135250736888,-0.9277939101469206,0.21532533959714667,False,0.0,0.0,0.0,0.0,0.0,0.049999999999955594,0.09999999999999787,1
21.400000000000002,50.0,49.99,49.93,100.0,100.0,True,slow_drift,49.96489046421585,49.95737766315987,-0.03489046421584874,0.0012744135250736888,-0.9773532507711682,0.21532533959714667,False,0.0,0.0,0.0,0.0,0.0,0.05000000000002487,0.10000000000000142,1
21.5,50.0,50.02,49.925,100.0,100.0,True,slow_drift,49.961639896843884,49.95375039861317,-0.03663989684388724,0.0012744135250736888,-1.0263584361261373,0.21532533959714667,False,0.0,0.0,0.0,0.0,0.0,0.05000000000002665,0.09999999999999787,1
21.6,50.0,49.98,49.92,100.0,100.0,True,slow_drift,49.95837535875185,49.950112171596444,-0.03837535875184983,0.0012744135250736888,-1.0749722730428242,0.21532533959714667,False,0.0,0.0,0.0,0.0,0.0,0.04999999999995382,0.10000000000000142,1
21.700000000000003,50.0,49.99,49.915,100.0,100.0,True,slow_drift,49.9551009544368,49.94646620280453,-0.04010095443680228,0.0012744135250736888,-1.123309736877395,0.21532533959714667,False,0.0,0.0,0.0,0.0,0.0,0.05000000000002487,0.10000000000000142,1
21.8,50.0,49.98,49.91,100.0,100.0,True,slow_drift,49.95181958252408,49.94281476671527,-0.04181958252408435,0.0012744135250736888,-1.1714520240530633,0.21532533959714667,False,0.0,0.0,0.0,0.0,0.0,0.05000000000002665,0.09999999999999787,1
21.900000000000002,50.0,50.0,49.905,100.0,100.0,True,slow_drift,49.94853329004375,49.9391594695813,-0.043533290043747286,0.0012744135250736888,-1.2194564760675697,0.21532533959714667,False,0.0,0.0,0.0,0.0,0.0,0.04999999999995382,0.10000000000000142,1
22.0,50.0,50.07,49.9,100.0,100.0,True,slow_drift,49.94524352262317,49.935501445749765,-0.045243522623174215,0.0012744135250736888,-1.267363587900103,0.21532533959714667,False,0.0,0.0,0.0,0.0,0.0,0.05000000000002665,0.09999999999999787,1
22.1,50.0,49.94,49.895,100.0,100.0,True,slow_drift,49.94195130117479,49.9318414963048,-0.04695130117478641,0.0012744135250736888,-1.3152019573952638,0.21532533959714667,False,0.0,0.0,0.0,0.0,0.0,0.04999999999995382,0.10000000000000142,1
22.200000000000003,50.0,50.02,49.89,100.0,100.0,True,slow_drift,49.93865734667432,49.92818018697778,-0.04865734667431809,0.0012744135250736888,-1.3629917805577025,0.21532533959714667,False,0.0,0.0,0.0,0.0,0.0,0.05000000000002487,0.10000000000000142,1
22.3,50.0,49.95,49.885,100.0,100.0,True,slow_drift,49.93536216828,49.92451791729226,-0.05036216828000306,0.0012744135250736888,-1.4107473199507343,0.21532533959714667,False,0.0,0.0,0.0,0.0,0.0,0.05000000000002665,0.09999999999999787,1
22.400000000000002,50.0,49.99,49.88,100.0,100.0,True,slow_drift,49.93206612556304,49.92085496939467,-0.05206612556303725,0.0012744135250736888,-1.4584786478988498,0.21532533959714667,False,0.0,0.0,0.0,0.0,0.0,0.04999999999995382,0.10000000000000142,1
22.5,50.0,50.03,49.875,100.0,100.0,True,slow_drift,49.9287694724552,49.91719154253882,-0.05376947245520114,0.0012744135250736888,-1.5061928775504903,0.21532533959714667,False,0.0,0.0,0.0,0.0,0.0,0.05000000000002665,0.09999999999999787,1
22.6,50.0,50.0,49.87,100.0,100.0,True,slow_drift,49.925472388284945,49.91352777743922,-0.05547238828494727,0.0012744135250736888,-1.5538950322623226,0.21532533959714667,False,0.0,0.0,0.0,0.0,0.0,0.05000000000002487,0.10000000000000142,1
22.700000000000003,50.0,49.97,49.865,100.0,100.0,True,slow_drift,49.9221749996953,49.909863773469446,-0.05717499969529882,0.0012744135250736888,-1.6015886595644004,0.21532533959714667,False,0.0,0.0,0.0,0.0,0.0,0.04999999999995382,0.10000000000000142,1
22.8,50.0,49.98,49.86,100.0,100.0,True,slow_drift,49.918877396122504,49.90619960080783,-0.05887739612250442,0.0012744135250736888,-1.6492762647489374,0.21532533959714667,False,0.0,0.0,0.0,0.0,0.0,0.05000000000002665,0.09999999999999787,1
22.900000000000002,50.0,50.02,49.855,100.0,100.0,True,slow_drift,49.915579640727046,49.90253530901482,-0.06057964072704891,0.0012744135250736888,-1.6969596170702723,0.21532533959714667,False,0.0,0.0,0.0,0.0,0.0,0.05000000000002487,0.10000000000000142,1
23.0,50.0,49.98,49.85,100.0,100.0,True,slow_drift,49.91228177811334,49.89887093309037,-0.06228177811333779,0.0012744135250736888,-1.744639965989015,0.21532533959714667,False,0.0,0.0,0.0,0.0,0.0,0.049999999999955594,0.09999999999999787,1
23.1,50.0,50.01,49.845,100.0,100.0,True,slow_drift,49.908983839781335,49.89520649775169,-0.06398383978133637,0.0012744135250736888,-1.7923181938836088,0.21532533959714667,False,0.0,0.0,0.0,0.0,0.0,0.05000000000002487,0.10000000000000142,1
23.200000000000003,50.0,50.0,49.84,100.0,100.0,True,slow_drift,49.90568584797652,49.89154202045425,-0.06568584797651766,0.0012744135250736888,-1.839994923895243,0.21532533959714667,False,0.0,0.0,0.0,0.0,0.0,0.04999999999995382,0.10000000000000142,1
23.3,50.0,49.98,49.835,100.0,100.0,True,slow_drift,49.902387818408826,49.88787751352523,-0.06738781840882524,0.0012744135250736888,-1.8876705960915625,0.21532533959714667,False,0.0,0.0,0.0,0.0,0.0,0.05000000000002665,0.09999999999999787,1
23.400000000000002,50.0,50.07,49.83,100.0,100.0,True,slow_drift,49.89908976217271,49.88421298567018,-0.0690897621727089,0.0012744135250736888,-1.9353455212507935,0.21532533959714667,False,0.0,0.0,0.0,0.0,0.0,0.05000000000002487,0.10000000000000142,1
23.5,50.0,50.02,49.825,100.0,100.0,True,slow_drift,49.89579168710316,49.88054844303702,-0.07079168710315997,0.0012744135250736888,-1.983019918847065,0.21532533959714667,False,0.0,0.0,0.0,0.0,0.0,0.049999999999955594,0.09999999999999787,1
23.6,50.0,49.94,49.82,100.0,100.0,True,slow_drift,49.89249359873332,49.876883889967445,-0.07249359873331684,0.0012744135250736888,-2.0306939438748977,0.21532533959714667,False,0.0,0.0,0.0,0.0,0.0,0.05000000000002487,0.10000000000000142,1
23.700000000000003,50.0,50.01,49.815,100.0,100.0,True,slow_drift,49.8891955009707,49.8732193295276,-0.07419550097070271,0.0012744135250736888,-2.078367705792007,0.21532533959714667,False,0.0,0.0,0.0,0.0,0.0,0.05000000000002487,0.10000000000000142,1
23.8,50.0,49.98,49.81,100.0,100.0,True,slow_drift,49.88589739657484,49.869554763882824,-0.07589739657483818,0.0012744135250736888,-2.1260412818982086,0.21532533959714667,False,0.0,0.0,0.0,0.0,0.0,0.049999999999955594,0.09999999999999787,1
23.900000000000002,50.0,50.03,49.805,100.0,100.0,True,slow_drift,49.88259928749454,49.86589019456228,-0.07759928749454303,0.0012744135250736888,-2.1737147267839294,0.21532533959714667,False,0.0,0.0,0.0,0.0,0.0,0.05000000000002487,0.10000000000000142,1
24.0,50.0,49.97,49.8,100.0,100.0,True,slow_drift,49.87930117510606,49.862225622645894,-0.07930117510606038,0.0012744135250736888,-2.221388079000553,0.21532533959714667,False,0.0,0.0,0.0,0.0,0.0,0.05000000000002665,0.09999999999999787,1
24.1,50.0,50.0,49.795,100.0,100.0,True,slow_drift,49.87600306038131,49.85856104889629,-0.08100306038130611,0.0012744135250736888,-2.269061365773431,0.21532533959714667,False,0.005310319665738239,0.005900355184153599,0.0,0.0,0.0,0.04999999999995382,0.10000000000000142,1
24.200000000000003,50.0,50.02,49.79,100.05,100.0,True,slow_drift,49.872704944006664,49.854896473852065,-0.0827049440066645,0.0012744135250736888,-2.316734606329591,0.21532533959714667,False,0.014320291799988548,0.01591143533332061,0.0,0.0,0.0,0.05000000000002487,0.10000000000000142,1
24.3,50.00025,50.03,49.785,100.05,100.0,True,slow_drift,49.86965682646686,49.85142806655867,-0.0846568264668619,0.0012744135250736888,-2.371410825476328,0.21532533959714667,False,0.024653787177504174,0.02739309686389353,0.0,0.0,0.0,0.05000000000002665,0.09999999999999787,1
24.400000000000002,50.000475,49.96,49.78,100.1,100.0,True,slow_drift,49.866535259902804,49.84790202567711,-0.08653525990280286,0.0012744135250736888,-2.424029587256523,0.21532533959714667,False,0.034598434779544565,0.03844270531060507,0.0,0.0,0.0,0.04999999999995382,0.10000000000000142,1
24.5,50.0009275,49.99,49.775,100.1,100.0,True,slow_drift,49.8636118231094,49.84453145220605,-0.08861182310940308,0.0012744135250736888,-2.4821983690717166,0.21532533959714667,False,0.04559200469683981,0.050657782996488675,0.0,0.0,0.0,0.05000000000002665,0.09999999999999787,1
24.6,50.001334750000005,49.99,49.77,100.14999999999999,100.0,True,slow_drift,49.860578306985445,49.84107450227367,-0.09057830698544223,0.0012744135250736888,-2.5372836037348576,0.21532533959714667,False,0.05600280168763531,0.062225335208483674,0.0,0.0,0.0,0.04999999999995382,0.10000000000000142,1
24.700000000000003,50.001951275,49.98,49.765,100.14999999999999,100.0,True,slow_drift,49.857717052046304,49.83775272132799,-0.09271705204630365,0.0012744135250736888,-2.597194226444606,0.21532533959714667,False,0.06732556965690167,0.07480618850766853,0.0,0.0,0.0,0.05000000000002487,0.10000000000000142,1
24.8,50.0025061475,50.06,49.76,100.19999999999999,100.0,True,slow_drift,49.85472744919519,49.83433022902806,-0.09472744919519016,0.0012744135250736888,-2.6535095616791766,0.21532533959714667,False,0.07796884868041849,0.08663205408935389,0.0,0.0,0.0,0.05000000000002665,0.09999999999999787,1
24.900000000000002,50.00325553275,50.02,49.755,100.19999999999999,100.0,True,slow_drift,49.85189720612525,49.83103278231032,-0.09689720612524866,0.0012744135250736888,-2.714288890261818,0.21532533959714667,False,0.08945579713366937,0.09939533014852152,0.0,0.0,0.0,0.04999999999995382,0.10000000000000142,1
25.0,49.988929979475,49.95,49.75,100.24999999999999,103.0,True,slow_drift,49.84892950407929,49.82762747501724,-0.0989295040792868,0.0012744135250736888,-2.771217711834003,0.21532533959714667,False,0.10021502159622424,0.11135002399580471,0.0,0.0,0.0,0.05000000000002665,0.09999999999999787,1
25.1,49.9762869815275,50.01,49.745,100.24999999999999,103.0,True,slow_drift,49.84611472751551,49.82434216447496,-0.10111472751551531,0.0012744135250736888,-2.8324302888821795,0.21532533959714667,False,0.11178385155272813,0.12420427950303126,0.0,0.0,0.0,0.05000000000002487,0.10000000000000142,1
25.200000000000003,49.964908283374754,50.03,49.74,100.29999999999998,103.0,True,slow_drift,49.84315794802747,49.82094542783631,-0.1031579480274658,0.0012744135250736888,-2.8896650736372083,0.21532533959714667,False,0.1226009013218778,0.13622322369097534,0.0,0.0,0.0,0.04999999999995382,0.10000000000000142,1
25.3,49.954917455037275,49.99,49.735,100.29999999999998,103.0,True,slow_drift,49.84035088505268,49.81766616995185,-0.10535088505267964,0.0012744135250736888,-2.9510937240865087,0.21532533959714667,False,0.13421056792595107,0.14912285325105673,0.0,0.0,0.0,0.05000000000002665,0.09999999999999787,1
25.400000000000002,49.94592570953355,49.9,49.73,100.34999999999998,103.0,True,slow_drift,49.83739955295667,49.814273707743695,-0.10739955295667158,0.0012744135250736888,-3.0084811014320807,0.21532533959714667,False,0.1450564568294378,0.16117384092159756,0.0,0.0,0.0,0.05000000000002487,0.10000000000000142,1
25.5,49.93808313858019,49.92,49.725,100.34999999999998,103.0,True,slow_drift,49.83459633696933,49.8109974684928,-0.10959633696932514,0.0012744135250736888,-3.0700175138663357,0.21532533959714667,False,0.1566864898376037,0.17409609981955965,0.0,0.0,0.0,0.049999999999955594,0.09999999999999787,1
25.6,49.93102482472217,49.97,49.72,100.39999999999998,103.0,True,slow_drift,49.83164772164352,49.80760713806538,-0.11164772164352144,0.0012744135250736888,-3.1274809935008996,0.21532533959714667,False,0.1675467616421723,0.18616306849130257,0.0,0.0,0.0,0.05000000000002487,0.10000000000000142,1
25.700000000000003,49.92492234224996,49.9,49.715,100.39999999999998,103.0,True,slow_drift,49.82884642425884,49.80433240429338,-0.1138464242588384,0.0012744135250736888,-3.1890711499191386,0.21532533959714667,False,0.17918695195855625,0.1990966132872847,0.0,0.0,0.0,0.04999999999995382,0.10000000000000142,1
25.8,49.91943010802496,49.93,49.71,100.44999999999997,103.0,True,slow_drift,49.82589916386405,49.800943137046,-0.11589916386405008,0.0012744135250736888,-3.2465725839421644,0.21532533959714667,False,0.19005439692732395,0.21117155214147107,0.0,0.0,0.0,0.05000000000002665,0.09999999999999787,1
25.900000000000002,49.91473709722246,49.94,49.705,100.44999999999997,103.0,True,slow_drift,49.8230988233414,49.79766915409939,-0.11809882334139843,0.0012744135250736888,-3.3081895440226057,0.21532533959714667,False,0.20169965298387404,0.22411072553763783,0.0,0.0,0.0,0.05000000000002487,0.10000000000000142,1
26.0,49.91051338750022,49.88,49.7,100.49999999999997,103.0,True,slow_drift,49.820152238689445,49.794280417090285,-0.12015223868944247,0.0012744135250736888,-3.365709906984203,0.21532533959714667,False,0.21257067541469546,0.2361896393496616,0.0,0.0,0.0,0.049999999999955594,0.09999999999999787,1
26.1,49.906962048750195,49.91,49.695,100.49999999999997,103.0,True,slow_drift,49.817352375381255,49.79100680860177,-0.12235237538125432,0.0012744135250736888,-3.427340234817631,0.21532533959714667,False,0.2242184579007582,0.24913161988973131,0.0,0.0,0.0,0.05000000000002487,0.10000000000000142,1
26.200000000000003,49.90376584387518,49.8,49.69,100.54999999999997,103.0,True,slow_drift,49.81440612774159,49.78761833603767,-0.12440612774159376,0.0012744135250736888,-3.484870038182785,0.21532533959714667,False,0.23509126451431997,0.2612125161270222,0.0,0.0,0.0,0.05000000000002487,0.10000000000000142,1
26.3,49.90113925948766,49.87,49.685,100.54999999999997,103.0,True,slow_drift,49.811606502433904,49.78434491430212,-0.12660650243390137,0.0012744135250736888,-3.54650703289679,0.21532533959714667,False,0.24674030700300725,0.27415589667000806,0.0,0.0,0.0,0.049999999999955594,0.09999999999999787,1
26.400000000000002,49.89877533353889,49.89,49.68,100.59999999999997,103.0,True,slow_drift,49.8086604228719,49.780956573624294,-0.12866042287190282,0.0012744135250736888,-3.6040415444609613,0.21532533959714667,False,0.2576140034394856,0.2862377815994284,0.0,0.0,0.0,0.05000000000002487,0.10000000000000142,1
26.5,49.896897800185,49.86,49.675,100.59999999999997,103.0,True,slow_drift,49.805860916261864,49.77768324502778,-0.13086091626186658,0.0012744135250736888,-3.665681864139042,0.21532533959714667,False,0.26926367432752896,0.2991818603639211,0.0,0.0,0.0,0.05000000000002665,0.09999999999999787,1
26.6,49.8952080201665,49.95,49.67,100.64999999999996,103.0,True,slow_drift,49.802914920525005,49.77429497012543,-0.1329149205250033,0.0012744135250736888,-3.723218723816668,0.21532533959714667,False,0.2801378145441352,0.31126423838237244,0.0,0.0,0.0,0.04999999999995382,0.10000000000000142,1
26.700000000000003,49.89393721814985,49.85,49.665,100.64999999999996,103.0,True,slow_drift,49.80011547311289,49.771021687980024,-0.13511547311289007,0.0012744135250736888,-3.7848607017496265,0.21532533959714667,False,0.2917877988329475,0.32420866536994164,0.0,0.0,0.0,0.05000000000002487,0.10000000000000142,1
26.8,49.89279349633487,49.88,49.66,100.69999999999996,103.0,True,slow_drift,49.79716951918203,49.76763344588178,-0.1371695191820308,0.0012744135250736888,-3.842398732498914,0.21532533959714667,False,0.30266216037545723,0.33629128930606356,0.0,0.0,0.0,0.05000000000002665,0.09999999999999787,1
26.900000000000002,49.89201414670138,49.9,49.655,100.69999999999996,103.0,True,slow_drift,49.7943701012936,49.76436018690287,-0.1393701012936006,0.0012744135250736888,-3.904041537450609,0.21532533959714667,False,0.3143123009661209,0.34923588996235655,0.0,0.0,0.0,0.04999999999995382,0.10000000000000142,1
27.0,49.89131273203124,49.94,49.65,100.74999999999996,103.0,True,slow_drift,49.791424168212586,49.76097196116497,-0.14142416821258763,0.0012744135250736888,-3.9615801522467273,0.21532533959714667,False,0.32518677289016984,0.36131863654463314,0.0,0.0,0.0,0.05000000000002665,0.09999999999999787,1
27.1,49.89093145882811,49.85,49.645,100.74999999999996,103.0,True,slow_drift,49.78862476504847,49.75769871373985,-0.14362476504846455,0.0012744135250736888,-4.023223369656374,0.21532533959714667,False,0.3368369914330477,0.3742633238144974,0.0,0.0,0.0,0.04999999999995382,0.10000000000000142,1
27.200000000000003,49.890588312945304,49.93,49.64,100.79999999999995,103.0,True,slow_drift,49.78567884236586,49.75431049616132,-0.14567884236586082,0.0012744135250736888,-4.0807622757332,0.21532533959714667,False,0.3477115184074985,0.3863461315638872,0.0,0.0,0.0,0.05000000000002487,0.10000000000000142,1
27.3,49.89052948165077,49.89,49.635,100.79999999999995,103.0,True,slow_drift,49.78287944654518,49.7510372544984,-0.1478794465451827,0.0012744135250736888,-4.142405698847756,0.21532533959714667,False,0.3593617758274379,0.3992908620304865,0.0,0.0,0.0,0.05000000000002665,0.09999999999999787,1
27.400000000000002,49.890476533485696,49.86,49.63,100.84999999999995,103.0,True,slow_drift,49.779933529048556,49.74764904098918,-0.14993352904855328,0.0012744135250736888,-4.1999447501943274,0.21532533959714667,False,0.3702363302570468,0.41137370028560755,0.0,0.0,0.0,0.04999999999995382,0.10000000000000142,1
27.5,49.89067888013712,49.91,49.625,100.84999999999995,103.0,True,slow_drift,49.77713413689026,49.74437580220005,-0.15213413689026112,0.0012744135250736888,-4.261588275899803,0.21532533959714667,False,0.38188660706608835,0.4243184522956537,0.0,0.0,0.0,0.05000000000002665,0.09999999999999787,1
27.6,49.89086099212341,49.9,49.62,100.89999999999995,103.0,True,slow_drift,49.77418822198004,49.74098759072031,-0.15418822198004278,0.0012744135250736888,-4.319127399697038,0.21532533959714667,False,0.3927611751884618,0.43640130576495756,0.0,0.0,0.0,0.05000000000002487,0.10000000000000142,1
27.700000000000003,49.89127489291106,49.87,49.615,100.89999999999995,103.0,True,slow_drift,49.77138883164828,49.73771435336442,-0.15638883164827888,0.0012744135250736888,-4.380770976567306,0.21532533959714667,False,0.4044114616673588,0.44934606851928754,0.0,0.0,0.0,0.04999999999995382,0.10000000000000142,1
27.8,49.891647403619956,49.89,49.61,100.94999999999995,103.0,True,slow_drift,49.76844291802798,49.73432614289684,-0.15844291802797983,0.0012744135250736888,-4.438310136497817,0.21532533959714667,False,0.41528603661871677,0.46142892957635195,0.0,0.0,0.0,0.05000000000002665,0.09999999999999787,1
27.900000000000002,49.89223266325796,49.88,49.605,100.94999999999995,103.0,True,slow_drift,49.76564352860716,49.731052906255734,-0.16064352860716014,0.0012744135250736888,-4.4999537388854955,0.21532533959714667,False,0.4269363279202596,0.4743736976891773,0.0,0.0,0.0,0.05000000000002487,0.10000000000000142,1
28.0,49.89275939693216,49.9,49.6,100.99999999999994,103.0,True,slow_drift,49.76269761563016,49.72766469629295,-0.16269761563015805,0.0012744135250736888,-4.557492916836071,0.21532533959714667,False,0.4378109062773074,0.48645656253034153,0.0,0.0,0.0,0.049999999999955594,0.09999999999999787,1
28.1,49.89348345723894,49.91,49.595,100.99999999999994,103.0,True,slow_drift,49.75989822666366,49.72439146000834,-0.1648982266636594,0.0012744135250736888,-4.619136531950209,0.21532533959714667,False,0.44946119998407913,0.49940133331564346,0.0,0.0,0.0,0.05000000000002487,0.10000000000000142,1
28.200000000000003,49.89413511151505,49.94,49.59,101.04999999999994,103.0,True,slow_drift,49.75695231400751,49.721003250297315,-0.16695231400750998,0.0012744135250736888,-4.676675718888524,0.21532533959714667,False,0.4603357800397588,0.5114842000441764,0.0,0.0,0.0,0.04999999999995382,0.10000000000000142,1
28.3,49.89497160036354,49.86,49.585,101.04999999999994,103.0,True,slow_drift,49.75415292526758,49.71773001419049,-0.16915292526758208,0.0012744135250736888,-4.738319340349374,0.21532533959714667,False,0.47198607494602285,0.5244289721622476,0.0,0.0,0.0,0.05000000000002665,0.09999999999999787,1
28.400000000000002,49.895724440327186,49.96,49.58,101.09999999999994,103.0,True,slow_drift,49.75120701277144,49.71434180460501,-0.1712070127714398,0.0012744135250736888,-4.795858531769815,0.21532533959714667,False,0.48286065584879895,0.5365118398319988,0.0,0.0,0.0,0.05000000000002487,0.10000000000000142,1
28.5,49.896651996294466,49.83,49.575,101.09999999999994,103.0,True,slow_drift,49.74840762414451,49.71106856858686,-0.1734076241445095,0.0012744135250736888,-4.857502156395959,0.21532533959714667,False,0.4945109513532856,0.5494566126147618,0.0,0.0,0.0,0.049999999999955594,0.09999999999999787,1
28.6,49.89748679666502,49.89,49.57,101.14999999999993,103.0,True,slow_drift,49.745461711728176,49.70768035906401,-0.17546171172817537,0.0012744135250736888,-4.91504135005199,0.21532533959714667,True,0.5053855326785756,0.5615394807539729,0.0,0.0,0.0,0.05000000000002487,0.10000000000000142,1
28.700000000000003,49.89848811699852,49.92,49.565,101.14999999999993,103.0,True,slow_drift,49.7426623231576,49.70440712309007,-0.17766232315760533,0.0012744135250736888,-4.976684976256899,0.21532533959714667,True,0.51703582848144,0.5744842538682667,0.0,0.0,0.0,0.05000000000002487,0.10000000000000142,1
28.8,49.89938930529867,49.91,49.56,101.19999999999993,103.0,True,slow_drift,49.739716410781064,49.70101891359845,-0.1797164107810616,0.0012744135250736888,-5.034224171027541,0.21532533959714667,True,0.5279104100173849,0.5865671222415388,0.0,0.0,0.0,0.049999999999955594,0.09999999999999787,1
28.900000000000002,49.9004503747688,49.88,49.555,101.19999999999993,103.0,True,slow_drift,49.73691702223861,49.69774567764658,-0.18191702223860773,0.0012744135250736888,-5.095867798020041,0.21532533959714667,True,0.5395607059690998,0.599511895521222,0.0,0.0,0.0,0.05000000000002487,0.10000000000000142,1
29.0,49.90140533729192,49.89,49.55,101.24999999999993,103.0,True,slow_drift,49.73397110988192,49.69435746817053,-0.18397110988192367,0.0012744135250736888,-5.153406993346993,0.21532533959714667,True,0.5504352876101842,0.6115947640113157,0.0,0.0,0.0,0.05000000000002665,0.09999999999999787,1
29.1,49.902514803562724,49.89,49.545,101.24999999999993,103.0,True,slow_drift,49.731171721353476,49.691084232229656,-0.1861717213534746,0.0012744135250736888,-5.215050620731797,0.21532533959714667,True,0.562085583636042,0.62453953737338,0.0,0.0,0.0,0.04999999999995382,0.10000000000000142,1
29.200000000000003,49.903513323206454,49.88,49.54,101.29999999999993,103.0,True,slow_drift,49.728225809006695,49.68769602276138,-0.1882258090066955,0.0012744135250736888,-5.272589816336207,0.21532533959714667,True,0.5729601653295644,0.6366224059217382,0.0,0.0,0.0,0.05000000000002487,0.10000000000000142,1
29.3,49.904661990885806,49.93,49.535,101.29999999999993,103.0,True,slow_drift,49.72542642048524,49.68442278682599,-0.19042642048524527,0.0012744135250736888,-5.3342334439170624,0.21532533959714667,True,0.584610461392475,0.6495671793249722,0.0,0.0,0.0,0.05000000000002665,0.09999999999999787,1
29.400000000000002,49.90569579179723,49.92,49.53,101.34999999999992,103.0,True,slow_drift,49.7224805081434,49.681034577361594,-0.19248050814339734,0.0012744135250736888,-5.391772639659604,0.21532533959714667,True,0.5954850431121037,0.6616500479023374,0.0,0.0,0.0,0.04999999999995382,0.10000000000000142,1
29.5,49.906876212617505,49.88,49.525,101.34999999999992,103.0,True,slow_drift,49.719681119625434,49.67776134142893,-0.19468111962543588,0.0012744135250736888,-5.453416267338188,0.21532533959714667,True,0.6071353391934842,0.6745948213260935,0.0,0.0,0.0,0.05000000000002665,0.09999999999999787,1
29.6,49.90793859135575,49.94,49.52,101.39999999999992,103.0,True,slow_drift,49.716735207286035,49.674373131966455,-0.19673520728603222,0.0012744135250736888,-5.510955463149198,0.21532533959714667,True,0.618009920926053,0.6866776899178366,0.0,0.0,0.0,0.04999999999995382,0.10000000000000142,1
29.700000000000003,49.90914473222018,49.92,49.515,101.39999999999992,103.0,True,slow_drift,49.713935818769805,49.67109989603516,-0.19893581876980448,0.0012744135250736888,-5.572599090876347,0.21532533959714667,True,0.629660217016612,0.6996224633517911,0.0,0.0,0.0,0.05000000000002487,0.10000000000000142,1
29.8,49.91023025899816,49.94,49.51,101.44999999999992,103.0,True,slow_drift,49.71098990643164,49.66771168657365,-0.20098990643164427,0.0012744135250736888,-5.63013828672219,0.21532533959714667,True,0.6405347987557639,0.7117053319508487,0.0,0.0,0.0,0.05000000000002665,0.09999999999999787,1
29.900000000000002,49.911457233098346,49.93,49.505,101.44999999999992,103.0,True,slow_drift,49.70819051791628,49.66443845064304,-0.2031905179162763,0.0012744135250736888,-5.691781914473421,0.21532533959714667,True,0.6521850948508746,0.7246501053898606,0.0,0.0,0.0,0.04999999999995382,0.10000000000000142,1
30.0,49.91256150978851,49.89,49.5,101.49999999999991,103.0,True,slow_drift,49.705244605578734,49.66105024118201,-0.20524460557873425,0.0012744135250736888,-5.74932111033658,0.21532533959714667,True,0.663059676593299,0.7367329739925544,0.0,0.0,0.0,0.05000000000002665,0.09999999999999787,1
30.1,49.91380535880966,49.9,49.495,101.49999999999991,103.0,True,slow_drift,49.70244521706381,49.657777005251745,-0.2074452170638139,0.0012744135250736888,-5.810964738100352,0.21532533959714667,True,0.6747099726907795,0.7496777474341995,0.0,0.0,0.0,0.05000000000002487,0.10000000000000142,1
30.200000000000003,49.9149248229287,49.94,49.49,101.54999999999991,103.0,True,slow_drift,49.69949930472657,49.65438879579096,-0.2094993047265703,0.0012744135250736888,-5.868503933971869,0.21532533959714667,True,0.6855845544347839,0.7617606160386489,0.0,0.0,0.0,0.04999999999995382,0.10000000000000142,1
30.3,49.91618234063583,49.94,49.485,101.54999999999991,103.0,True,slow_drift,49.69669991621186,49.651115559860855,-0.21169991621186313,0.0012744135250736888,-5.930147561741612,0.21532533959714667,True,0.697234850533393,0.7747053894815478,0.0,0.0,0.0,0.05000000000002665,0.09999999999999787,1
30.400000000000002,49.91731410657224,49.92,49.48,101.59999999999991,103.0,True,slow_drift,49.69375400387477,49.64772735040019,-0.21375400387477583,0.0012744135250736888,-5.987686757617509,0.21532533959714667,True,0.708109432278225,0.7867882580869167,0.0,0.0,0.0,0.05000000000002487,0.10000000000000142,1
30.5,49.91858269591502,49.92,49.475,101.59999999999991,103.0,True,slow_drift,49.69095461536018,49.64445411447018,-0.21595461536017524,0.0012744135250736888,-6.049330385390237,0.21532533959714667,True,0.7197597283773983,0.7997330315304426,0.0,0.0,0.0,0.049999999999955594,0.09999999999999787,1
30.6,49.91972442632352,49.96,49.47,101.6499999999999,103.0,True,slow_drift,49.688008703023165,49.64106590500957,-0.2180087030231661,0.0012744135250736888,-6.106869581268324,0.21532533959714667,True,0.730634310122644,0.8118159001362711,0.0,0.0,0.0,0.05000000000002487,0.10000000000000142,1
30.700000000000003,49.92100198369117,49.9,49.465,101.6499999999999,103.0,True,slow_drift,49.68520931450861,49.63779266907959,-0.22020931450860814,0.0012744135250736888,-6.168513209042246,0.21532533959714667,True,0.7422846062220432,0.8247606735800479,0.0,0.0,0.0,0.04999999999995382,0.10000000000000142,1
30.8,49.92215178532205,49.94,49.46,101.6999999999999,103.0,True,slow_drift,49.68226340217163,49.634404459619006,-0.22226340217162743,0.0012744135250736888,-6.226052404921129,0.21532533959714667,True,0.7531591879674394,0.8368435421860437,0.0,0.0,0.0,0.05000000000002665,0.09999999999999787,1
30.900000000000002,49.92343660678984,49.92,49.455,101.6999999999999,103.0,True,slow_drift,49.6794640136571,49.631131223689046,-0.224464013657105,0.0012744135250736888,-6.287696032696046,0.21532533959714667,True,0.7648094840670265,0.8497883156300294,0.0,0.0,0.0,0.05000000000002487,0.10000000000000142,1
31.0,49.924592946110856,49.92,49.45,101.7499999999999,103.0,True,slow_drift,49.67651810132014,49.62774301422848,-0.2265181013201385,0.0012744135250736888,-6.345235228575326,0.21532533959714667,True,0.7756840658124979,0.8618711842361088,0.0,0.0,0.0,0.049999999999955594,0.09999999999999787,1
31.1,49.92588365149977,49.96,49.445,101.7499999999999,103.0,True,slow_drift,49.67371871280563,49.62446977829853,-0.22871871280563028,0.0012744135250736888,-6.406878856350643,0.21532533959714667,True,0.7873343619121602,0.8748159576801781,0.0,0.0,0.0,0.05000000000002487,0.10000000000000142,1
31.200000000000003,49.92704528634979,49.95,49.44,101.7999999999999,103.0,True,slow_drift,49.67077280046868,49.62108156883798,-0.2307728004686851,0.0012744135250736888,-6.46441805223052,0.21532533959714667,True,0.7982089436577445,0.8868988262863828,0.0,0.0,0.0,0.05000000000002487,0.10000000000000142,1
31.3,49.92834075771481,49.95,49.435,101.7999999999999,103.0,True,slow_drift,49.667973411954186,49.61780833290805,-0.23297341195418397,0.0012744135250736888,-6.526061680006035,0.21532533959714667,True,0.8098592397574446,0.899843599730494,0.0,0.0,0.0,0.049999999999955594,0.09999999999999787,1
31.400000000000002,49.92950668194332,49.97,49.43,101.8499999999999,103.0,True,slow_drift,49.665027499617246,49.614420123447495,-0.2350274996172459,0.0012744135250736888,-6.583600875886111,0.21532533959714667,True,0.8207338215030665,0.9119264683367405,0.0,0.0,0.0,0.05000000000002487,0.10000000000000142,1
31.5,49.93080601374899,49.93,49.425,101.8499999999999,103.0,True,slow_drift,49.66222811110275,49.611146887517556,-0.23722811110275188,0.0012744135250736888,-6.645244503661825,0.21532533959714667,True,0.8323841176028041,0.9248712417808934,0.0,0.0,0.0,0.05000000000002665,0.09999999999999787,1
31.6,49.93197541237409,49.95,49.42,101.89999999999989,103.0,True,slow_drift,49.6592821987658,49.607758678057,-0.2392821987657996,0.0012744135250736888,-6.702783699541504,0.21532533959714667,True,0.8432586993483508,0.9369541103870564,0.0,0.0,0.0,0.04999999999995382,0.10000000000000142,1
31.700000000000003,49.93327787113668,49.92,49.415,101.89999999999989,103.0,True,slow_drift,49.656482810251305,49.60448544212707,-0.24148281025130558,0.0012744135250736888,-6.764427327317217,0.21532533959714667,True,0.8549089954480883,0.9498988838312092,0.0,0.0,0.0,0.05000000000002487,0.10000000000000142,1
31.8,49.93445008402301,49.94,49.41,101.94999999999989,103.0,True,slow_drift,49.65353689791437,49.601097232666525,-0.2435368979143746,0.0012744135250736888,-6.821966523197493,0.21532533959714667,True,0.865783577193748,0.9619817524374977,0.0,0.0,0.0,0.05000000000002665,0.09999999999999787,1
31.900000000000002,49.93575507562071,49.93,49.405,101.94999999999989,103.0,True,slow_drift,49.65073750939987,49.59782399673659,-0.24573750939986638,0.0012744135250736888,-6.883610150972809,0.21532533959714667,True,0.8774338732934103,0.9749265258815669,0.0,0.0,0.0,0.04999999999995382,0.10000000000000142,1
32.0,49.93692956805864,49.94,49.4,101.99999999999989,103.0,True,slow_drift,49.64779159706293,49.59443578727603,-0.2477915970629283,0.0012744135250736888,-6.941149346852885,0.21532533959714667,True,0.8883084550390322,0.9870093944878136,0.0,0.0,0.0,0.05000000000002665,0.09999999999999787,1
32.1,49.938236611252776,49.96,49.395,101.99999999999989,103.0,True,slow_drift,49.64499220854843,49.5911625513461,-0.24999220854842719,0.0012744135250736888,-7.002792974628401,0.21532533959714667,True,0.8999587511387321,0.9999541679319246,0.0,0.0,0.0,0.04999999999995382,0.10000000000000142,1
32.2,49.9394129501275,49.91,49.39,102.04999999999988,103.0,True,slow_drift,49.64204629621149,49.58777434188555,-0.2520462962114891,0.0012744135250736888,-7.0603321705084765,0.21532533959714667,True,0.9,1.0,0.0,0.0,0.0,0.05000000000002487,0.10000000000000142,1
32.300000000000004,49.94072165511475,50.01,49.385,102.04999999999988,103.0,True,slow_drift,49.63924690769699,49.58450110595561,-0.2542469076969951,0.0012744135250736888,-7.121975798284191,0.21532533959714667,True,0.9,1.0,0.0,0.0,0.0,0.05000000000002487,0.10000000000000142,1
32.4,49.94189948960327,49.91,49.38,102.09999999999988,103.0,True,slow_drift,49.63630099536005,49.581112896495064,-0.2563009953600499,0.0012744135250736888,-7.179514994164069,0.21532533959714667,True,0.9,1.0,0.0,0.0,0.0,0.04999999999995737,0.09999999999999432,1
32.5,49.94320954064295,49.9,49.375,102.09999999999988,103.0,True,slow_drift,49.633501606845556,49.577839660565125,-0.2585016068455559,0.0012744135250736888,-7.241158621939782,0.21532533959714667,True,0.9,1.0,0.0,0.0,0.0,0.05000000000002487,0.10000000000000142,1
32.6,49.944388586578654,49.98,49.37,102.14999999999988,103.0,True,slow_drift,49.630555694508615,49.57445145110458,-0.2605556945086178,0.0012744135250736888,-7.298697817819859,0.21532533959714667,True,0.9,1.0,0.0,0.0,0.0,0.05000000000002487,0.10000000000000142,1
32.7,49.94569972792079,49.97,49.365,102.14999999999988,103.0,True,slow_drift,49.627756305994126,49.57117821517465,-0.2627563059941238,0.0012744135250736888,-7.360341445595573,0.21532533959714667,True,0.9,1.0,0.0,0.0,0.0,0.04999999999995382,0.10000000000000142,1
32.800000000000004,49.94687975512871,49.97,49.36,102.19999999999987,103.0,True,slow_drift,49.624810393657185,49.567790005714095,-0.2648103936571857,0.0012744135250736888,-7.417880641475649,0.21532533959714667,True,0.9,1.0,0.0,0.0,0.0,0.05000000000002487,0.10000000000000142,1
32.9,49.94819177961584,49.97,49.355,102.19999999999987,103.0,True,slow_drift,49.62201100514269,49.56451676978416,-0.2670110051426917,0.0012744135250736888,-7.479524269251363,0.21532533959714667,True,0.9,1.0,0.0,0.0,0.0,0.050000000000028424,0.09999999999999432,1
33.0,49.949372601654254,49.95,49.35,102.24999999999987,103.0,True,slow_drift,49.61906509280575,49.56112856032361,-0.26906509280574653,0.0012744135250736888,-7.537063465131241,0.21532533959714667,True,0.9,1.0,0.0,0.0,0.0,0.04999999999995382,0.10000000000000142,1
33.1,49.95068534148883,49.92,49.345,102.24999999999987,103.0,True,slow_drift,49.616265704291244,49.55785532439367,-0.2712657042912454,0.0012744135250736888,-7.598707092906755,0.21532533959714667,True,0.9,1.0,0.0,0.0,0.0,0.05000000000002487,0.10000000000000142,1
33.2,49.95186680733995,49.95,49.34,102.29999999999987,103.0,True,slow_drift,49.613319791954304,49.554467114933125,-0.27331979195430023,0.0012744135250736888,-7.656246288786633,0.21532533959714667,True,0.9,1.0,0.0,0.0,0.0,0.04999999999995382,0.10000000000000142,1
33.300000000000004,49.95318012660595,49.93,49.335,102.29999999999987,103.0,True,slow_drift,49.610520403439814,49.55119387900319,-0.2755204034398133,0.0012744135250736888,-7.717889916562546,0.21532533959714667,True,0.9,1.0,0.0,0.0,0.0,0.05000000000002487,0.10000000000000142,1
33.4,49.95436211394536,49.99,49.33,102.34999999999987,103.0,True,slow_drift,49.60757449110287,49.54780566954264,-0.27757449110287524,0.0012744135250736888,-7.775429112442622,0.21532533959714667,True,0.9,1.0,0.0,0.0,0.0,0.050000000000028424,0.09999999999999432,1
33.5,49.95567590255082,49.95,49.325,102.34999999999987,103.0,True,slow_drift,49.60477510258838,49.54453243361271,-0.2797751025883741,0.0012744135250736888,-7.8370727402181375,0.21532533959714667,True,0.9,1.0,0.0,0.0,0.0,0.04999999999995382,0.10000000000000142,1
33.6,49.956858312295736,49.93,49.32,102.39999999999986,103.0,True,slow_drift,49.601829190251436,49.541144224152156,-0.28182919025143605,0.0012744135250736888,-7.894611936098214,0.21532533959714667,True,0.9,1.0,0.0,0.0,0.0,0.05000000000002487,0.10000000000000142,1
33.7,49.958172481066164,49.95,49.315,102.39999999999986,103.0,True,slow_drift,49.59902980173694,49.537870988222224,-0.28402980173694203,0.0012744135250736888,-7.956255563873928,0.21532533959714667,True,0.9,1.0,0.0,0.0,0.0,0.05000000000002487,0.10000000000000142,1
33.800000000000004,49.959355232959545,49.97,49.31,102.44999999999986,103.0,True,slow_drift,49.596083889400006,49.53448277876168,-0.28608388940000395,0.0012744135250736888,-8.013794759754004,0.21532533959714667,True,0.9,1.0,0.0,0.0,0.0,0.04999999999995382,0.10000000000000142,1
33.9,49.96066970966359,49.94,49.305,102.44999999999986,103.0,True,slow_drift,49.59328450088551,49.531209542831746,-0.28828450088550994,0.0012744135250736888,-8.075438387529719,0.21532533959714667,True,0.9,1.0,0.0,0.0,0.0,0.050000000000028424,0.09999999999999432,1
34.0,49.96185273869723,49.94,49.3,102.49999999999986,103.0,True,slow_drift,49.590338588548576,49.5278213333712,-0.29033858854857897,0.0012744135250736888,-8.132977583409994,0.21532533959714667,True,0.9,1.0,0.0,0.0,0.0,0.05000000000002487,0.10000000000000142,1
34.1,49.96316746482751,49.97,49.295,102.49999999999986,103.0,True,slow_drift,49.58753920003409,49.52454809744127,-0.29253920003408496,0.0012744135250736888,-8.194621211185709,0.21532533959714667,True,0.9,1.0,0.0,0.0,0.0,0.04999999999995382,0.10000000000000142,1
34.2,49.964350718344754,49.97,49.29,102.54999999999986,103.0,True,slow_drift,49.584593287697146,49.521159887980716,-0.2945932876971469,0.0012744135250736888,-8.252160407065784,0.21532533959714667,True,0.9,1.0,0.0,0.0,0.0,0.05000000000002487,0.10000000000000142,1
34.300000000000004,49.96566564651028,49.95,49.285,102.54999999999986,103.0,True,slow_drift,49.58179389918264,49.51788665205078,-0.29679389918264576,0.0012744135250736888,-8.313804034841299,0.21532533959714667,True,0.9,1.0,0.0,0.0,0.0,0.05000000000002487,0.10000000000000142,1
34.4,49.96684908185925,49.95,49.28,102.59999999999985,103.0,True,slow_drift,49.578847986845695,49.514498442590224,-0.29884798684569347,0.0012744135250736888,-8.371343230720978,0.21532533959714667,True,0.9,1.0,0.0,0.0,0.0,0.04999999999995737,0.09999999999999432,1
34.5,49.96816417367332,49.98,49.275,102.59999999999985,103.0,True,slow_drift,49.5760485983312,49.511225206660285,-0.30104859833119946,0.0012744135250736888,-8.432986858496692,0.21532533959714667,True,0.9,1.0,0.0,0.0,0.0,0.05000000000002487,0.10000000000000142,1
34.6,49.96934775630599,49.92,49.27,102.64999999999985,103.0,True,slow_drift,49.57310268599426,49.50783699719974,-0.3031026859942543,0.0012744135250736888,-8.49052605437657,0.21532533959714667,True,0.9,1.0,0.0,0.0,0.0,0.04999999999995382,0.10000000000000142,1
34.7,49.97066298067539,49.93,49.265,102.64999999999985,103.0,True,slow_drift,49.57030329747977,49.50456376126981,-0.30530329747976737,0.0012744135250736888,-8.552169682152481,0.21532533959714667,True,0.9,1.0,0.0,0.0,0.0,0.05000000000002487,0.10000000000000142,1
34.800000000000004,49.971846682607854,49.95,49.26,102.69999999999985,103.0,True,slow_drift,49.56735738514283,49.501175551809254,-0.3073573851428293,0.0012744135250736888,-8.609708878032558,0.21532533959714667,True,0.9,1.0,0.0,0.0,0.0,0.05000000000002487,0.10000000000000142,1
34.9,49.97316201434707,49.97,49.255,102.69999999999985,103.0,True,slow_drift,49.56455799662833,49.49790231587932,-0.30955799662832817,0.0012744135250736888,-8.671352505808073,0.21532533959714667,True,0.9,1.0,0.0,0.0,0.0,0.04999999999995737,0.09999999999999432,1
35.0,49.97434581291236,49.98,49.25,102.74999999999984,103.0,True,slow_drift,49.56161208429139,49.49451410641877,-0.3116120842913901,0.0012744135250736888,-8.72889170168815,0.21532533959714667,True,0.9,1.0,0.0,0.0,0.0,0.05000000000002487,0.10000000000000142,1
35.1,49.975661231621125,50.02,49.245,102.74999999999984,103.0,True,slow_drift,49.55881269577689,49.49124087048884,-0.3138126957768961,0.0012744135250736888,-8.790535329463864,0.21532533959714667,True,0.9,1.0,0.0,0.0,0.0,0.05000000000002487,0.10000000000000142,1
35.2,49.97684510845901,50.0,49.24,102.79999999999984,103.0,True,slow_drift,49.55586678343996,49.48785266102829,-0.315866783439958,0.0012744135250736888,-8.848074525343941,0.21532533959714667,True,0.9,1.0,0.0,0.0,0.0,0.04999999999995382,0.10000000000000142,1
35.300000000000004,49.978160597613105,49.97,49.235,102.79999999999984,103.0,True,slow_drift,49.553067394925456,49.48457942509835,-0.3180673949254569,0.0012744135250736888,-8.909718153119455,0.21532533959714667,True,0.9,1.0,0.0,0.0,0.0,0.05000000000002487,0.10000000000000142,1
35.4,49.979344537851794,49.98,49.23,102.84999999999984,103.0,True,slow_drift,49.550121482588516,49.4811912156378,-0.3201214825885188,0.0012744135250736888,-8.967257348999532,0.21532533959714667,True,0.9,1.0,0.0,0.0,0.0,0.050000000000028424,0.09999999999999432,1
35.5,49.98066008406661,49.95,49.225,102.84999999999984,103.0,True,slow_drift,49.54732209407402,49.47791797970787,-0.3223220940740177,0.0012744135250736888,-9.028900976775047,0.21532533959714667,True,0.9,1.0,0.0,0.0,0.0,0.04999999999995382,0.10000000000000142,1
35.6,49.98184407565995,49.98,49.22,102.89999999999984,103.0,True,slow_drift,49.54437618173708,49.474529770247315,-0.3243761817370796,0.0012744135250736888,-9.086440172655124,0.21532533959714667,True,0.9,1.0,0.0,0.0,0.0,0.05000000000002487,0.10000000000000142,1
35.7,49.983159668093954,49.97,49.215,102.89999999999984,103.0,True,slow_drift,49.54157679322258,49.471256534317384,-0.3265767932225785,0.0012744135250736888,-9.148083800430639,0.21532533959714667,True,0.9,1.0,0.0,0.0,0.0,0.04999999999995382,0.10000000000000142,1
35.800000000000004,49.98434370128456,49.99,49.21,102.94999999999983,103.0,True,slow_drift,49.53863088088564,49.46786832485683,-0.3286308808856404,0.0012744135250736888,-9.205622996310714,0.21532533959714667,True,0.9,1.0,0.0,0.0,0.0,0.05000000000002487,0.10000000000000142,1
35.9,49.9856593311561,49.96,49.205,102.94999999999983,103.0,True,slow_drift,49.535831492371145,49.4645950889269,-0.3308314923711464,0.0012744135250736888,-9.267266624086428,0.21532533959714667,True,0.9,1.0,0.0,0.0,0.0,0.050000000000028424,0.09999999999999432,1
36.0,49.98684339804049,50.0,49.2,102.99999999999983,103.0,True,slow_drift,49.53288558003421,49.46120687946635,-0.3328855800342083,0.0012744135250736888,-9.324805819966505,0.21532533959714667,True,0.9,1.0,0.0,0.0,0.0,0.04999999999995382,0.10000000000000142,1
36.1,49.98815905823644,50.04,49.195,102.99999999999983,103.0,True,slow_drift,49.53008619151972,49.45793364353642,-0.3350861915197214,0.0012744135250736888,-9.386449447742418,0.21532533959714667,True,0.9,1.0,0.0,0.0,0.0,0.05000000000002487,0.10000000000000142,1
36.2,49.98934315241279,49.99,49.19,103.04999999999983,103.0,True,slow_drift,49.52714027918278,49.45454543407587,-0.33714027918278333,0.0012744135250736888,-9.443988643622495,0.21532533959714667,True,0.9,1.0,0.0,0.0,0.0,0.05000000000002487,0.10000000000000142,1
36.300000000000004,49.990658837171516,50.0,49.185,103.04999999999983,103.0,True,slow_drift,49.524340890668284,49.451272198145936,-0.3393408906682822,0.0012744135250736888,-9.50563227139801,0.21532533959714667,True,0.9,1.0,0.0,0.0,0.0,0.04999999999995382,0.10000000000000142,1
36.4,49.991842953454366,50.01,49.18,103.09999999999982,103.0,True,slow_drift,49.521394978331344,49.44788398868538,-0.34139497833134413,0.0012744135250736888,-9.563171467278085,0.21532533959714667,True,0.9,1.0,0.0,0.0,0.0,0.050000000000028424,0.09999999999999432,1
36.5,49.99315865810893,49.98,49.175,103.09999999999982,103.0,True,slow_drift,49.51859558981684,49.444610752755445,-0.343595589816843,0.0012744135250736888,-9.6248150950536,0.21532533959714667,True,0.9,1.0,0.0,0.0,0.0,0.05000000000002487,0.10000000000000142,1
36.6,49.994342792298035,50.0,49.17,103.14999999999982,103.0,True,slow_drift,49.5156496774799,49.4412225432949,-0.34564967747989783,0.0012744135250736888,-9.682354290933478,0.21532533959714667,True,0.9,1.0,0.0,0.0,0.0,0.04999999999995382,0.10000000000000142,1
36.7,49.99565851306823,50.0,49.165,103.14999999999982,103.0,True,slow_drift,49.51285028896541,49.43794930736497,-0.3478502889654109,0.0012744135250736888,-9.743997918709391,0.21532533959714667,True,0.9,1.0,0.0,0.0,0.0,0.05000000000002487,0.10000000000000142,1
36.800000000000004,49.996842661761406,50.0,49.16,103.19999999999982,103.0,True,slow_drift,49.50990437662847,49.434561097904414,-0.34990437662847285,0.0012744135250736888,-9.801537114589468,0.21532533959714667,True,0.9,1.0,0.0,0.0,0.0,0.05000000000002487,0.10000000000000142,1
36.9,49.998158395585264,49.97,49.155,103.19999999999982,103.0,True,slow_drift,49.50710498811397,49.43128786197448,-0.35210498811397173,0.0012744135250736888,-9.863180742364984,0.21532533959714667,True,0.9,1.0,0.0,0.0,0.0,0.04999999999995737,0.09999999999999432,1
37.0,49.99934255602674,50.0,49.15,103.24999999999982,103.0,True,slow_drift,49.50415907577703,49.42789965251393,-0.35415907577703365,0.0012744135250736888,-9.920719938245059,0.21532533959714667,True,0.9,1.0,0.0,0.0,0.0,0.05000000000002487,0.10000000000000142,1
37.1,50.000658300424064,50.02,49.145,103.24999999999982,103.0,True,slow_drift,49.501359687262536,49.424626416584,-0.35635968726253253,0.0012744135250736888,-9.982363566020574,0.21532533959714667,True,0.9,1.0,0.0,0.0,0.0,0.04999999999995382,0.10000000000000142,1
37.2,50.00184247038165,50.05,49.14,103.29999999999981,103.0,True,slow_drift,49.498413774925595,49.421238207123444,-0.35841377492559445,0.0012744135250736888,-10.03990276190065,0.21532533959714667,True,0.9,1.0,0.0,0.0,0.0,0.05000000000002487,0.10000000000000142,1
37.300000000000004,50.00315822334349,50.03,49.135,103.29999999999981,103.0,True,slow_drift,49.4956143864111,49.41796497119351,-0.36061438641110044,0.0012744135250736888,-10.101546389676365,0.21532533959714667,True,0.9,1.0,0.0,0.0,0.0,0.05000000000002487,0.10000000000000142,1
37.4,50.00434240100914,50.07,49.13,103.34999999999981,103.0,True,slow_drift,49.492668474074165,49.41457676173297,-0.36266847407416236,0.0012744135250736888,-10.159085585556442,0.21532533959714667,True,0.9,1.0,0.0,0.0,0.0,0.04999999999995737,0.09999999999999432,1
37.5,50.005658160908226,49.98,49.125,103.34999999999981,103.0,True,slow_drift,49.489869085559675,49.411303525803035,-0.36486908555967545,0.0012744135250736888,-10.220729213332355,0.21532533959714667,True,0.9,1.0,0.0,0.0,0.0,0.05000000000002487,0.10000000000000142,1
37.6,50.0068423448174,50.03,49.12,103.3999999999998,103.0,True,slow_drift,49.486923173222735,49.40791531634249,-0.3669231732227374,0.0012744135250736888,-10.27826840921243,0.21532533959714667,True,0.9,1.0,0.0,0.0,0.0,0.05000000000002487,0.10000000000000142,1
37.7,50.00815811033566,50.01,49.115,103.3999999999998,103.0,True,slow_drift,49.48412378470824,49.40464208041255,-0.36912378470823626,0.0012744135250736888,-10.339912036987945,0.21532533959714667,True,0.9,1.0,0.0,0.0,0.0,0.04999999999995382,0.10000000000000142,1
37.800000000000004,50.00934229930209,50.08,49.11,103.4499999999998,103.0,True,slow_drift,49.48117787237129,49.401253870952,-0.3711778723712911,0.0012744135250736888,-10.397451232867823,0.21532533959714667,True,0.9,1.0,0.0,0.0,0.0,0.05000000000002487,0.10000000000000142,1
37.9,50.01065806937188,49.99,49.105,103.4499999999998,103.0,True,slow_drift,49.478378483856794,49.39798063502206,-0.37337848385679706,0.0012744135250736888,-10.459094860643537,0.21532533959714667,True,0.9,1.0,0.0,0.0,0.0,0.050000000000028424,0.09999999999999432,1
38.0,50.01184226243469,49.99,49.1,103.4999999999998,103.0,True,slow_drift,49.47543257151985,49.39459242556151,-0.3754325715198519,0.0012744135250736888,-10.516634056523415,0.21532533959714667,True,0.9,1.0,0.0,0.0,0.0,0.04999999999995382,0.10000000000000142,1
38.1,50.01315803619122,49.99,49.095,103.4999999999998,103.0,True,slow_drift,49.472633183005364,49.39131918963158,-0.37763318300536497,0.0012744135250736888,-10.578277684299328,0.21532533959714667,True,0.9,1.0,0.0,0.0,0.0,0.05000000000002487,0.10000000000000142,1
38.2,50.0143422325721,49.95,49.09,103.5499999999998,103.0,True,slow_drift,49.46968727066842,49.387930980171035,-0.3796872706684198,0.0012744135250736888,-10.635816880179204,0.21532533959714667,True,0.9,1.0,0.0,0.0,0.0,0.04999999999995382,0.10000000000000142,1
38.300000000000004,50.01565800931489,50.0,49.085,103.5499999999998,103.0,True,slow_drift,49.466887882153934,49.3846577442411,-0.3818878821539329,0.0012744135250736888,-10.697460507955117,0.21532533959714667,True,0.9,1.0,0.0,0.0,0.0,0.05000000000002487,0.10000000000000142,1
38.400000000000006,50.0168422083834,49.99,49.08,103.5999999999998,103.0,True,slow_drift,49.46394196981699,49.38126953478055,-0.3839419698169948,0.0012744135250736888,-10.754999703835194,0.21532533959714667,True,0.9,1.0,0.0,0.0,0.0,0.05000000000002487,0.10000000000000142,1
38.5,50.01815798754506,50.02,49.075,103.5999999999998,103.0,True,slow_drift,49.4611425813025,49.37799629885062,-0.3861425813024937,0.0012744135250736888,-10.81664333161071,0.21532533959714667,True,0.9,1.0,0.0,0.0,0.0,0.04999999999995737,0.09999999999999432,1
38.6,50.01934218879055,50.03,49.07,103.64999999999979,103.0,True,slow_drift,49.458196668965556,49.374608089390065,-0.3881966689655556,0.0012744135250736888,-10.874182527490786,0.21532533959714667,True,0.9,1.0,0.0,0.0,0.0,0.05000000000002487,0.10000000000000142,1
38.7,50.0206579699115,50.08,49.065,103.64999999999979,103.0,True,slow_drift,49.45539728045106,49.371334853460134,-0.3903972804510616,0.0012744135250736888,-10.9358261552665,0.21532533959714667,True,0.9,1.0,0.0,0.0,0.0,0.05000000000002487,0.10000000000000142,1
38.800000000000004,50.021842172920344,50.05,49.06,103.69999999999979,103.0,True,slow_drift,49.452451368114126,49.36794664399959,-0.3924513681141235,0.0012744135250736888,-10.993365351146576,0.21532533959714667,True,0.9,1.0,0.0,0.0,0.0,0.04999999999995382,0.10000000000000142,1
38.900000000000006,50.02315795562831,50.0,49.055,103.69999999999979,103.0,True,slow_drift,49.44965197959963,49.364673408069656,-0.3946519795996295,0.0012744135250736888,-11.05500897892229,0.21532533959714667,True,0.9,1.0,0.0,0.0,0.0,0.05000000000002487,0.10000000000000142,1
39.0,50.02434216006547,50.0,49.05,103.74999999999979,103.0,True,slow_drift,49.44670606726269,49.3612851986091,-0.3967060672626914,0.0012744135250736888,-11.112548174802367,0.21532533959714667,True,0.9,1.0,0.0,0.0,0.0,0.050000000000028424,0.09999999999999432,1
39.1,50.02565794405893,50.04,49.045,103.74999999999979,103.0,True,slow_drift,49.44390667874819,49.35801196267917,-0.3989066787481903,0.0012744135250736888,-11.174191802577882,0.21532533959714667,True,0.9,1.0,0.0,0.0,0.0,0.04999999999995382,0.10000000000000142,1
39.2,50.026842149653035,49.99,49.04,103.79999999999978,103.0,True,slow_drift,49.44096076641125,49.35462375321862,-0.4009607664112522,0.0012744135250736888,-11.231730998457959,0.21532533959714667,True,0.9,1.0,0.0,0.0,0.0,0.05000000000002487,0.10000000000000142,1
39.300000000000004,50.028157934687734,50.09,49.035,103.79999999999978,103.0,True,slow_drift,49.438161377896755,49.35135051728868,-0.4031613778967582,0.0012744135250736888,-11.293374626233673,0.21532533959714667,True,0.9,1.0,0.0,0.0,0.0,0.05000000000002487,0.10000000000000142,1
39.400000000000006,50.02934214121896,50.07,49.03,103.84999999999978,103.0,True,slow_drift,49.435215465559814,49.34796230782813,-0.405215465559813,0.0012744135250736888,-11.350913822113549,0.21532533959714667,True,0.9,1.0,0.0,0.0,0.0,0.04999999999995382,0.10000000000000142,1
39.5,50.03065792709707,50.02,49.025,103.84999999999978,103.0,True,slow_drift,49.43241607704532,49.344689071898195,-0.407416077045319,0.0012744135250736888,-11.412557449889263,0.21532533959714667,True,0.9,1.0,0.0,0.0,0.0,0.050000000000028424,0.09999999999999432,1
39.6,50.03184213438736,49.98,49.02,103.89999999999978,103.0,True,slow_drift,49.42947016470838,49.34130086243765,-0.40947016470837383,0.0012744135250736888,-11.470096645769141,0.21532533959714667,True,0.9,1.0,0.0,0.0,0.0,0.04999999999995382,0.10000000000000142,1
39.7,50.033157920948625,50.08,49.015,103.89999999999978,103.0,True,slow_drift,49.42667077619389,49.33802762650772,-0.4116707761938869,0.0012744135250736888,-11.531740273545054,0.21532533959714667,True,0.9,1.0,0.0,0.0,0.0,0.05000000000002487,0.10000000000000142,1
39.800000000000004,50.03434212885376,50.03,49.01,103.94999999999978,103.0,True,slow_drift,49.42372486385695,49.334639417047164,-0.41372486385694884,0.0012744135250736888,-11.589279469425131,0.21532533959714667,True,0.9,1.0,0.0,0.0,0.0,0.05000000000002487,0.10000000000000142,1
39.900000000000006,50.03565791596838,50.07,49.005,103.94999999999978,103.0,True,slow_drift,49.42092547534245,49.33136618111723,-0.4159254753424477,0.0012744135250736888,-11.650923097200645,0.21532533959714667,True,0.9,1.0,0.0,0.0,0.0,0.04999999999995382,0.10000000000000142,1
40.0,50.03684212437154,49.99,49.99,103.94999999999978,103.0,False,slow_drift,49.41797956300551,49.541150057857855,0.5720204369944923,0.0012744135250736888,16.02346217423383,0.21532533959714667,True,0.9,1.0,1.0,0.0,0.0,9.850000000000554,0.09999999999999432,1
40.1,50.03790791193438,50.02,50.02,103.94999999999978,103.0,False,slow_drift,49.60678505207207,49.69576070106127,0.41321494792793345,0.0012744135250736888,11.574995681517922,0.21532533959714667,True,0.9,1.0,0.0,0.0,0.0,0.3000000000000071,0.10000000000000142,1
40.2,50.038867120740946,50.04,50.04,103.94999999999978,103.0,False,slow_drift,49.74593463095514,49.80925435640849,0.29406536904485847,0.0012744135250736888,8.237372326065634,0.21532533959714667,True,0.9,1.0,0.0,0.0,0.0,0.19999999999995738,0.10000000000000142,1
40.300000000000004,50.03973040866685,50.04,50.04,103.94999999999978,103.0,False,slow_drift,49.84807892076764,49.8894043923292,0.19192107923235824,0.0012744135250736888,5.376101891876,0.21532533959714667,True,0.5925233606418966,0.6583592896021073,0.0,0.0,0.0,0.0,0.10000000000000142,2
40.400000000000006,50.04050736780016,50.03,50.03,103.94999999999978,103.0,False,slow_drift,49.92021395309628,49.94385367092885,0.10978604690372151,0.0012744135250736888,3.075331677069749,0.21532533959714667,False,0.1576908365491139,0.17521204061012655,0.0,0.0,0.0,0.09999999999997869,0.10000000000000142,1
40.5,50.041206631020145,50.06,50.06,103.94999999999978,103.0,False,slow_drift,49.96921830383597,49.988765903391695,0.09078169616402931,0.0012744135250736888,2.5429809505409646,0.21532533959714667,False,0.057079567927214005,0.0634217421413489,0.0,0.0,0.0,0.3000000000000284,0.09999999999999432,1
40.6,50.04183596791813,50.01,50.01,103.94999999999978,103.0,False,slow_drift,50.00963931305253,50.00971697809198,0.0003606869474666041,0.0012744135250736888,0.01010357897322232,0.21532533959714667,False,0.0,0.0,0.0,0.0,0.0,0.5000000000000355,0.10000000000000142,1
40.7,50.042402371126315,50.04,50.04,103.94999999999978,103.0,False,slow_drift,50.02849528028278,50.03097253796286,0.011504719717216005,0.0012744135250736888,0.32227072547015967,0.21532533959714667,False,0.0,0.0,0.0,0.0,0.0,0.3000000000000071,0.10000000000000142,1
40.800000000000004,50.04291213401368,50.05,50.05,103.94999999999978,103.0,False,slow_drift,50.04762528416658,50.048136620659854,0.002374715833418861,0.0012744135250736888,0.06652064658960369,0.21532533959714667,False,0.0,0.0,0.0,0.0,0.0,0.09999999999997869,0.10000000000000142,1
40.900000000000006,50.04337092061231,50.06,50.06,103.94999999999978,103.0,False,slow_drift,50.06307295859387,50.06241127274108,-0.003072958593868691,0.0012744135250736888,-0.08607985415793082,0.21532533959714667,False,0.0,0.0,0.0,0.0,0.0,0.10000000000004974,0.10000000000000142,1
41.0,50.04378382855108,50.07,50.07,103.94999999999978,103.0,False,slow_drift,50.075920145466974,50.07464538813383,-0.005920145466973281,0.0012744135250736888,-0.16583538073294682,0.21532533959714667,False,0.0,0.0,0.0,0.0,0.0,0.0999999999999858,0.09999999999999432,1
41.1,50.04415544569597,50.01,50.01,103.94999999999978,103.0,False,slow_drift,50.08693084932045,50.07036568806503,-0.0769308493204548,0.0012744135250736888,-2.1549904066274803,0.21532533959714667,False,0.2700000000000064,0.0,0.3000000000000071,0.0,0.0,0.6000000000000142,0.10000000000000142,1
41.2,50.044489901126376,50.0,50.0,103.94999999999978,103.0,False,slow_drift,50.08307911925853,50.06519007969075,-0.08307911925852807,0.0012744135250736888,-2.327216020291428,0.21532533959714667,False,0.01630121960397211,0.01811246622663568,0.0,0.0,0.0,0.09999999999997869,0.10000000000000142,1
41.300000000000004,50.044790911013735,50.09,50.09,103.94999999999978,103.0,False,slow_drift,50.07842107172168,50.08091430838538,0.011578928278325407,0.0012744135250736888,0.3243494590171435,0.21532533959714667,False,0.40500000000000963,0.0,0.45000000000001067,0.0,0.0,0.9000000000000213,0.10000000000000142,1
41.400000000000006,50.04506181991236,50.06,50.06,103.94999999999978,103.0,False,slow_drift,50.09257287754684,50.08555911162741,-0.03257287754684057,0.0012744135250736888,-0.9124329089010779,0.21532533959714667,False,0.0,0.0,0.0,0.0,0.0,0.3000000000000071,0.10000000000000142,1
41.5,50.045305637921125,50.02,50.02,103.94999999999978,103.0,False,slow_drift,50.096753200464676,50.080226291509454,-0.07675320046467249,0.0012744135250736888,-2.1500140988999448,0.21532533959714667,False,0.0,0.0,0.0,0.0,0.0,0.40000000000001423,0.09999999999999432,1
41.6,50.04552507412901,50.09,50.09,103.94999999999978,103.0,False,slow_drift,50.09195366235851,50.09153298934771,-0.001953662358509689,0.0012744135250736888,-0.05472607773820828,0.21532533959714667,False,0.3149999999999968,0.0,0.3499999999999964,0.0,0.0,0.6999999999999929,0.10000000000000142,1
41.7,50.04572256671611,50.05,50.05,103.94999999999978,103.0,False,slow_drift,50.102129690412944,50.090904847121685,-0.05212969041294713,0.0012744135250736888,-1.4602592293296348,0.21532533959714667,False,0.0,0.0,0.0,0.0,0.0,0.40000000000005687,0.10000000000000142,1
41.800000000000004,50.045900310044495,50.08,50.08,103.94999999999978,103.0,False,slow_drift,50.10156436240952,50.09692100875049,-0.021564362409520754,0.0012744135250736888,-0.6040618884107329,0.21532533959714667,False,0.0,0.0,0.0,0.0,0.0,0.3000000000000071,0.10000000000000142,1
41.900000000000006,50.04606027904004,50.05,50.05,103.94999999999978,103.0,False,slow_drift,50.106978907875444,50.09470990518729,-0.056978907875446794,0.0012744135250736888,-1.5960957266989513,0.21532533959714667,False,0.0,0.0,0.0,0.0,0.0,0.3000000000000071,0.10000000000000142,1
42.0,50.04620425113604,50.11,50.11,103.94999999999978,103.0,False,slow_drift,50.10498891466856,50.106067928319305,0.005011085331439347,0.0012744135250736888,0.1403707473845895,0.21532533959714667,False,0.27000000000002555,0.0,0.3000000000000284,0.0,0.0,0.6000000000000568,0.09999999999999432,1
42.1,50.04633382602243,50.1,50.1,103.94999999999978,103.0,False,slow_drift,50.11521113548738,50.1119357925729,-0.015211135487376737,0.0012744135250736888,-0.42609501050304927,0.21532533959714667,False,0.0,0.0,0.0,0.0,0.0,0.09999999999997869,0.10000000000000142,1
42.2,50.04645044342019,50.04,50.04,103.94999999999978,103.0,False,slow_drift,50.120492213315615,50.1031602001485,-0.0804922133156154,0.0012744135250736888,-2.254751494823851,0.21532533959714667,False,0.2700000000000064,0.0028953724447964716,0.3000000000000071,0.0,0.0,0.6000000000000142,0.10000000000000142,1
42.300000000000004,50.04655539907817,50.08,50.08,103.94999999999978,103.0,False,slow_drift,50.112594180133655,50.10557582722748,-0.03259418013365689,0.0012744135250736888,-0.9130296379198138,0.21532533959714667,False,0.0,0.0,0.0,0.0,0.0,0.3999999999999858,0.10000000000000142,1
42.400000000000006,50.04664985917035,50.07,50.07,103.94999999999978,103.0,False,slow_drift,50.11476824450474,50.105128507053585,-0.04476824450473771,0.0012744135250736888,-1.25405007589864,0.21532533959714667,False,0.0,0.0,0.0,0.0,0.0,0.09999999999997869,0.10000000000000142,1
42.5,50.046734873253314,50.09,50.09,103.94999999999978,103.0,False,slow_drift,50.11436565634823,50.109119113120535,-0.024365656348223297,0.0012744135250736888,-0.6825318600459298,0.21532533959714667,False,0.0,0.0,0.0,0.0,0.0,0.20000000000004264,0.09999999999999432,1
42.6,50.04681138592798,50.02,50.02,103.94999999999978,103.0,False,slow_drift,50.11795720180849,50.09686453406309,-0.09795720180848377,0.0012744135250736888,-2.743981536951874,0.21532533959714667,False,0.3149999999999968,0.10563059887343396,0.3499999999999964,0.0,0.0,0.6999999999999929,0.10000000000000142,1
42.7,50.04688024733518,50.07,50.07,103.94999999999978,103.0,False,slow_drift,50.10692808065678,50.098976529148686,-0.03692808065677866,0.0012744135250736888,-1.0344310540370538,0.21532533959714667,False,0.0,0.0,0.0,0.0,0.0,0.4999999999999645,0.10000000000000142,1
42.800000000000004,50.046942222601665,50.08,50.08,103.94999999999978,103.0,False,slow_drift,50.10882887623382,50.10262128866857,-0.02882887623382402,0.0012744135250736888,-0.8075557759535007,0.21532533959714667,False,0.0,0.0,0.0,0.0,0.0,0.09999999999997869,0.10000000000000142,1
42.900000000000006,50.046998000341496,49.99,49.99,103.94999999999978,103.0,False,slow_drift,50.11210915980172,50.08581596349949,-0.12210915980171677,0.0012744135250736888,-3.4205272690792374,0.21532533959714667,False,0.40499999999997766,0.24770094001009868,0.44999999999997514,0.0,0.0,0.8999999999999503,0.10000000000000142,1
43.0,50.047048200307344,50.01,50.01,103.94999999999978,103.0,False,slow_drift,50.096984367149545,50.078254428753425,-0.08698436714954738,0.0012744135250736888,-2.436609999624647,0.21532533959714667,False,0.036976061379956716,0.04108451264439635,0.0,0.0,0.0,0.1999999999999716,0.09999999999999432,1
43.1,50.04709338027661,49.98,49.98,103.94999999999978,103.0,False,slow_drift,50.09017898587808,50.066454658327416,-0.11017898587808617,0.0012744135250736888,-3.0863387012690873,0.21532533959714667,False,0.15977110170751502,0.17752344634168335,0.0,0.0,0.0,0.3000000000000071,0.10000000000000142,1
43.2,50.04713404224894,50.04,50.04,103.94999999999978,103.0,False,slow_drift,50.07955919249468,50.07104109593657,-0.03955919249467854,0.0012744135250736888,-1.1081338770205857,0.21532533959714667,False,0.2700000000000064,0.0,0.3000000000000071,0.0,0.0,0.6000000000000142,0.10000000000000142,1
43.300000000000004,50.04717063802405,50.07,50.07,103.94999999999978,103.0,False,slow_drift,50.08368698634292,50.08073983136057,-0.013686986342918317,0.0012744135250736888,-0.38340047620906653,0.21532533959714667,False,0.0,0.0,0.0,0.0,0.0,0.3000000000000071,0.10000000000000142,1
43.400000000000006,50.04720357422164,50.09,50.09,103.94999999999978,103.0,False,slow_drift,50.09241584822451,50.09189565488516,-0.0024158482245084656,0.0012744135250736888,-0.06767284897632789,0.21532533959714667,False,0.0,0.0,0.0,0.0,0.0,0.20000000000002843,0.10000000000000142,1
43.5,50.04723321679948,50.05,50.05,103.94999999999978,103.0,False,slow_drift,50.10245608939665,50.09116096413337,-0.052456089396649475,0.0012744135250736888,-1.4694023323217982,0.21532533959714667,False,0.0,0.0,0.0,0.0,0.0,0.4000000000000853,0.09999999999999432,1
43.6,50.04725989511953,50.1,50.1,103.94999999999978,103.0,False,slow_drift,50.10179486772004,50.10140838721869,-0.0017948677200365637,0.0012744135250736888,-0.050277915192803,0.21532533959714667,False,0.0,0.0,0.0,0.0,0.0,0.5000000000000355,0.10000000000000142,1
43.7,50.04728390560758,50.0,50.0,103.94999999999978,103.0,False,slow_drift,50.111017548496825,50.087112657165505,-0.11101754849682521,0.0012744135250736888,-3.109828555010486,0.21532533959714667,False,0.45,0.18245616762838363,0.5,0.0,0.0,1.0,0.10000000000000142,1
43.800000000000004,50.04730551504682,49.99,49.99,103.94999999999978,103.0,False,slow_drift,50.09815139144896,50.07486365635731,-0.10815139144895625,0.0012744135250736888,-3.0295416350478965,0.21532533959714667,False,0.14903677825918013,0.1655964202879779,0.0,0.0,0.0,0.09999999999997869,0.10000000000000142,1
43.900000000000006,50.04732496354214,50.05,50.05,103.94999999999978,103.0,False,slow_drift,50.08712729072158,50.079132844238636,-0.03712729072158538,0.0012744135250736888,-1.0400113353202345,0.21532533959714667,False,0.0,0.0,0.0,0.0,0.0,0.5999999999999431,0.10000000000000142,1
44.0,50.047342467187924,50.06,50.06,103.94999999999978,103.0,False,slow_drift,50.09096955981477,50.08430102883048,-0.03096955981477123,0.0012744135250736888,-0.8675207005749638,0.21532533959714667,False,0.0,0.0,0.0,0.0,0.0,0.10000000000005685,0.09999999999999432,1
44.1,50.04735822046913,50.05,50.05,103.94999999999978,103.0,False,slow_drift,50.095620925947436,50.08579758457507,-0.04562092594743916,0.0012744135250736888,-1.2779354267710414,0.21532533959714667,False,0.0,0.0,0.0,0.0,0.0,0.10000000000004974,0.10000000000000142,1
44.2,50.04737239842221,49.98,49.98,103.94999999999978,103.0,False,slow_drift,50.09696782611756,50.07178168923686,-0.11696782611756618,0.0012744135250736888,-3.2765079989882033,0.21532533959714667,False,0.3149999999999968,0.21745780069156576,0.3499999999999964,0.0,0.0,0.6999999999999929,0.10000000000000142,1
44.300000000000004,50.04738515857999,50.04,50.04,103.94999999999978,103.0,False,slow_drift,50.08435352031317,50.07480308348941,-0.04435352031317308,0.0012744135250736888,-1.2424328032165808,0.21532533959714667,False,0.2700000000000064,0.0,0.3000000000000071,0.0,0.0,0.6000000000000142,0.10000000000000142,1
44.400000000000006,50.04739664272199,50.01,50.01,103.94999999999978,103.0,False,slow_drift,50.08707277514047,50.07047705365965,-0.07707277514047206,0.0012744135250736888,-2.1589660390726118,0.21532533959714667,False,0.0,0.0,0.0,0.0,0.0,0.3000000000000071,0.10000000000000142,1
44.5,50.04740697844979,50.07,50.07,103.94999999999978,103.0,False,slow_drift,50.08317934829369,50.08034150064668,-0.013179348293689941,0.0012744135250736888,-0.36918049637276734,0.21532533959714667,False,0.27000000000002555,0.0,0.3000000000000284,0.0,0.0,0.6000000000000568,0.09999999999999432,1
44.6,50.047416280604814,50.06,50.06,103.94999999999978,103.0,False,slow_drift,50.09205735058202,50.08515459068136,-0.032057350582014976,0.0012744135250736888,-0.897991944406727,0.21532533959714667,False,0.0,0.0,0.0,0.0,0.0,0.09999999999997869,0.10000000000000142,1
44.7,50.04742465254433,50.02,50.02,103.94999999999978,103.0,False,slow_drift,50.09638913161323,50.07994061590708,-0.07638913161322591,0.0012744135250736888,-2.1398157858805322,0.21532533959714667,False,0.0,0.0,0.0,0.0,0.0,0.3999999999999858,0.10000000000000142,1
44.800000000000004,50.04743218728989,50.03,50.03,103.94999999999978,103.0,False,slow_drift,50.09169655431637,50.07841172280622,-0.06169655431637011,0.0012744135250736888,-1.7282466507021639,0.21532533959714667,False,0.0,0.0,0.0,0.0,0.0,0.09999999999997869,0.10000000000000142,1
44.900000000000006,50.047438968560904,50.01,50.01,103.94999999999978,103.0,False,slow_drift,50.090320550525604,50.07302550070705,-0.08032055052560594,0.0012744135250736888,-2.249942869039618,0.21532533959714667,False,0.0016970321943843704,0.0018855913270937447,0.0,0.0,0.0,0.20000000000002843,0.10000000000000142,1
45.0,50.047445071704814,50.05,50.05,103.94999999999978,103.0,False,slow_drift,50.085472950636344,50.07783472549406,-0.03547295063634692,0.0012744135250736888,-0.9936698865454027,0.21532533959714667,False,0.0,0.0,0.0,0.0,0.0,0.40000000000001423,0.09999999999999432,1
45.1,50.04745056453433,50.08,50.08,103.94999999999978,103.0,False,slow_drift,50.08980125294465,50.08769079482587,-0.009801252944654948,0.0012744135250736888,-0.2745531377234493,0.21532533959714667,False,0.0,0.0,0.0,0.0,0.0,0.3000000000000071,0.10000000000000142,1
45.2,50.047455508080894,50.02,50.02,103.94999999999978,103.0,False,slow_drift,50.098671715343286,50.081731701520305,-0.07867171534328321,0.0012744135250736888,-2.203755623852522,0.21532533959714667,False,0.0,0.0,0.0,0.0,0.0,0.5999999999999431,0.10000000000000142,1
45.300000000000004,50.04745995727281,50.06,50.06,103.94999999999978,103.0,False,slow_drift,50.09330853136828,50.086136360539925,-0.03330853136827727,0.0012744135250736888,-0.9330400767901423,0.21532533959714667,False,0.0,0.0,0.0,0.0,0.0,0.3999999999999858,0.10000000000000142,1
45.400000000000006,50.047463961545525,50.03,50.03,103.94999999999978,103.0,False,slow_drift,50.09727272448593,50.082787202240375,-0.06727272448593169,0.0012744135250736888,-1.8844465799538548,0.21532533959714667,False,0.0,0.0,0.0,0.0,0.0,0.3000000000000071,0.10000000000000142,1
45.5,50.047467565390974,50.02,50.02,103.94999999999978,103.0,False,slow_drift,50.09425848201634,50.078268749158205,-0.07425848201634011,0.0012744135250736888,-2.080131933671289,0.21532533959714667,False,0.0,0.0,0.0,0.0,0.0,0.0999999999999858,0.09999999999999432,1
45.6,50.04747080885188,50.04,50.04,103.94999999999978,103.0,False,slow_drift,50.090191874242386,50.079384291876124,-0.0501918742423868,0.0012744135250736888,-1.405977035720019,0.21532533959714667,False,0.0,0.0,0.0,0.0,0.0,0.19999999999995738,0.10000000000000142,1
45.7,50.04747372796669,50.01,50.01,103.94999999999978,103.0,False,slow_drift,50.091195862688515,50.07371233598123,-0.0811958626885172,0.0012744135250736888,-2.2744621526630286,0.21532533959714667,False,0.006331037762738085,0.007034486403042316,0.0,0.0,0.0,0.3000000000000071,0.10000000000000142,1
45.800000000000004,50.04747635517002,50.03,50.03,103.94999999999978,103.0,False,slow_drift,50.08609110238311,50.07401326671409,-0.05609110238310677,0.0012744135250736888,-1.5712264793704256,0.21532533959714667,False,0.0,0.0,0.0,0.0,0.0,0.20000000000002843,0.10000000000000142,1
45.900000000000006,50.047478719653014,50.01,50.01,103.94999999999978,103.0,False,slow_drift,50.086361940042686,50.069919279370694,-0.07636194004268759,0.0012744135250736888,-2.1390540943852634,0.21532533959714667,False,0.0,0.0,0.0,0.0,0.0,0.20000000000002843,0.10000000000000142,1
46.0,50.04748084768771,50.11,50.11,103.94999999999978,103.0,False,slow_drift,50.08267735143363,50.08856061001488,0.027322648566368457,0.0012744135250736888,0.7653632588782917,0.21532533959714667,False,0.450000000000032,0.0,0.5000000000000355,0.0,0.0,1.000000000000071,0.09999999999999432,1
46.1,50.04748276291894,50.05,50.05,103.94999999999978,103.0,False,slow_drift,50.099454549013394,50.08880573145246,-0.0494545490133973,0.0012744135250736888,-1.3853230482875116,0.21532533959714667,False,0.2700000000000064,0.0,0.3000000000000071,0.0,0.0,0.6000000000000142,0.10000000000000142,1
46.2,50.04748448662704,50.03,50.03,103.94999999999978,103.0,False,slow_drift,50.099675158307214,50.08467233118323,-0.06967515830721283,0.0012744135250736888,-1.9517436640644508,0.21532533959714667,False,0.0,0.0,0.0,0.0,0.0,0.19999999999995738,0.10000000000000142,1
46.300000000000004,50.04748603796433,50.05,50.05,103.94999999999978,103.0,False,slow_drift,50.095955098064906,50.08605980096786,-0.045955098064908384,0.0012744135250736888,-1.287296271135424,0.21532533959714667,False,0.0,0.0,0.0,0.0,0.0,0.19999999999995738,0.10000000000000142,1
46.400000000000006,50.0474874341679,50.04,50.04,103.94999999999978,103.0,False,slow_drift,50.09720382087108,50.08488638871576,-0.05720382087108078,0.0012744135250736888,-1.6023959996349504,0.21532533959714667,False,0.0,0.0,0.0,0.0,0.0,0.09999999999997869,0.10000000000000142,1
46.5,50.04748869075111,50.04,50.04,103.94999999999978,103.0,False,slow_drift,50.096147749844185,50.08405771654137,-0.05614774984418602,0.0012744135250736888,-1.572813290594582,0.21532533959714667,False,0.0,0.0,0.0,0.0,0.0,0.0,0.09999999999999432,2
46.6,50.047489821675995,50.07,50.07,103.94999999999978,103.0,False,slow_drift,50.095401944887236,50.089932262477966,-0.025401944887235572,0.0012744135250736888,-0.7115604211471743,0.21532533959714667,False,0.0,0.0,0.0,0.0,0.0,0.3000000000000071,0.10000000000000142,1
46.7,50.04749083950839,50.07,50.07,103.94999999999978,103.0,False,slow_drift,50.10068903623017,50.094080909082,-0.030689036230171496,0.0012744135250736888,-0.8596626613230243,0.21532533959714667,False,0.0,0.0,0.0,0.0,0.0,0.0,0.10000000000000142,2
46.800000000000004,50.04749175555755,50.03,50.03,103.94999999999978,103.0,False,slow_drift,50.1044228181738,50.08839769957675,-0.07442281817380092,0.0012744135250736888,-2.084735325495483,0.21532533959714667,False,0.0,0.0,0.0,0.0,0.0,0.3999999999999858,0.10000000000000142,1
46.900000000000006,50.047492580001794,50.03,50.03,103.94999999999978,103.0,False,slow_drift,50.09930792961908,50.08438417613708,-0.06930792961907883,0.0012744135250736888,-1.9414568375578216,0.21532533959714667,False,0.0,0.0,0.0,0.0,0.0,0.0,0.10000000000000142,2
47.0,50.047493322001614,50.04,50.04,103.94999999999978,103.0,False,slow_drift,50.09569575852338,50.08370305040521,-0.05569575852337749,0.0012744135250736888,-1.5601520894142347,0.21532533959714667,False,0.0,0.0,0.0,0.0,0.0,0.0999999999999858,0.09999999999999432,1
47.1,50.04749398980145,49.97,49.97,103.94999999999978,103.0,False,slow_drift,50.09508274536469,50.06814926074129,-0.12508274536469344,0.0012744135250736888,-3.5038234814323346,0.21532533959714667,False,0.3149999999999968,0.26519261979231434,0.3499999999999964,0.0,0.0,0.6999999999999929,0.10000000000000142,1
47.2,50.04749459082131,50.0,50.0,103.94999999999978,103.0,False,slow_drift,50.08108433466717,50.06362482276895,-0.08108433466716747,0.0012744135250736888,-2.271338024719534,0.21532533959714667,False,0.00574059529676894,0.006378439218632156,0.0,0.0,0.0,0.3000000000000071,0.10000000000000142,1
47.300000000000004,50.047495131739176,50.09,50.09,103.94999999999978,103.0,False,slow_drift,50.07701234049206,50.07980891268618,0.01298765950794234,0.0012744135250736888,0.36381090149642015,0.21532533959714667,False,0.40500000000000963,0.0,0.45000000000001067,0.0,0.0,0.9000000000000213,0.10000000000000142,1
47.400000000000006,50.04749561856526,50.1,50.1,103.94999999999978,103.0,False,slow_drift,50.09157802141757,50.09339148681591,0.008421978582433098,0.0012744135250736888,0.23591684233674254,0.21532533959714667,False,0.0,0.0,0.0,0.0,0.0,0.09999999999997869,0.10000000000000142,1
47.5,50.04749605670873,50.04,50.04,103.94999999999978,103.0,False,slow_drift,50.10380233813432,50.09006407800846,-0.06380233813432312,0.0012744135250736888,-1.7872339615950588,0.21532533959714667,False,0.27000000000002555,0.0,0.3000000000000284,0.0,0.0,0.6000000000000568,0.09999999999999432,1
47.6,50.04749645103786,50.07,50.07,103.94999999999978,103.0,False,slow_drift,50.100807670207615,50.09417399815796,-0.03080767020761499,0.0012744135250736888,-0.862985841627792,0.21532533959714667,False,0.0,0.0,0.0,0.0,0.0,0.3000000000000071,0.10000000000000142,1
47.7,50.047496805934074,50.06,50.06,103.94999999999978,103.0,False,slow_drift,50.10450659834217,50.09492319993983,-0.04450659834216708,0.0012744135250736888,-1.246720831840487,0.21532533959714667,False,0.0,0.0,0.0,0.0,0.0,0.09999999999997869,0.10000000000000142,1
47.800000000000004,50.04749712534066,50.14,50.14,103.94999999999978,103.0,False,slow_drift,50.10518087994585,50.112678318795986,0.03481912005415211,0.0012744135250736888,0.9753547549091937,0.21532533959714667,False,0.3599999999999872,0.0,0.3999999999999858,0.0,0.0,0.7999999999999716,0.10000000000000142,1
47.900000000000006,50.04749741280659,50.08,50.08,103.94999999999978,103.0,False,slow_drift,50.12116048691639,50.11229759109313,-0.041160486916389516,0.0012744135250736888,-1.1529894082860612,0.21532533959714667,False,0.2700000000000064,0.0,0.3000000000000071,0.0,0.0,0.6000000000000142,0.10000000000000142,1
48.0,50.04749767152593,50.04,50.04,103.94999999999978,103.0,False,slow_drift,50.12081783198382,50.1034157048664,-0.08081783198382197,0.0012744135250736888,-2.263872739583298,0.21532533959714667,False,0.004329698737881036,0.004810776375423373,0.0,0.0,0.0,0.40000000000001423,0.09999999999999432,1
48.1,50.04749790437334,50.02,50.02,103.94999999999978,103.0,False,slow_drift,50.112824134379764,50.092836746121634,-0.09282413437976089,0.0012744135250736888,-2.600193821579172,0.21532533959714667,False,0.06789247612814589,0.07543608458682877,0.0,0.0,0.0,0.19999999999995738,0.10000000000000142,1
48.2,50.047498113936,50.0,50.0,103.94999999999978,103.0,False,slow_drift,50.10330307150947,50.08105930255527,-0.10330307150947249,0.0012744135250736888,-2.8937302791336155,0.21532533959714667,False,0.123369202108972,0.1370768912321911,0.0,0.0,0.0,0.20000000000002843,0.10000000000000142,1
48.300000000000004,50.0474983025424,50.05,50.05,103.94999999999978,103.0,False,slow_drift,50.092703372299745,50.08350825415736,-0.042703372299747855,0.0012744135250736888,-1.1962087829456745,0.21532533959714667,False,0.0,0.0,0.0,0.0,0.0,0.4999999999999645,0.10000000000000142,1
48.400000000000006,50.04749847228816,50.02,50.02,103.94999999999978,103.0,False,slow_drift,50.09490742874163,50.07877796120949,-0.07490742874162493,0.0012744135250736888,-2.098310258488369,0.21532533959714667,False,0.0,0.0,0.0,0.0,0.0,0.29999999999993604,0.10000000000000142,1
48.5,50.04749862505935,50.0,50.0,103.94999999999978,103.0,False,slow_drift,50.09065016508854,50.071130887506314,-0.09065016508854029,0.0012744135250736888,-2.5392964961464535,0.21532533959714667,False,0.05638322693933095,0.06264802993258994,0.0,0.0,0.0,0.20000000000004264,0.09999999999999432,1
48.6,50.04749876255341,50.03,50.03,103.94999999999978,103.0,False,slow_drift,50.08376779875569,50.07219022922923,-0.05376779875568616,0.0012744135250736888,-1.5061459938044999,0.21532533959714667,False,0.0,0.0,0.0,0.0,0.0,0.3000000000000071,0.10000000000000142,1
48.7,50.047498886298065,50.01,50.01,103.94999999999978,103.0,False,slow_drift,50.084721206306305,50.06863183718329,-0.07472120630630741,0.0012744135250736888,-2.093093787265799,0.21532533959714667,False,0.0,0.0,0.0,0.0,0.0,0.20000000000002843,0.10000000000000142,1
48.800000000000004,50.04749899766826,50.1,50.1,103.94999999999978,103.0,False,slow_drift,50.08151865346496,50.08549815568383,0.01848134653504019,0.0012744135250736888,0.5177003092565646,0.21532533959714667,False,0.40500000000000963,0.0,0.45000000000001067,0.0,0.0,0.9000000000000213,0.10000000000000142,1
48.900000000000006,50.04749909790143,50.08,50.08,103.94999999999978,103.0,False,slow_drift,50.09669834011545,50.09310276435939,-0.016698340115453902,0.0012744135250736888,-0.4677546533447427,0.21532533959714667,False,0.0,0.0,0.0,0.0,0.0,0.20000000000002843,0.10000000000000142,1
49.0,50.04749918811129,50.05,50.05,103.94999999999978,103.0,False,slow_drift,50.10354248792345,50.09201343352846,-0.053542487923451176,0.0012744135250736888,-1.4998345766517642,0.21532533959714667,False,0.0,0.0,0.0,0.0,0.0,0.3000000000000284,0.09999999999999432,1
49.1,50.04749926930016,50.09,50.09,103.94999999999978,103.0,False,slow_drift,50.10256209017562,50.0998571538425,-0.012562090175613605,0.0012744135250736888,-0.35188983424415154,0.21532533959714667,False,0.0,0.0,0.0,0.0,0.0,0.40000000000005687,0.10000000000000142,1
49.2,50.047499342370145,50.05,50.05,103.94999999999978,103.0,False,slow_drift,50.109621438458255,50.09678343197496,-0.05962143845825807,0.0012744135250736888,-1.6701184120778307,0.21532533959714667,False,0.0,0.0,0.0,0.0,0.0,0.40000000000005687,0.10000000000000142,1
49.300000000000004,50.04749940813313,50.02,50.02,103.94999999999978,103.0,False,slow_drift,50.10685508877747,50.08815298729073,-0.08685508877746884,0.0012744135250736888,-2.4329886480592533,0.21532533959714667,False,0.03629164646895266,0.04032405163216962,0.0,0.0,0.0,0.29999999999993604,0.10000000000000142,1
49.400000000000006,50.04749946731982,50.1,50.1,103.94999999999978,103.0,False,slow_drift,50.09908768856166,50.09928413233194,0.0009123114383413622,0.0012744135250736888,0.025555708988636065,0.21532533959714667,False,0.3599999999999872,0.0,0.3999999999999858,0.0,0.0,0.7999999999999716,0.10000000000000142,1
49.5,50.047499520587834,50.06,50.06,103.94999999999978,103.0,False,slow_drift,50.10910571909875,50.09853201345765,-0.04910571909874761,0.0012744135250736888,-1.3755516090501332,0.21532533959714667,False,0.0,0.0,0.0,0.0,0.0,0.40000000000001423,0.09999999999999432,1
49.6,50.04749956852905,50.01,50.01,103.94999999999978,103.0,False,slow_drift,50.10842881211189,50.08723459471775,-0.0984288121118908,0.0012744135250736888,-2.757192305953986,0.21532533959714667,False,0.09756429941589251,0.10840477712876945,0.0,0.0,0.0,0.5000000000000355,0.10000000000000142,1
49.7,50.047499611676145,50.04,50.04,103.94999999999978,103.0,False,slow_drift,50.09826113524598,50.08571603651382,-0.05826113524597787,0.0012744135250736888,-1.6320135373954068,0.21532533959714667,False,0.0,0.0,0.0,0.0,0.0,0.3000000000000071,0.10000000000000142,1
49.800000000000004,50.04749965050853,50.02,50.02,103.94999999999978,103.0,False,slow_drift,50.09689443286244,50.080337112993206,-0.07689443286243858,0.0012744135250736888,-2.1539703071698306,0.21532533959714667,False,0.0,0.0,0.0,0.0,0.0,0.19999999999995738,0.10000000000000142,1
49.900000000000006,50.04749968545767,50.0,50.0,103.94999999999978,103.0,False,slow_drift,50.09205340169389,50.07223197171308,-0.09205340169388876,0.0012744135250736888,-2.5786040229639227,0.21532533959714667,False,0.06381212661470519,0.07090236290522799,0.0,0.0,0.0,0.20000000000002843,0.10000000000000142,1
50.0,50.04749971691191,50.08,50.08,103.94999999999978,103.0,False,slow_drift,50.084758774541775,50.0837340897975,-0.0047587745417772,0.0012744135250736888,-0.13330300621166108,0.21532533959714667,False,0.3600000000000128,0.0,0.40000000000001423,0.0,0.0,0.8000000000000285,0.09999999999999432,1
50.1,50.04749974522072,50.11,50.11,103.94999999999978,103.0,False,slow_drift,50.095110680817754,50.09831672852704,0.014889319182245231,0.0012744135250736888,0.4170802777088501,0.21532533959714667,False,0.0,0.0,0.0,0.0,0.0,0.3000000000000071,0.10000000000000142,1
50.2,50.04749977069864,50.0,50.0,103.94999999999978,103.0,False,slow_drift,50.108235055674335,50.084929305554944,-0.108235055674335,0.0012744135250736888,-3.031885241087109,0.21532533959714667,False,0.49499999999999045,0.1660885627902059,0.5499999999999894,0.0,0.0,1.0999999999999788,0.10000000000000142,1
50.300000000000004,50.04749979362878,50.07,50.07,103.94999999999978,103.0,False,slow_drift,50.096186374999455,50.09054778490988,-0.026186374999454642,0.0012744135250736888,-0.7335339126844937,0.21532533959714667,False,0.3149999999999968,0.0,0.3499999999999964,0.0,0.0,0.6999999999999929,0.10000000000000142,1
50.400000000000006,50.047499814265905,50.03,50.03,103.94999999999978,103.0,False,slow_drift,50.1012430064189,50.08590258186783,-0.07124300641889647,0.0012744135250736888,-1.9956622957911503,0.21532533959714667,False,0.0,0.0,0.0,0.0,0.0,0.3999999999999858,0.10000000000000142,1
50.5,50.047499832839314,50.03,50.03,103.94999999999978,103.0,False,slow_drift,50.09706232368105,50.082622106060256,-0.06706232368104992,0.0012744135250736888,-1.8785528231570432,0.21532533959714667,False,0.0,0.0,0.0,0.0,0.0,0.0,0.09999999999999432,2
50.6,50.04749984955538,50.03,50.03,103.94999999999978,103.0,False,slow_drift,50.09410989545423,50.08030541044401,-0.06410989545423007,0.0012744135250736888,-1.7958492710546843,0.21532533959714667,False,0.0,0.0,0.0,0.0,0.0,0.0,0.10000000000000142,3
50.7,50.04749986459984,50.02,50.02,103.94999999999978,103.0,False,slow_drift,50.092024869399616,50.0765160899367,-0.07202486939961261,0.0012744135250736888,-2.0175638767255033,0.21532533959714667,False,0.0,0.0,0.0,0.0,0.0,0.09999999999997869,0.10000000000000142,1
50.800000000000004,50.04749987813986,50.05,50.05,103.94999999999978,103.0,False,slow_drift,50.088614480943036,50.08029980472061,-0.0386144809430391,0.0012744135250736888,-1.081670574602945,0.21532533959714667,False,0.0,0.0,0.0,0.0,0.0,0.29999999999993604,0.10000000000000142,1
50.900000000000006,50.047499890325874,50.02,50.02,103.94999999999978,103.0,False,slow_drift,50.09201982424855,50.07651213113451,-0.07201982424854947,0.0012744135250736888,-2.017422551727312,0.21532533959714667,False,0.0,0.0,0.0,0.0,0.0,0.29999999999993604,0.10000000000000142,1
51.0,50.047499901293286,50.06,50.06,103.94999999999978,103.0,False,slow_drift,50.08861091802106,50.08245026238199,-0.02861091802105875,0.0012744135250736888,-0.8014503207076045,0.21532533959714667,False,0.0,0.0,0.0,0.0,0.0,0.40000000000001423,0.09999999999999432,1
51.1,50.04749991116395,50.05,50.05,103.94999999999978,103.0,False,slow_drift,50.09395523614379,50.08449055999406,-0.04395523614379471,0.0012744135250736888,-1.2312760491744312,0.21532533959714667,False,0.0,0.0,0.0,0.0,0.0,0.10000000000004974,0.10000000000000142,1
51.2,50.04749992004756,50.04,50.04,103.94999999999978,103.0,False,slow_drift,50.095791503994654,50.08377817945037,-0.055791503994655045,0.0012744135250736888,-1.562834115856211,0.21532533959714667,False,0.0,0.0,0.0,0.0,0.0,0.09999999999997869,0.10000000000000142,1
51.300000000000004,50.0474999280428,50.02,50.02,103.94999999999978,103.0,False,slow_drift,50.09515036150533,50.07896858439335,-0.0751503615053295,0.0012744135250736888,-2.105115301976946,0.21532533959714667,False,0.0,0.0,0.0,0.0,0.0,0.19999999999995738,0.10000000000000142,1
51.400000000000006,50.04749993523851,50.03,50.03,103.94999999999978,103.0,False,slow_drift,50.09082172595402,50.07772526715809,-0.06082172595402113,0.0012744135250736888,-1.7037409193218342,0.21532533959714667,False,0.0,0.0,0.0,0.0,0.0,0.09999999999997869,0.10000000000000142,1
51.5,50.04749994171466,50.07,50.07,103.94999999999978,103.0,False,slow_drift,50.089702740442284,50.085460241165556,-0.01970274044228404,0.0012744135250736888,-0.5519140502469936,0.21532533959714667,False,0.0,0.0,0.0,0.0,0.0,0.40000000000001423,0.09999999999999432,1
51.6,50.047499947543194,50.06,50.06,103.94999999999978,103.0,False,slow_drift,50.096664217049,50.08876948206186,-0.036664217049001024,0.0012744135250736888,-1.0270396948041625,0.21532533959714667,False,0.0,0.0,0.0,0.0,0.0,0.09999999999997869,0.10000000000000142,1
51.7,50.047499952788876,50.02,50.02,103.94999999999978,103.0,False,slow_drift,50.09964253385568,50.08249347820683,-0.07964253385567588,0.0012744135250736888,-2.2309502356274153,0.21532533959714667,False,0.0,0.0,0.0,0.0,0.0,0.3999999999999858,0.10000000000000142,1
51.800000000000004,50.047499957509984,50.05,50.05,103.94999999999978,103.0,False,slow_drift,50.09399413038615,50.08452107932047,-0.043994130386153074,0.0012744135250736888,-1.2323655564383662,0.21532533959714667,False,0.0,0.0,0.0,0.0,0.0,0.29999999999993604,0.10000000000000142,1
51.900000000000006,50.04749996175899,50.07,50.07,103.94999999999978,103.0,False,slow_drift,50.095818971388425,50.090259492606165,-0.025818971388424927,0.0012744135250736888,-0.7232421862298527,0.21532533959714667,False,0.0,0.0,0.0,0.0,0.0,0.20000000000002843,0.10000000000000142,1
52.0,50.047499965583086,49.99,49.99,103.94999999999978,103.0,False,slow_drift,50.10098354334555,50.077085974184975,-0.11098354334554728,0.0012744135250736888,-3.1088760011854966,0.21532533959714667,False,0.3600000000000128,0.1822561373267487,0.40000000000001423,0.0,0.0,0.8000000000000285,0.09999999999999432,1
52.1,50.04749996902478,50.06,50.06,103.94999999999978,103.0,False,slow_drift,50.08912737676648,50.08285551447266,-0.02912737676647481,0.0012744135250736888,-0.8159173862817077,0.21532533959714667,False,0.3149999999999968,0.0,0.3499999999999964,0.0,0.0,0.6999999999999929,0.10000000000000142,1
52.2,50.047499972122296,50.03,50.03,103.94999999999978,103.0,False,slow_drift,50.0943199630254,50.08047024514408,-0.06431996302539744,0.0012744135250736888,-1.8017336932937202,0.21532533959714667,False,0.0,0.0,0.0,0.0,0.0,0.3000000000000071,0.10000000000000142,1
52.300000000000004,50.04749997491007,50.07,50.07,103.94999999999978,103.0,False,slow_drift,50.092173220629675,50.08739876436763,-0.022173220629674972,0.0012744135250736888,-0.6211172522214605,0.21532533959714667,False,0.0,0.0,0.0,0.0,0.0,0.3999999999999858,0.10000000000000142,1
52.400000000000006,50.04749997741906,50.02,50.02,103.94999999999978,103.0,False,slow_drift,50.098408887930866,50.08152546750972,-0.07840888793086265,0.0012744135250736888,-2.1963932905705152,0.21532533959714667,False,0.0,0.0,0.0,0.0,0.0,0.4999999999999645,0.10000000000000142,1
52.5,50.04749997967715,49.99,49.99,103.94999999999978,103.0,False,slow_drift,50.09312292075875,50.07091794282613,-0.10312292075875007,0.0012744135250736888,-2.8886838882126415,0.21532533959714667,False,0.12241546284044155,0.13601718093382395,0.0,0.0,0.0,0.3000000000000284,0.09999999999999432,1
52.6,50.047499981709436,50.0,50.0,103.94999999999978,103.0,False,slow_drift,50.08357614854352,50.065580085976165,-0.08357614854352136,0.0012744135250736888,-2.3411388269474656,0.21532533959714667,False,0.018932551112760113,0.02103616790306679,0.0,0.0,0.0,0.09999999999997869,0.10000000000000142,1
52.7,50.04749998353849,50.05,50.05,103.94999999999978,103.0,False,slow_drift,50.07877207737855,50.0725767200461,-0.02877207737855514,0.0012744135250736888,-0.8059647238685043,0.21532533959714667,False,0.0,0.0,0.0,0.0,0.0,0.4999999999999645,0.10000000000000142,1
52.800000000000004,50.04749998518464,50.06,50.06,103.94999999999978,103.0,False,slow_drift,50.0850690480415,50.079671046758584,-0.025069048041494568,0.0012744135250736888,-0.702235299751723,0.21532533959714667,False,0.0,0.0,0.0,0.0,0.0,0.10000000000004974,0.10000000000000142,1
52.900000000000006,50.047499986666175,50.02,50.02,103.94999999999978,103.0,False,slow_drift,50.09145394208273,50.076068097738215,-0.07145394208272648,0.0012744135250736888,-2.001571035080844,0.21532533959714667,False,0.0,0.0,0.0,0.0,0.0,0.3999999999999858,0.10000000000000142,1
53.0,50.04749998799956,50.07,50.07,103.94999999999978,103.0,False,slow_drift,50.0882112879644,50.084289936198964,-0.018211287964398082,0.0012744135250736888,-0.5101354164456577,0.21532533959714667,False,0.0,0.0,0.0,0.0,0.0,0.5,0.09999999999999432,1
53.1,50.0474999891996,49.99,49.99,103.94999999999978,103.0,False,slow_drift,50.09561094257907,50.07287023050306,-0.10561094257906944,0.0012744135250736888,-2.9583784671966087,0.21532533959714667,False,0.3599999999999872,0.15065260340629086,0.3999999999999858,0.0,0.0,0.7999999999999716,0.10000000000000142,1
53.2,50.04749999027964,50.05,50.05,103.94999999999978,103.0,False,slow_drift,50.085333207452756,50.077725072558934,-0.035333207452758586,0.0012744135250736888,-0.9897553942099543,0.21532533959714667,False,0.0,0.0,0.0,0.0,0.0,0.5999999999999431,0.10000000000000142,1
53.300000000000004,50.04749999125168,50.01,50.01,103.94999999999978,103.0,False,slow_drift,50.08970256530304,50.072540583362404,-0.07970256530304454,0.0012744135250736888,-2.2326318392275075,0.21532533959714667,False,0.0,0.0,0.0,0.0,0.0,0.3999999999999858,0.10000000000000142,1
53.400000000000006,50.04749999212651,50.03,50.03,103.94999999999978,103.0,False,slow_drift,50.08503652502617,50.073185766584665,-0.05503652502616774,0.0012744135250736888,-1.5416856110799473,0.21532533959714667,False,0.0,0.0,0.0,0.0,0.0,0.20000000000002843,0.10000000000000142,1
53.5,50.047499992913856,50.05,50.05,103.94999999999978,103.0,False,slow_drift,50.085617189926204,50.07794790640985,-0.03561718992620655,0.0012744135250736888,-0.9977103240116716,0.21532533959714667,False,0.0,0.0,0.0,0.0,0.0,0.1999999999999716,0.09999999999999432,1
53.6,50.047499993622466,50.02,50.02,103.94999999999978,103.0,False,slow_drift,50.08990311576886,50.074851203627034,-0.06990311576885944,0.0012744135250736888,-1.9581292187191424,0.21532533959714667,False,0.0,0.0,0.0,0.0,0.0,0.29999999999993604,0.10000000000000142,1
53.7,50.04749999426022,50.04,50.04,103.94999999999978,103.0,False,slow_drift,50.087116083264334,50.07697079663495,-0.04711608326433492,0.0012744135250736888,-1.3198178406891279,0.21532533959714667,False,0.0,0.0,0.0,0.0,0.0,0.19999999999995738,0.10000000000000142,1
53.800000000000004,50.0474999948342,50.08,50.08,103.94999999999978,103.0,False,slow_drift,50.08902371697146,50.08708068205015,-0.009023716971462648,0.0012744135250736888,-0.2527727651182082,0.21532533959714667,False,0.0,0.0,0.0,0.0,0.0,0.3999999999999858,0.10000000000000142,1
53.900000000000006,50.047499995350776,50.03,50.03,103.94999999999978,103.0,False,slow_drift,50.098122613845135,50.083454088884686,-0.06812261384513363,0.0012744135250736888,-1.9082537188578572,0.21532533959714667,False,0.0,0.0,0.0,0.0,0.0,0.4999999999999645,0.10000000000000142,1
54.0,50.0474999958157,50.07,50.07,103.94999999999978,103.0,False,slow_drift,50.09485867999622,50.0895059762841,-0.024858679996221156,0.0012744135250736888,-0.6963424606185322,0.21532533959714667,False,0.0,0.0,0.0,0.0,0.0,0.40000000000001423,0.09999999999999432,1
54.1,50.04749999623413,50.01,50.01,103.94999999999978,103.0,False,slow_drift,50.1003053786557,50.08086034232921,-0.09030537865569954,0.0012744135250736888,-2.529638323103126,0.21532533959714667,False,0.2700000000000064,0.06061987444529142,0.3000000000000071,0.0,0.0,0.6000000000000142,0.10000000000000142,1
54.2,50.04749999661072,50.06,50.06,103.94999999999978,103.0,False,slow_drift,50.092524308096294,50.085521000410296,-0.03252430809629203,0.0012744135250736888,-0.9110723792707435,0.21532533959714667,False,0.0,0.0,0.0,0.0,0.0,0.5000000000000355,0.10000000000000142,1
54.300000000000004,50.04749999694965,50.09,50.09,103.94999999999978,103.0,False,slow_drift,50.09671890036927,50.09527215086554,-0.006718900369264702,0.0012744135250736888,-0.18821013893319213,0.21532533959714667,False,0.0,0.0,0.0,0.0,0.0,0.3000000000000071,0.10000000000000142,1
54.400000000000006,50.04749999725468,49.97,49.97,103.94999999999978,103.0,False,slow_drift,50.10549493577899,50.076319442718685,-0.1354949357789934,0.0012744135250736888,-3.79549022699664,0.21532533959714667,True,0.5400000000000128,0.32644079869996123,0.6000000000000142,0.0,0.0,1.2000000000000284,0.10000000000000142,1
54.5,50.047499997529215,50.02,50.02,103.94999999999978,103.0,False,slow_drift,50.08843749844682,50.07370117085258,-0.06843749844681923,0.0012744135250736888,-1.9170742804637821,0.21532533959714667,False,0.0,0.0,0.0,0.0,0.0,0.500000000000071,0.09999999999999432,1
54.6,50.04749999777629,50.07,50.07,103.94999999999978,103.0,False,slow_drift,50.08608105376732,50.08261839540379,-0.016081053767322828,0.0012744135250736888,-0.45046320043456556,0.21532533959714667,False,0.0,0.0,0.0,0.0,0.0,0.4999999999999645,0.10000000000000142,1
54.7,50.04749999799866,50.04,50.04,103.94999999999978,103.0,False,slow_drift,50.09410655586341,50.08245604334769,-0.054106555863413064,0.0012744135250736888,-1.5156352731219227,0.21532533959714667,False,0.0,0.0,0.0,0.0,0.0,0.3000000000000071,0.10000000000000142,1
54.800000000000004,50.047499998198795,50.06,50.06,103.94999999999978,103.0,False,slow_drift,50.093960439012925,50.086647895949596,-0.03396043901292245,0.0012744135250736888,-0.9513013430133392,0.21532533959714667,False,0.0,0.0,0.0,0.0,0.0,0.20000000000002843,0.10000000000000142,1
54.900000000000006,50.04749999837892,50.03,50.03,103.94999999999978,103.0,False,slow_drift,50.09773310635464,50.08314845222686,-0.06773310635463758,0.0012744135250736888,-1.897342817538777,0.21532533959714667,False,0.0,0.0,0.0,0.0,0.0,0.3000000000000071,0.10000000000000142,1
55.0,50.04749999854103,50.05,50.05,103.94999999999978,103.0,False,slow_drift,50.094583607004175,50.084983626685535,-0.04458360700417785,0.0012744135250736888,-1.2488780019396906,0.21532533959714667,False,0.0,0.0,0.0,0.0,0.0,0.1999999999999716,0.09999999999999432,1
55.1,50.047499998686924,50.04,50.04,103.94999999999978,103.0,False,slow_drift,50.09623526401698,50.08412638669519,-0.05623526401698342,0.0012744135250736888,-1.5752647415338112,0.21532533959714667,False,0.0,0.0,0.0,0.0,0.0,0.09999999999997869,0.10000000000000142,1
55.2,50.04749999881823,50.08,50.08,103.94999999999978,103.0,False,slow_drift,50.09546374802567,50.0921340112306,-0.015463748025673851,0.0012744135250736888,-0.4331712042722939,0.21532533959714667,False,0.0,0.0,0.0,0.0,0.0,0.3999999999999858,0.10000000000000142,1
55.300000000000004,50.04749999893641,50.06,50.06,103.94999999999978,103.0,False,slow_drift,50.102670610107545,50.09348254649532,-0.04267061010754247,0.0012744135250736888,-1.195291046946055,0.21532533959714667,False,0.0,0.0,0.0,0.0,0.0,0.19999999999995738,0.10000000000000142,1
55.400000000000006,50.04749999904277,50.06,50.06,103.94999999999978,103.0,False,slow_drift,50.103884291845795,50.09443489180112,-0.043884291845792234,0.0012744135250736888,-1.229288754312218,0.21532533959714667,False,0.0,0.0,0.0,0.0,0.0,0.0,0.10000000000000142,2
55.5,50.047499999138495,50.03,50.03,103.94999999999978,103.0,False,slow_drift,50.10474140262101,50.088647684719675,-0.07474140262100804,0.0012744135250736888,-2.09365952734034,0.21532533959714667,False,0.0,0.0,0.0,0.0,0.0,0.3000000000000284,0.09999999999999432,1
55.6,50.04749999922464,50.03,50.03,103.94999999999978,103.0,False,slow_drift,50.09953291624771,50.084560717443495,-0.06953291624770941,0.0012744135250736888,-1.9477591731046286,0.21532533959714667,False,0.0,0.0,0.0,0.0,0.0,0.0,0.10000000000000142,2
55.7,50.047499999302175,50.03,50.03,103.94999999999978,103.0,False,slow_drift,50.09585464569915,50.08167447174993,-0.06585464569914734,0.0012744135250736888,-1.844723293283345,0.21532533959714667,False,0.0,0.0,0.0,0.0,0.0,0.0,0.10000000000000142,3
55.800000000000004,50.04749999937196,50.06,50.06,103.94999999999978,103.0,False,slow_drift,50.09325702457494,50.08609594446435,-0.03325702457493662,0.0012744135250736888,-0.9315972661815802,0.21532533959714667,False,0.0,0.0,0.0,0.0,0.0,0.3000000000000071,0.10000000000000142,1
55.900000000000006,50.04749999943476,50.03,50.03,103.94999999999978,103.0,False,slow_drift,50.097236350017916,50.08275866011704,-0.0672363500179145,0.0012744135250736888,-1.8834276567219441,0.21532533959714667,False,0.0,0.0,0.0,0.0,0.0,0.3000000000000071,0.10000000000000142,1
56.0,50.047499999491286,50.06,50.06,103.94999999999978,103.0,False,slow_drift,50.09423279410534,50.08686160608925,-0.03423279410533553,0.0012744135250736888,-0.9589305660952463,0.21532533959714667,False,0.0,0.0,0.0,0.0,0.0,0.3000000000000284,0.09999999999999432,1
56.1,50.047499999542154,50.11,50.11,103.94999999999978,103.0,False,slow_drift,50.09792544548033,50.10052540303276,0.01207455451967121,0.0012744135250736888,0.33823296355150795,0.21532533959714667,False,0.0,0.0,0.0,0.0,0.0,0.4999999999999645,0.10000000000000142,1
56.2,50.047499999587934,50.08,50.08,103.94999999999978,103.0,False,slow_drift,50.110222862729486,50.10371511454866,-0.030222862729488043,0.0012744135250736888,-0.846604188283007,0.21532533959714667,False,0.0,0.0,0.0,0.0,0.0,0.3000000000000071,0.10000000000000142,1
56.300000000000004,50.04749999962914,50.04,50.04,103.94999999999978,103.0,False,slow_drift,50.1130936030938,50.09735469818525,-0.07309360309380253,0.0012744135250736888,-2.047501292970906,0.21532533959714667,False,0.0,0.0,0.0,0.0,0.0,0.3999999999999858,0.10000000000000142,1
56.400000000000006,50.04749999966622,50.09,50.09,103.94999999999978,103.0,False,slow_drift,50.10736922836673,50.103629193370125,-0.017369228366725054,0.0012744135250736888,-0.48654760517328843,0.21532533959714667,False,0.0,0.0,0.0,0.0,0.0,0.5000000000000355,0.10000000000000142,1
56.5,50.047499999699596,50.03,50.03,103.94999999999978,103.0,False,slow_drift,50.113016274033114,50.09514076663484,-0.08301627403311329,0.0012744135250736888,-2.3254555970143227,0.21532533959714667,False,0.27000000000002555,0.017742788430078173,0.3000000000000284,0.0,0.0,0.6000000000000568,0.09999999999999432,1
56.6,50.04749999972964,49.98,49.98,103.94999999999978,103.0,False,slow_drift,50.10537668997136,50.07837991162571,-0.1253766899713611,0.0012744135250736888,-3.5120574709572656,0.21532533959714667,False,0.24022953514249992,0.2669217057138888,0.0,0.0,0.0,0.5000000000000355,0.10000000000000142,1
56.7,50.047499999756674,50.02,50.02,103.94999999999978,103.0,False,slow_drift,50.090291920463144,50.075156288818484,-0.07029192046314137,0.0012744135250736888,-1.9690204332791057,0.21532533959714667,False,0.0,0.0,0.0,0.0,0.0,0.40000000000005687,0.10000000000000142,1
56.800000000000004,50.047499999781,49.99,49.99,103.94999999999978,103.0,False,slow_drift,50.08739065993664,50.06641998301219,-0.09739065993663587,0.0012744135250736888,-2.728111540590604,0.21532533959714667,False,0.09206819966454284,0.10229799962726982,0.0,0.0,0.0,0.3000000000000071,0.10000000000000142,1
56.900000000000006,50.0474999998029,50.04,50.04,103.94999999999978,103.0,False,slow_drift,50.07952798471097,50.07101660797949,-0.039527984710971964,0.0012744135250736888,-1.1072596831816532,0.21532533959714667,False,0.0,0.0,0.0,0.0,0.0,0.4999999999999645,0.10000000000000142,1
57.0,50.04749999982261,50.05,50.05,103.94999999999978,103.0,False,slow_drift,50.08366494718154,50.07641603099715,-0.033664947181542004,0.0012744135250736888,-0.9430240125602575,0.21532533959714667,False,0.0,0.0,0.0,0.0,0.0,0.0999999999999858,0.09999999999999432,1
57.1,50.04749999984035,50.1,50.1,103.94999999999978,103.0,False,slow_drift,50.08852442789744,50.0909954093575,0.01147557210256167,0.0012744135250736888,0.3214542411792542,0.21532533959714667,False,0.0,0.0,0.0,0.0,0.0,0.5000000000000355,0.10000000000000142,1
57.2,50.04749999985631,50.06,50.06,103.94999999999978,103.0,False,slow_drift,50.10164586842175,50.092678457661016,-0.041645868421746,0.0012744135250736888,-1.1665859368157354,0.21532533959714667,False,0.0,0.0,0.0,0.0,0.0,0.3999999999999858,0.10000000000000142,1
57.300000000000004,50.04749999987068,50.04,50.04,103.94999999999978,103.0,False,slow_drift,50.103160611894914,50.08956053168948,-0.06316061189491506,0.0012744135250736888,-1.769257897352677,0.21532533959714667,False,0.0,0.0,0.0,0.0,0.0,0.20000000000002843,0.10000000000000142,1
57.400000000000006,50.04749999988361,50.07,50.07,103.94999999999978,103.0,False,slow_drift,50.100354478520536,50.09381839012481,-0.030354478520536077,0.0012744135250736888,-0.8502910157335625,0.21532533959714667,False,0.0,0.0,0.0,0.0,0.0,0.3000000000000071,0.10000000000000142,1
57.5,50.04749999989525,49.98,49.98,103.94999999999978,103.0,False,slow_drift,50.104186551112335,50.07744603982067,-0.1241865511123379,0.0012744135250736888,-3.47871924778146,0.21532533959714667,False,0.4050000000000384,0.25992088889610526,0.45000000000004264,0.0,0.0,0.9000000000000853,0.09999999999999432,1
57.6,50.047499999905725,50.05,50.05,103.94999999999978,103.0,False,slow_drift,50.089451435838605,50.08095654201906,-0.03945143583860755,0.0012744135250736888,-1.1051153927306756,0.21532533959714667,False,0.3149999999999968,0.0,0.3499999999999964,0.0,0.0,0.6999999999999929,0.10000000000000142,1
57.7,50.04749999991515,50.07,50.07,103.94999999999978,103.0,False,slow_drift,50.09261088781716,50.08774219071934,-0.022610887817158698,0.0012744135250736888,-0.6333772051357238,0.21532533959714667,False,0.0,0.0,0.0,0.0,0.0,0.20000000000002843,0.10000000000000142,1
57.800000000000004,50.04749999992364,50.0,50.0,103.94999999999978,103.0,False,slow_drift,50.09871797164741,50.07746149087809,-0.09871797164741025,0.0012744135250736888,-2.765292255850985,0.21532533959714667,False,0.3149999999999968,0.11010571557300149,0.3499999999999964,0.0,0.0,0.6999999999999929,0.10000000000000142,1
57.900000000000006,50.047499999931276,50.08,50.08,103.94999999999978,103.0,False,slow_drift,50.08946534179029,50.08742721385489,-0.009465341790289017,0.0012744135250736888,-0.26514357937940447,0.21532533959714667,False,0.3599999999999872,0.0,0.3999999999999858,0.0,0.0,0.7999999999999716,0.10000000000000142,1
58.0,50.04749999993815,50.06,50.06,103.94999999999978,103.0,False,slow_drift,50.0984344924694,50.09015857232618,-0.03843449246939912,0.0012744135250736888,-1.076628729394893,0.21532533959714667,False,0.0,0.0,0.0,0.0,0.0,0.1999999999999716,0.09999999999999432,1
58.1,50.04749999994433,50.03,50.03,103.94999999999978,103.0,False,slow_drift,50.100892715093565,50.08562771714108,-0.07089271509356365,0.0012744135250736888,-1.9858499194520745,0.21532533959714667,False,0.0,0.0,0.0,0.0,0.0,0.3000000000000071,0.10000000000000142,1
58.2,50.04749999994989,50.07,50.07,103.94999999999978,103.0,False,slow_drift,50.09681494542698,50.09104100819663,-0.026814945426977488,0.0012744135250736888,-0.7511414557334344,0.21532533959714667,False,0.0,0.0,0.0,0.0,0.0,0.3999999999999858,0.10000000000000142,1
58.300000000000004,50.0474999999549,50.12,50.12,103.94999999999978,103.0,False,slow_drift,50.10168690737697,50.1056301802651,0.01831309262302483,0.0012744135250736888,0.5129871731158171,0.21532533959714667,False,0.0,0.0,0.0,0.0,0.0,0.4999999999999645,0.10000000000000142,1
58.400000000000006,50.04749999995941,50.05,50.05,103.94999999999978,103.0,False,slow_drift,50.114817162238595,50.10086038476785,-0.06481716223859735,0.0012744135250736888,-1.8156612599863142,0.21532533959714667,False,0.3149999999999968,0.0,0.3499999999999964,0.0,0.0,0.6999999999999929,0.10000000000000142,1
58.5,50.04749999996347,50.06,50.06,103.94999999999978,103.0,False,slow_drift,50.110524346291065,50.09964517426802,-0.05052434629106273,0.0012744135250736888,-1.415290257681003,0.21532533959714667,False,0.0,0.0,0.0,0.0,0.0,0.10000000000005685,0.09999999999999432,1
58.6,50.04749999996712,50.03,50.03,103.94999999999978,103.0,False,slow_drift,50.10943065684122,50.09232722368246,-0.0794306568412182,0.0012744135250736888,-2.225015127181657,0.21532533959714667,False,0.0,0.0,0.0,0.0,0.0,0.3000000000000071,0.10000000000000142,1
58.7,50.04749999997041,50.02,50.02,103.94999999999978,103.0,False,slow_drift,50.102844501314216,50.08500598093498,-0.08284450131421295,0.0012744135250736888,-2.3206438918970607,0.21532533959714667,False,0.015059124604656776,0.016732360671840862,0.0,0.0,0.0,0.09999999999997869,0.10000000000000142,1
58.800000000000004,50.04749999997337,50.07,50.07,103.94999999999978,103.0,False,slow_drift,50.096255382841484,50.09060193361489,-0.026255382841483765,0.0012744135250736888,-0.735466963455003,0.21532533959714667,False,0.0,0.0,0.0,0.0,0.0,0.4999999999999645,0.10000000000000142,1
58.900000000000006,50.04749999997603,50.02,50.02,103.94999999999978,103.0,False,slow_drift,50.10129174025341,50.083787568676904,-0.08129174025340546,0.0012744135250736888,-2.2771478793171616,0.21532533959714667,False,0.006838624870970098,0.007598472078855664,0.0,0.0,0.0,0.4999999999999645,0.10000000000000142,1
59.0,50.04749999997843,50.05,50.05,103.94999999999978,103.0,False,slow_drift,50.09515881180921,50.08543497532059,-0.045158811809216104,0.0012744135250736888,-1.264990664774597,0.21532533959714667,False,0.0,0.0,0.0,0.0,0.0,0.29999999999995736,0.09999999999999432,1
59.1,50.04749999998058,50.03,50.03,103.94999999999978,103.0,False,slow_drift,50.09664147778853,50.08229187895246,-0.06664147778852936,0.0012744135250736888,-1.8667640691128413,0.21532533959714667,False,0.0,0.0,0.0,0.0,0.0,0.19999999999995738,0.10000000000000142,1
59.2,50.04749999998252,50.06,50.06,103.94999999999978,103.0,False,slow_drift,50.09381269105722,50.08653196187263,-0.033812691057214295,0.0012744135250736888,-0.9471626206417244,0.21532533959714667,False,0.0,0.0,0.0,0.0,0.0,0.3000000000000071,0.10000000000000142,1
59.300000000000004,50.04749999998427,50.06,50.06,103.94999999999978,103.0,False,slow_drift,50.09762876568537,50.08952633893555,-0.0376287656853691,0.0012744135250736888,-1.054058674530234,0.21532533959714667,False,0.0,0.0,0.0,0.0,0.0,0.0,0.10000000000000142,2
59.400000000000006,50.04749999998584,50.08,50.08,103.94999999999978,103.0,False,slow_drift,50.100323705041994,50.095947496351954,-0.020323705041995765,0.0012744135250736888,-0.569308538505662,0.21532533959714667,False,0.0,0.0,0.0,0.0,0.0,0.19999999999995738,0.10000000000000142,1
59.5,50.04749999998725,50.03,50.03,103.94999999999978,103.0,False,slow_drift,50.106102746716765,50.0897158969357,-0.07610274671676365,0.0012744135250736888,-2.13179355929743,0.21532533959714667,False,0.0,0.0,0.0,0.0,0.0,0.5,0.09999999999999432,1
59.6,50.047499999988524,50.04,50.04,103.94999999999978,103.0,False,slow_drift,50.10049430724214,50.08746834999153,-0.06049430724213778,0.0012744135250736888,-1.694569251658062,0.21532533959714667,False,0.0,0.0,0.0,0.0,0.0,0.09999999999997869,0.10000000000000142,1
59.7,50.04749999998967,50.02,50.02,103.94999999999978,103.0,False,slow_drift,50.09847151499238,50.081574609377945,-0.07847151499237981,0.0012744135250736888,-2.1981476026307214,0.21532533959714667,False,0.0,0.0,0.0,0.0,0.0,0.19999999999995738,0.10000000000000142,1
59.800000000000004,50.0474999999907,50.03,50.03,103.94999999999978,103.0,False,slow_drift,50.09316714844015,50.079565660750895,-0.06316714844015081,0.0012744135250736888,-1.7694409993514193,0.21532533959714667,False,0.0,0.0,0.0,0.0,0.0,0.09999999999997869,0.10000000000000142,1
59.900000000000006,50.04749999999163,50.06,50.06,103.94999999999978,103.0,False,slow_drift,50.09135909467581,50.08460668696528,-0.03135909467580689,0.0012744135250736888,-0.8784323685988291,0.21532533959714667,False,0.0,0.0,0.0,0.0,0.0,0.3000000000000071,0.10000000000000142,1
