timestamp,sim_time_sec,true_frequency,sensor_reading_sent,controller_reading_received,generation_command,load_demand_mw,attack_active
1791013019.1271,0.00,50.0000,50.0000,50.0000,100.00,100.00,False
1791013019.2285,0.10,50.0000,50.0000,50.0000,100.00,100.00,False
1791013019.3267,0.20,50.0000,50.0000,50.0000,100.00,100.00,False
1791013019.4276,0.30,50.0000,50.0000,50.0000,100.00,100.00,False
1791013019.5269,0.40,50.0000,50.0000,50.0000,100.00,100.00,False
1791013019.6283,0.50,50.0000,50.0000,50.0000,100.00,100.00,False
1791013019.7296,0.60,50.0000,50.0000,50.0000,100.00,100.00,False
1791013019.8294,0.70,50.0000,50.0000,50.0000,100.00,100.00,False
1791013019.9243,0.80,50.0000,50.0000,50.0000,100.00,100.00,False
1791013020.0273,0.90,50.0000,50.0000,50.0000,100.00,100.00,False
1791013020.1312,1.00,50.0000,50.0000,50.0000,100.00,100.00,False
1791013020.2310,1.10,50.0000,50.0000,50.0000,100.00,100.00,False
1791013020.3283,1.20,50.0000,50.0000,50.0000,100.00,100.00,False
1791013020.4278,1.30,50.0000,50.0000,50.0000,100.00,100.00,False
1791013020.5311,1.40,50.0000,50.0000,50.0000,100.00,100.00,False
1791013020.6311,1.50,50.0000,50.0000,50.0000,100.00,100.00,False
1791013020.7299,1.60,50.0000,50.0000,50.0000,100.00,100.00,False
1791013020.8275,1.70,50.0000,50.0000,50.0000,100.00,100.00,False
1791013020.9277,1.80,50.0000,50.0000,50.0000,100.00,100.00,False
1791013021.0322,1.90,50.0000,50.0000,50.0000,100.00,100.00,False
1791013021.1283,2.00,50.0000,50.0000,50.0000,100.00,100.00,False
1791013021.2283,2.10,50.0000,50.0000,50.0000,100.00,100.00,False
1791013021.3294,2.20,50.0000,50.0000,50.0000,100.00,100.00,False
1791013021.4345,2.30,50.0000,50.0000,50.0000,100.00,100.00,False
1791013021.5300,2.40,50.0000,50.0000,50.0000,100.00,100.00,False
1791013021.6298,2.50,50.0000,50.0000,50.0000,100.00,100.00,False
1791013021.7324,2.60,50.0000,50.0000,50.0000,100.00,100.00,False
1791013021.8293,2.70,50.0000,50.0000,50.0000,100.00,100.00,False
1791013021.9292,2.80,50.0000,50.0000,50.0000,100.00,100.00,False
1791013022.0302,2.90,50.0000,50.0000,50.0000,100.00,100.00,False
1791013022.1308,3.00,50.0000,50.0000,50.0000,100.00,100.00,False
1791013022.2313,3.10,50.0000,50.0000,50.0000,100.00,100.00,False
1791013022.3308,3.20,50.0000,50.0000,50.0000,100.00,100.00,False
1791013022.4296,3.30,50.0000,50.0000,50.0000,100.00,100.00,False
1791013022.5309,3.40,50.0000,50.0000,50.0000,100.00,100.00,False
1791013022.6340,3.50,50.0000,50.0000,50.0000,100.00,100.00,False
1791013022.7322,3.60,50.0000,50.0000,50.0000,100.00,100.00,False
1791013022.8293,3.70,50.0000,50.0000,50.0000,100.00,100.00,False
1791013022.9314,3.80,50.0000,50.0000,50.0000,100.00,100.00,False
1791013023.0323,3.90,50.0000,50.0000,50.0000,100.00,100.00,False
1791013023.1340,4.00,50.0000,50.0000,50.0000,100.00,100.00,False
1791013023.2323,4.10,50.0000,50.0000,50.0000,100.00,100.00,False
1791013023.3305,4.20,50.0000,50.0000,50.0000,100.00,100.00,False
1791013023.4322,4.30,50.0000,50.0000,50.0000,100.00,100.00,False
1791013023.5339,4.40,50.0000,50.0000,50.0000,100.00,100.00,False
1791013023.6341,4.50,50.0000,50.0000,50.0000,100.00,100.00,False
1791013023.7361,4.60,50.0000,50.0000,50.0000,100.00,100.00,False
1791013023.8321,4.70,50.0000,50.0000,50.0000,100.00,100.00,False
1791013023.9357,4.80,50.0000,50.0000,50.0000,100.00,100.00,False
1791013024.0354,4.90,50.0000,50.0000,50.0000,100.00,100.00,False
1791013024.1355,5.00,50.0000,50.0000,50.0000,100.00,100.00,False
1791013024.2353,5.10,50.0000,50.0000,50.0000,100.00,100.00,False
1791013024.3361,5.20,50.0000,50.0000,50.0000,100.00,100.00,False
1791013024.4315,5.30,50.0000,50.0000,50.0000,100.00,100.00,False
1791013024.5353,5.40,50.0000,50.0000,50.0000,100.00,100.00,False
1791013024.6340,5.50,50.0000,50.0000,50.0000,100.00,100.00,False
1791013024.7345,5.60,50.0000,50.0000,50.0000,100.00,100.00,False
1791013024.8381,5.70,50.0000,50.0000,50.0000,100.00,100.00,False
1791013024.9366,5.80,50.0000,50.0000,50.0000,100.00,100.00,False
1791013025.0348,5.90,50.0000,50.0000,50.0000,100.00,100.00,False
1791013025.1397,6.00,50.0000,50.0000,50.0000,100.00,100.00,False
1791013025.2416,6.10,50.0000,50.0000,50.0000,100.00,100.00,False
1791013025.3388,6.20,50.0000,50.0000,50.0000,100.00,100.00,False
1791013025.4354,6.30,50.0000,50.0000,50.0000,100.00,100.00,False
1791013025.5377,6.40,50.0000,50.0000,50.0000,100.00,100.00,False
1791013025.6387,6.50,50.0000,50.0000,50.0000,100.00,100.00,False
1791013025.7387,6.60,50.0000,50.0000,50.0000,100.00,100.00,False
1791013025.8403,6.70,50.0000,50.0000,50.0000,100.00,100.00,False
1791013025.9367,6.80,50.0000,50.0000,50.0000,100.00,100.00,False
1791013026.0385,6.90,50.0000,50.0000,50.0000,100.00,100.00,False
1791013026.1403,7.00,50.0000,50.0000,50.0000,100.00,100.00,False
1791013026.2376,7.10,50.0000,50.0000,50.0000,100.00,100.00,False
1791013026.3372,7.20,50.0000,50.0000,50.0000,100.00,100.00,False
1791013026.4391,7.30,50.0000,50.0000,50.0000,100.00,100.00,False
1791013026.5359,7.40,50.0000,50.0000,50.0000,100.00,100.00,False
1791013026.6409,7.50,50.0000,50.0000,50.0000,100.00,100.00,False
1791013026.7380,7.60,50.0000,50.0000,50.0000,100.00,100.00,False
1791013026.8420,7.70,50.0000,50.0000,50.0000,100.00,100.00,False
1791013026.9376,7.80,50.0000,50.0000,50.0000,100.00,100.00,False
1791013027.0394,7.90,50.0000,50.0000,50.0000,100.00,100.00,False
1791013027.1367,8.00,50.0000,50.0000,50.0000,100.00,100.00,False
1791013027.2387,8.10,50.0000,50.0000,50.0000,100.00,100.00,False
1791013027.3418,8.20,50.0000,50.0000,50.0000,100.00,100.00,False
1791013027.4401,8.30,50.0000,50.0000,50.0000,100.00,100.00,False
1791013027.5383,8.40,50.0000,50.0000,50.0000,100.00,100.00,False
1791013027.6386,8.50,50.0000,50.0000,50.0000,100.00,100.00,False
1791013027.7415,8.60,50.0000,50.0000,50.0000,100.00,100.00,False
1791013027.8407,8.70,50.0000,50.0000,50.0000,100.00,100.00,False
1791013027.9419,8.80,50.0000,50.0000,50.0000,100.00,100.00,False
1791013028.0376,8.90,50.0000,50.0000,50.0000,100.00,100.00,False
1791013028.1389,9.00,50.0000,50.0000,50.0000,100.00,100.00,False
1791013028.2416,9.10,50.0000,50.0000,50.0000,100.00,100.00,False
1791013028.3452,9.20,50.0000,50.0000,50.0000,100.00,100.00,False
1791013028.4408,9.30,50.0000,50.0000,50.0000,100.00,100.00,False
1791013028.5385,9.40,50.0000,50.0000,50.0000,100.00,100.00,False
1791013028.6411,9.50,50.0000,50.0000,50.0000,100.00,100.00,False
1791013028.7412,9.60,50.0000,50.0000,50.0000,100.00,100.00,False
1791013028.8418,9.70,50.0000,50.0000,50.0000,100.00,100.00,False
1791013028.9405,9.80,50.0000,50.0000,50.0000,100.00,100.00,False
1791013029.0424,9.90,50.0000,50.0000,50.0000,100.00,100.00,False
1791013029.1405,10.00,50.0000,50.0000,50.0000,100.00,100.00,False
1791013029.2751,10.10,49.9850,50.0000,50.0000,100.00,103.00,False
1791013029.3581,10.20,49.9715,50.0000,50.0000,100.00,103.00,False
1791013029.4587,10.30,49.9594,50.0000,50.0000,100.00,103.00,False
1791013029.5572,10.40,49.9484,50.0000,50.0000,100.00,103.00,False
1791013029.6593,10.50,49.9386,49.9700,50.0000,100.00,103.00,False
1791013029.7575,10.60,49.9297,49.9700,50.0000,100.00,103.00,False
1791013029.8571,10.70,49.9217,49.9700,50.0000,100.00,103.00,False
1791013029.9793,10.80,49.9146,49.9700,49.9700,100.00,103.00,False
1791013030.0755,10.90,49.9081,49.9700,49.9700,100.00,103.00,False
1791013030.1596,11.00,49.9023,49.9200,49.9700,100.00,103.00,False
1791013030.2753,11.10,49.8971,49.9200,49.9700,100.00,103.00,False
1791013030.3563,11.20,49.8947,49.9200,49.9700,100.47,103.00,False
1791013030.4798,11.30,49.8926,49.9200,49.9700,100.47,103.00,False
1791013030.5774,11.40,49.8907,49.9200,49.9200,100.47,103.00,False
1791013030.6613,11.50,49.8890,49.8900,49.9200,100.47,103.00,False
1791013030.7763,11.60,49.8874,49.8900,49.9200,100.47,103.00,False
1791013030.8554,11.70,49.8899,49.8900,49.9200,101.25,103.00,False
1791013030.9596,11.80,49.8922,49.8900,49.9200,101.25,103.00,False
1791013031.0633,11.90,49.8942,49.8900,49.8900,101.25,103.00,False
1791013031.1604,12.00,49.8960,49.8900,49.8900,101.25,103.00,False
1791013031.2772,12.10,49.8977,49.8900,49.8900,101.25,103.00,False
1791013031.3569,12.20,49.9017,49.8900,49.8900,101.76,103.00,False
1791013031.4655,12.30,49.9053,49.8900,49.8900,101.76,103.00,False
1791013031.5974,12.40,49.9086,49.9000,49.9000,101.76,103.00,False
1791013031.6610,12.50,49.9116,49.9000,49.9000,101.76,103.00,False
1791013031.7563,12.60,49.9142,49.9000,49.9000,101.76,103.00,False
1791013031.8603,12.70,49.9166,49.9000,49.9000,101.76,103.00,False
1791013031.9622,12.80,49.9187,49.9000,49.9000,101.76,103.00,False
1791013032.0605,12.90,49.9206,49.9100,49.9000,101.76,103.00,False
1791013032.1784,13.00,49.9224,49.9100,49.9100,101.76,103.00,False
1791013032.2585,13.10,49.9234,49.9100,49.9100,101.66,103.00,False
1791013032.3598,13.20,49.9244,49.9100,49.9100,101.66,103.00,False
1791013032.4784,13.30,49.9253,49.9100,49.9100,101.66,103.00,False
1791013032.5602,13.40,49.9260,49.9200,49.9100,101.66,103.00,False
1791013032.6789,13.50,49.9267,49.9200,49.9200,101.66,103.00,False
1791013032.7593,13.60,49.9269,49.9200,49.9200,101.56,103.00,False
1791013032.8578,13.70,49.9270,49.9200,49.9200,101.56,103.00,False
1791013032.9811,13.80,49.9271,49.9300,49.9200,101.56,103.00,False
1791013033.0612,13.90,49.9272,49.9300,49.9200,101.56,103.00,False
1791013033.1567,14.00,49.9267,49.9300,49.9200,101.44,103.00,False
1791013033.2629,14.10,49.9262,49.9300,49.9300,101.44,103.00,False
1791013033.3630,14.20,49.9258,49.9300,49.9300,101.44,103.00,False
1791013033.4609,14.30,49.9254,49.9300,49.9300,101.44,103.00,False
1791013033.5618,14.40,49.9251,49.9300,49.9300,101.44,103.00,False
1791013033.6592,14.50,49.9242,49.9300,49.9300,101.33,103.00,False
1791013033.7636,14.60,49.9234,49.9300,49.9300,101.33,103.00,False
1791013033.8788,14.70,49.9227,49.9300,49.9300,101.33,103.00,False
1791013033.9631,14.80,49.9221,49.9200,49.9300,101.33,103.00,False
1791013034.0780,14.90,49.9215,49.9200,49.9300,101.33,103.00,False
1791013034.1603,15.00,49.9212,49.9200,49.9300,101.36,103.00,False
1791013034.2795,15.10,49.9209,49.9200,49.9300,101.36,103.00,False
1791013034.3650,15.20,49.9206,49.9200,49.9200,101.36,103.00,False
1791013034.4622,15.30,49.9203,49.9200,49.9200,101.36,103.00,False
1791013034.5829,15.40,49.9201,49.9200,49.9200,101.36,103.00,False
1791013034.6639,15.50,49.9208,49.9200,49.9200,101.55,103.00,False
1791013034.7641,15.60,49.9215,49.9200,49.9200,101.55,103.00,False
1791013035.6185,15.70,49.9221,49.9200,49.9200,101.55,103.00,False
1791013035.6774,15.80,49.9226,49.9200,49.9200,101.55,103.00,False
1791013035.7902,15.90,49.9231,49.9200,49.9200,101.55,103.00,False
1791013035.8706,16.00,49.9238,49.9200,49.9200,101.59,103.00,False
1791013035.9756,16.10,49.9243,49.9200,49.9200,101.59,103.00,False
1791013036.0714,16.20,49.9249,49.9200,49.9200,101.59,103.00,False
1791013036.1762,16.30,49.9253,49.9200,49.9200,101.59,103.00,False
1791013036.2932,16.40,49.9259,49.9200,49.9200,101.63,103.00,False
1791013036.3704,16.50,49.9265,49.9200,49.9200,101.63,103.00,False
1791013036.4791,16.60,49.9270,49.9200,49.9200,101.63,103.00,False
1791013036.6109,16.70,49.9274,49.9300,49.9300,101.63,103.00,False
1791013036.6736,16.80,49.9279,49.9300,49.9300,101.63,103.00,False
1791013036.7733,16.90,49.9282,49.9300,49.9300,101.63,103.00,False
1791013036.8721,17.00,49.9285,49.9300,49.9300,101.63,103.00,False
1791013036.9726,17.10,49.9288,49.9300,49.9300,101.63,103.00,False
1791013037.0753,17.20,49.9291,49.9300,49.9300,101.63,103.00,False
1791013037.1719,17.30,49.9293,49.9300,49.9300,101.63,103.00,False
1791013037.2722,17.40,49.9290,49.9300,49.9300,101.52,103.00,False
1791013037.3731,17.50,49.9287,49.9300,49.9300,101.52,103.00,False
1791013037.4727,17.60,49.9284,49.9300,49.9300,101.52,103.00,False
1791013037.5761,17.70,49.9282,49.9300,49.9300,101.52,103.00,False
1791013037.6656,17.80,49.9282,49.9300,49.9300,101.56,103.00,False
1791013037.7600,17.90,49.9282,49.9300,49.9300,101.56,103.00,False
1791013037.8738,18.00,49.9281,49.9300,49.9300,101.56,103.00,False
1791013037.9593,18.10,49.9281,49.9300,49.9300,101.56,103.00,False
1791013038.0608,18.20,49.9281,49.9300,49.9300,101.56,103.00,False
1791013038.1738,18.30,49.9283,49.9300,49.9300,101.59,103.00,False
1791013038.2768,18.40,49.9284,49.9300,49.9300,101.59,103.00,False
1791013038.3754,18.50,49.9285,49.9300,49.9300,101.59,103.00,False
1791013038.4731,18.60,49.9286,49.9300,49.9300,101.59,103.00,False
1791013038.5898,18.70,49.9287,49.9300,49.9300,101.59,103.00,False
1791013038.6859,18.80,49.9290,49.9300,49.9300,101.63,103.00,False
1791013038.7734,18.90,49.9292,49.9300,49.9300,101.63,103.00,False
1791013038.8724,19.00,49.9294,49.9300,49.9300,101.63,103.00,False
1791013038.9728,19.10,49.9297,49.9300,49.9300,101.63,103.00,False
1791013039.0951,19.20,49.9298,49.9300,49.9300,101.63,103.00,False
1791013039.1740,19.30,49.9302,49.9300,49.9300,101.66,103.00,False
1791013039.2754,19.40,49.9304,49.9300,49.9300,101.66,103.00,False
1791013039.3758,19.50,49.9307,49.9300,49.9300,101.66,103.00,False
1791013039.4726,19.60,49.9309,49.9300,49.9300,101.66,103.00,False
1791013039.5724,19.70,49.9313,49.9300,49.9300,101.70,103.00,False
1791013039.6762,19.80,49.9317,49.9300,49.9300,101.70,103.00,False
1791013039.7760,19.90,49.9320,49.9300,49.9300,101.70,103.00,False
1791013039.8763,20.00,49.9323,49.9300,49.9300,101.70,103.00,False
1791013039.9908,20.10,49.9326,49.9300,49.9300,101.70,103.00,False
1791013040.0740,20.20,49.9330,49.9300,49.9300,101.73,103.00,False
1791013040.1767,20.30,49.9333,49.9300,49.9300,101.73,103.00,False
1791013040.2788,20.40,49.9337,49.9300,49.9300,101.73,103.00,False
1791013040.3744,20.50,49.9339,49.9300,49.9300,101.73,103.00,False
1791013040.4731,20.60,49.9342,49.9300,49.9300,101.73,103.00,False
1791013040.5747,20.70,49.9344,49.9300,49.9300,101.73,103.00,False
1791013040.6754,20.80,49.9346,49.9300,49.9300,101.73,103.00,False
1791013040.7786,20.90,49.9348,49.9300,49.9300,101.73,103.00,False
1791013040.8978,21.00,49.9352,49.9300,49.9300,101.77,103.00,False
1791013040.9712,21.10,49.9355,49.9300,49.9300,101.77,103.00,False
1791013041.0758,21.20,49.9358,49.9300,49.9300,101.77,103.00,False
1791013041.1964,21.30,49.9361,49.9400,49.9300,101.77,103.00,False
1791013041.2936,21.40,49.9363,49.9400,49.9300,101.77,103.00,False
1791013041.3846,21.50,49.9367,49.9400,49.9400,101.80,103.00,False
1791013041.4762,21.60,49.9370,49.9400,49.9400,101.80,103.00,False
1791013041.5763,21.70,49.9373,49.9400,49.9400,101.80,103.00,False
1791013041.6763,21.80,49.9376,49.9400,49.9400,101.80,103.00,False
1791013041.7947,21.90,49.9378,49.9400,49.9400,101.80,103.00,False
1791013041.8762,22.00,49.9374,49.9400,49.9400,101.68,103.00,False
1791013041.9765,22.10,49.9371,49.9400,49.9400,101.68,103.00,False
1791013042.0751,22.20,49.9368,49.9400,49.9400,101.68,103.00,False
1791013042.1778,22.30,49.9365,49.9400,49.9400,101.68,103.00,False
1791013042.2977,22.40,49.9364,49.9400,49.9400,101.71,103.00,False
1791013042.3765,22.50,49.9363,49.9400,49.9400,101.71,103.00,False
1791013042.4773,22.60,49.9362,49.9400,49.9400,101.71,103.00,False
1791013042.5601,22.70,49.9362,49.9400,49.9400,101.71,103.00,False
1791013042.6780,22.80,49.9361,49.9400,49.9400,101.71,103.00,False
1791013042.7752,22.90,49.9362,49.9400,49.9400,101.74,103.00,False
1791013042.8759,23.00,49.9363,49.9400,49.9400,101.74,103.00,False
1791013042.9676,23.10,49.9363,49.9400,49.9400,101.74,103.00,False
1791013043.0761,23.20,49.9364,49.9400,49.9400,101.74,103.00,False
1791013043.1926,23.30,49.9365,49.9400,49.9400,101.74,103.00,False
1791013043.2769,23.40,49.9367,49.9400,49.9400,101.77,103.00,False
1791013043.3769,23.50,49.9369,49.9400,49.9400,101.77,103.00,False
1791013043.4824,23.60,49.9370,49.9400,49.9400,101.77,103.00,False
1791013043.5774,23.70,49.9372,49.9400,49.9400,101.77,103.00,False
1791013043.6768,23.80,49.9374,49.9400,49.9400,101.80,103.00,False
1791013043.7781,23.90,49.9377,49.9400,49.9400,101.80,103.00,False
1791013043.8797,24.00,49.9379,49.9400,49.9400,101.80,103.00,False
1791013043.9809,24.10,49.9381,49.9400,49.9400,101.80,103.00,False
1791013044.0768,24.20,49.9383,49.9400,49.9400,101.80,103.00,False
1791013044.1794,24.30,49.9385,49.9400,49.9400,101.80,103.00,False
1791013044.2773,24.40,49.9386,49.9400,49.9400,101.80,103.00,False
1791013044.3797,24.50,49.9388,49.9400,49.9400,101.80,103.00,False
1791013044.4795,24.60,49.9389,49.9400,49.9400,101.80,103.00,False
1791013044.5768,24.70,49.9392,49.9400,49.9400,101.83,103.00,False
1791013044.6803,24.80,49.9394,49.9400,49.9400,101.83,103.00,False
1791013044.7772,24.90,49.9396,49.9400,49.9400,101.83,103.00,False
1791013044.8777,25.00,49.9398,49.9400,49.9400,101.83,103.00,False
1791013044.9873,25.10,49.9401,49.9400,49.9400,101.86,103.00,False
1791013045.0818,25.20,49.9404,49.9400,49.9400,101.86,103.00,False
1791013045.1812,25.30,49.9407,49.9400,49.9400,101.86,103.00,False
1791013045.2795,25.40,49.9409,49.9400,49.9400,101.86,103.00,False
1791013045.3803,25.50,49.9411,49.9400,49.9400,101.86,103.00,False
1791013045.4777,25.60,49.9414,49.9400,49.9400,101.89,103.00,False
1791013045.5800,25.70,49.9418,49.9400,49.9400,101.89,103.00,False
1791013045.6756,25.80,49.9420,49.9400,49.9400,101.89,103.00,False
1791013045.7764,25.90,49.9423,49.9400,49.9400,101.89,103.00,False
1791013045.8972,26.00,49.9426,49.9400,49.9400,101.92,103.00,False
1791013045.9770,26.10,49.9430,49.9400,49.9400,101.92,103.00,False
1791013046.0785,26.20,49.9433,49.9400,49.9400,101.92,103.00,False
1791013046.1750,26.30,49.9436,49.9400,49.9400,101.92,103.00,False
1791013046.2973,26.40,49.9438,49.9400,49.9400,101.92,103.00,False
1791013046.3747,26.50,49.9442,49.9400,49.9400,101.95,103.00,False
1791013046.4754,26.60,49.9445,49.9400,49.9400,101.95,103.00,False
1791013046.5774,26.70,49.9448,49.9400,49.9400,101.95,103.00,False
1791013046.6736,26.80,49.9451,49.9400,49.9400,101.95,103.00,False
1791013046.7765,26.90,49.9455,49.9400,49.9400,101.98,103.00,False
1791013046.8811,27.00,49.9458,49.9400,49.9400,101.98,103.00,False
1791013047.0147,27.10,49.9461,49.9400,49.9400,101.98,103.00,False
1791013047.0797,27.20,49.9464,49.9500,49.9500,101.98,103.00,False
1791013047.1773,27.30,49.9467,49.9500,49.9500,101.98,103.00,False
1791013047.2774,27.40,49.9469,49.9500,49.9500,101.98,103.00,False
1791013047.3777,27.50,49.9471,49.9500,49.9500,101.98,103.00,False
1791013047.4795,27.60,49.9473,49.9500,49.9500,101.98,103.00,False
1791013047.6005,27.70,49.9475,49.9500,49.9500,101.98,103.00,False
1791013047.6788,27.80,49.9470,49.9500,49.9500,101.85,103.00,False
1791013047.7779,27.90,49.9465,49.9500,49.9500,101.85,103.00,False
1791013047.8786,28.00,49.9461,49.9500,49.9500,101.85,103.00,False
1791013047.9989,28.10,49.9458,49.9500,49.9500,101.85,103.00,False
1791013048.0768,28.20,49.9456,49.9500,49.9500,101.88,103.00,False
1791013048.1803,28.30,49.9454,49.9500,49.9500,101.88,103.00,False
1791013048.2776,28.40,49.9453,49.9500,49.9500,101.88,103.00,False
1791013048.3783,28.50,49.9452,49.9500,49.9500,101.88,103.00,False
1791013048.4848,28.60,49.9451,49.9500,49.9500,101.90,103.00,False
1791013048.5668,28.70,49.9451,49.9500,49.9500,101.90,103.00,False
1791013048.6655,28.80,49.9451,49.9500,49.9500,101.90,103.00,False
1791013048.7648,28.90,49.9451,49.9500,49.9500,101.90,103.00,False
1791013048.8812,29.00,49.9451,49.9500,49.9500,101.90,103.00,False
1791013048.9772,29.10,49.9452,49.9500,49.9500,101.93,103.00,False
1791013049.0805,29.20,49.9454,49.9500,49.9500,101.93,103.00,False
1791013049.1795,29.30,49.9455,49.9500,49.9500,101.93,103.00,False
1791013049.2809,29.40,49.9456,49.9500,49.9500,101.93,103.00,False
1791013049.3797,29.50,49.9458,49.9500,49.9500,101.95,103.00,False
1791013049.4807,29.60,49.9459,49.9500,49.9500,101.95,103.00,False
1791013049.5797,29.70,49.9461,49.9500,49.9500,101.95,103.00,False
1791013049.6818,29.80,49.9462,49.9500,49.9500,101.95,103.00,False
1791013049.7977,29.90,49.9465,49.9500,49.9500,101.98,103.00,False
1791013049.8768,30.00,49.9468,49.9500,49.9500,101.98,103.00,False
1791013049.9826,30.10,49.9470,49.9500,49.9500,101.98,103.00,False
1791013050.0834,30.20,49.9472,49.9500,49.9500,101.98,103.00,False
1791013050.1986,30.30,49.9474,49.9500,49.9500,101.98,103.00,False
1791013050.2768,30.40,49.9476,49.9500,49.9500,102.00,103.00,False
1791013050.3875,30.50,49.9479,49.9500,49.9500,102.00,103.00,False
1791013050.4878,30.60,49.9481,49.9500,49.9500,102.00,103.00,False
1791013050.5895,30.70,49.9483,49.9500,49.9500,102.00,103.00,False
1791013050.6937,30.80,49.9484,49.9500,49.9500,102.00,103.00,False
1791013050.7864,30.90,49.9486,49.9500,49.9500,102.00,103.00,False
1791013050.8891,31.00,49.9487,49.9500,49.9500,102.00,103.00,False
1791013050.9879,31.10,49.9489,49.9500,49.9500,102.00,103.00,False
1791013051.0851,31.20,49.9490,49.9500,49.9500,102.00,103.00,False
1791013051.1859,31.30,49.9492,49.9500,49.9500,102.03,103.00,False
1791013051.2833,31.40,49.9495,49.9500,49.9500,102.03,103.00,False
1791013051.3896,31.50,49.9497,49.9500,49.9500,102.03,103.00,False
1791013051.4862,31.60,49.9498,49.9500,49.9500,102.03,103.00,False
1791013051.6034,31.70,49.9500,49.9500,49.9500,102.03,103.00,False
1791013051.6878,31.80,49.9503,49.9500,49.9500,102.05,103.00,False
1791013051.7877,31.90,49.9505,49.9500,49.9500,102.05,103.00,False
1791013051.8909,32.00,49.9507,49.9500,49.9500,102.05,103.00,False
1791013051.9887,32.10,49.9509,49.9500,49.9500,102.05,103.00,False
1791013052.0859,32.20,49.9512,49.9500,49.9500,102.08,103.00,False
1791013052.1877,32.30,49.9515,49.9500,49.9500,102.08,103.00,False
1791013052.2862,32.40,49.9517,49.9500,49.9500,102.08,103.00,False
1791013052.3890,32.50,49.9519,49.9500,49.9500,102.08,103.00,False
1791013052.5037,32.60,49.9522,49.9500,49.9500,102.08,103.00,False
1791013052.5845,32.70,49.9524,49.9500,49.9500,102.10,103.00,False
1791013052.6874,32.80,49.9527,49.9500,49.9500,102.10,103.00,False
1791013052.7879,32.90,49.9529,49.9500,49.9500,102.10,103.00,False
1791013052.8871,33.00,49.9531,49.9500,49.9500,102.10,103.00,False
1791013053.0074,33.10,49.9533,49.9500,49.9500,102.10,103.00,False
1791013053.0869,33.20,49.9536,49.9500,49.9500,102.13,103.00,False
1791013053.1879,33.30,49.9539,49.9500,49.9500,102.13,103.00,False
1791013053.2900,33.40,49.9542,49.9500,49.9500,102.13,103.00,False
1791013053.3896,33.50,49.9544,49.9500,49.9500,102.13,103.00,False
1791013053.4860,33.60,49.9547,49.9500,49.9500,102.15,103.00,False
1791013053.5914,33.70,49.9550,49.9500,49.9500,102.15,103.00,False
1791013053.6880,33.80,49.9552,49.9500,49.9500,102.15,103.00,False
1791013053.7882,33.90,49.9555,49.9500,49.9500,102.15,103.00,False
1791013053.8858,34.00,49.9557,49.9500,49.9500,102.15,103.00,False
1791013053.9903,34.10,49.9559,49.9500,49.9500,102.15,103.00,False
1791013054.0876,34.20,49.9560,49.9500,49.9500,102.15,103.00,False
1791013054.1908,34.30,49.9562,49.9600,49.9500,102.15,103.00,False
1791013054.3071,34.40,49.9563,49.9600,49.9600,102.15,103.00,False
1791013054.3894,34.50,49.9566,49.9600,49.9600,102.18,103.00,False
1791013054.4863,34.60,49.9568,49.9600,49.9600,102.18,103.00,False
1791013054.5904,34.70,49.9570,49.9600,49.9600,102.18,103.00,False
1791013054.6926,34.80,49.9572,49.9600,49.9600,102.18,103.00,False
1791013054.7880,34.90,49.9568,49.9600,49.9600,102.05,103.00,False
1791013054.8910,35.00,49.9563,49.9600,49.9600,102.05,103.00,False
1791013054.9889,35.10,49.9559,49.9600,49.9600,102.05,103.00,False
1791013055.0880,35.20,49.9556,49.9600,49.9600,102.05,103.00,False
1791013055.2080,35.30,49.9553,49.9600,49.9600,102.05,103.00,False
1791013055.2875,35.40,49.9551,49.9600,49.9600,102.07,103.00,False
1791013055.3881,35.50,49.9550,49.9600,49.9600,102.07,103.00,False
1791013055.4850,35.60,49.9548,49.9600,49.9600,102.07,103.00,False
1791013055.5875,35.70,49.9547,49.9600,49.9600,102.07,103.00,False
1791013055.6933,35.80,49.9547,49.9600,49.9600,102.09,103.00,False
1791013055.7904,35.90,49.9546,49.9600,49.9600,102.09,103.00,False
1791013055.8763,36.00,49.9546,49.9600,49.9600,102.09,103.00,False
1791013055.9776,36.10,49.9546,49.9500,49.9600,102.09,103.00,False
1791013056.0740,36.20,49.9546,49.9500,49.9600,102.09,103.00,False
1791013056.1964,36.30,49.9547,49.9500,49.9600,102.11,103.00,False
1791013056.2908,36.40,49.9548,49.9500,49.9600,102.11,103.00,False
1791013056.3842,36.50,49.9548,49.9500,49.9500,102.11,103.00,False
1791013056.4891,36.60,49.9549,49.9500,49.9500,102.11,103.00,False
1791013056.6057,36.70,49.9550,49.9500,49.9500,102.11,103.00,False
1791013056.6869,36.80,49.9559,49.9500,49.9500,102.28,103.00,False
1791013056.7912,36.90,49.9567,49.9500,49.9500,102.28,103.00,False
1791013056.8909,37.00,49.9574,49.9500,49.9500,102.28,103.00,False
1791013056.9920,37.10,49.9581,49.9600,49.9500,102.28,103.00,False
1791013057.1073,37.20,49.9587,49.9600,49.9500,102.28,103.00,False
1791013057.1879,37.30,49.9594,49.9600,49.9500,102.31,103.00,False
1791013057.3032,37.40,49.9600,49.9600,49.9500,102.31,103.00,False
1791013057.4099,37.50,49.9605,49.9600,49.9500,102.31,103.00,False
1791013057.4948,37.60,49.9610,49.9600,49.9600,102.31,103.00,False
1791013057.6090,37.70,49.9615,49.9600,49.9600,102.31,103.00,False
1791013057.6918,37.80,49.9612,49.9600,49.9600,102.18,103.00,False
1791013057.8000,37.90,49.9610,49.9600,49.9600,102.18,103.00,False
1791013057.8925,38.00,49.9608,49.9600,49.9600,102.18,103.00,False
1791013057.9951,38.10,49.9606,49.9600,49.9600,102.18,103.00,False
1791013058.0923,38.20,49.9605,49.9600,49.9600,102.18,103.00,False
1791013058.1904,38.30,49.9603,49.9600,49.9600,102.18,103.00,False
1791013058.2932,38.40,49.9602,49.9600,49.9600,102.18,103.00,False
1791013058.3939,38.50,49.9601,49.9600,49.9600,102.18,103.00,False
1791013058.5163,38.60,49.9600,49.9600,49.9600,102.18,103.00,False
1791013058.5773,38.70,49.9600,49.9600,49.9600,102.20,103.00,False
1791013058.6744,38.80,49.9600,49.9600,49.9600,102.20,103.00,False
1791013058.7730,38.90,49.9600,49.9600,49.9600,102.20,103.00,False
1791013058.8746,39.00,49.9600,49.9600,49.9600,102.20,103.00,False
1791013058.9883,39.10,49.9601,49.9600,49.9600,102.22,103.00,False
1791013059.0892,39.20,49.9602,49.9600,49.9600,102.22,103.00,False
1791013059.1759,39.30,49.9602,49.9600,49.9600,102.22,103.00,False
1791013059.2950,39.40,49.9603,49.9600,49.9600,102.22,103.00,False
1791013059.3895,39.50,49.9604,49.9600,49.9600,102.22,103.00,False
1791013059.4931,39.60,49.9606,49.9600,49.9600,102.24,103.00,False
1791013059.6020,39.70,49.9607,49.9600,49.9600,102.24,103.00,False
1791013059.6916,39.80,49.9608,49.9600,49.9600,102.24,103.00,False
1791013059.7954,39.90,49.9609,49.9600,49.9600,102.24,103.00,False
1791013059.9132,40.00,49.9611,49.9600,49.9600,102.24,103.00,False
1791013059.9925,40.10,49.9612,49.9600,49.9600,102.26,103.00,False
1791013060.0972,40.20,49.9614,49.9600,49.9600,102.26,103.00,False
1791013060.1990,40.30,49.9616,49.9600,49.9600,102.26,103.00,False
1791013060.2938,40.40,49.9617,49.9600,49.9600,102.26,103.00,False
1791013060.3920,40.50,49.9619,49.9600,49.9600,102.28,103.00,False
1791013060.4943,40.60,49.9622,49.9600,49.9600,102.28,103.00,False
1791013060.5972,40.70,49.9623,49.9600,49.9600,102.28,103.00,False
1791013060.6949,40.80,49.9625,49.9600,49.9600,102.28,103.00,False
1791013060.8111,40.90,49.9627,49.9600,49.9600,102.28,103.00,False
1791013060.8916,41.00,49.9629,49.9600,49.9600,102.30,103.00,False
1791013060.9960,41.10,49.9631,49.9600,49.9600,102.30,103.00,False
1791013061.0958,41.20,49.9633,49.9600,49.9600,102.30,103.00,False
1791013061.1989,41.30,49.9635,49.9600,49.9600,102.30,103.00,False
1791013061.2926,41.40,49.9636,49.9600,49.9600,102.30,103.00,False
1791013061.3975,41.50,49.9638,49.9600,49.9600,102.30,103.00,False
1791013061.4994,41.60,49.9639,49.9600,49.9600,102.30,103.00,False
1791013061.5990,41.70,49.9640,49.9600,49.9600,102.30,103.00,False
1791013061.7170,41.80,49.9641,49.9600,49.9600,102.30,103.00,False
1791013061.7976,41.90,49.9643,49.9600,49.9600,102.32,103.00,False
1791013061.8965,42.00,49.9645,49.9600,49.9600,102.32,103.00,False
1791013061.9988,42.10,49.9646,49.9600,49.9600,102.32,103.00,False
1791013062.0959,42.20,49.9647,49.9600,49.9600,102.32,103.00,False
1791013062.1987,42.30,49.9650,49.9600,49.9600,102.34,103.00,False
1791013062.2984,42.40,49.9652,49.9600,49.9600,102.34,103.00,False
1791013062.3965,42.50,49.9654,49.9600,49.9600,102.34,103.00,False
1791013062.4990,42.60,49.9655,49.9600,49.9600,102.34,103.00,False
1791013062.6146,42.70,49.9657,49.9600,49.9600,102.34,103.00,False
1791013062.6953,42.80,49.9659,49.9600,49.9600,102.36,103.00,False
1791013062.7994,42.90,49.9661,49.9600,49.9600,102.36,103.00,False
1791013062.8951,43.00,49.9663,49.9600,49.9600,102.36,103.00,False
1791013062.9963,43.10,49.9665,49.9700,49.9600,102.36,103.00,False
1791013063.1159,43.20,49.9666,49.9700,49.9600,102.36,103.00,False
1791013063.2004,43.30,49.9669,49.9700,49.9600,102.38,103.00,False
1791013063.3010,43.40,49.9671,49.9700,49.9700,102.38,103.00,False
1791013063.4017,43.50,49.9673,49.9700,49.9700,102.38,103.00,False
1791013063.4973,43.60,49.9674,49.9700,49.9700,102.38,103.00,False
1791013063.6145,43.70,49.9676,49.9700,49.9700,102.38,103.00,False
1791013063.6975,43.80,49.9670,49.9700,49.9700,102.24,103.00,False
1791013063.7999,43.90,49.9665,49.9700,49.9700,102.24,103.00,False
1791013063.8990,44.00,49.9661,49.9700,49.9700,102.24,103.00,False
1791013063.9965,44.10,49.9657,49.9700,49.9700,102.24,103.00,False
1791013064.1143,44.20,49.9654,49.9700,49.9700,102.26,103.00,False
1791013064.1998,44.30,49.9652,49.9700,49.9700,102.26,103.00,False
1791013064.3000,44.40,49.9649,49.9700,49.9700,102.26,103.00,False
1791013064.4008,44.50,49.9648,49.9700,49.9700,102.26,103.00,False
1791013064.4993,44.60,49.9646,49.9700,49.9700,102.26,103.00,False
1791013064.5948,44.70,49.9645,49.9700,49.9700,102.28,103.00,False
1791013064.6807,44.80,49.9645,49.9700,49.9700,102.28,103.00,False
1791013064.8010,44.90,49.9644,49.9700,49.9700,102.28,103.00,False
1791013064.8860,45.00,49.9644,49.9600,49.9600,102.28,103.00,False
1791013064.9960,45.10,49.9643,49.9600,49.9600,102.28,103.00,False
1791013065.0841,45.20,49.9643,49.9600,49.9600,102.28,103.00,False
1791013065.1822,45.30,49.9643,49.9600,49.9600,102.28,103.00,False
1791013065.2956,45.40,49.9642,49.9600,49.9600,102.28,103.00,False
1791013065.3830,45.50,49.9642,49.9600,49.9600,102.28,103.00,False
1791013065.4975,45.60,49.9650,49.9600,49.9600,102.44,103.00,False
1791013065.5983,45.70,49.9657,49.9600,49.9600,102.44,103.00,False
1791013065.6978,45.80,49.9663,49.9600,49.9600,102.44,103.00,False
1791013065.7991,45.90,49.9669,49.9600,49.9600,102.44,103.00,False
1791013065.9159,46.00,49.9674,49.9600,49.9600,102.44,103.00,False
1791013066.0001,46.10,49.9680,49.9600,49.9600,102.46,103.00,False
1791013066.1003,46.20,49.9685,49.9600,49.9600,102.46,103.00,False
1791013066.2213,46.30,49.9689,49.9700,49.9600,102.46,103.00,False
1791013066.3000,46.40,49.9693,49.9700,49.9600,102.46,103.00,False
1791013066.3969,46.50,49.9698,49.9700,49.9600,102.48,103.00,False
1791013066.5251,46.60,49.9702,49.9700,49.9700,102.48,103.00,False
1791013066.6027,46.70,49.9706,49.9700,49.9700,102.48,103.00,False
1791013066.7017,46.80,49.9709,49.9700,49.9700,102.48,103.00,False
1791013066.8169,46.90,49.9712,49.9700,49.9700,102.48,103.00,False
1791013066.8988,47.00,49.9709,49.9700,49.9700,102.35,103.00,False
1791013067.0017,47.10,49.9705,49.9700,49.9700,102.35,103.00,False
1791013067.1038,47.20,49.9702,49.9700,49.9700,102.35,103.00,False
1791013067.2010,47.30,49.9700,49.9700,49.9700,102.35,103.00,False
1791013067.2977,47.40,49.9698,49.9700,49.9700,102.36,103.00,False
1791013067.4028,47.50,49.9696,49.9700,49.9700,102.36,103.00,False
1791013067.5006,47.60,49.9694,49.9700,49.9700,102.36,103.00,False
1791013067.6026,47.70,49.9693,49.9700,49.9700,102.36,103.00,False
1791013067.7166,47.80,49.9692,49.9700,49.9700,102.36,103.00,False
1791013067.7990,47.90,49.9691,49.9700,49.9700,102.38,103.00,False
1791013068.8667,48.00,49.9691,49.9700,49.9700,102.38,103.00,False
1791013068.9042,48.10,49.9691,49.9700,49.9700,102.38,103.00,False
1791013069.0057,48.20,49.9691,49.9700,49.9700,102.38,103.00,False
1791013069.1037,48.30,49.9691,49.9700,49.9700,102.38,103.00,False
1791013069.2035,48.40,49.9691,49.9700,49.9700,102.38,103.00,False
1791013069.3049,48.50,49.9691,49.9700,49.9700,102.38,103.00,False
1791013069.4054,48.60,49.9691,49.9700,49.9700,102.38,103.00,False
1791013069.5063,48.70,49.9691,49.9700,49.9700,102.38,103.00,False
1791013069.6218,48.80,49.9692,49.9700,49.9700,102.40,103.00,False
1791013069.7063,48.90,49.9692,49.9700,49.9700,102.40,103.00,False
1791013069.8201,49.00,49.9693,49.9700,49.9700,102.40,103.00,False
1791013069.9223,49.10,49.9694,49.9700,49.9700,102.40,103.00,False
1791013070.0356,49.20,49.9695,49.9700,49.9700,102.41,103.00,False
1791013070.1210,49.30,49.9696,49.9700,49.9700,102.41,103.00,False
1791013070.2225,49.40,49.9697,49.9700,49.9700,102.41,103.00,False
1791013070.3219,49.50,49.9698,49.9700,49.9700,102.41,103.00,False
1791013070.4103,49.60,49.9698,49.9700,49.9700,102.41,103.00,False
1791013070.5230,49.70,49.9700,49.9700,49.9700,102.42,103.00,False
1791013070.6266,49.80,49.9701,49.9700,49.9700,102.42,103.00,False
1791013070.7232,49.90,49.9702,49.9700,49.9700,102.42,103.00,False
1791013070.8081,50.00,49.9702,49.9700,49.9700,102.42,103.00,False
1791013070.9366,50.10,49.9703,49.9700,49.9700,102.42,103.00,False
1791013071.0199,50.20,49.9705,49.9700,49.9700,102.44,103.00,False
1791013071.1250,50.30,49.9706,49.9700,49.9700,102.44,103.00,False
1791013071.2247,50.40,49.9708,49.9700,49.9700,102.44,103.00,False
1791013071.3253,50.50,49.9709,49.9700,49.9700,102.44,103.00,False
1791013071.4186,50.60,49.9711,49.9700,49.9700,102.46,103.00,False
1791013071.5237,50.70,49.9713,49.9700,49.9700,102.46,103.00,False
1791013071.6218,50.80,49.9715,49.9700,49.9700,102.46,103.00,False
1791013071.7244,50.90,49.9716,49.9700,49.9700,102.46,103.00,False
1791013071.8469,51.00,49.9718,49.9700,49.9700,102.46,103.00,False
1791013071.9200,51.10,49.9719,49.9700,49.9700,102.47,103.00,False
1791013072.0221,51.20,49.9721,49.9700,49.9700,102.47,103.00,False
1791013072.1306,51.30,49.9722,49.9700,49.9700,102.47,103.00,False
1791013072.2226,51.40,49.9724,49.9700,49.9700,102.47,103.00,False
1791013072.3189,51.50,49.9725,49.9700,49.9700,102.47,103.00,False
1791013072.4222,51.60,49.9726,49.9700,49.9700,102.47,103.00,False
1791013072.5216,51.70,49.9727,49.9700,49.9700,102.47,103.00,False
1791013072.6092,51.80,49.9727,49.9700,49.9700,102.47,103.00,False
1791013072.7397,51.90,49.9729,49.9700,49.9700,102.48,103.00,False
1791013072.8210,52.00,49.9730,49.9700,49.9700,102.48,103.00,False
1791013072.9228,52.10,49.9731,49.9700,49.9700,102.48,103.00,False
1791013073.0255,52.20,49.9732,49.9700,49.9700,102.48,103.00,False
1791013073.1401,52.30,49.9733,49.9700,49.9700,102.48,103.00,False
1791013073.2228,52.40,49.9734,49.9700,49.9700,102.50,103.00,False
1791013073.3249,52.50,49.9736,49.9700,49.9700,102.50,103.00,False
1791013073.4216,52.60,49.9737,49.9700,49.9700,102.50,103.00,False
1791013073.5238,52.70,49.9739,49.9700,49.9700,102.50,103.00,False
1791013073.6419,52.80,49.9741,49.9700,49.9700,102.52,103.00,False
1791013073.7192,52.90,49.9743,49.9700,49.9700,102.52,103.00,False
1791013073.8227,53.00,49.9744,49.9700,49.9700,102.52,103.00,False
1791013073.9248,53.10,49.9746,49.9700,49.9700,102.52,103.00,False
1791013074.0238,53.20,49.9747,49.9700,49.9700,102.52,103.00,False
1791013074.1249,53.30,49.9749,49.9700,49.9700,102.53,103.00,False
1791013074.2298,53.40,49.9751,49.9700,49.9700,102.53,103.00,False
1791013074.3320,53.50,49.9752,49.9700,49.9700,102.53,103.00,False
1791013074.4222,53.60,49.9753,49.9700,49.9700,102.53,103.00,False
1791013074.5392,53.70,49.9755,49.9700,49.9700,102.53,103.00,False
1791013074.6239,53.80,49.9756,49.9700,49.9700,102.54,103.00,False
1791013074.7247,53.90,49.9758,49.9700,49.9700,102.54,103.00,False
1791013074.8432,54.00,49.9759,49.9800,49.9700,102.54,103.00,False
1791013074.9247,54.10,49.9760,49.9800,49.9700,102.54,103.00,False
1791013075.0205,54.20,49.9762,49.9800,49.9700,102.56,103.00,False
1791013075.1262,54.30,49.9764,49.9800,49.9700,102.56,103.00,False
1791013075.2448,54.40,49.9765,49.9800,49.9700,102.56,103.00,False
1791013075.3254,54.50,49.9767,49.9800,49.9800,102.56,103.00,False
1791013075.4428,54.60,49.9768,49.9800,49.9800,102.56,103.00,False
1791013075.5233,54.70,49.9762,49.9800,49.9800,102.42,103.00,False
1791013075.6272,54.80,49.9757,49.9800,49.9800,102.42,103.00,False
1791013075.7262,54.90,49.9752,49.9800,49.9800,102.42,103.00,False
1791013075.8249,55.00,49.9748,49.9800,49.9800,102.42,103.00,False
1791013075.9232,55.10,49.9744,49.9800,49.9800,102.42,103.00,False
1791013076.0235,55.20,49.9741,49.9800,49.9800,102.42,103.00,False
1791013076.1464,55.30,49.9738,49.9700,49.9800,102.42,103.00,False
1791013076.2264,55.40,49.9735,49.9700,49.9800,102.42,103.00,False
1791013076.3430,55.50,49.9733,49.9700,49.9700,102.43,103.00,False
1791013076.4285,55.60,49.9731,49.9700,49.9700,102.43,103.00,False
1791013076.5247,55.70,49.9730,49.9700,49.9700,102.43,103.00,False
1791013076.6234,55.80,49.9728,49.9700,49.9700,102.43,103.00,False
1791013076.7189,55.90,49.9727,49.9700,49.9700,102.43,103.00,False
1791013076.8242,56.00,49.9734,49.9700,49.9700,102.60,103.00,False
1791013076.9272,56.10,49.9741,49.9700,49.9700,102.60,103.00,False
1791013077.0216,56.20,49.9747,49.9700,49.9700,102.60,103.00,False
1791013077.1264,56.30,49.9752,49.9700,49.9700,102.60,103.00,False
1791013077.2458,56.40,49.9757,49.9700,49.9700,102.60,103.00,False
1791013077.3238,56.50,49.9762,49.9700,49.9700,102.61,103.00,False
1791013077.4310,56.60,49.9766,49.9700,49.9700,102.61,103.00,False
1791013077.5353,56.70,49.9770,49.9800,49.9700,102.61,103.00,False
1791013077.6268,56.80,49.9773,49.9800,49.9700,102.61,103.00,False
1791013077.7276,56.90,49.9778,49.9800,49.9700,102.63,103.00,False
1791013077.8287,57.00,49.9781,49.9800,49.9700,102.63,103.00,False
1791013077.9306,57.10,49.9785,49.9800,49.9800,102.63,103.00,False
1791013078.0301,57.20,49.9788,49.9800,49.9800,102.63,103.00,False
1791013078.1435,57.30,49.9790,49.9800,49.9800,102.63,103.00,False
1791013078.2262,57.40,49.9786,49.9800,49.9800,102.49,103.00,False
1791013078.3283,57.50,49.9782,49.9800,49.9800,102.49,103.00,False
1791013078.4333,57.60,49.9778,49.9800,49.9800,102.49,103.00,False
1791013078.5294,57.70,49.9775,49.9800,49.9800,102.49,103.00,False
1791013078.6429,57.80,49.9772,49.9800,49.9800,102.50,103.00,False
1791013078.7233,57.90,49.9770,49.9800,49.9800,102.50,103.00,False
1791013078.8286,58.00,49.9768,49.9800,49.9800,102.50,103.00,False
1791013078.9300,58.10,49.9766,49.9800,49.9800,102.50,103.00,False
1791013079.0429,58.20,49.9765,49.9800,49.9800,102.50,103.00,False
1791013079.1241,58.30,49.9764,49.9800,49.9800,102.51,103.00,False
1791013079.2288,58.40,49.9763,49.9800,49.9800,102.51,103.00,False
1791013079.3304,58.50,49.9762,49.9800,49.9800,102.51,103.00,False
1791013079.4296,58.60,49.9761,49.9800,49.9800,102.51,103.00,False
1791013079.5119,58.70,49.9761,49.9800,49.9800,102.51,103.00,False
1791013079.6247,58.80,49.9760,49.9800,49.9800,102.51,103.00,False
1791013079.7097,58.90,49.9760,49.9800,49.9800,102.51,103.00,False
1791013079.8309,59.00,49.9759,49.9800,49.9800,102.51,103.00,False
1791013079.9114,59.10,49.9759,49.9800,49.9800,102.52,103.00,False
1791013080.0100,59.20,49.9759,49.9800,49.9800,102.52,103.00,False
1791013080.1108,59.30,49.9759,49.9800,49.9800,102.52,103.00,False
1791013080.2117,59.40,49.9759,49.9800,49.9800,102.52,103.00,False
1791013080.3319,59.50,49.9759,49.9800,49.9800,102.52,103.00,False
1791013080.4264,59.60,49.9760,49.9800,49.9800,102.53,103.00,False
1791013080.5280,59.70,49.9761,49.9800,49.9800,102.53,103.00,False
1791013080.6065,59.80,49.9761,49.9800,49.9800,102.53,103.00,False
1791013080.7096,59.90,49.9761,49.9800,49.9800,102.53,103.00,False
1791013080.8281,60.00,49.9762,49.9800,49.9800,102.54,103.00,False
1791013080.9287,60.10,49.9763,49.9800,49.9800,102.54,103.00,False
1791013081.0292,60.20,49.9764,49.9800,49.9800,102.54,103.00,False
1791013081.1114,60.30,49.9764,49.9800,49.9800,102.54,103.00,False
1791013081.2285,60.40,49.9765,49.9800,49.9800,102.55,103.00,False
1791013081.3284,60.50,49.9766,49.9800,49.9800,102.55,103.00,False
1791013081.4277,60.60,49.9767,49.9800,49.9800,102.55,103.00,False
1791013081.5318,60.70,49.9768,49.9800,49.9800,102.55,103.00,False
1791013081.6678,60.80,49.9769,49.9800,49.9800,102.56,103.00,False
1791013081.7256,60.90,49.9770,49.9800,49.9800,102.56,103.00,False
1791013081.8328,61.00,49.9771,49.9800,49.9800,102.56,103.00,False
1791013081.9294,61.10,49.9772,49.9800,49.9800,102.56,103.00,False
1791013082.0239,61.20,49.9773,49.9800,49.9800,102.56,103.00,False
1791013082.1281,61.30,49.9774,49.9800,49.9800,102.56,103.00,False
1791013082.2143,61.40,49.9774,49.9800,49.9800,102.56,103.00,False
1791013082.3321,61.50,49.9775,49.9800,49.9800,102.56,103.00,False
1791013082.4144,61.60,49.9775,49.9800,49.9800,102.56,103.00,False
1791013082.5251,61.70,49.9776,49.9800,49.9800,102.57,103.00,False
1791013082.6277,61.80,49.9777,49.9800,49.9800,102.57,103.00,False
1791013082.7219,61.90,49.9778,49.9800,49.9800,102.57,103.00,False
1791013082.8275,62.00,49.9779,49.9800,49.9800,102.57,103.00,False
1791013082.9342,62.10,49.9780,49.9800,49.9800,102.58,103.00,False
1791013083.0270,62.20,49.9781,49.9800,49.9800,102.58,103.00,False
1791013083.1294,62.30,49.9782,49.9800,49.9800,102.58,103.00,False
1791013083.2310,62.40,49.9783,49.9800,49.9800,102.58,103.00,False
1791013083.3348,62.50,49.9783,49.9800,49.9800,102.58,103.00,False
1791013083.4302,62.60,49.9784,49.9800,49.9800,102.59,103.00,False
1791013083.5321,62.70,49.9786,49.9800,49.9800,102.59,103.00,False
1791013083.6133,62.80,49.9786,49.9800,49.9800,102.59,103.00,False
1791013083.7310,62.90,49.9787,49.9800,49.9800,102.59,103.00,False
1791013083.8301,63.00,49.9789,49.9800,49.9800,102.60,103.00,False
1791013083.9334,63.10,49.9790,49.9800,49.9800,102.60,103.00,False
1791013084.0334,63.20,49.9791,49.9800,49.9800,102.60,103.00,False
1791013084.1319,63.30,49.9792,49.9800,49.9800,102.60,103.00,False
1791013084.2499,63.40,49.9793,49.9800,49.9800,102.60,103.00,False
1791013084.3357,63.50,49.9794,49.9800,49.9800,102.61,103.00,False
1791013084.4332,63.60,49.9795,49.9800,49.9800,102.61,103.00,False
1791013084.5320,63.70,49.9796,49.9800,49.9800,102.61,103.00,False
1791013084.6326,63.80,49.9797,49.9800,49.9800,102.61,103.00,False
1791013084.7307,63.90,49.9798,49.9800,49.9800,102.62,103.00,False
1791013084.8376,64.00,49.9799,49.9800,49.9800,102.62,103.00,False
1791013084.9331,64.10,49.9800,49.9800,49.9800,102.62,103.00,False
1791013085.0386,64.20,49.9801,49.9800,49.9800,102.62,103.00,False
1791013085.1499,64.30,49.9802,49.9800,49.9800,102.62,103.00,False
1791013085.2304,64.40,49.9803,49.9800,49.9800,102.63,103.00,False
1791013085.3372,64.50,49.9805,49.9800,49.9800,102.63,103.00,False
1791013085.4333,64.60,49.9806,49.9800,49.9800,102.63,103.00,False
1791013085.5367,64.70,49.9807,49.9800,49.9800,102.63,103.00,False
1791013085.6158,64.80,49.9807,49.9800,49.9800,102.63,103.00,False
1791013085.7329,64.90,49.9808,49.9800,49.9800,102.63,103.00,False
1791013085.8385,65.00,49.9809,49.9800,49.9800,102.63,103.00,False
1791013085.9223,65.10,49.9809,49.9800,49.9800,102.63,103.00,False
1791013086.0352,65.20,49.9810,49.9800,49.9800,102.63,103.00,False
1791013086.1399,65.30,49.9811,49.9800,49.9800,102.64,103.00,False
1791013086.2358,65.40,49.9812,49.9800,49.9800,102.64,103.00,False
1791013086.3349,65.50,49.9813,49.9800,49.9800,102.64,103.00,False
1791013086.4183,65.60,49.9813,49.9800,49.9800,102.64,103.00,False
1791013086.5530,65.70,49.9815,49.9800,49.9800,102.65,103.00,False
1791013086.6315,65.80,49.9816,49.9800,49.9800,102.65,103.00,False
1791013086.7315,65.90,49.9817,49.9800,49.9800,102.65,103.00,False
1791013086.8176,66.00,49.9817,49.9800,49.9800,102.65,103.00,False
1791013086.9337,66.10,49.9818,49.9800,49.9800,102.65,103.00,False
1791013087.0312,66.20,49.9819,49.9800,49.9800,102.66,103.00,False
1791013087.1320,66.30,49.9820,49.9800,49.9800,102.66,103.00,False
1791013087.2303,66.40,49.9821,49.9800,49.9800,102.66,103.00,False
1791013087.3307,66.50,49.9822,49.9800,49.9800,102.66,103.00,False
1791013087.4393,66.60,49.9824,49.9800,49.9800,102.67,103.00,False
1791013087.5356,66.70,49.9825,49.9800,49.9800,102.67,103.00,False
1791013087.6325,66.80,49.9826,49.9800,49.9800,102.67,103.00,False
1791013087.7343,66.90,49.9827,49.9800,49.9800,102.67,103.00,False
1791013087.8353,67.00,49.9827,49.9800,49.9800,102.67,103.00,False
1791013087.9314,67.10,49.9829,49.9800,49.9800,102.68,103.00,False
1791013088.0332,67.20,49.9830,49.9800,49.9800,102.68,103.00,False
1791013088.1316,67.30,49.9831,49.9800,49.9800,102.68,103.00,False
1791013088.2314,67.40,49.9832,49.9800,49.9800,102.68,103.00,False
1791013088.3305,67.50,49.9833,49.9800,49.9800,102.69,103.00,False
1791013088.4328,67.60,49.9834,49.9800,49.9800,102.69,103.00,False
1791013088.5399,67.70,49.9835,49.9800,49.9800,102.69,103.00,False
1791013088.6421,67.80,49.9836,49.9800,49.9800,102.69,103.00,False
1791013088.7297,67.90,49.9838,49.9800,49.9800,102.70,103.00,False
1791013088.8347,68.00,49.9839,49.9800,49.9800,102.70,103.00,False
1791013088.9330,68.10,49.9840,49.9800,49.9800,102.70,103.00,False
1791013089.0362,68.20,49.9841,49.9800,49.9800,102.70,103.00,False
1791013089.1337,68.30,49.9842,49.9800,49.9800,102.70,103.00,False
1791013089.2303,68.40,49.9843,49.9800,49.9800,102.70,103.00,False
1791013089.3152,68.50,49.9843,49.9800,49.9800,102.70,103.00,False
1791013089.4354,68.60,49.9844,49.9800,49.9800,102.70,103.00,False
1791013089.5542,68.70,49.9845,49.9800,49.9800,102.70,103.00,False
1791013089.6296,68.80,49.9846,49.9800,49.9800,102.71,103.00,False
1791013089.7308,68.90,49.9847,49.9800,49.9800,102.71,103.00,False
1791013089.8167,69.00,49.9847,49.9800,49.9800,102.71,103.00,False
1791013089.9523,69.10,49.9848,49.9800,49.9800,102.71,103.00,False
1791013090.0335,69.20,49.9849,49.9800,49.9800,102.72,103.00,False
1791013090.1335,69.30,49.9850,49.9800,49.9800,102.72,103.00,False
1791013090.2328,69.40,49.9851,49.9800,49.9800,102.72,103.00,False
1791013090.3349,69.50,49.9852,49.9800,49.9800,102.72,103.00,False
1791013090.4316,69.60,49.9854,49.9800,49.9800,102.73,103.00,False
1791013090.5386,69.70,49.9855,49.9800,49.9800,102.73,103.00,False
1791013090.6532,69.80,49.9856,49.9800,49.9800,102.73,103.00,False
1791013090.7335,69.90,49.9857,49.9900,49.9800,102.73,103.00,False
1791013090.8352,70.00,49.9857,49.9900,49.9800,102.73,103.00,False
1791013090.9345,70.10,49.9859,49.9900,49.9800,102.74,103.00,False
1791013091.0554,70.20,49.9860,49.9900,49.9900,102.74,103.00,False
1791013091.1360,70.30,49.9861,49.9900,49.9900,102.74,103.00,False
1791013091.2338,70.40,49.9862,49.9900,49.9900,102.74,103.00,False
1791013091.3343,70.50,49.9855,49.9900,49.9900,102.59,103.00,False
1791013091.4358,70.60,49.9849,49.9900,49.9900,102.59,103.00,False
1791013091.5449,70.70,49.9844,49.9900,49.9900,102.59,103.00,False
1791013091.6337,70.80,49.9839,49.9900,49.9900,102.59,103.00,False
1791013091.7323,70.90,49.9834,49.9900,49.9900,102.59,103.00,False
1791013091.8343,71.00,49.9830,49.9900,49.9900,102.59,103.00,False
1791013091.9552,71.10,49.9827,49.9900,49.9900,102.59,103.00,False
1791013092.0529,71.20,49.9824,49.9800,49.9900,102.59,103.00,False
1791013092.1545,71.30,49.9821,49.9800,49.9800,102.59,103.00,False
1791013092.2338,71.40,49.9819,49.9800,49.9800,102.60,103.00,False
1791013092.3369,71.50,49.9817,49.9800,49.9800,102.60,103.00,False
1791013092.4370,71.60,49.9815,49.9800,49.9800,102.60,103.00,False
1791013092.5389,71.70,49.9814,49.9800,49.9800,102.60,103.00,False
1791013092.6363,71.80,49.9820,49.9800,49.9800,102.76,103.00,False
1791013092.7366,71.90,49.9826,49.9800,49.9800,102.76,103.00,False
1791013092.8359,72.00,49.9832,49.9800,49.9800,102.76,103.00,False
1791013092.9397,72.10,49.9836,49.9800,49.9800,102.76,103.00,False
1791013093.0435,72.20,49.9841,49.9800,49.9800,102.77,103.00,False
1791013093.1400,72.30,49.9846,49.9800,49.9800,102.77,103.00,False
1791013093.2391,72.40,49.9850,49.9800,49.9800,102.77,103.00,False
1791013093.3379,72.50,49.9853,49.9800,49.9800,102.77,103.00,False
1791013093.4580,72.60,49.9856,49.9800,49.9800,102.77,103.00,False
1791013093.5381,72.70,49.9860,49.9800,49.9800,102.78,103.00,False
1791013093.6433,72.80,49.9863,49.9800,49.9800,102.78,103.00,False
1791013093.7592,72.90,49.9865,49.9900,49.9800,102.78,103.00,False
1791013093.8373,73.00,49.9868,49.9900,49.9800,102.78,103.00,False
1791013093.9453,73.10,49.9871,49.9900,49.9800,102.79,103.00,False
1791013094.0420,73.20,49.9873,49.9900,49.9800,102.79,103.00,False
1791013094.1589,73.30,49.9875,49.9900,49.9800,102.79,103.00,False
1791013094.2408,73.40,49.9877,49.9900,49.9900,102.79,103.00,False
1791013094.3849,73.50,49.9879,49.9900,49.9900,102.79,103.00,False
1791013094.4376,73.60,49.9873,49.9900,49.9900,102.64,103.00,False
1791013094.5419,73.70,49.9868,49.9900,49.9900,102.64,103.00,False
1791013094.6359,73.80,49.9863,49.9900,49.9900,102.64,103.00,False
1791013094.7395,73.90,49.9859,49.9900,49.9900,102.64,103.00,False
1791013094.8392,74.00,49.9855,49.9900,49.9900,102.64,103.00,False
1791013094.9375,74.10,49.9851,49.9900,49.9900,102.64,103.00,False
1791013095.0388,74.20,49.9848,49.9900,49.9900,102.64,103.00,False
1791013095.1408,74.30,49.9845,49.9900,49.9900,102.64,103.00,False
1791013095.2549,74.40,49.9843,49.9900,49.9900,102.65,103.00,False
1791013095.3397,74.50,49.9842,49.9900,49.9900,102.65,103.00,False
1791013095.4418,74.60,49.9840,49.9900,49.9900,102.65,103.00,False
1791013095.5421,74.70,49.9838,49.9800,49.9900,102.65,103.00,False
1791013095.6375,74.80,49.9837,49.9800,49.9900,102.65,103.00,False
1791013095.7371,74.90,49.9836,49.9800,49.9800,102.65,103.00,False
1791013095.8376,75.00,49.9835,49.9800,49.9800,102.65,103.00,False
1791013095.9398,75.10,49.9834,49.9800,49.9800,102.65,103.00,False
1791013096.0384,75.20,49.9833,49.9800,49.9800,102.65,103.00,False
1791013096.1390,75.30,49.9840,49.9800,49.9800,102.81,103.00,False
1791013096.2422,75.40,49.9847,49.9800,49.9800,102.81,103.00,False
1791013096.3399,75.50,49.9852,49.9800,49.9800,102.81,103.00,False
1791013096.4400,75.60,49.9858,49.9800,49.9800,102.81,103.00,False
1791013096.5579,75.70,49.9863,49.9800,49.9800,102.82,103.00,False
1791013096.6413,75.80,49.9868,49.9800,49.9800,102.82,103.00,False
1791013096.7416,75.90,49.9872,49.9800,49.9800,102.82,103.00,False
1791013096.8400,76.00,49.9876,49.9900,49.9800,102.82,103.00,False
1791013096.9406,76.10,49.9879,49.9900,49.9800,102.82,103.00,False
1791013097.0383,76.20,49.9883,49.9900,49.9800,102.83,103.00,False
1791013097.1476,76.30,49.9886,49.9900,49.9800,102.83,103.00,False
1791013097.2403,76.40,49.9889,49.9900,49.9900,102.83,103.00,False
1791013097.3418,76.50,49.9891,49.9900,49.9900,102.83,103.00,False
1791013097.4378,76.60,49.9887,49.9900,49.9900,102.69,103.00,False
1791013097.5416,76.70,49.9883,49.9900,49.9900,102.69,103.00,False
1791013097.6424,76.80,49.9879,49.9900,49.9900,102.69,103.00,False
1791013097.7420,76.90,49.9875,49.9900,49.9900,102.69,103.00,False
1791013097.8410,77.00,49.9872,49.9900,49.9900,102.69,103.00,False
1791013097.9421,77.10,49.9870,49.9900,49.9900,102.69,103.00,False
1791013098.0408,77.20,49.9867,49.9900,49.9900,102.69,103.00,False
1791013098.1435,77.30,49.9865,49.9900,49.9900,102.69,103.00,False
1791013098.2414,77.40,49.9863,49.9900,49.9900,102.69,103.00,False
1791013098.3404,77.50,49.9861,49.9900,49.9900,102.69,103.00,False
1791013098.4447,77.60,49.9860,49.9900,49.9900,102.69,103.00,False
1791013098.5415,77.70,49.9858,49.9900,49.9900,102.69,103.00,False
1791013098.6421,77.80,49.9857,49.9900,49.9900,102.69,103.00,False
1791013098.7434,77.90,49.9856,49.9900,49.9900,102.70,103.00,False
1791013098.8346,78.00,49.9856,49.9900,49.9900,102.70,103.00,False
1791013098.9400,78.10,49.9855,49.9900,49.9900,102.70,103.00,False
1791013099.0427,78.20,49.9854,49.9900,49.9900,102.70,103.00,False
1791013099.1261,78.30,49.9854,49.9900,49.9900,102.70,103.00,False
1791013099.2250,78.40,49.9854,49.9900,49.9900,102.70,103.00,False
1791013099.3436,78.50,49.9853,49.9900,49.9900,102.70,103.00,False
1791013099.4266,78.60,49.9853,49.9900,49.9900,102.70,103.00,False
1791013099.5436,78.70,49.9853,49.9900,49.9900,102.70,103.00,False
1791013099.6243,78.80,49.9853,49.9900,49.9900,102.71,103.00,False
1791013099.7293,78.90,49.9853,49.9900,49.9900,102.71,103.00,False
1791013099.8297,79.00,49.9853,49.9900,49.9900,102.71,103.00,False
1791013099.9263,79.10,49.9853,49.9900,49.9900,102.71,103.00,False
1791013100.0421,79.20,49.9854,49.9900,49.9900,102.71,103.00,False
1791013100.1300,79.30,49.9854,49.9900,49.9900,102.71,103.00,False
1791013100.2336,79.40,49.9854,49.9900,49.9900,102.71,103.00,False
1791013100.3274,79.50,49.9854,49.9900,49.9900,102.71,103.00,False
1791013100.4246,79.60,49.9854,49.9900,49.9900,102.71,103.00,False
1791013100.5263,79.70,49.9854,49.9900,49.9900,102.71,103.00,False
1791013100.6285,79.80,49.9854,49.9900,49.9900,102.71,103.00,False
1791013100.7288,79.90,49.9854,49.9900,49.9900,102.71,103.00,False
1791013100.8418,80.00,49.9855,49.9900,49.9900,102.72,103.00,False
1791013100.9298,80.10,49.9855,49.9900,49.9900,102.72,103.00,False
1791013101.0452,80.20,49.9856,49.9900,49.9900,102.72,103.00,False
1791013101.9840,80.30,49.9856,49.9900,49.9900,102.72,103.00,False
1791013102.0974,80.40,49.9857,49.9900,49.9900,102.72,103.00,False
1791013102.1828,80.50,49.9857,49.9900,49.9900,102.72,103.00,False
1791013102.2828,80.60,49.9857,49.9900,49.9900,102.72,103.00,False
1791013102.3992,80.70,49.9858,49.9900,49.9900,102.72,103.00,False
1791013102.4862,80.80,49.9858,49.9900,49.9900,102.72,103.00,False
1791013102.5827,80.90,49.9858,49.9900,49.9900,102.72,103.00,False
1791013102.6849,81.00,49.9858,49.9900,49.9900,102.72,103.00,False
1791013102.7823,81.10,49.9858,49.9900,49.9900,102.72,103.00,False
1791013102.9200,81.20,49.9859,49.9900,49.9900,102.72,103.00,False
1791013102.9848,81.30,49.9859,49.9900,49.9900,102.73,103.00,False
1791013103.1037,81.40,49.9860,49.9900,49.9900,102.73,103.00,False
1791013103.1853,81.50,49.9860,49.9900,49.9900,102.73,103.00,False
1791013103.3021,81.60,49.9861,49.9900,49.9900,102.73,103.00,False
1791013103.3990,81.70,49.9862,49.9900,49.9900,102.74,103.00,False
1791013103.5046,81.80,49.9863,49.9900,49.9900,102.74,103.00,False
1791013103.5883,81.90,49.9863,49.9900,49.9900,102.74,103.00,False
1791013103.7023,82.00,49.9864,49.9900,49.9900,102.74,103.00,False
1791013103.7986,82.10,49.9865,49.9900,49.9900,102.74,103.00,False
1791013103.8862,82.20,49.9865,49.9900,49.9900,102.74,103.00,False
1791013104.0018,82.30,49.9866,49.9900,49.9900,102.74,103.00,False
1791013104.0854,82.40,49.9866,49.9900,49.9900,102.74,103.00,False
1791013104.1834,82.50,49.9866,49.9900,49.9900,102.74,103.00,False
1791013104.3105,82.60,49.9867,49.9900,49.9900,102.74,103.00,False
1791013104.3836,82.70,49.9867,49.9900,49.9900,102.74,103.00,False
1791013104.4880,82.80,49.9867,49.9900,49.9900,102.74,103.00,False
1791013104.6084,82.90,49.9868,49.9900,49.9900,102.74,103.00,False
1791013104.6850,83.00,49.9868,49.9900,49.9900,102.74,103.00,False
1791013104.7843,83.10,49.9868,49.9900,49.9900,102.74,103.00,False
1791013104.8860,83.20,49.9868,49.9900,49.9900,102.74,103.00,False
1791013104.9865,83.30,49.9868,49.9900,49.9900,102.74,103.00,False
1791013105.1008,83.40,49.9869,49.9900,49.9900,102.75,103.00,False
1791013105.2049,83.50,49.9870,49.9900,49.9900,102.75,103.00,False
1791013105.2852,83.60,49.9870,49.9900,49.9900,102.75,103.00,False
1791013105.3997,83.70,49.9871,49.9900,49.9900,102.75,103.00,False
1791013105.5016,83.80,49.9872,49.9900,49.9900,102.76,103.00,False
1791013105.5900,83.90,49.9872,49.9900,49.9900,102.76,103.00,False
1791013105.7047,84.00,49.9873,49.9900,49.9900,102.76,103.00,False
1791013105.8018,84.10,49.9874,49.9900,49.9900,102.76,103.00,False
1791013105.9023,84.20,49.9875,49.9900,49.9900,102.76,103.00,False
1791013105.9856,84.30,49.9875,49.9900,49.9900,102.76,103.00,False
1791013106.1041,84.40,49.9876,49.9900,49.9900,102.76,103.00,False
1791013106.1874,84.50,49.9876,49.9900,49.9900,102.76,103.00,False
1791013106.2850,84.60,49.9876,49.9900,49.9900,102.76,103.00,False
1791013106.4097,84.70,49.9877,49.9900,49.9900,102.76,103.00,False
1791013106.4873,84.80,49.9877,49.9900,49.9900,102.76,103.00,False
1791013106.5896,84.90,49.9877,49.9900,49.9900,102.76,103.00,False
1791013106.7000,85.00,49.9878,49.9900,49.9900,102.76,103.00,False
1791013106.7852,85.10,49.9878,49.9900,49.9900,102.76,103.00,False
1791013106.8860,85.20,49.9878,49.9900,49.9900,102.76,103.00,False
1791013106.9889,85.30,49.9878,49.9900,49.9900,102.76,103.00,False
1791013107.1462,85.40,49.9879,49.9900,49.9900,102.77,103.00,False
1791013107.2026,85.50,49.9880,49.9900,49.9900,102.77,103.00,False
1791013107.2865,85.60,49.9880,49.9900,49.9900,102.77,103.00,False
1791013107.4059,85.70,49.9881,49.9900,49.9900,102.77,103.00,False
1791013107.4884,85.80,49.9881,49.9900,49.9900,102.77,103.00,False
1791013107.6048,85.90,49.9882,49.9900,49.9900,102.78,103.00,False
1791013107.7065,86.00,49.9883,49.9900,49.9900,102.78,103.00,False
1791013107.7916,86.10,49.9883,49.9900,49.9900,102.78,103.00,False
1791013107.9049,86.20,49.9884,49.9900,49.9900,102.78,103.00,False
1791013108.0043,86.30,49.9885,49.9900,49.9900,102.78,103.00,False
1791013108.0889,86.40,49.9885,49.9900,49.9900,102.78,103.00,False
1791013108.2044,86.50,49.9886,49.9900,49.9900,102.78,103.00,False
1791013108.2885,86.60,49.9886,49.9900,49.9900,102.78,103.00,False
1791013108.4011,86.70,49.9887,49.9900,49.9900,102.78,103.00,False
1791013108.4884,86.80,49.9887,49.9900,49.9900,102.78,103.00,False
1791013108.5889,86.90,49.9887,49.9900,49.9900,102.78,103.00,False
1791013108.6904,87.00,49.9887,49.9900,49.9900,102.78,103.00,False
1791013108.8139,87.10,49.9888,49.9900,49.9900,102.78,103.00,False
1791013108.8898,87.20,49.9888,49.9900,49.9900,102.78,103.00,False
1791013108.9899,87.30,49.9888,49.9900,49.9900,102.78,103.00,False
1791013109.0901,87.40,49.9888,49.9900,49.9900,102.78,103.00,False
1791013109.2050,87.50,49.9889,49.9900,49.9900,102.79,103.00,False
1791013109.3044,87.60,49.9890,49.9900,49.9900,102.79,103.00,False
1791013109.3887,87.70,49.9890,49.9900,49.9900,102.79,103.00,False
1791013109.5071,87.80,49.9891,49.9900,49.9900,102.79,103.00,False
1791013109.6081,87.90,49.9891,49.9900,49.9900,102.79,103.00,False
1791013109.7065,88.00,49.9892,49.9900,49.9900,102.80,103.00,False
1791013109.8045,88.10,49.9893,49.9900,49.9900,102.80,103.00,False
1791013109.8893,88.20,49.9893,49.9900,49.9900,102.80,103.00,False
1791013110.0082,88.30,49.9894,49.9900,49.9900,102.80,103.00,False
1791013110.1036,88.40,49.9895,49.9900,49.9900,102.80,103.00,False
1791013110.1932,88.50,49.9895,49.9900,49.9900,102.80,103.00,False
1791013110.3066,88.60,49.9896,49.9900,49.9900,102.80,103.00,False
1791013110.3900,88.70,49.9896,49.9900,49.9900,102.80,103.00,False
1791013110.5055,88.80,49.9897,49.9900,49.9900,102.80,103.00,False
1791013110.5915,88.90,49.9897,49.9900,49.9900,102.80,103.00,False
1791013110.6959,89.00,49.9897,49.9900,49.9900,102.80,103.00,False
1791013110.7905,89.10,49.9897,49.9900,49.9900,102.80,103.00,False
1791013110.9066,89.20,49.9898,49.9900,49.9900,102.81,103.00,False
1791013111.0111,89.30,49.9899,49.9900,49.9900,102.81,103.00,False
1791013111.1108,89.40,49.9900,49.9900,49.9900,102.81,103.00,False
1791013111.1938,89.50,49.9900,49.9900,49.9900,102.81,103.00,False
1791013111.3048,89.60,49.9901,49.9900,49.9900,102.82,103.00,False
1791013111.4083,89.70,49.9902,49.9900,49.9900,102.82,103.00,False
1791013111.5064,89.80,49.9903,49.9900,49.9900,102.82,103.00,False
1791013111.5915,89.90,49.9903,49.9900,49.9900,102.82,103.00,False
1791013111.7086,90.00,49.9904,49.9900,49.9900,102.82,103.00,False
1791013111.8068,90.10,49.9905,49.9900,49.9900,102.82,103.00,False
1791013111.8901,90.20,49.9905,49.9900,49.9900,102.82,103.00,False
1791013112.0080,90.30,49.9906,49.9900,49.9900,102.82,103.00,False
1791013112.0889,90.40,49.9906,49.9900,49.9900,102.82,103.00,False
1791013112.2081,90.50,49.9907,49.9900,49.9900,102.82,103.00,False
1791013112.2890,90.60,49.9907,49.9900,49.9900,102.82,103.00,False
1791013112.3897,90.70,49.9907,49.9900,49.9900,102.82,103.00,False
1791013112.4941,90.80,49.9907,49.9900,49.9900,102.82,103.00,False
1791013112.6176,90.90,49.9908,49.9900,49.9900,102.82,103.00,False
1791013112.6913,91.00,49.9908,49.9900,49.9900,102.82,103.00,False
1791013112.7910,91.10,49.9908,49.9900,49.9900,102.82,103.00,False
1791013112.9216,91.20,49.9909,49.9900,49.9900,102.83,103.00,False
1791013112.9934,91.30,49.9909,49.9900,49.9900,102.83,103.00,False
1791013113.1093,91.40,49.9910,49.9900,49.9900,102.83,103.00,False
1791013113.2067,91.50,49.9911,49.9900,49.9900,102.83,103.00,False
1791013113.3127,91.60,49.9911,49.9900,49.9900,102.84,103.00,False
1791013113.4044,91.70,49.9912,49.9900,49.9900,102.84,103.00,False
1791013113.5093,91.80,49.9913,49.9900,49.9900,102.84,103.00,False
1791013113.6105,91.90,49.9914,49.9900,49.9900,102.84,103.00,False
1791013113.6898,92.00,49.9914,49.9900,49.9900,102.84,103.00,False
1791013113.8066,92.10,49.9915,49.9900,49.9900,102.84,103.00,False
1791013113.8935,92.20,49.9915,49.9900,49.9900,102.84,103.00,False
1791013114.0098,92.30,49.9916,49.9900,49.9900,102.84,103.00,False
1791013114.0903,92.40,49.9916,49.9900,49.9900,102.84,103.00,False
1791013114.2074,92.50,49.9917,49.9900,49.9900,102.84,103.00,False
1791013114.2919,92.60,49.9917,49.9900,49.9900,102.84,103.00,False
1791013114.3933,92.70,49.9917,49.9900,49.9900,102.84,103.00,False
1791013114.5180,92.80,49.9918,49.9900,49.9900,102.84,103.00,False
1791013114.5959,92.90,49.9918,49.9900,49.9900,102.84,103.00,False
1791013114.6931,93.00,49.9918,49.9900,49.9900,102.84,103.00,False
1791013114.7911,93.10,49.9918,49.9900,49.9900,102.84,103.00,False
1791013114.9082,93.20,49.9919,49.9900,49.9900,102.85,103.00,False
1791013115.0130,93.30,49.9920,49.9900,49.9900,102.85,103.00,False
1791013115.0952,93.40,49.9920,49.9900,49.9900,102.85,103.00,False
1791013115.2075,93.50,49.9921,49.9900,49.9900,102.85,103.00,False
1791013115.2922,93.60,49.9921,49.9900,49.9900,102.85,103.00,False
1791013115.3970,93.70,49.9921,49.9900,49.9900,102.85,103.00,False
1791013115.5189,93.80,49.9922,49.9900,49.9900,102.85,103.00,False
1791013115.5970,93.90,49.9922,49.9900,49.9900,102.85,103.00,False
1791013115.6937,94.00,49.9922,49.9900,49.9900,102.85,103.00,False
1791013115.8099,94.10,49.9923,49.9900,49.9900,102.86,103.00,False
1791013115.9128,94.20,49.9924,49.9900,49.9900,102.86,103.00,False
1791013115.9981,94.30,49.9924,49.9900,49.9900,102.86,103.00,False
1791013116.1145,94.40,49.9925,49.9900,49.9900,102.86,103.00,False
1791013116.2109,94.50,49.9926,49.9900,49.9900,102.86,103.00,False
1791013116.2967,94.60,49.9926,49.9900,49.9900,102.86,103.00,False
1791013116.3965,94.70,49.9926,49.9900,49.9900,102.86,103.00,False
1791013116.5139,94.80,49.9927,49.9900,49.9900,102.86,103.00,False
1791013116.5974,94.90,49.9927,49.9900,49.9900,102.86,103.00,False
1791013116.6974,95.00,49.9927,49.9900,49.9900,102.86,103.00,False
1791013116.8135,95.10,49.9928,49.9900,49.9900,102.86,103.00,False
1791013116.8975,95.20,49.9928,49.9900,49.9900,102.86,103.00,False
1791013117.0307,95.30,49.9929,49.9900,49.9900,102.87,103.00,False
1791013117.0976,95.40,49.9929,49.9900,49.9900,102.87,103.00,False
1791013117.2156,95.50,49.9930,49.9900,49.9900,102.87,103.00,False
1791013117.2975,95.60,49.9930,49.9900,49.9900,102.87,103.00,False
1791013117.4172,95.70,49.9931,49.9900,49.9900,102.87,103.00,False
1791013117.4975,95.80,49.9931,49.9900,49.9900,102.87,103.00,False
1791013117.6167,95.90,49.9932,49.9900,49.9900,102.87,103.00,False
1791013117.6985,96.00,49.9932,49.9900,49.9900,102.87,103.00,False
1791013117.7983,96.10,49.9932,49.9900,49.9900,102.87,103.00,False
1791013117.9133,96.20,49.9933,49.9900,49.9900,102.88,103.00,False
1791013118.0159,96.30,49.9934,49.9900,49.9900,102.88,103.00,False
1791013118.1004,96.40,49.9934,49.9900,49.9900,102.88,103.00,False
1791013118.2154,96.50,49.9935,49.9900,49.9900,102.88,103.00,False
1791013118.2991,96.60,49.9935,49.9900,49.9900,102.88,103.00,False
1791013118.4162,96.70,49.9936,49.9900,49.9900,102.88,103.00,False
1791013118.5006,96.80,49.9936,49.9900,49.9900,102.88,103.00,False
1791013118.6173,96.90,49.9937,49.9900,49.9900,102.88,103.00,False
1791013118.6998,97.00,49.9937,49.9900,49.9900,102.88,103.00,False
1791013118.7978,97.10,49.9937,49.9900,49.9900,102.88,103.00,False
1791013118.9262,97.20,49.9938,49.9900,49.9900,102.88,103.00,False
1791013119.0009,97.30,49.9938,49.9900,49.9900,102.88,103.00,False
1791013119.1197,97.40,49.9938,49.9900,49.9900,102.88,103.00,False
1791013119.2164,97.50,49.9939,49.9900,49.9900,102.89,103.00,False
1791013119.2998,97.60,49.9939,49.9900,49.9900,102.89,103.00,False
1791013119.4168,97.70,49.9940,49.9900,49.9900,102.89,103.00,False
1791013119.5001,97.80,49.9940,49.9900,49.9900,102.89,103.00,False
1791013119.6144,97.90,49.9941,49.9900,49.9900,102.89,103.00,False
1791013119.6998,98.00,49.9941,49.9900,49.9900,102.89,103.00,False
1791013119.8145,98.10,49.9942,49.9900,49.9900,102.89,103.00,False
1791013119.8982,98.20,49.9942,49.9900,49.9900,102.89,103.00,False
1791013120.0178,98.30,49.9943,49.9900,49.9900,102.90,103.00,False
1791013120.1173,98.40,49.9944,49.9900,49.9900,102.90,103.00,False
1791013120.1982,98.50,49.9944,49.9900,49.9900,102.90,103.00,False
1791013120.3150,98.60,49.9945,49.9900,49.9900,102.90,103.00,False
1791013120.3976,98.70,49.9945,49.9900,49.9900,102.90,103.00,False
1791013120.5164,98.80,49.9946,49.9900,49.9900,102.90,103.00,False
1791013120.6043,98.90,49.9946,49.9900,49.9900,102.90,103.00,False
1791013120.7159,99.00,49.9947,49.9900,49.9900,102.90,103.00,False
1791013120.7967,99.10,49.9947,49.9900,49.9900,102.91,103.00,False
1791013120.9163,99.20,49.9948,49.9900,49.9900,102.91,103.00,False
1791013121.0212,99.30,49.9949,49.9900,49.9900,102.91,103.00,False
1791013121.1010,99.40,49.9949,49.9900,49.9900,102.91,103.00,False
1791013121.2144,99.50,49.9950,49.9900,49.9900,102.91,103.00,False
1791013121.3144,99.60,49.9951,49.9900,49.9900,102.91,103.00,False
1791013121.4013,99.70,49.9951,49.9900,49.9900,102.91,103.00,False
1791013121.5195,99.80,49.9951,50.0000,49.9900,102.91,103.00,False
1791013121.6172,99.90,49.9952,50.0000,50.0000,102.91,103.00,False
1791013121.6994,100.00,49.9952,50.0000,50.0000,102.91,103.00,False
1791013121.8006,100.10,49.9952,50.0000,50.0000,102.91,103.00,False
1791013121.9257,100.20,49.9953,50.0000,50.0000,102.91,103.00,False
1791013122.0028,100.30,49.9953,50.0000,50.0000,102.91,103.00,False
1791013122.1013,100.40,49.9953,50.0000,50.0000,102.91,103.00,False
1791013122.2013,100.50,49.9953,50.0000,50.0000,102.91,103.00,False
1791013122.3007,100.60,49.9953,50.0000,50.0000,102.91,103.00,False
1791013122.4252,100.70,49.9954,50.0000,50.0000,102.91,103.00,False
1791013122.5009,100.80,49.9954,50.0000,50.0000,102.91,103.00,False
1791013122.6031,100.90,49.9954,50.0000,50.0000,102.91,103.00,False
1791013122.7014,101.00,49.9954,50.0000,50.0000,102.91,103.00,False
1791013122.8004,101.10,49.9954,50.0000,50.0000,102.91,103.00,False
1791013122.9019,101.20,49.9954,50.0000,50.0000,102.91,103.00,False
1791013123.0034,101.30,49.9954,50.0000,50.0000,102.91,103.00,False
1791013123.1059,101.40,49.9954,50.0000,50.0000,102.91,103.00,False
1791013123.2001,101.50,49.9954,50.0000,50.0000,102.91,103.00,False
1791013123.3010,101.60,49.9954,50.0000,50.0000,102.91,103.00,False
1791013123.4270,101.70,49.9955,50.0000,50.0000,102.91,103.00,False
1791013123.5047,101.80,49.9955,50.0000,50.0000,102.91,103.00,False
1791013123.6020,101.90,49.9955,50.0000,50.0000,102.91,103.00,False
1791013123.7015,102.00,49.9955,50.0000,50.0000,102.91,103.00,False
1791013123.8012,102.10,49.9955,50.0000,50.0000,102.91,103.00,False
1791013123.9042,102.20,49.9955,50.0000,50.0000,102.91,103.00,False
1791013124.0042,102.30,49.9955,50.0000,50.0000,102.91,103.00,False
1791013124.1026,102.40,49.9955,50.0000,50.0000,102.91,103.00,False
1791013124.2044,102.50,49.9955,50.0000,50.0000,102.91,103.00,False
1791013124.3034,102.60,49.9955,50.0000,50.0000,102.91,103.00,False
1791013124.4047,102.70,49.9955,50.0000,50.0000,102.91,103.00,False
1791013124.5037,102.80,49.9955,50.0000,50.0000,102.91,103.00,False
1791013124.6057,102.90,49.9955,50.0000,50.0000,102.91,103.00,False
1791013124.7066,103.00,49.9955,50.0000,50.0000,102.91,103.00,False
1791013124.8050,103.10,49.9955,50.0000,50.0000,102.91,103.00,False
1791013124.9069,103.20,49.9955,50.0000,50.0000,102.91,103.00,False
1791013125.0103,103.30,49.9955,50.0000,50.0000,102.91,103.00,False
1791013125.1076,103.40,49.9955,50.0000,50.0000,102.91,103.00,False
1791013125.2048,103.50,49.9955,50.0000,50.0000,102.91,103.00,False
1791013125.3072,103.60,49.9955,50.0000,50.0000,102.91,103.00,False
1791013125.4065,103.70,49.9955,50.0000,50.0000,102.91,103.00,False
1791013125.5079,103.80,49.9955,50.0000,50.0000,102.91,103.00,False
1791013125.6078,103.90,49.9955,50.0000,50.0000,102.91,103.00,False
1791013125.7062,104.00,49.9955,50.0000,50.0000,102.91,103.00,False
1791013125.8045,104.10,49.9955,50.0000,50.0000,102.91,103.00,False
1791013125.9098,104.20,49.9955,50.0000,50.0000,102.91,103.00,False
1791013126.0090,104.30,49.9955,50.0000,50.0000,102.91,103.00,False
1791013126.1106,104.40,49.9955,50.0000,50.0000,102.91,103.00,False
1791013126.2055,104.50,49.9955,50.0000,50.0000,102.91,103.00,False
1791013126.3071,104.60,49.9955,50.0000,50.0000,102.91,103.00,False
1791013126.4080,104.70,49.9955,50.0000,50.0000,102.91,103.00,False
1791013126.5116,104.80,49.9955,50.0000,50.0000,102.91,103.00,False
1791013126.6079,104.90,49.9955,50.0000,50.0000,102.91,103.00,False
1791013126.7071,105.00,49.9955,50.0000,50.0000,102.91,103.00,False
1791013126.8087,105.10,49.9955,50.0000,50.0000,102.91,103.00,False
1791013126.9095,105.20,49.9955,50.0000,50.0000,102.91,103.00,False
1791013127.0070,105.30,49.9955,50.0000,50.0000,102.91,103.00,False
1791013127.1109,105.40,49.9955,50.0000,50.0000,102.91,103.00,False
1791013127.2062,105.50,49.9955,50.0000,50.0000,102.91,103.00,False
1791013127.3090,105.60,49.9955,50.0000,50.0000,102.91,103.00,False
1791013127.4093,105.70,49.9955,50.0000,50.0000,102.91,103.00,False
1791013127.5101,105.80,49.9955,50.0000,50.0000,102.91,103.00,False
1791013127.6073,105.90,49.9955,50.0000,50.0000,102.91,103.00,False
1791013127.7075,106.00,49.9955,50.0000,50.0000,102.91,103.00,False
1791013127.8064,106.10,49.9955,50.0000,50.0000,102.91,103.00,False
1791013127.9103,106.20,49.9955,50.0000,50.0000,102.91,103.00,False
1791013128.0086,106.30,49.9955,50.0000,50.0000,102.91,103.00,False
1791013128.1110,106.40,49.9955,50.0000,50.0000,102.91,103.00,False
1791013128.2064,106.50,49.9955,50.0000,50.0000,102.91,103.00,False
1791013128.3087,106.60,49.9955,50.0000,50.0000,102.91,103.00,False
1791013128.4109,106.70,49.9955,50.0000,50.0000,102.91,103.00,False
1791013128.5104,106.80,49.9955,50.0000,50.0000,102.91,103.00,False
1791013128.6071,106.90,49.9955,50.0000,50.0000,102.91,103.00,False
1791013128.7085,107.00,49.9955,50.0000,50.0000,102.91,103.00,False
1791013128.8077,107.10,49.9955,50.0000,50.0000,102.91,103.00,False
1791013128.9100,107.20,49.9955,50.0000,50.0000,102.91,103.00,False
1791013129.0090,107.30,49.9955,50.0000,50.0000,102.91,103.00,False
1791013129.1092,107.40,49.9955,50.0000,50.0000,102.91,103.00,False
1791013129.2102,107.50,49.9955,50.0000,50.0000,102.91,103.00,False
1791013129.3090,107.60,49.9955,50.0000,50.0000,102.91,103.00,False
1791013129.4097,107.70,49.9955,50.0000,50.0000,102.91,103.00,False
1791013129.5103,107.80,49.9955,50.0000,50.0000,102.91,103.00,False
1791013129.6131,107.90,49.9955,50.0000,50.0000,102.91,103.00,False
1791013129.7091,108.00,49.9955,50.0000,50.0000,102.91,103.00,False
1791013129.8069,108.10,49.9955,50.0000,50.0000,102.91,103.00,False
1791013129.9113,108.20,49.9955,50.0000,50.0000,102.91,103.00,False
1791013130.0112,108.30,49.9955,50.0000,50.0000,102.91,103.00,False
1791013130.1108,108.40,49.9955,50.0000,50.0000,102.91,103.00,False
1791013130.2101,108.50,49.9955,50.0000,50.0000,102.91,103.00,False
1791013130.3073,108.60,49.9955,50.0000,50.0000,102.91,103.00,False
1791013130.4111,108.70,49.9955,50.0000,50.0000,102.91,103.00,False
1791013130.5120,108.80,49.9955,50.0000,50.0000,102.91,103.00,False
1791013130.6100,108.90,49.9955,50.0000,50.0000,102.91,103.00,False
1791013130.7093,109.00,49.9955,50.0000,50.0000,102.91,103.00,False
1791013130.8105,109.10,49.9955,50.0000,50.0000,102.91,103.00,False
1791013130.9124,109.20,49.9955,50.0000,50.0000,102.91,103.00,False
1791013131.0130,109.30,49.9955,50.0000,50.0000,102.91,103.00,False
1791013131.1098,109.40,49.9955,50.0000,50.0000,102.91,103.00,False
1791013131.2097,109.50,49.9955,50.0000,50.0000,102.91,103.00,False
1791013131.3135,109.60,49.9955,50.0000,50.0000,102.91,103.00,False
1791013131.4115,109.70,49.9955,50.0000,50.0000,102.91,103.00,False
1791013131.5120,109.80,49.9955,50.0000,50.0000,102.91,103.00,False
1791013131.6113,109.90,49.9955,50.0000,50.0000,102.91,103.00,False
1791013131.7116,110.00,49.9955,50.0000,50.0000,102.91,103.00,False
1791013131.8099,110.10,49.9955,50.0000,50.0000,102.91,103.00,False
1791013131.9110,110.20,49.9955,50.0000,50.0000,102.91,103.00,False
1791013132.0133,110.30,49.9955,50.0000,50.0000,102.91,103.00,False
1791013132.1127,110.40,49.9955,50.0000,50.0000,102.91,103.00,False
1791013132.2112,110.50,49.9955,50.0000,50.0000,102.91,103.00,False
1791013132.3103,110.60,49.9955,50.0000,50.0000,102.91,103.00,False
1791013132.4119,110.70,49.9955,50.0000,50.0000,102.91,103.00,False
1791013132.5147,110.80,49.9955,50.0000,50.0000,102.91,103.00,False
1791013132.6117,110.90,49.9955,50.0000,50.0000,102.91,103.00,False
1791013132.7103,111.00,49.9955,50.0000,50.0000,102.91,103.00,False
1791013132.8134,111.10,49.9955,50.0000,50.0000,102.91,103.00,False
1791013132.9130,111.20,49.9955,50.0000,50.0000,102.91,103.00,False
1791013133.0124,111.30,49.9955,50.0000,50.0000,102.91,103.00,False
1791013133.1114,111.40,49.9955,50.0000,50.0000,102.91,103.00,False
1791013133.2122,111.50,49.9955,50.0000,50.0000,102.91,103.00,False
1791013133.3138,111.60,49.9955,50.0000,50.0000,102.91,103.00,False
1791013133.4126,111.70,49.9955,50.0000,50.0000,102.91,103.00,False
1791013133.5126,111.80,49.9955,50.0000,50.0000,102.91,103.00,False
1791013133.6144,111.90,49.9955,50.0000,50.0000,102.91,103.00,False
1791013133.7139,112.00,49.9955,50.0000,50.0000,102.91,103.00,False
1791013133.8156,112.10,49.9955,50.0000,50.0000,102.91,103.00,False
1791013133.9132,112.20,49.9955,50.0000,50.0000,102.91,103.00,False
1791013134.0176,112.30,49.9955,50.0000,50.0000,102.91,103.00,False
1791013134.1171,112.40,49.9955,50.0000,50.0000,102.91,103.00,False
1791013134.2134,112.50,49.9955,50.0000,50.0000,102.91,103.00,False
1791013135.2589,112.60,49.9955,50.0000,50.0000,102.91,103.00,False
1791013135.3604,112.70,49.9955,50.0000,50.0000,102.91,103.00,False
1791013135.4579,112.80,49.9955,50.0000,50.0000,102.91,103.00,False
1791013135.5602,112.90,49.9955,50.0000,50.0000,102.91,103.00,False
1791013135.6589,113.00,49.9955,50.0000,50.0000,102.91,103.00,False
1791013135.7614,113.10,49.9955,50.0000,50.0000,102.91,103.00,False
1791013135.8641,113.20,49.9955,50.0000,50.0000,102.91,103.00,False
1791013135.9611,113.30,49.9955,50.0000,50.0000,102.91,103.00,False
1791013136.0587,113.40,49.9955,50.0000,50.0000,102.91,103.00,False
1791013136.1609,113.50,49.9955,50.0000,50.0000,102.91,103.00,False
1791013136.2633,113.60,49.9955,50.0000,50.0000,102.91,103.00,False
1791013136.3622,113.70,49.9955,50.0000,50.0000,102.91,103.00,False
1791013136.4598,113.80,49.9955,50.0000,50.0000,102.91,103.00,False
1791013136.5606,113.90,49.9955,50.0000,50.0000,102.91,103.00,False
1791013136.6625,114.00,49.9955,50.0000,50.0000,102.91,103.00,False
1791013136.7621,114.10,49.9955,50.0000,50.0000,102.91,103.00,False
1791013136.8643,114.20,49.9955,50.0000,50.0000,102.91,103.00,False
1791013136.9618,114.30,49.9955,50.0000,50.0000,102.91,103.00,False
1791013137.0604,114.40,49.9955,50.0000,50.0000,102.91,103.00,False
1791013137.1602,114.50,49.9955,50.0000,50.0000,102.91,103.00,False
1791013137.2612,114.60,49.9955,50.0000,50.0000,102.91,103.00,False
1791013137.3612,114.70,49.9955,50.0000,50.0000,102.91,103.00,False
1791013137.4616,114.80,49.9955,50.0000,50.0000,102.91,103.00,False
1791013137.5606,114.90,49.9955,50.0000,50.0000,102.91,103.00,False
1791013137.6644,115.00,49.9955,50.0000,50.0000,102.91,103.00,False
1791013137.7619,115.10,49.9955,50.0000,50.0000,102.91,103.00,False
1791013137.8643,115.20,49.9955,50.0000,50.0000,102.91,103.00,False
1791013137.9628,115.30,49.9955,50.0000,50.0000,102.91,103.00,False
1791013138.0608,115.40,49.9955,50.0000,50.0000,102.91,103.00,False
1791013138.1593,115.50,49.9955,50.0000,50.0000,102.91,103.00,False
1791013138.2625,115.60,49.9955,50.0000,50.0000,102.91,103.00,False
1791013138.3624,115.70,49.9955,50.0000,50.0000,102.91,103.00,False
1791013138.4641,115.80,49.9955,50.0000,50.0000,102.91,103.00,False
1791013138.5588,115.90,49.9955,50.0000,50.0000,102.91,103.00,False
1791013138.6610,116.00,49.9955,50.0000,50.0000,102.91,103.00,False
1791013138.7654,116.10,49.9955,50.0000,50.0000,102.91,103.00,False
1791013138.8663,116.20,49.9955,50.0000,50.0000,102.91,103.00,False
1791013138.9612,116.30,49.9955,50.0000,50.0000,102.91,103.00,False
1791013139.0606,116.40,49.9955,50.0000,50.0000,102.91,103.00,False
1791013139.1607,116.50,49.9955,50.0000,50.0000,102.91,103.00,False
1791013139.2617,116.60,49.9955,50.0000,50.0000,102.91,103.00,False
1791013139.3618,116.70,49.9955,50.0000,50.0000,102.91,103.00,False
1791013139.4631,116.80,49.9955,50.0000,50.0000,102.91,103.00,False
1791013139.5620,116.90,49.9955,50.0000,50.0000,102.91,103.00,False
1791013139.6608,117.00,49.9955,50.0000,50.0000,102.91,103.00,False
1791013139.7630,117.10,49.9955,50.0000,50.0000,102.91,103.00,False
1791013139.8643,117.20,49.9955,50.0000,50.0000,102.91,103.00,False
1791013139.9635,117.30,49.9955,50.0000,50.0000,102.91,103.00,False
1791013140.0611,117.40,49.9955,50.0000,50.0000,102.91,103.00,False
1791013140.1611,117.50,49.9955,50.0000,50.0000,102.91,103.00,False
1791013140.2647,117.60,49.9955,50.0000,50.0000,102.91,103.00,False
1791013140.3655,117.70,49.9955,50.0000,50.0000,102.91,103.00,False
1791013140.4621,117.80,49.9955,50.0000,50.0000,102.91,103.00,False
1791013140.5615,117.90,49.9955,50.0000,50.0000,102.91,103.00,False
1791013140.6630,118.00,49.9955,50.0000,50.0000,102.91,103.00,False
1791013140.7636,118.10,49.9955,50.0000,50.0000,102.91,103.00,False
1791013140.8625,118.20,49.9955,50.0000,50.0000,102.91,103.00,False
1791013140.9611,118.30,49.9955,50.0000,50.0000,102.91,103.00,False
1791013141.0640,118.40,49.9955,50.0000,50.0000,102.91,103.00,False
1791013141.1649,118.50,49.9955,50.0000,50.0000,102.91,103.00,False
1791013141.2651,118.60,49.9955,50.0000,50.0000,102.91,103.00,False
1791013141.3639,118.70,49.9955,50.0000,50.0000,102.91,103.00,False
1791013141.4639,118.80,49.9955,50.0000,50.0000,102.91,103.00,False
1791013141.5647,118.90,49.9955,50.0000,50.0000,102.91,103.00,False
1791013141.6642,119.00,49.9955,50.0000,50.0000,102.91,103.00,False
1791013141.7635,119.10,49.9955,50.0000,50.0000,102.91,103.00,False
1791013141.8673,119.20,49.9955,50.0000,50.0000,102.91,103.00,False
1791013141.9657,119.30,49.9955,50.0000,50.0000,102.91,103.00,False
1791013142.0632,119.40,49.9955,50.0000,50.0000,102.91,103.00,False
1791013142.1631,119.50,49.9955,50.0000,50.0000,102.91,103.00,False
1791013142.2658,119.60,49.9955,50.0000,50.0000,102.91,103.00,False
1791013142.3660,119.70,49.9955,50.0000,50.0000,102.91,103.00,False
1791013142.4641,119.80,49.9955,50.0000,50.0000,102.91,103.00,False
1791013142.5653,119.90,49.9955,50.0000,50.0000,102.91,103.00,False
1791013142.6678,120.00,49.9955,50.0000,50.0000,102.91,103.00,False
1791013142.7679,120.10,49.9955,50.0000,50.0000,102.91,103.00,False
1791013142.8693,120.20,49.9955,50.0000,50.0000,102.91,103.00,False
1791013142.9656,120.30,49.9955,50.0000,50.0000,102.91,103.00,False
1791013143.0678,120.40,49.9955,50.0000,50.0000,102.91,103.00,False
1791013143.1661,120.50,49.9955,50.0000,50.0000,102.91,103.00,False
1791013143.2692,120.60,49.9955,50.0000,50.0000,102.91,103.00,False
1791013143.3673,120.70,49.9955,50.0000,50.0000,102.91,103.00,False
1791013143.4695,120.80,49.9955,50.0000,50.0000,102.91,103.00,False
1791013143.5657,120.90,49.9955,50.0000,50.0000,102.91,103.00,False
1791013143.6691,121.00,49.9955,50.0000,50.0000,102.91,103.00,False
1791013143.7714,121.10,49.9955,50.0000,50.0000,102.91,103.00,False
1791013143.8689,121.20,49.9955,50.0000,50.0000,102.91,103.00,False
1791013143.9679,121.30,49.9955,50.0000,50.0000,102.91,103.00,False
1791013144.0732,121.40,49.9955,50.0000,50.0000,102.91,103.00,False
1791013144.1675,121.50,49.9955,50.0000,50.0000,102.91,103.00,False
1791013144.2679,121.60,49.9955,50.0000,50.0000,102.91,103.00,False
1791013144.3707,121.70,49.9955,50.0000,50.0000,102.91,103.00,False
1791013144.4673,121.80,49.9955,50.0000,50.0000,102.91,103.00,False
1791013144.5669,121.90,49.9955,50.0000,50.0000,102.91,103.00,False
1791013144.6654,122.00,49.9955,50.0000,50.0000,102.91,103.00,False
1791013144.7685,122.10,49.9955,50.0000,50.0000,102.91,103.00,False
1791013144.8694,122.20,49.9955,50.0000,50.0000,102.91,103.00,False
1791013144.9681,122.30,49.9955,50.0000,50.0000,102.91,103.00,False
1791013145.0686,122.40,49.9955,50.0000,50.0000,102.91,103.00,False
1791013145.1699,122.50,49.9955,50.0000,50.0000,102.91,103.00,False
1791013145.2703,122.60,49.9955,50.0000,50.0000,102.91,103.00,False
1791013145.3705,122.70,49.9955,50.0000,50.0000,102.91,103.00,False
1791013145.4659,122.80,49.9955,50.0000,50.0000,102.91,103.00,False
1791013145.5694,122.90,49.9955,50.0000,50.0000,102.91,103.00,False
1791013145.6703,123.00,49.9955,50.0000,50.0000,102.91,103.00,False
1791013145.7673,123.10,49.9955,50.0000,50.0000,102.91,103.00,False
1791013145.8689,123.20,49.9955,50.0000,50.0000,102.91,103.00,False
1791013145.9680,123.30,49.9955,50.0000,50.0000,102.91,103.00,False
1791013146.0701,123.40,49.9955,50.0000,50.0000,102.91,103.00,False
1791013146.1692,123.50,49.9955,50.0000,50.0000,102.91,103.00,False
1791013146.2669,123.60,49.9955,50.0000,50.0000,102.91,103.00,False
1791013146.3707,123.70,49.9955,50.0000,50.0000,102.91,103.00,False
1791013146.4705,123.80,49.9955,50.0000,50.0000,102.91,103.00,False
1791013146.5671,123.90,49.9955,50.0000,50.0000,102.91,103.00,False
1791013146.6699,124.00,49.9955,50.0000,50.0000,102.91,103.00,False
1791013146.7692,124.10,49.9955,50.0000,50.0000,102.91,103.00,False
1791013146.8715,124.20,49.9955,50.0000,50.0000,102.91,103.00,False
1791013146.9696,124.30,49.9955,50.0000,50.0000,102.91,103.00,False
1791013147.0677,124.40,49.9955,50.0000,50.0000,102.91,103.00,False
1791013147.1701,124.50,49.9955,50.0000,50.0000,102.91,103.00,False
1791013147.2708,124.60,49.9955,50.0000,50.0000,102.91,103.00,False
1791013147.3704,124.70,49.9955,50.0000,50.0000,102.91,103.00,False
1791013147.4689,124.80,49.9955,50.0000,50.0000,102.91,103.00,False
1791013147.5707,124.90,49.9955,50.0000,50.0000,102.91,103.00,False
1791013147.6722,125.00,49.9955,50.0000,50.0000,102.91,103.00,False
1791013147.7704,125.10,49.9955,50.0000,50.0000,102.91,103.00,False
1791013147.8703,125.20,49.9955,50.0000,50.0000,102.91,103.00,False
1791013147.9709,125.30,49.9955,50.0000,50.0000,102.91,103.00,False
1791013148.0727,125.40,49.9955,50.0000,50.0000,102.91,103.00,False
1791013148.1725,125.50,49.9955,50.0000,50.0000,102.91,103.00,False
1791013148.2713,125.60,49.9955,50.0000,50.0000,102.91,103.00,False
1791013148.3731,125.70,49.9955,50.0000,50.0000,102.91,103.00,False
1791013148.4727,125.80,49.9955,50.0000,50.0000,102.91,103.00,False
1791013148.5743,125.90,49.9955,50.0000,50.0000,102.91,103.00,False
1791013148.6720,126.00,49.9955,50.0000,50.0000,102.91,103.00,False
1791013148.7746,126.10,49.9955,50.0000,50.0000,102.91,103.00,False
1791013148.8737,126.20,49.9955,50.0000,50.0000,102.91,103.00,False
1791013148.9725,126.30,49.9955,50.0000,50.0000,102.91,103.00,False
1791013149.0738,126.40,49.9955,50.0000,50.0000,102.91,103.00,False
1791013149.1742,126.50,49.9955,50.0000,50.0000,102.91,103.00,False
1791013149.2759,126.60,49.9955,50.0000,50.0000,102.91,103.00,False
1791013149.3755,126.70,49.9955,50.0000,50.0000,102.91,103.00,False
1791013149.4717,126.80,49.9955,50.0000,50.0000,102.91,103.00,False
1791013149.5766,126.90,49.9955,50.0000,50.0000,102.91,103.00,False
1791013149.6760,127.00,49.9955,50.0000,50.0000,102.91,103.00,False
1791013149.7759,127.10,49.9955,50.0000,50.0000,102.91,103.00,False
1791013149.8737,127.20,49.9955,50.0000,50.0000,102.91,103.00,False
1791013149.9742,127.30,49.9955,50.0000,50.0000,102.91,103.00,False
1791013150.0773,127.40,49.9955,50.0000,50.0000,102.91,103.00,False
1791013150.1760,127.50,49.9955,50.0000,50.0000,102.91,103.00,False
1791013150.2767,127.60,49.9955,50.0000,50.0000,102.91,103.00,False
1791013150.3772,127.70,49.9955,50.0000,50.0000,102.91,103.00,False
1791013150.4753,127.80,49.9955,50.0000,50.0000,102.91,103.00,False
1791013150.5775,127.90,49.9955,50.0000,50.0000,102.91,103.00,False
1791013150.6771,128.00,49.9955,50.0000,50.0000,102.91,103.00,False
1791013150.7785,128.10,49.9955,50.0000,50.0000,102.91,103.00,False
1791013150.8752,128.20,49.9955,50.0000,50.0000,102.91,103.00,False
1791013150.9756,128.30,49.9955,50.0000,50.0000,102.91,103.00,False
1791013151.0759,128.40,49.9955,50.0000,50.0000,102.91,103.00,False
1791013151.1761,128.50,49.9955,50.0000,50.0000,102.91,103.00,False
1791013151.2795,128.60,49.9955,50.0000,50.0000,102.91,103.00,False
1791013151.3805,128.70,49.9955,50.0000,50.0000,102.91,103.00,False
1791013151.4766,128.80,49.9955,50.0000,50.0000,102.91,103.00,False
1791013151.5759,128.90,49.9955,50.0000,50.0000,102.91,103.00,False
1791013151.6798,129.00,49.9955,50.0000,50.0000,102.91,103.00,False
1791013151.7798,129.10,49.9955,50.0000,50.0000,102.91,103.00,False
1791013151.8775,129.20,49.9955,50.0000,50.0000,102.91,103.00,False
1791013151.9763,129.30,49.9955,50.0000,50.0000,102.91,103.00,False
1791013152.0790,129.40,49.9955,50.0000,50.0000,102.91,103.00,False
1791013152.1777,129.50,49.9955,50.0000,50.0000,102.91,103.00,False
1791013152.2806,129.60,49.9955,50.0000,50.0000,102.91,103.00,False
1791013152.3778,129.70,49.9955,50.0000,50.0000,102.91,103.00,False
1791013152.4765,129.80,49.9955,50.0000,50.0000,102.91,103.00,False
1791013152.5778,129.90,49.9955,50.0000,50.0000,102.91,103.00,False
1791013152.6776,130.00,49.9955,50.0000,50.0000,102.91,103.00,False
1791013152.7769,130.10,49.9955,50.0000,50.0000,102.91,103.00,False
1791013152.8770,130.20,49.9955,50.0000,50.0000,102.91,103.00,False
1791013152.9792,130.30,49.9955,50.0000,50.0000,102.91,103.00,False
1791013153.0783,130.40,49.9955,50.0000,50.0000,102.91,103.00,False
1791013153.1766,130.50,49.9955,50.0000,50.0000,102.91,103.00,False
1791013153.2800,130.60,49.9955,50.0000,50.0000,102.91,103.00,False
1791013153.3773,130.70,49.9955,50.0000,50.0000,102.91,103.00,False
1791013153.4770,130.80,49.9955,50.0000,50.0000,102.91,103.00,False
1791013153.5786,130.90,49.9955,50.0000,50.0000,102.91,103.00,False
1791013153.6797,131.00,49.9955,50.0000,50.0000,102.91,103.00,False
1791013153.7810,131.10,49.9955,50.0000,50.0000,102.91,103.00,False
1791013153.8777,131.20,49.9955,50.0000,50.0000,102.91,103.00,False
1791013153.9769,131.30,49.9955,50.0000,50.0000,102.91,103.00,False
1791013154.0815,131.40,49.9955,50.0000,50.0000,102.91,103.00,False
1791013154.1796,131.50,49.9955,50.0000,50.0000,102.91,103.00,False
1791013154.2803,131.60,49.9955,50.0000,50.0000,102.91,103.00,False
1791013154.3769,131.70,49.9955,50.0000,50.0000,102.91,103.00,False
1791013154.4795,131.80,49.9955,50.0000,50.0000,102.91,103.00,False
1791013154.5825,131.90,49.9955,50.0000,50.0000,102.91,103.00,False
1791013154.6836,132.00,49.9955,50.0000,50.0000,102.91,103.00,False
1791013154.7794,132.10,49.9955,50.0000,50.0000,102.91,103.00,False
1791013154.8806,132.20,49.9955,50.0000,50.0000,102.91,103.00,False
1791013154.9786,132.30,49.9955,50.0000,50.0000,102.91,103.00,False
1791013155.0806,132.40,49.9955,50.0000,50.0000,102.91,103.00,False
1791013155.1792,132.50,49.9955,50.0000,50.0000,102.91,103.00,False
1791013155.2802,132.60,49.9955,50.0000,50.0000,102.91,103.00,False
1791013155.3794,132.70,49.9955,50.0000,50.0000,102.91,103.00,False
1791013155.4795,132.80,49.9955,50.0000,50.0000,102.91,103.00,False
1791013155.5800,132.90,49.9955,50.0000,50.0000,102.91,103.00,False
1791013155.6823,133.00,49.9955,50.0000,50.0000,102.91,103.00,False
1791013155.7823,133.10,49.9955,50.0000,50.0000,102.91,103.00,False
1791013155.8789,133.20,49.9955,50.0000,50.0000,102.91,103.00,False
1791013155.9779,133.30,49.9955,50.0000,50.0000,102.91,103.00,False
1791013156.0826,133.40,49.9955,50.0000,50.0000,102.91,103.00,False
1791013156.1820,133.50,49.9955,50.0000,50.0000,102.91,103.00,False
1791013156.2804,133.60,49.9955,50.0000,50.0000,102.91,103.00,False
1791013156.3812,133.70,49.9955,50.0000,50.0000,102.91,103.00,False
1791013156.4849,133.80,49.9955,50.0000,50.0000,102.91,103.00,False
1791013156.5859,133.90,49.9955,50.0000,50.0000,102.91,103.00,False
1791013156.6844,134.00,49.9955,50.0000,50.0000,102.91,103.00,False
1791013156.7812,134.10,49.9955,50.0000,50.0000,102.91,103.00,False
1791013156.8853,134.20,49.9955,50.0000,50.0000,102.91,103.00,False
1791013156.9838,134.30,49.9955,50.0000,50.0000,102.91,103.00,False
1791013157.0845,134.40,49.9955,50.0000,50.0000,102.91,103.00,False
1791013157.1840,134.50,49.9955,50.0000,50.0000,102.91,103.00,False
1791013157.2846,134.60,49.9955,50.0000,50.0000,102.91,103.00,False
1791013157.3836,134.70,49.9955,50.0000,50.0000,102.91,103.00,False
1791013157.4839,134.80,49.9955,50.0000,50.0000,102.91,103.00,False
1791013157.5854,134.90,49.9955,50.0000,50.0000,102.91,103.00,False
1791013157.6864,135.00,49.9955,50.0000,50.0000,102.91,103.00,False
1791013157.7860,135.10,49.9955,50.0000,50.0000,102.91,103.00,False
1791013157.8852,135.20,49.9955,50.0000,50.0000,102.91,103.00,False
1791013157.9822,135.30,49.9955,50.0000,50.0000,102.91,103.00,False
1791013158.0837,135.40,49.9955,50.0000,50.0000,102.91,103.00,False
1791013158.1859,135.50,49.9955,50.0000,50.0000,102.91,103.00,False
1791013158.2864,135.60,49.9955,50.0000,50.0000,102.91,103.00,False
1791013158.3840,135.70,49.9955,50.0000,50.0000,102.91,103.00,False
1791013158.4843,135.80,49.9955,50.0000,50.0000,102.91,103.00,False
1791013158.5865,135.90,49.9955,50.0000,50.0000,102.91,103.00,False
1791013158.6882,136.00,49.9955,50.0000,50.0000,102.91,103.00,False
1791013158.7873,136.10,49.9955,50.0000,50.0000,102.91,103.00,False
1791013158.8839,136.20,49.9955,50.0000,50.0000,102.91,103.00,False
1791013158.9867,136.30,49.9955,50.0000,50.0000,102.91,103.00,False
1791013159.0874,136.40,49.9955,50.0000,50.0000,102.91,103.00,False
1791013159.1885,136.50,49.9955,50.0000,50.0000,102.91,103.00,False
1791013159.2852,136.60,49.9955,50.0000,50.0000,102.91,103.00,False
1791013159.3914,136.70,49.9955,50.0000,50.0000,102.91,103.00,False
1791013159.4873,136.80,49.9955,50.0000,50.0000,102.91,103.00,False
1791013159.5885,136.90,49.9955,50.0000,50.0000,102.91,103.00,False
1791013159.6879,137.00,49.9955,50.0000,50.0000,102.91,103.00,False
1791013159.7875,137.10,49.9955,50.0000,50.0000,102.91,103.00,False
1791013159.8875,137.20,49.9955,50.0000,50.0000,102.91,103.00,False
1791013159.9874,137.30,49.9955,50.0000,50.0000,102.91,103.00,False
1791013160.0875,137.40,49.9955,50.0000,50.0000,102.91,103.00,False
1791013160.1881,137.50,49.9955,50.0000,50.0000,102.91,103.00,False
1791013160.2894,137.60,49.9955,50.0000,50.0000,102.91,103.00,False
1791013160.3886,137.70,49.9955,50.0000,50.0000,102.91,103.00,False
1791013160.4878,137.80,49.9955,50.0000,50.0000,102.91,103.00,False
1791013160.5874,137.90,49.9955,50.0000,50.0000,102.91,103.00,False
1791013160.6884,138.00,49.9955,50.0000,50.0000,102.91,103.00,False
1791013160.7887,138.10,49.9955,50.0000,50.0000,102.91,103.00,False
1791013160.8869,138.20,49.9955,50.0000,50.0000,102.91,103.00,False
1791013160.9850,138.30,49.9955,50.0000,50.0000,102.91,103.00,False
1791013161.0912,138.40,49.9955,50.0000,50.0000,102.91,103.00,False
1791013161.1900,138.50,49.9955,50.0000,50.0000,102.91,103.00,False
1791013161.2897,138.60,49.9955,50.0000,50.0000,102.91,103.00,False
1791013161.3871,138.70,49.9955,50.0000,50.0000,102.91,103.00,False
1791013161.4874,138.80,49.9955,50.0000,50.0000,102.91,103.00,False
1791013161.5889,138.90,49.9955,50.0000,50.0000,102.91,103.00,False
1791013161.6887,139.00,49.9955,50.0000,50.0000,102.91,103.00,False
1791013161.7865,139.10,49.9955,50.0000,50.0000,102.91,103.00,False
1791013161.8881,139.20,49.9955,50.0000,50.0000,102.91,103.00,False
1791013161.9891,139.30,49.9955,50.0000,50.0000,102.91,103.00,False
1791013162.0879,139.40,49.9955,50.0000,50.0000,102.91,103.00,False
1791013162.1876,139.50,49.9955,50.0000,50.0000,102.91,103.00,False
1791013162.2884,139.60,49.9955,50.0000,50.0000,102.91,103.00,False
1791013162.3870,139.70,49.9955,50.0000,50.0000,102.91,103.00,False
1791013162.4883,139.80,49.9955,50.0000,50.0000,102.91,103.00,False
1791013162.5880,139.90,49.9955,50.0000,50.0000,102.91,103.00,False
1791013162.6905,140.00,49.9955,50.0000,50.0000,102.91,103.00,False
1791013162.7873,140.10,49.9955,50.0000,50.0000,102.91,103.00,False
1791013162.8886,140.20,49.9955,50.0000,50.0000,102.91,103.00,False
1791013162.9905,140.30,49.9955,50.0000,50.0000,102.91,103.00,False
1791013163.0892,140.40,49.9955,50.0000,50.0000,102.91,103.00,False
1791013163.1902,140.50,49.9955,50.0000,50.0000,102.91,103.00,False
1791013163.2887,140.60,49.9955,50.0000,50.0000,102.91,103.00,False
1791013163.3870,140.70,49.9955,50.0000,50.0000,102.91,103.00,False
1791013163.4914,140.80,49.9955,50.0000,50.0000,102.91,103.00,False
1791013163.5930,140.90,49.9955,50.0000,50.0000,102.91,103.00,False
1791013163.6895,141.00,49.9955,50.0000,50.0000,102.91,103.00,False
1791013163.7878,141.10,49.9955,50.0000,50.0000,102.91,103.00,False
1791013163.8901,141.20,49.9955,50.0000,50.0000,102.91,103.00,False
1791013163.9935,141.30,49.9955,50.0000,50.0000,102.91,103.00,False
1791013164.0908,141.40,49.9955,50.0000,50.0000,102.91,103.00,False
1791013164.1898,141.50,49.9955,50.0000,50.0000,102.91,103.00,False
1791013164.2891,141.60,49.9955,50.0000,50.0000,102.91,103.00,False
1791013164.3882,141.70,49.9955,50.0000,50.0000,102.91,103.00,False
1791013164.4910,141.80,49.9955,50.0000,50.0000,102.91,103.00,False
1791013164.5902,141.90,49.9955,50.0000,50.0000,102.91,103.00,False
1791013164.6899,142.00,49.9955,50.0000,50.0000,102.91,103.00,False
1791013164.7915,142.10,49.9955,50.0000,50.0000,102.91,103.00,False
1791013164.8888,142.20,49.9955,50.0000,50.0000,102.91,103.00,False
1791013164.9899,142.30,49.9955,50.0000,50.0000,102.91,103.00,False
1791013165.0932,142.40,49.9955,50.0000,50.0000,102.91,103.00,False
1791013165.1936,142.50,49.9955,50.0000,50.0000,102.91,103.00,False
1791013165.2894,142.60,49.9955,50.0000,50.0000,102.91,103.00,False
1791013165.3898,142.70,49.9955,50.0000,50.0000,102.91,103.00,False
1791013165.4936,142.80,49.9955,50.0000,50.0000,102.91,103.00,False
1791013165.5936,142.90,49.9955,50.0000,50.0000,102.91,103.00,False
1791013165.6918,143.00,49.9955,50.0000,50.0000,102.91,103.00,False
1791013165.7875,143.10,49.9955,50.0000,50.0000,102.91,103.00,False
1791013165.8918,143.20,49.9955,50.0000,50.0000,102.91,103.00,False
1791013165.9939,143.30,49.9955,50.0000,50.0000,102.91,103.00,False
1791013166.0949,143.40,49.9955,50.0000,50.0000,102.91,103.00,False
1791013166.1950,143.50,49.9955,50.0000,50.0000,102.91,103.00,False
1791013166.2946,143.60,49.9955,50.0000,50.0000,102.91,103.00,False
1791013166.3929,143.70,49.9955,50.0000,50.0000,102.91,103.00,False
1791013166.4993,143.80,49.9955,50.0000,50.0000,102.91,103.00,False
1791013166.5998,143.90,49.9955,50.0000,50.0000,102.91,103.00,False
1791013166.6949,144.00,49.9955,50.0000,50.0000,102.91,103.00,False
1791013166.7936,144.10,49.9955,50.0000,50.0000,102.91,103.00,False
1791013166.8933,144.20,49.9955,50.0000,50.0000,102.91,103.00,False
1791013166.9934,144.30,49.9955,50.0000,50.0000,102.91,103.00,False
1791013167.0926,144.40,49.9955,50.0000,50.0000,102.91,103.00,False
1791013167.1952,144.50,49.9955,50.0000,50.0000,102.91,103.00,False
1791013167.2962,144.60,49.9955,50.0000,50.0000,102.91,103.00,False
1791013167.3930,144.70,49.9955,50.0000,50.0000,102.91,103.00,False
1791013168.4661,144.80,49.9955,50.0000,50.0000,102.91,103.00,False
1791013168.5667,144.90,49.9955,50.0000,50.0000,102.91,103.00,False
1791013168.6657,145.00,49.9955,50.0000,50.0000,102.91,103.00,False
1791013168.7663,145.10,49.9955,50.0000,50.0000,102.91,103.00,False
1791013168.8656,145.20,49.9955,50.0000,50.0000,102.91,103.00,False
1791013168.9676,145.30,49.9955,50.0000,50.0000,102.91,103.00,False
1791013169.0645,145.40,49.9955,50.0000,50.0000,102.91,103.00,False
1791013169.1670,145.50,49.9955,50.0000,50.0000,102.91,103.00,False
1791013169.2650,145.60,49.9955,50.0000,50.0000,102.91,103.00,False
1791013169.3665,145.70,49.9955,50.0000,50.0000,102.91,103.00,False
1791013169.4655,145.80,49.9955,50.0000,50.0000,102.91,103.00,False
1791013169.5657,145.90,49.9955,50.0000,50.0000,102.91,103.00,False
1791013169.6653,146.00,49.9955,50.0000,50.0000,102.91,103.00,False
1791013169.7656,146.10,49.9955,50.0000,50.0000,102.91,103.00,False
1791013169.8673,146.20,49.9955,50.0000,50.0000,102.91,103.00,False
1791013169.9677,146.30,49.9955,50.0000,50.0000,102.91,103.00,False
1791013170.0669,146.40,49.9955,50.0000,50.0000,102.91,103.00,False
1791013170.1680,146.50,49.9955,50.0000,50.0000,102.91,103.00,False
1791013170.2650,146.60,49.9955,50.0000,50.0000,102.91,103.00,False
1791013170.3652,146.70,49.9955,50.0000,50.0000,102.91,103.00,False
1791013170.4656,146.80,49.9955,50.0000,50.0000,102.91,103.00,False
1791013170.5683,146.90,49.9955,50.0000,50.0000,102.91,103.00,False
1791013170.6665,147.00,49.9955,50.0000,50.0000,102.91,103.00,False
1791013170.7657,147.10,49.9955,50.0000,50.0000,102.91,103.00,False
1791013170.8650,147.20,49.9955,50.0000,50.0000,102.91,103.00,False
1791013170.9681,147.30,49.9955,50.0000,50.0000,102.91,103.00,False
1791013171.0670,147.40,49.9955,50.0000,50.0000,102.91,103.00,False
1791013171.1673,147.50,49.9955,50.0000,50.0000,102.91,103.00,False
1791013171.2647,147.60,49.9955,50.0000,50.0000,102.91,103.00,False
1791013171.3669,147.70,49.9955,50.0000,50.0000,102.91,103.00,False
1791013171.4668,147.80,49.9955,50.0000,50.0000,102.91,103.00,False
1791013171.5686,147.90,49.9955,50.0000,50.0000,102.91,103.00,False
1791013171.6656,148.00,49.9955,50.0000,50.0000,102.91,103.00,False
1791013171.7708,148.10,49.9955,50.0000,50.0000,102.91,103.00,False
1791013171.8678,148.20,49.9955,50.0000,50.0000,102.91,103.00,False
1791013171.9677,148.30,49.9955,50.0000,50.0000,102.91,103.00,False
1791013172.0689,148.40,49.9955,50.0000,50.0000,102.91,103.00,False
1791013172.1675,148.50,49.9955,50.0000,50.0000,102.91,103.00,False
1791013172.2683,148.60,49.9955,50.0000,50.0000,102.91,103.00,False
1791013172.3692,148.70,49.9955,50.0000,50.0000,102.91,103.00,False
1791013172.4691,148.80,49.9955,50.0000,50.0000,102.91,103.00,False
1791013172.5684,148.90,49.9955,50.0000,50.0000,102.91,103.00,False
1791013172.6679,149.00,49.9955,50.0000,50.0000,102.91,103.00,False
1791013172.7696,149.10,49.9955,50.0000,50.0000,102.91,103.00,False
1791013172.8668,149.20,49.9955,50.0000,50.0000,102.91,103.00,False
1791013172.9684,149.30,49.9955,50.0000,50.0000,102.91,103.00,False
1791013173.0685,149.40,49.9955,50.0000,50.0000,102.91,103.00,False
1791013173.1682,149.50,49.9955,50.0000,50.0000,102.91,103.00,False
1791013173.2675,149.60,49.9955,50.0000,50.0000,102.91,103.00,False
1791013173.3689,149.70,49.9955,50.0000,50.0000,102.91,103.00,False
1791013173.4691,149.80,49.9955,50.0000,50.0000,102.91,103.00,False
1791013173.5697,149.90,49.9955,50.0000,50.0000,102.91,103.00,False
1791013173.6690,150.00,49.9955,50.0000,50.0000,102.91,103.00,False
1791013173.7666,150.10,49.9955,50.0000,50.0000,102.91,103.00,False
1791013173.8692,150.20,49.9955,50.0000,50.0000,102.91,103.00,False
1791013173.9689,150.30,49.9955,50.0000,50.0000,102.91,103.00,False
1791013174.0693,150.40,49.9955,50.0000,50.0000,102.91,103.00,False
1791013174.1689,150.50,49.9955,50.0000,50.0000,102.91,103.00,False
1791013174.2694,150.60,49.9955,50.0000,50.0000,102.91,103.00,False
1791013174.3726,150.70,49.9955,50.0000,50.0000,102.91,103.00,False
1791013174.4721,150.80,49.9955,50.0000,50.0000,102.91,103.00,False
1791013174.5703,150.90,49.9955,50.0000,50.0000,102.91,103.00,False
1791013174.6722,151.00,49.9955,50.0000,50.0000,102.91,103.00,False
1791013174.7695,151.10,49.9955,50.0000,50.0000,102.91,103.00,False
1791013174.8717,151.20,49.9955,50.0000,50.0000,102.91,103.00,False
1791013174.9703,151.30,49.9955,50.0000,50.0000,102.91,103.00,False
1791013175.0734,151.40,49.9955,50.0000,50.0000,102.91,103.00,False
1791013175.1730,151.50,49.9955,50.0000,50.0000,102.91,103.00,False
1791013175.2719,151.60,49.9955,50.0000,50.0000,102.91,103.00,False
1791013175.3717,151.70,49.9955,50.0000,50.0000,102.91,103.00,False
1791013175.4719,151.80,49.9955,50.0000,50.0000,102.91,103.00,False
1791013175.5732,151.90,49.9955,50.0000,50.0000,102.91,103.00,False
1791013175.6732,152.00,49.9955,50.0000,50.0000,102.91,103.00,False
1791013175.7702,152.10,49.9955,50.0000,50.0000,102.91,103.00,False
1791013175.8739,152.20,49.9955,50.0000,50.0000,102.91,103.00,False
1791013175.9715,152.30,49.9955,50.0000,50.0000,102.91,103.00,False
1791013176.0738,152.40,49.9955,50.0000,50.0000,102.91,103.00,False
1791013176.1720,152.50,49.9955,50.0000,50.0000,102.91,103.00,False
1791013176.2723,152.60,49.9955,50.0000,50.0000,102.91,103.00,False
1791013176.3741,152.70,49.9955,50.0000,50.0000,102.91,103.00,False
1791013176.4753,152.80,49.9955,50.0000,50.0000,102.91,103.00,False
1791013176.5746,152.90,49.9955,50.0000,50.0000,102.91,103.00,False
1791013176.6782,153.00,49.9955,50.0000,50.0000,102.91,103.00,False
1791013176.7732,153.10,49.9955,50.0000,50.0000,102.91,103.00,False
1791013176.8762,153.20,49.9955,50.0000,50.0000,102.91,103.00,False
1791013176.9729,153.30,49.9955,50.0000,50.0000,102.91,103.00,False
1791013177.0745,153.40,49.9955,50.0000,50.0000,102.91,103.00,False
1791013177.1742,153.50,49.9955,50.0000,50.0000,102.91,103.00,False
1791013177.2754,153.60,49.9955,50.0000,50.0000,102.91,103.00,False
1791013177.3756,153.70,49.9955,50.0000,50.0000,102.91,103.00,False
1791013177.4721,153.80,49.9955,50.0000,50.0000,102.91,103.00,False
1791013177.5749,153.90,49.9955,50.0000,50.0000,102.91,103.00,False
1791013177.6731,154.00,49.9955,50.0000,50.0000,102.91,103.00,False
1791013177.7717,154.10,49.9955,50.0000,50.0000,102.91,103.00,False
1791013177.8758,154.20,49.9955,50.0000,50.0000,102.91,103.00,False
1791013177.9746,154.30,49.9955,50.0000,50.0000,102.91,103.00,False
1791013178.0744,154.40,49.9955,50.0000,50.0000,102.91,103.00,False
1791013178.1736,154.50,49.9955,50.0000,50.0000,102.91,103.00,False
1791013178.2729,154.60,49.9955,50.0000,50.0000,102.91,103.00,False
1791013178.3755,154.70,49.9955,50.0000,50.0000,102.91,103.00,False
1791013178.4770,154.80,49.9955,50.0000,50.0000,102.91,103.00,False
1791013178.5750,154.90,49.9955,50.0000,50.0000,102.91,103.00,False
1791013178.6729,155.00,49.9955,50.0000,50.0000,102.91,103.00,False
1791013178.7757,155.10,49.9955,50.0000,50.0000,102.91,103.00,False
1791013178.8752,155.20,49.9955,50.0000,50.0000,102.91,103.00,False
1791013178.9731,155.30,49.9955,50.0000,50.0000,102.91,103.00,False
1791013179.0743,155.40,49.9955,50.0000,50.0000,102.91,103.00,False
1791013179.1729,155.50,49.9955,50.0000,50.0000,102.91,103.00,False
1791013179.2755,155.60,49.9955,50.0000,50.0000,102.91,103.00,False
1791013179.3725,155.70,49.9955,50.0000,50.0000,102.91,103.00,False
1791013179.4777,155.80,49.9955,50.0000,50.0000,102.91,103.00,False
1791013179.5739,155.90,49.9955,50.0000,50.0000,102.91,103.00,False
1791013179.6753,156.00,49.9955,50.0000,50.0000,102.91,103.00,False
1791013179.7771,156.10,49.9955,50.0000,50.0000,102.91,103.00,False
1791013179.8767,156.20,49.9955,50.0000,50.0000,102.91,103.00,False
1791013179.9748,156.30,49.9955,50.0000,50.0000,102.91,103.00,False
1791013180.0764,156.40,49.9955,50.0000,50.0000,102.91,103.00,False
1791013180.1754,156.50,49.9955,50.0000,50.0000,102.91,103.00,False
1791013180.2776,156.60,49.9955,50.0000,50.0000,102.91,103.00,False
1791013180.3781,156.70,49.9955,50.0000,50.0000,102.91,103.00,False
1791013180.4779,156.80,49.9955,50.0000,50.0000,102.91,103.00,False
1791013180.5760,156.90,49.9955,50.0000,50.0000,102.91,103.00,False
1791013180.6776,157.00,49.9955,50.0000,50.0000,102.91,103.00,False
1791013180.7822,157.10,49.9955,50.0000,50.0000,102.91,103.00,False
1791013180.8783,157.20,49.9955,50.0000,50.0000,102.91,103.00,False
1791013180.9761,157.30,49.9955,50.0000,50.0000,102.91,103.00,False
1791013181.0793,157.40,49.9955,50.0000,50.0000,102.91,103.00,False
1791013181.1776,157.50,49.9955,50.0000,50.0000,102.91,103.00,False
1791013181.2802,157.60,49.9955,50.0000,50.0000,102.91,103.00,False
1791013181.3812,157.70,49.9955,50.0000,50.0000,102.91,103.00,False
1791013181.4790,157.80,49.9955,50.0000,50.0000,102.91,103.00,False
1791013181.5792,157.90,49.9955,50.0000,50.0000,102.91,103.00,False
1791013181.6804,158.00,49.9955,50.0000,50.0000,102.91,103.00,False
1791013181.7801,158.10,49.9955,50.0000,50.0000,102.91,103.00,False
1791013181.8787,158.20,49.9955,50.0000,50.0000,102.91,103.00,False
1791013181.9807,158.30,49.9955,50.0000,50.0000,102.91,103.00,False
1791013182.0800,158.40,49.9955,50.0000,50.0000,102.91,103.00,False
1791013182.1799,158.50,49.9955,50.0000,50.0000,102.91,103.00,False
1791013182.2811,158.60,49.9955,50.0000,50.0000,102.91,103.00,False
1791013182.3825,158.70,49.9955,50.0000,50.0000,102.91,103.00,False
1791013182.4797,158.80,49.9955,50.0000,50.0000,102.91,103.00,False
1791013182.5804,158.90,49.9955,50.0000,50.0000,102.91,103.00,False
1791013182.6797,159.00,49.9955,50.0000,50.0000,102.91,103.00,False
1791013182.7816,159.10,49.9955,50.0000,50.0000,102.91,103.00,False
1791013182.8820,159.20,49.9955,50.0000,50.0000,102.91,103.00,False
1791013182.9813,159.30,49.9955,50.0000,50.0000,102.91,103.00,False
1791013183.0795,159.40,49.9955,50.0000,50.0000,102.91,103.00,False
1791013183.1816,159.50,49.9955,50.0000,50.0000,102.91,103.00,False
1791013183.2826,159.60,49.9955,50.0000,50.0000,102.91,103.00,False
1791013183.3861,159.70,49.9955,50.0000,50.0000,102.91,103.00,False
1791013183.4807,159.80,49.9955,50.0000,50.0000,102.91,103.00,False
1791013183.5819,159.90,49.9955,50.0000,50.0000,102.91,103.00,False
1791013183.6836,160.00,49.9955,50.0000,50.0000,102.91,103.00,False
1791013183.7836,160.10,49.9955,50.0000,50.0000,102.91,103.00,False
1791013183.8831,160.20,49.9955,50.0000,50.0000,102.91,103.00,False
1791013183.9850,160.30,49.9955,50.0000,50.0000,102.91,103.00,False
1791013184.0816,160.40,49.9955,50.0000,50.0000,102.91,103.00,False
1791013184.1834,160.50,49.9955,50.0000,50.0000,102.91,103.00,False
1791013184.2851,160.60,49.9955,50.0000,50.0000,102.91,103.00,False
1791013184.3839,160.70,49.9955,50.0000,50.0000,102.91,103.00,False
1791013184.4834,160.80,49.9955,50.0000,50.0000,102.91,103.00,False
1791013184.5834,160.90,49.9955,50.0000,50.0000,102.91,103.00,False
1791013184.6841,161.00,49.9955,50.0000,50.0000,102.91,103.00,False
1791013184.7835,161.10,49.9955,50.0000,50.0000,102.91,103.00,False
1791013184.8851,161.20,49.9955,50.0000,50.0000,102.91,103.00,False
1791013184.9866,161.30,49.9955,50.0000,50.0000,102.91,103.00,False
1791013185.0838,161.40,49.9955,50.0000,50.0000,102.91,103.00,False
1791013185.1827,161.50,49.9955,50.0000,50.0000,102.91,103.00,False
1791013185.2861,161.60,49.9955,50.0000,50.0000,102.91,103.00,False
1791013185.3845,161.70,49.9955,50.0000,50.0000,102.91,103.00,False
1791013185.4832,161.80,49.9955,50.0000,50.0000,102.91,103.00,False
1791013185.5816,161.90,49.9955,50.0000,50.0000,102.91,103.00,False
1791013185.6827,162.00,49.9955,50.0000,50.0000,102.91,103.00,False
1791013185.7843,162.10,49.9955,50.0000,50.0000,102.91,103.00,False
1791013185.8842,162.20,49.9955,50.0000,50.0000,102.91,103.00,False
1791013185.9839,162.30,49.9955,50.0000,50.0000,102.91,103.00,False
1791013186.0829,162.40,49.9955,50.0000,50.0000,102.91,103.00,False
1791013186.1831,162.50,49.9955,50.0000,50.0000,102.91,103.00,False
1791013186.2842,162.60,49.9955,50.0000,50.0000,102.91,103.00,False
1791013186.3855,162.70,49.9955,50.0000,50.0000,102.91,103.00,False
1791013186.4842,162.80,49.9955,50.0000,50.0000,102.91,103.00,False
1791013186.5847,162.90,49.9955,50.0000,50.0000,102.91,103.00,False
1791013186.6832,163.00,49.9955,50.0000,50.0000,102.91,103.00,False
1791013186.7840,163.10,49.9955,50.0000,50.0000,102.91,103.00,False
1791013186.8849,163.20,49.9955,50.0000,50.0000,102.91,103.00,False
1791013186.9842,163.30,49.9955,50.0000,50.0000,102.91,103.00,False
1791013187.0837,163.40,49.9955,50.0000,50.0000,102.91,103.00,False
1791013187.1847,163.50,49.9955,50.0000,50.0000,102.91,103.00,False
1791013187.2872,163.60,49.9955,50.0000,50.0000,102.91,103.00,False
1791013187.3854,163.70,49.9955,50.0000,50.0000,102.91,103.00,False
1791013187.4849,163.80,49.9955,50.0000,50.0000,102.91,103.00,False
1791013187.5828,163.90,49.9955,50.0000,50.0000,102.91,103.00,False
1791013187.6862,164.00,49.9955,50.0000,50.0000,102.91,103.00,False
1791013187.7839,164.10,49.9955,50.0000,50.0000,102.91,103.00,False
1791013187.8869,164.20,49.9955,50.0000,50.0000,102.91,103.00,False
1791013187.9831,164.30,49.9955,50.0000,50.0000,102.91,103.00,False
1791013188.0848,164.40,49.9955,50.0000,50.0000,102.91,103.00,False
1791013188.1890,164.50,49.9955,50.0000,50.0000,102.91,103.00,False
1791013188.2879,164.60,49.9955,50.0000,50.0000,102.91,103.00,False
1791013188.3843,164.70,49.9955,50.0000,50.0000,102.91,103.00,False
1791013188.4852,164.80,49.9955,50.0000,50.0000,102.91,103.00,False
1791013188.5868,164.90,49.9955,50.0000,50.0000,102.91,103.00,False
1791013188.6864,165.00,49.9955,50.0000,50.0000,102.91,103.00,False
1791013188.7881,165.10,49.9955,50.0000,50.0000,102.91,103.00,False
1791013188.8879,165.20,49.9955,50.0000,50.0000,102.91,103.00,False
1791013188.9860,165.30,49.9955,50.0000,50.0000,102.91,103.00,False
1791013189.0849,165.40,49.9955,50.0000,50.0000,102.91,103.00,False
1791013189.1874,165.50,49.9955,50.0000,50.0000,102.91,103.00,False
1791013189.2897,165.60,49.9955,50.0000,50.0000,102.91,103.00,False
1791013189.3923,165.70,49.9955,50.0000,50.0000,102.91,103.00,False
1791013189.4894,165.80,49.9955,50.0000,50.0000,102.91,103.00,False
1791013189.5890,165.90,49.9955,50.0000,50.0000,102.91,103.00,False
1791013189.6901,166.00,49.9955,50.0000,50.0000,102.91,103.00,False
1791013189.7914,166.10,49.9955,50.0000,50.0000,102.91,103.00,False
1791013189.8917,166.20,49.9955,50.0000,50.0000,102.91,103.00,False
1791013189.9885,166.30,49.9955,50.0000,50.0000,102.91,103.00,False
1791013190.0923,166.40,49.9955,50.0000,50.0000,102.91,103.00,False
1791013190.1895,166.50,49.9955,50.0000,50.0000,102.91,103.00,False
1791013190.2933,166.60,49.9955,50.0000,50.0000,102.91,103.00,False
1791013190.3909,166.70,49.9955,50.0000,50.0000,102.91,103.00,False
1791013190.4906,166.80,49.9955,50.0000,50.0000,102.91,103.00,False
1791013190.5890,166.90,49.9955,50.0000,50.0000,102.91,103.00,False
1791013190.6918,167.00,49.9955,50.0000,50.0000,102.91,103.00,False
1791013190.7916,167.10,49.9955,50.0000,50.0000,102.91,103.00,False
1791013190.8927,167.20,49.9955,50.0000,50.0000,102.91,103.00,False
1791013190.9897,167.30,49.9955,50.0000,50.0000,102.91,103.00,False
1791013191.0915,167.40,49.9955,50.0000,50.0000,102.91,103.00,False
1791013191.1934,167.50,49.9955,50.0000,50.0000,102.91,103.00,False
1791013191.2905,167.60,49.9955,50.0000,50.0000,102.91,103.00,False
1791013191.3935,167.70,49.9955,50.0000,50.0000,102.91,103.00,False
1791013191.4913,167.80,49.9955,50.0000,50.0000,102.91,103.00,False
1791013191.5893,167.90,49.9955,50.0000,50.0000,102.91,103.00,False
1791013191.6907,168.00,49.9955,50.0000,50.0000,102.91,103.00,False
1791013191.7936,168.10,49.9955,50.0000,50.0000,102.91,103.00,False
1791013191.8961,168.20,49.9955,50.0000,50.0000,102.91,103.00,False
1791013191.9906,168.30,49.9955,50.0000,50.0000,102.91,103.00,False
1791013192.0917,168.40,49.9955,50.0000,50.0000,102.91,103.00,False
1791013192.1949,168.50,49.9955,50.0000,50.0000,102.91,103.00,False
1791013192.2938,168.60,49.9955,50.0000,50.0000,102.91,103.00,False
1791013192.3924,168.70,49.9955,50.0000,50.0000,102.91,103.00,False
1791013192.4918,168.80,49.9955,50.0000,50.0000,102.91,103.00,False
1791013192.5921,168.90,49.9955,50.0000,50.0000,102.91,103.00,False
1791013192.6971,169.00,49.9955,50.0000,50.0000,102.91,103.00,False
1791013192.7945,169.10,49.9955,50.0000,50.0000,102.91,103.00,False
1791013192.8925,169.20,49.9955,50.0000,50.0000,102.91,103.00,False
1791013192.9941,169.30,49.9955,50.0000,50.0000,102.91,103.00,False
1791013193.0937,169.40,49.9955,50.0000,50.0000,102.91,103.00,False
1791013193.1951,169.50,49.9955,50.0000,50.0000,102.91,103.00,False
1791013193.2923,169.60,49.9955,50.0000,50.0000,102.91,103.00,False
1791013193.3952,169.70,49.9955,50.0000,50.0000,102.91,103.00,False
1791013193.4917,169.80,49.9955,50.0000,50.0000,102.91,103.00,False
1791013193.5923,169.90,49.9955,50.0000,50.0000,102.91,103.00,False
1791013193.6924,170.00,49.9955,50.0000,50.0000,102.91,103.00,False
1791013193.7934,170.10,49.9955,50.0000,50.0000,102.91,103.00,False
1791013193.8948,170.20,49.9955,50.0000,50.0000,102.91,103.00,False
1791013193.9945,170.30,49.9955,50.0000,50.0000,102.91,103.00,False
1791013194.0927,170.40,49.9955,50.0000,50.0000,102.91,103.00,False
1791013194.1973,170.50,49.9955,50.0000,50.0000,102.91,103.00,False
1791013194.2927,170.60,49.9955,50.0000,50.0000,102.91,103.00,False
1791013194.3950,170.70,49.9955,50.0000,50.0000,102.91,103.00,False
1791013194.4919,170.80,49.9955,50.0000,50.0000,102.91,103.00,False
1791013194.5942,170.90,49.9955,50.0000,50.0000,102.91,103.00,False
1791013194.6946,171.00,49.9955,50.0000,50.0000,102.91,103.00,False
1791013194.7941,171.10,49.9955,50.0000,50.0000,102.91,103.00,False
1791013194.8934,171.20,49.9955,50.0000,50.0000,102.91,103.00,False
1791013194.9934,171.30,49.9955,50.0000,50.0000,102.91,103.00,False
1791013195.0926,171.40,49.9955,50.0000,50.0000,102.91,103.00,False
1791013195.1953,171.50,49.9955,50.0000,50.0000,102.91,103.00,False
1791013195.2955,171.60,49.9955,50.0000,50.0000,102.91,103.00,False
1791013195.3964,171.70,49.9955,50.0000,50.0000,102.91,103.00,False
1791013195.4943,171.80,49.9955,50.0000,50.0000,102.91,103.00,False
1791013195.5940,171.90,49.9955,50.0000,50.0000,102.91,103.00,False
1791013195.6936,172.00,49.9955,50.0000,50.0000,102.91,103.00,False
1791013195.7969,172.10,49.9955,50.0000,50.0000,102.91,103.00,False
1791013195.8960,172.20,49.9955,50.0000,50.0000,102.91,103.00,False
1791013195.9928,172.30,49.9955,50.0000,50.0000,102.91,103.00,False
1791013196.0919,172.40,49.9955,50.0000,50.0000,102.91,103.00,False
1791013196.1972,172.50,49.9955,50.0000,50.0000,102.91,103.00,False
1791013196.3008,172.60,49.9955,50.0000,50.0000,102.91,103.00,False
1791013196.3964,172.70,49.9955,50.0000,50.0000,102.91,103.00,False
1791013196.4928,172.80,49.9955,50.0000,50.0000,102.91,103.00,False
1791013196.5927,172.90,49.9955,50.0000,50.0000,102.91,103.00,False
1791013196.6972,173.00,49.9955,50.0000,50.0000,102.91,103.00,False
1791013196.7966,173.10,49.9955,50.0000,50.0000,102.91,103.00,False
1791013196.8951,173.20,49.9955,50.0000,50.0000,102.91,103.00,False
1791013196.9966,173.30,49.9955,50.0000,50.0000,102.91,103.00,False
1791013197.0941,173.40,49.9955,50.0000,50.0000,102.91,103.00,False
1791013197.1982,173.50,49.9955,50.0000,50.0000,102.91,103.00,False
1791013197.2960,173.60,49.9955,50.0000,50.0000,102.91,103.00,False
1791013197.3965,173.70,49.9955,50.0000,50.0000,102.91,103.00,False
1791013197.4947,173.80,49.9955,50.0000,50.0000,102.91,103.00,False
1791013197.5953,173.90,49.9955,50.0000,50.0000,102.91,103.00,False
1791013197.6963,174.00,49.9955,50.0000,50.0000,102.91,103.00,False
1791013197.7994,174.10,49.9955,50.0000,50.0000,102.91,103.00,False
1791013197.8973,174.20,49.9955,50.0000,50.0000,102.91,103.00,False
1791013197.9964,174.30,49.9955,50.0000,50.0000,102.91,103.00,False
1791013198.0975,174.40,49.9955,50.0000,50.0000,102.91,103.00,False
1791013198.1994,174.50,49.9955,50.0000,50.0000,102.91,103.00,False
1791013198.2998,174.60,49.9955,50.0000,50.0000,102.91,103.00,False
1791013198.3980,174.70,49.9955,50.0000,50.0000,102.91,103.00,False
1791013198.4961,174.80,49.9955,50.0000,50.0000,102.91,103.00,False
1791013198.5960,174.90,49.9955,50.0000,50.0000,102.91,103.00,False
1791013198.6990,175.00,49.9955,50.0000,50.0000,102.91,103.00,False
1791013198.8002,175.10,49.9955,50.0000,50.0000,102.91,103.00,False
1791013198.8969,175.20,49.9955,50.0000,50.0000,102.91,103.00,False
1791013199.0010,175.30,49.9955,50.0000,50.0000,102.91,103.00,False
1791013199.0989,175.40,49.9955,50.0000,50.0000,102.91,103.00,False
1791013199.2006,175.50,49.9955,50.0000,50.0000,102.91,103.00,False
1791013199.2989,175.60,49.9955,50.0000,50.0000,102.91,103.00,False
1791013199.3983,175.70,49.9955,50.0000,50.0000,102.91,103.00,False
1791013199.4992,175.80,49.9955,50.0000,50.0000,102.91,103.00,False
1791013199.6024,175.90,49.9955,50.0000,50.0000,102.91,103.00,False
1791013199.6995,176.00,49.9955,50.0000,50.0000,102.91,103.00,False
1791013199.8001,176.10,49.9955,50.0000,50.0000,102.91,103.00,False
1791013199.9017,176.20,49.9955,50.0000,50.0000,102.91,103.00,False
1791013200.0009,176.30,49.9955,50.0000,50.0000,102.91,103.00,False
1791013200.1019,176.40,49.9955,50.0000,50.0000,102.91,103.00,False
1791013200.2011,176.50,49.9955,50.0000,50.0000,102.91,103.00,False
1791013200.3017,176.60,49.9955,50.0000,50.0000,102.91,103.00,False
1791013200.4019,176.70,49.9955,50.0000,50.0000,102.91,103.00,False
1791013200.4996,176.80,49.9955,50.0000,50.0000,102.91,103.00,False
1791013200.6012,176.90,49.9955,50.0000,50.0000,102.91,103.00,False
1791013201.6523,177.00,49.9955,50.0000,50.0000,102.91,103.00,False
1791013201.7528,177.10,49.9955,50.0000,50.0000,102.91,103.00,False
1791013201.8507,177.20,49.9955,50.0000,50.0000,102.91,103.00,False
1791013201.9492,177.30,49.9955,50.0000,50.0000,102.91,103.00,False
1791013202.0539,177.40,49.9955,50.0000,50.0000,102.91,103.00,False
1791013202.1508,177.50,49.9955,50.0000,50.0000,102.91,103.00,False
1791013202.2537,177.60,49.9955,50.0000,50.0000,102.91,103.00,False
1791013202.3511,177.70,49.9955,50.0000,50.0000,102.91,103.00,False
1791013202.4510,177.80,49.9955,50.0000,50.0000,102.91,103.00,False
1791013202.5513,177.90,49.9955,50.0000,50.0000,102.91,103.00,False
1791013202.6513,178.00,49.9955,50.0000,50.0000,102.91,103.00,False
1791013202.7494,178.10,49.9955,50.0000,50.0000,102.91,103.00,False
1791013202.8513,178.20,49.9955,50.0000,50.0000,102.91,103.00,False
1791013202.9502,178.30,49.9955,50.0000,50.0000,102.91,103.00,False
1791013203.0517,178.40,49.9955,50.0000,50.0000,102.91,103.00,False
1791013203.1511,178.50,49.9955,50.0000,50.0000,102.91,103.00,False
1791013203.2528,178.60,49.9955,50.0000,50.0000,102.91,103.00,False
1791013203.3500,178.70,49.9955,50.0000,50.0000,102.91,103.00,False
1791013203.4499,178.80,49.9955,50.0000,50.0000,102.91,103.00,False
1791013203.5523,178.90,49.9955,50.0000,50.0000,102.91,103.00,False
1791013203.6534,179.00,49.9955,50.0000,50.0000,102.91,103.00,False
1791013203.7556,179.10,49.9955,50.0000,50.0000,102.91,103.00,False
1791013203.8554,179.20,49.9955,50.0000,50.0000,102.91,103.00,False
1791013203.9516,179.30,49.9955,50.0000,50.0000,102.91,103.00,False
1791013204.0571,179.40,49.9955,50.0000,50.0000,102.91,103.00,False
1791013204.1546,179.50,49.9955,50.0000,50.0000,102.91,103.00,False
1791013204.2559,179.60,49.9955,50.0000,50.0000,102.91,103.00,False
1791013204.3523,179.70,49.9955,50.0000,50.0000,102.91,103.00,False
1791013204.4540,179.80,49.9955,50.0000,50.0000,102.91,103.00,False
1791013204.5533,179.90,49.9955,50.0000,50.0000,102.91,103.00,False
1791013204.6556,180.00,49.9955,50.0000,50.0000,102.91,103.00,False
1791013204.7540,180.10,49.9955,50.0000,50.0000,102.91,103.00,False
1791013204.8526,180.20,49.9955,50.0000,50.0000,102.91,103.00,False
1791013204.9513,180.30,49.9955,50.0000,50.0000,102.91,103.00,False
1791013205.0572,180.40,49.9955,50.0000,50.0000,102.91,103.00,False
1791013205.1572,180.50,49.9955,50.0000,50.0000,102.91,103.00,False
1791013205.2580,180.60,49.9955,50.0000,50.0000,102.91,103.00,False
1791013205.3615,180.70,49.9955,50.0000,50.0000,102.91,103.00,False
1791013205.4585,180.80,49.9955,50.0000,50.0000,102.91,103.00,False
1791013205.5569,180.90,49.9955,50.0000,50.0000,102.91,103.00,False
1791013205.6652,181.00,49.9955,50.0000,50.0000,102.91,103.00,False
1791013205.7588,181.10,49.9955,50.0000,50.0000,102.91,103.00,False
1791013205.8586,181.20,49.9955,50.0000,50.0000,102.91,103.00,False
1791013205.9583,181.30,49.9955,50.0000,50.0000,102.91,103.00,False
1791013206.0575,181.40,49.9955,50.0000,50.0000,102.91,103.00,False
1791013206.1576,181.50,49.9955,50.0000,50.0000,102.91,103.00,False
1791013206.2589,181.60,49.9955,50.0000,50.0000,102.91,103.00,False
1791013206.3581,181.70,49.9955,50.0000,50.0000,102.91,103.00,False
1791013206.4572,181.80,49.9955,50.0000,50.0000,102.91,103.00,False
1791013206.5600,181.90,49.9955,50.0000,50.0000,102.91,103.00,False
1791013206.6636,182.00,49.9955,50.0000,50.0000,102.91,103.00,False
1791013206.7622,182.10,49.9955,50.0000,50.0000,102.91,103.00,False
1791013206.8596,182.20,49.9955,50.0000,50.0000,102.91,103.00,False
1791013206.9603,182.30,49.9955,50.0000,50.0000,102.91,103.00,False
1791013207.0564,182.40,49.9955,50.0000,50.0000,102.91,103.00,False
1791013207.1571,182.50,49.9955,50.0000,50.0000,102.91,103.00,False
1791013207.2576,182.60,49.9955,50.0000,50.0000,102.91,103.00,False
1791013207.3552,182.70,49.9955,50.0000,50.0000,102.91,103.00,False
1791013207.4558,182.80,49.9955,50.0000,50.0000,102.91,103.00,False
1791013207.5589,182.90,49.9955,50.0000,50.0000,102.91,103.00,False
1791013207.6635,183.00,49.9955,50.0000,50.0000,102.91,103.00,False
1791013207.7572,183.10,49.9955,50.0000,50.0000,102.91,103.00,False
1791013207.8565,183.20,49.9955,50.0000,50.0000,102.91,103.00,False
1791013207.9588,183.30,49.9955,50.0000,50.0000,102.91,103.00,False
1791013208.0580,183.40,49.9955,50.0000,50.0000,102.91,103.00,False
1791013208.1566,183.50,49.9955,50.0000,50.0000,102.91,103.00,False
1791013208.2584,183.60,49.9955,50.0000,50.0000,102.91,103.00,False
1791013208.3590,183.70,49.9955,50.0000,50.0000,102.91,103.00,False
1791013208.4562,183.80,49.9955,50.0000,50.0000,102.91,103.00,False
1791013208.5598,183.90,49.9955,50.0000,50.0000,102.91,103.00,False
1791013208.6613,184.00,49.9955,50.0000,50.0000,102.91,103.00,False
1791013208.7589,184.10,49.9955,50.0000,50.0000,102.91,103.00,False
1791013208.8588,184.20,49.9955,50.0000,50.0000,102.91,103.00,False
1791013208.9564,184.30,49.9955,50.0000,50.0000,102.91,103.00,False
1791013209.0598,184.40,49.9955,50.0000,50.0000,102.91,103.00,False
1791013209.1603,184.50,49.9955,50.0000,50.0000,102.91,103.00,False
1791013209.2597,184.60,49.9955,50.0000,50.0000,102.91,103.00,False
1791013209.3588,184.70,49.9955,50.0000,50.0000,102.91,103.00,False
1791013209.4596,184.80,49.9955,50.0000,50.0000,102.91,103.00,False
1791013209.5620,184.90,49.9955,50.0000,50.0000,102.91,103.00,False
1791013209.6637,185.00,49.9955,50.0000,50.0000,102.91,103.00,False
1791013209.7605,185.10,49.9955,50.0000,50.0000,102.91,103.00,False
1791013209.8610,185.20,49.9955,50.0000,50.0000,102.91,103.00,False
1791013209.9594,185.30,49.9955,50.0000,50.0000,102.91,103.00,False
1791013210.0611,185.40,49.9955,50.0000,50.0000,102.91,103.00,False
1791013210.1591,185.50,49.9955,50.0000,50.0000,102.91,103.00,False
1791013210.2635,185.60,49.9955,50.0000,50.0000,102.91,103.00,False
1791013210.3597,185.70,49.9955,50.0000,50.0000,102.91,103.00,False
1791013210.4597,185.80,49.9955,50.0000,50.0000,102.91,103.00,False
1791013210.5579,185.90,49.9955,50.0000,50.0000,102.91,103.00,False
1791013210.6607,186.00,49.9955,50.0000,50.0000,102.91,103.00,False
1791013210.7595,186.10,49.9955,50.0000,50.0000,102.91,103.00,False
1791013210.8590,186.20,49.9955,50.0000,50.0000,102.91,103.00,False
1791013210.9573,186.30,49.9955,50.0000,50.0000,102.91,103.00,False
1791013211.0605,186.40,49.9955,50.0000,50.0000,102.91,103.00,False
1791013211.1596,186.50,49.9955,50.0000,50.0000,102.91,103.00,False
1791013211.2598,186.60,49.9955,50.0000,50.0000,102.91,103.00,False
1791013211.3569,186.70,49.9955,50.0000,50.0000,102.91,103.00,False
1791013211.4591,186.80,49.9955,50.0000,50.0000,102.91,103.00,False
1791013211.5608,186.90,49.9955,50.0000,50.0000,102.91,103.00,False
1791013211.6612,187.00,49.9955,50.0000,50.0000,102.91,103.00,False
1791013211.7583,187.10,49.9955,50.0000,50.0000,102.91,103.00,False
1791013211.8608,187.20,49.9955,50.0000,50.0000,102.91,103.00,False
1791013211.9578,187.30,49.9955,50.0000,50.0000,102.91,103.00,False
1791013212.0606,187.40,49.9955,50.0000,50.0000,102.91,103.00,False
1791013212.1595,187.50,49.9955,50.0000,50.0000,102.91,103.00,False
1791013212.2609,187.60,49.9955,50.0000,50.0000,102.91,103.00,False
1791013212.3632,187.70,49.9955,50.0000,50.0000,102.91,103.00,False
1791013212.4596,187.80,49.9955,50.0000,50.0000,102.91,103.00,False
1791013212.5602,187.90,49.9955,50.0000,50.0000,102.91,103.00,False
1791013212.6627,188.00,49.9955,50.0000,50.0000,102.91,103.00,False
1791013212.7615,188.10,49.9955,50.0000,50.0000,102.91,103.00,False
1791013212.8597,188.20,49.9955,50.0000,50.0000,102.91,103.00,False
1791013212.9610,188.30,49.9955,50.0000,50.0000,102.91,103.00,False
1791013213.0614,188.40,49.9955,50.0000,50.0000,102.91,103.00,False
1791013213.1621,188.50,49.9955,50.0000,50.0000,102.91,103.00,False
1791013213.2605,188.60,49.9955,50.0000,50.0000,102.91,103.00,False
1791013213.3602,188.70,49.9955,50.0000,50.0000,102.91,103.00,False
1791013213.4629,188.80,49.9955,50.0000,50.0000,102.91,103.00,False
1791013213.5665,188.90,49.9955,50.0000,50.0000,102.91,103.00,False
1791013213.6650,189.00,49.9955,50.0000,50.0000,102.91,103.00,False
1791013213.7631,189.10,49.9955,50.0000,50.0000,102.91,103.00,False
1791013213.8641,189.20,49.9955,50.0000,50.0000,102.91,103.00,False
1791013213.9664,189.30,49.9955,50.0000,50.0000,102.91,103.00,False
1791013214.0663,189.40,49.9955,50.0000,50.0000,102.91,103.00,False
1791013214.1636,189.50,49.9955,50.0000,50.0000,102.91,103.00,False
1791013214.2657,189.60,49.9955,50.0000,50.0000,102.91,103.00,False
1791013214.3644,189.70,49.9955,50.0000,50.0000,102.91,103.00,False
1791013214.4658,189.80,49.9955,50.0000,50.0000,102.91,103.00,False
1791013214.5679,189.90,49.9955,50.0000,50.0000,102.91,103.00,False
1791013214.6678,190.00,49.9955,50.0000,50.0000,102.91,103.00,False
1791013214.7633,190.10,49.9955,50.0000,50.0000,102.91,103.00,False
1791013214.8651,190.20,49.9955,50.0000,50.0000,102.91,103.00,False
1791013214.9658,190.30,49.9955,50.0000,50.0000,102.91,103.00,False
1791013215.0659,190.40,49.9955,50.0000,50.0000,102.91,103.00,False
1791013215.1676,190.50,49.9955,50.0000,50.0000,102.91,103.00,False
1791013215.2682,190.60,49.9955,50.0000,50.0000,102.91,103.00,False
1791013215.3636,190.70,49.9955,50.0000,50.0000,102.91,103.00,False
1791013215.4679,190.80,49.9955,50.0000,50.0000,102.91,103.00,False
1791013215.5671,190.90,49.9955,50.0000,50.0000,102.91,103.00,False
1791013215.6679,191.00,49.9955,50.0000,50.0000,102.91,103.00,False
1791013215.7650,191.10,49.9955,50.0000,50.0000,102.91,103.00,False
1791013215.8643,191.20,49.9955,50.0000,50.0000,102.91,103.00,False
1791013215.9679,191.30,49.9955,50.0000,50.0000,102.91,103.00,False
1791013216.0686,191.40,49.9955,50.0000,50.0000,102.91,103.00,False
1791013216.1675,191.50,49.9955,50.0000,50.0000,102.91,103.00,False
1791013216.2659,191.60,49.9955,50.0000,50.0000,102.91,103.00,False
1791013216.3671,191.70,49.9955,50.0000,50.0000,102.91,103.00,False
1791013216.4691,191.80,49.9955,50.0000,50.0000,102.91,103.00,False
1791013216.5693,191.90,49.9955,50.0000,50.0000,102.91,103.00,False
1791013216.6663,192.00,49.9955,50.0000,50.0000,102.91,103.00,False
1791013216.7669,192.10,49.9955,50.0000,50.0000,102.91,103.00,False
1791013216.8712,192.20,49.9955,50.0000,50.0000,102.91,103.00,False
1791013216.9676,192.30,49.9955,50.0000,50.0000,102.91,103.00,False
1791013217.0668,192.40,49.9955,50.0000,50.0000,102.91,103.00,False
1791013217.1704,192.50,49.9955,50.0000,50.0000,102.91,103.00,False
1791013217.2672,192.60,49.9955,50.0000,50.0000,102.91,103.00,False
1791013217.3703,192.70,49.9955,50.0000,50.0000,102.91,103.00,False
1791013217.4703,192.80,49.9955,50.0000,50.0000,102.91,103.00,False
1791013217.5695,192.90,49.9955,50.0000,50.0000,102.91,103.00,False
1791013217.6715,193.00,49.9955,50.0000,50.0000,102.91,103.00,False
1791013217.7698,193.10,49.9955,50.0000,50.0000,102.91,103.00,False
1791013217.8657,193.20,49.9955,50.0000,50.0000,102.91,103.00,False
1791013217.9697,193.30,49.9955,50.0000,50.0000,102.91,103.00,False
1791013218.0700,193.40,49.9955,50.0000,50.0000,102.91,103.00,False
1791013218.1732,193.50,49.9955,50.0000,50.0000,102.91,103.00,False
1791013218.2685,193.60,49.9955,50.0000,50.0000,102.91,103.00,False
1791013218.3709,193.70,49.9955,50.0000,50.0000,102.91,103.00,False
1791013218.4699,193.80,49.9955,50.0000,50.0000,102.91,103.00,False
1791013218.5688,193.90,49.9955,50.0000,50.0000,102.91,103.00,False
1791013218.6681,194.00,49.9955,50.0000,50.0000,102.91,103.00,False
1791013218.7673,194.10,49.9955,50.0000,50.0000,102.91,103.00,False
1791013218.8678,194.20,49.9955,50.0000,50.0000,102.91,103.00,False
1791013218.9698,194.30,49.9955,50.0000,50.0000,102.91,103.00,False
1791013219.0669,194.40,49.9955,50.0000,50.0000,102.91,103.00,False
1791013219.1705,194.50,49.9955,50.0000,50.0000,102.91,103.00,False
1791013219.2674,194.60,49.9955,50.0000,50.0000,102.91,103.00,False
1791013219.3682,194.70,49.9955,50.0000,50.0000,102.91,103.00,False
1791013219.4696,194.80,49.9955,50.0000,50.0000,102.91,103.00,False
1791013219.5680,194.90,49.9955,50.0000,50.0000,102.91,103.00,False
1791013219.6695,195.00,49.9955,50.0000,50.0000,102.91,103.00,False
1791013219.7685,195.10,49.9955,50.0000,50.0000,102.91,103.00,False
1791013219.8668,195.20,49.9955,50.0000,50.0000,102.91,103.00,False
1791013219.9731,195.30,49.9955,50.0000,50.0000,102.91,103.00,False
1791013220.0768,195.40,49.9955,50.0000,50.0000,102.91,103.00,False
1791013220.1708,195.50,49.9955,50.0000,50.0000,102.91,103.00,False
1791013220.2685,195.60,49.9955,50.0000,50.0000,102.91,103.00,False
1791013220.3697,195.70,49.9955,50.0000,50.0000,102.91,103.00,False
1791013220.4742,195.80,49.9955,50.0000,50.0000,102.91,103.00,False
1791013220.5712,195.90,49.9955,50.0000,50.0000,102.91,103.00,False
1791013220.6695,196.00,49.9955,50.0000,50.0000,102.91,103.00,False
1791013220.7703,196.10,49.9955,50.0000,50.0000,102.91,103.00,False
1791013220.8696,196.20,49.9955,50.0000,50.0000,102.91,103.00,False
1791013220.9716,196.30,49.9955,50.0000,50.0000,102.91,103.00,False
1791013221.0712,196.40,49.9955,50.0000,50.0000,102.91,103.00,False
1791013221.1742,196.50,49.9955,50.0000,50.0000,102.91,103.00,False
1791013221.2695,196.60,49.9955,50.0000,50.0000,102.91,103.00,False
1791013221.3725,196.70,49.9955,50.0000,50.0000,102.91,103.00,False
1791013221.4707,196.80,49.9955,50.0000,50.0000,102.91,103.00,False
1791013221.5726,196.90,49.9955,50.0000,50.0000,102.91,103.00,False
1791013221.6727,197.00,49.9955,50.0000,50.0000,102.91,103.00,False
1791013221.7720,197.10,49.9955,50.0000,50.0000,102.91,103.00,False
1791013221.8740,197.20,49.9955,50.0000,50.0000,102.91,103.00,False
1791013221.9744,197.30,49.9955,50.0000,50.0000,102.91,103.00,False
1791013222.0750,197.40,49.9955,50.0000,50.0000,102.91,103.00,False
1791013222.1732,197.50,49.9955,50.0000,50.0000,102.91,103.00,False
1791013222.2735,197.60,49.9955,50.0000,50.0000,102.91,103.00,False
1791013222.3763,197.70,49.9955,50.0000,50.0000,102.91,103.00,False
1791013222.4745,197.80,49.9955,50.0000,50.0000,102.91,103.00,False
1791013222.5774,197.90,49.9955,50.0000,50.0000,102.91,103.00,False
1791013222.6722,198.00,49.9955,50.0000,50.0000,102.91,103.00,False
1791013222.7738,198.10,49.9955,50.0000,50.0000,102.91,103.00,False
1791013222.8768,198.20,49.9955,50.0000,50.0000,102.91,103.00,False
1791013222.9767,198.30,49.9955,50.0000,50.0000,102.91,103.00,False
1791013223.0770,198.40,49.9955,50.0000,50.0000,102.91,103.00,False
1791013223.1748,198.50,49.9955,50.0000,50.0000,102.91,103.00,False
1791013223.2738,198.60,49.9955,50.0000,50.0000,102.91,103.00,False
1791013223.3800,198.70,49.9955,50.0000,50.0000,102.91,103.00,False
1791013223.4759,198.80,49.9955,50.0000,50.0000,102.91,103.00,False
1791013223.5755,198.90,49.9955,50.0000,50.0000,102.91,103.00,False
1791013223.6753,199.00,49.9955,50.0000,50.0000,102.91,103.00,False
1791013223.7778,199.10,49.9955,50.0000,50.0000,102.91,103.00,False
1791013223.8783,199.20,49.9955,50.0000,50.0000,102.91,103.00,False
1791013223.9817,199.30,49.9955,50.0000,50.0000,102.91,103.00,False
1791013224.0792,199.40,49.9955,50.0000,50.0000,102.91,103.00,False
1791013224.1774,199.50,49.9955,50.0000,50.0000,102.91,103.00,False
1791013224.2754,199.60,49.9955,50.0000,50.0000,102.91,103.00,False
1791013224.3750,199.70,49.9955,50.0000,50.0000,102.91,103.00,False
1791013224.4778,199.80,49.9955,50.0000,50.0000,102.91,103.00,False
1791013224.5790,199.90,49.9955,50.0000,50.0000,102.91,103.00,False
1791013224.6785,200.00,49.9955,50.0000,50.0000,102.91,103.00,False
1791013224.7750,200.10,49.9955,50.0000,50.0000,102.91,103.00,False
1791013224.8780,200.20,49.9955,50.0000,50.0000,102.91,103.00,False
1791013224.9767,200.30,49.9955,50.0000,50.0000,102.91,103.00,False
1791013225.0794,200.40,49.9955,50.0000,50.0000,102.91,103.00,False
1791013225.1768,200.50,49.9955,50.0000,50.0000,102.91,103.00,False
1791013225.2787,200.60,49.9955,50.0000,50.0000,102.91,103.00,False
1791013225.3779,200.70,49.9955,50.0000,50.0000,102.91,103.00,False
1791013225.4795,200.80,49.9955,50.0000,50.0000,102.91,103.00,False
1791013225.5793,200.90,49.9955,50.0000,50.0000,102.91,103.00,False
1791013225.6798,201.00,49.9955,50.0000,50.0000,102.91,103.00,False
1791013225.7780,201.10,49.9955,50.0000,50.0000,102.91,103.00,False
1791013225.8805,201.20,49.9955,50.0000,50.0000,102.91,103.00,False
1791013225.9788,201.30,49.9955,50.0000,50.0000,102.91,103.00,False
1791013226.0805,201.40,49.9955,50.0000,50.0000,102.91,103.00,False
1791013226.1802,201.50,49.9955,50.0000,50.0000,102.91,103.00,False
1791013226.2808,201.60,49.9955,50.0000,50.0000,102.91,103.00,False
1791013226.3823,201.70,49.9955,50.0000,50.0000,102.91,103.00,False
1791013226.4783,201.80,49.9955,50.0000,50.0000,102.91,103.00,False
1791013226.5801,201.90,49.9955,50.0000,50.0000,102.91,103.00,False
1791013226.6788,202.00,49.9955,50.0000,50.0000,102.91,103.00,False
1791013226.7774,202.10,49.9955,50.0000,50.0000,102.91,103.00,False
1791013226.8771,202.20,49.9955,50.0000,50.0000,102.91,103.00,False
1791013226.9803,202.30,49.9955,50.0000,50.0000,102.91,103.00,False
1791013227.0828,202.40,49.9955,50.0000,50.0000,102.91,103.00,False
1791013227.1794,202.50,49.9955,50.0000,50.0000,102.91,103.00,False
1791013227.2776,202.60,49.9955,50.0000,50.0000,102.91,103.00,False
1791013227.3815,202.70,49.9955,50.0000,50.0000,102.91,103.00,False
1791013227.4821,202.80,49.9955,50.0000,50.0000,102.91,103.00,False
1791013227.5799,202.90,49.9955,50.0000,50.0000,102.91,103.00,False
1791013227.6776,203.00,49.9955,50.0000,50.0000,102.91,103.00,False
1791013227.7783,203.10,49.9955,50.0000,50.0000,102.91,103.00,False
1791013227.8827,203.20,49.9955,50.0000,50.0000,102.91,103.00,False
1791013227.9801,203.30,49.9955,50.0000,50.0000,102.91,103.00,False
1791013228.0798,203.40,49.9955,50.0000,50.0000,102.91,103.00,False
1791013228.1789,203.50,49.9955,50.0000,50.0000,102.91,103.00,False
1791013228.2811,203.60,49.9955,50.0000,50.0000,102.91,103.00,False
1791013228.3816,203.70,49.9955,50.0000,50.0000,102.91,103.00,False
1791013228.4807,203.80,49.9955,50.0000,50.0000,102.91,103.00,False
1791013228.5816,203.90,49.9955,50.0000,50.0000,102.91,103.00,False
1791013228.6819,204.00,49.9955,50.0000,50.0000,102.91,103.00,False
1791013228.7818,204.10,49.9955,50.0000,50.0000,102.91,103.00,False
1791013228.8798,204.20,49.9955,50.0000,50.0000,102.91,103.00,False
1791013228.9832,204.30,49.9955,50.0000,50.0000,102.91,103.00,False
1791013229.0807,204.40,49.9955,50.0000,50.0000,102.91,103.00,False
1791013229.1796,204.50,49.9955,50.0000,50.0000,102.91,103.00,False
1791013229.2804,204.60,49.9955,50.0000,50.0000,102.91,103.00,False
1791013229.3818,204.70,49.9955,50.0000,50.0000,102.91,103.00,False
1791013229.4815,204.80,49.9955,50.0000,50.0000,102.91,103.00,False
1791013229.5812,204.90,49.9955,50.0000,50.0000,102.91,103.00,False
1791013229.6784,205.00,49.9955,50.0000,50.0000,102.91,103.00,False
1791013229.7820,205.10,49.9955,50.0000,50.0000,102.91,103.00,False
1791013229.8818,205.20,49.9955,50.0000,50.0000,102.91,103.00,False
1791013229.9835,205.30,49.9955,50.0000,50.0000,102.91,103.00,False
1791013230.0807,205.40,49.9955,50.0000,50.0000,102.91,103.00,False
1791013230.1818,205.50,49.9955,50.0000,50.0000,102.91,103.00,False
1791013230.2850,205.60,49.9955,50.0000,50.0000,102.91,103.00,False
1791013230.3834,205.70,49.9955,50.0000,50.0000,102.91,103.00,False
1791013230.4834,205.80,49.9955,50.0000,50.0000,102.91,103.00,False
1791013230.5844,205.90,49.9955,50.0000,50.0000,102.91,103.00,False
1791013230.6837,206.00,49.9955,50.0000,50.0000,102.91,103.00,False
1791013230.7855,206.10,49.9955,50.0000,50.0000,102.91,103.00,False
1791013230.8829,206.20,49.9955,50.0000,50.0000,102.91,103.00,False
1791013230.9862,206.30,49.9955,50.0000,50.0000,102.91,103.00,False
1791013231.0826,206.40,49.9955,50.0000,50.0000,102.91,103.00,False
1791013231.1834,206.50,49.9955,50.0000,50.0000,102.91,103.00,False
1791013231.2827,206.60,49.9955,50.0000,50.0000,102.91,103.00,False
1791013231.3876,206.70,49.9955,50.0000,50.0000,102.91,103.00,False
1791013231.4853,206.80,49.9955,50.0000,50.0000,102.91,103.00,False
1791013231.5844,206.90,49.9955,50.0000,50.0000,102.91,103.00,False
1791013231.6814,207.00,49.9955,50.0000,50.0000,102.91,103.00,False
1791013231.7867,207.10,49.9955,50.0000,50.0000,102.91,103.00,False
1791013231.8924,207.20,49.9955,50.0000,50.0000,102.91,103.00,False
1791013231.9875,207.30,49.9955,50.0000,50.0000,102.91,103.00,False
1791013232.0848,207.40,49.9955,50.0000,50.0000,102.91,103.00,False
1791013232.1834,207.50,49.9955,50.0000,50.0000,102.91,103.00,False
1791013232.2859,207.60,49.9955,50.0000,50.0000,102.91,103.00,False
1791013232.3872,207.70,49.9955,50.0000,50.0000,102.91,103.00,False
1791013232.4873,207.80,49.9955,50.0000,50.0000,102.91,103.00,False
1791013232.5848,207.90,49.9955,50.0000,50.0000,102.91,103.00,False
1791013232.6854,208.00,49.9955,50.0000,50.0000,102.91,103.00,False
1791013232.7877,208.10,49.9955,50.0000,50.0000,102.91,103.00,False
1791013232.8868,208.20,49.9955,50.0000,50.0000,102.91,103.00,False
1791013232.9873,208.30,49.9955,50.0000,50.0000,102.91,103.00,False
1791013233.0883,208.40,49.9955,50.0000,50.0000,102.91,103.00,False
1791013233.1874,208.50,49.9955,50.0000,50.0000,102.91,103.00,False
1791013233.2868,208.60,49.9955,50.0000,50.0000,102.91,103.00,False
1791013233.3864,208.70,49.9955,50.0000,50.0000,102.91,103.00,False
1791013233.4893,208.80,49.9955,50.0000,50.0000,102.91,103.00,False
1791013233.5883,208.90,49.9955,50.0000,50.0000,102.91,103.00,False
1791013233.6870,209.00,49.9955,50.0000,50.0000,102.91,103.00,False
1791013233.7874,209.10,49.9955,50.0000,50.0000,102.91,103.00,False
1791013234.8447,209.20,49.9955,50.0000,50.0000,102.91,103.00,False
1791013234.9466,209.30,49.9955,50.0000,50.0000,102.91,103.00,False
1791013235.0461,209.40,49.9955,50.0000,50.0000,102.91,103.00,False
1791013235.1436,209.50,49.9955,50.0000,50.0000,102.91,103.00,False
1791013235.2472,209.60,49.9955,50.0000,50.0000,102.91,103.00,False
1791013235.3436,209.70,49.9955,50.0000,50.0000,102.91,103.00,False
1791013235.4444,209.80,49.9955,50.0000,50.0000,102.91,103.00,False
1791013235.5415,209.90,49.9955,50.0000,50.0000,102.91,103.00,False
1791013235.6444,210.00,49.9955,50.0000,50.0000,102.91,103.00,False
1791013235.7440,210.10,49.9955,50.0000,50.0000,102.91,103.00,False
1791013235.8480,210.20,49.9955,50.0000,50.0000,102.91,103.00,False
1791013235.9449,210.30,49.9955,50.0000,50.0000,102.91,103.00,False
1791013236.0449,210.40,49.9955,50.0000,50.0000,102.91,103.00,False
1791013236.1436,210.50,49.9955,50.0000,50.0000,102.91,103.00,False
1791013236.2460,210.60,49.9955,50.0000,50.0000,102.91,103.00,False
1791013236.3446,210.70,49.9955,50.0000,50.0000,102.91,103.00,False
1791013236.4471,210.80,49.9955,50.0000,50.0000,102.91,103.00,False
1791013236.5432,210.90,49.9955,50.0000,50.0000,102.91,103.00,False
1791013236.6453,211.00,49.9955,50.0000,50.0000,102.91,103.00,False
1791013236.7462,211.10,49.9955,50.0000,50.0000,102.91,103.00,False
1791013236.8457,211.20,49.9955,50.0000,50.0000,102.91,103.00,False
1791013236.9471,211.30,49.9955,50.0000,50.0000,102.91,103.00,False
1791013237.0463,211.40,49.9955,50.0000,50.0000,102.91,103.00,False
1791013237.1429,211.50,49.9955,50.0000,50.0000,102.91,103.00,False
1791013237.2463,211.60,49.9955,50.0000,50.0000,102.91,103.00,False
1791013237.3492,211.70,49.9955,50.0000,50.0000,102.91,103.00,False
1791013237.4471,211.80,49.9955,50.0000,50.0000,102.91,103.00,False
1791013237.5441,211.90,49.9955,50.0000,50.0000,102.91,103.00,False
1791013237.6462,212.00,49.9955,50.0000,50.0000,102.91,103.00,False
1791013237.7477,212.10,49.9955,50.0000,50.0000,102.91,103.00,False
1791013237.8494,212.20,49.9955,50.0000,50.0000,102.91,103.00,False
1791013237.9459,212.30,49.9955,50.0000,50.0000,102.91,103.00,False
1791013238.0484,212.40,49.9955,50.0000,50.0000,102.91,103.00,False
1791013238.1460,212.50,49.9955,50.0000,50.0000,102.91,103.00,False
1791013238.2474,212.60,49.9955,50.0000,50.0000,102.91,103.00,False
1791013238.3461,212.70,49.9955,50.0000,50.0000,102.91,103.00,False
1791013238.4475,212.80,49.9955,50.0000,50.0000,102.91,103.00,False
1791013238.5460,212.90,49.9955,50.0000,50.0000,102.91,103.00,False
1791013238.6471,213.00,49.9955,50.0000,50.0000,102.91,103.00,False
1791013238.7471,213.10,49.9955,50.0000,50.0000,102.91,103.00,False
1791013238.8503,213.20,49.9955,50.0000,50.0000,102.91,103.00,False
1791013238.9479,213.30,49.9955,50.0000,50.0000,102.91,103.00,False
1791013239.0482,213.40,49.9955,50.0000,50.0000,102.91,103.00,False
1791013239.1454,213.50,49.9955,50.0000,50.0000,102.91,103.00,False
1791013239.2530,213.60,49.9955,50.0000,50.0000,102.91,103.00,False
1791013239.3507,213.70,49.9955,50.0000,50.0000,102.91,103.00,False
1791013239.4519,213.80,49.9955,50.0000,50.0000,102.91,103.00,False
1791013239.5477,213.90,49.9955,50.0000,50.0000,102.91,103.00,False
1791013239.6504,214.00,49.9955,50.0000,50.0000,102.91,103.00,False
1791013239.7519,214.10,49.9955,50.0000,50.0000,102.91,103.00,False
1791013239.8530,214.20,49.9955,50.0000,50.0000,102.91,103.00,False
1791013239.9494,214.30,49.9955,50.0000,50.0000,102.91,103.00,False
1791013240.0521,214.40,49.9955,50.0000,50.0000,102.91,103.00,False
1791013240.1489,214.50,49.9955,50.0000,50.0000,102.91,103.00,False
1791013240.2527,214.60,49.9955,50.0000,50.0000,102.91,103.00,False
1791013240.3496,214.70,49.9955,50.0000,50.0000,102.91,103.00,False
1791013240.4515,214.80,49.9955,50.0000,50.0000,102.91,103.00,False
1791013240.5501,214.90,49.9955,50.0000,50.0000,102.91,103.00,False
1791013240.6555,215.00,49.9955,50.0000,50.0000,102.91,103.00,False
1791013240.7521,215.10,49.9955,50.0000,50.0000,102.91,103.00,False
1791013240.8533,215.20,49.9955,50.0000,50.0000,102.91,103.00,False
1791013240.9532,215.30,49.9955,50.0000,50.0000,102.91,103.00,False
1791013241.0533,215.40,49.9955,50.0000,50.0000,102.91,103.00,False
1791013241.1515,215.50,49.9955,50.0000,50.0000,102.91,103.00,False
1791013241.2525,215.60,49.9955,50.0000,50.0000,102.91,103.00,False
1791013241.3561,215.70,49.9955,50.0000,50.0000,102.91,103.00,False
1791013241.4561,215.80,49.9955,50.0000,50.0000,102.91,103.00,False
1791013241.5527,215.90,49.9955,50.0000,50.0000,102.91,103.00,False
1791013241.6584,216.00,49.9955,50.0000,50.0000,102.91,103.00,False
1791013241.7601,216.10,49.9955,50.0000,50.0000,102.91,103.00,False
1791013241.8602,216.20,49.9955,50.0000,50.0000,102.91,103.00,False
1791013241.9588,216.30,49.9955,50.0000,50.0000,102.91,103.00,False
1791013242.0555,216.40,49.9955,50.0000,50.0000,102.91,103.00,False
1791013242.1525,216.50,49.9955,50.0000,50.0000,102.91,103.00,False
1791013242.2547,216.60,49.9955,50.0000,50.0000,102.91,103.00,False
1791013242.3564,216.70,49.9955,50.0000,50.0000,102.91,103.00,False
1791013242.4550,216.80,49.9955,50.0000,50.0000,102.91,103.00,False
1791013242.5547,216.90,49.9955,50.0000,50.0000,102.91,103.00,False
1791013242.6561,217.00,49.9955,50.0000,50.0000,102.91,103.00,False
1791013242.7576,217.10,49.9955,50.0000,50.0000,102.91,103.00,False
1791013242.8573,217.20,49.9955,50.0000,50.0000,102.91,103.00,False
1791013242.9554,217.30,49.9955,50.0000,50.0000,102.91,103.00,False
1791013243.0548,217.40,49.9955,50.0000,50.0000,102.91,103.00,False
1791013243.1564,217.50,49.9955,50.0000,50.0000,102.91,103.00,False
1791013243.2576,217.60,49.9955,50.0000,50.0000,102.91,103.00,False
1791013243.3545,217.70,49.9955,50.0000,50.0000,102.91,103.00,False
1791013243.4552,217.80,49.9955,50.0000,50.0000,102.91,103.00,False
1791013243.5537,217.90,49.9955,50.0000,50.0000,102.91,103.00,False
1791013243.6519,218.00,49.9955,50.0000,50.0000,102.91,103.00,False
1791013243.7546,218.10,49.9955,50.0000,50.0000,102.91,103.00,False
1791013243.8543,218.20,49.9955,50.0000,50.0000,102.91,103.00,False
1791013243.9562,218.30,49.9955,50.0000,50.0000,102.91,103.00,False
1791013244.0536,218.40,49.9955,50.0000,50.0000,102.91,103.00,False
1791013244.1523,218.50,49.9955,50.0000,50.0000,102.91,103.00,False
1791013244.2558,218.60,49.9955,50.0000,50.0000,102.91,103.00,False
1791013244.3541,218.70,49.9955,50.0000,50.0000,102.91,103.00,False
1791013244.4540,218.80,49.9955,50.0000,50.0000,102.91,103.00,False
1791013244.5545,218.90,49.9955,50.0000,50.0000,102.91,103.00,False
1791013244.6538,219.00,49.9955,50.0000,50.0000,102.91,103.00,False
1791013244.7563,219.10,49.9955,50.0000,50.0000,102.91,103.00,False
1791013244.8538,219.20,49.9955,50.0000,50.0000,102.91,103.00,False
1791013244.9529,219.30,49.9955,50.0000,50.0000,102.91,103.00,False
1791013245.0529,219.40,49.9955,50.0000,50.0000,102.91,103.00,False
1791013245.1556,219.50,49.9955,50.0000,50.0000,102.91,103.00,False
1791013245.2553,219.60,49.9955,50.0000,50.0000,102.91,103.00,False
1791013245.3564,219.70,49.9955,50.0000,50.0000,102.91,103.00,False
1791013245.4536,219.80,49.9955,50.0000,50.0000,102.91,103.00,False
1791013245.5549,219.90,49.9955,50.0000,50.0000,102.91,103.00,False
1791013245.6570,220.00,49.9955,50.0000,50.0000,102.91,103.00,False
1791013245.7567,220.10,49.9955,50.0000,50.0000,102.91,103.00,False
1791013245.8569,220.20,49.9955,50.0000,50.0000,102.91,103.00,False
1791013245.9564,220.30,49.9955,50.0000,50.0000,102.91,103.00,False
1791013246.0562,220.40,49.9955,50.0000,50.0000,102.91,103.00,False
1791013246.1564,220.50,49.9955,50.0000,50.0000,102.91,103.00,False
1791013246.2560,220.60,49.9955,50.0000,50.0000,102.91,103.00,False
1791013246.3593,220.70,49.9955,50.0000,50.0000,102.91,103.00,False
1791013246.4569,220.80,49.9955,50.0000,50.0000,102.91,103.00,False
1791013246.5572,220.90,49.9955,50.0000,50.0000,102.91,103.00,False
1791013246.6610,221.00,49.9955,50.0000,50.0000,102.91,103.00,False
1791013246.7606,221.10,49.9955,50.0000,50.0000,102.91,103.00,False
1791013246.8601,221.20,49.9955,50.0000,50.0000,102.91,103.00,False
1791013246.9582,221.30,49.9955,50.0000,50.0000,102.91,103.00,False
1791013247.0589,221.40,49.9955,50.0000,50.0000,102.91,103.00,False
1791013247.1619,221.50,49.9955,50.0000,50.0000,102.91,103.00,False
1791013247.2603,221.60,49.9955,50.0000,50.0000,102.91,103.00,False
1791013247.3579,221.70,49.9955,50.0000,50.0000,102.91,103.00,False
1791013247.4603,221.80,49.9955,50.0000,50.0000,102.91,103.00,False
1791013247.5588,221.90,49.9955,50.0000,50.0000,102.91,103.00,False
1791013247.6623,222.00,49.9955,50.0000,50.0000,102.91,103.00,False
1791013247.7600,222.10,49.9955,50.0000,50.0000,102.91,103.00,False
1791013247.8628,222.20,49.9955,50.0000,50.0000,102.91,103.00,False
1791013247.9598,222.30,49.9955,50.0000,50.0000,102.91,103.00,False
1791013248.0616,222.40,49.9955,50.0000,50.0000,102.91,103.00,False
1791013248.1617,222.50,49.9955,50.0000,50.0000,102.91,103.00,False
1791013248.2623,222.60,49.9955,50.0000,50.0000,102.91,103.00,False
1791013248.3639,222.70,49.9955,50.0000,50.0000,102.91,103.00,False
1791013248.4617,222.80,49.9955,50.0000,50.0000,102.91,103.00,False
1791013248.5620,222.90,49.9955,50.0000,50.0000,102.91,103.00,False
1791013248.6634,223.00,49.9955,50.0000,50.0000,102.91,103.00,False
1791013248.7635,223.10,49.9955,50.0000,50.0000,102.91,103.00,False
1791013248.8632,223.20,49.9955,50.0000,50.0000,102.91,103.00,False
1791013248.9622,223.30,49.9955,50.0000,50.0000,102.91,103.00,False
1791013249.0612,223.40,49.9955,50.0000,50.0000,102.91,103.00,False
1791013249.1638,223.50,49.9955,50.0000,50.0000,102.91,103.00,False
1791013249.2649,223.60,49.9955,50.0000,50.0000,102.91,103.00,False
1791013249.3626,223.70,49.9955,50.0000,50.0000,102.91,103.00,False
1791013249.4625,223.80,49.9955,50.0000,50.0000,102.91,103.00,False
1791013249.5632,223.90,49.9955,50.0000,50.0000,102.91,103.00,False
1791013249.6653,224.00,49.9955,50.0000,50.0000,102.91,103.00,False
1791013249.7630,224.10,49.9955,50.0000,50.0000,102.91,103.00,False
1791013249.8645,224.20,49.9955,50.0000,50.0000,102.91,103.00,False
1791013249.9637,224.30,49.9955,50.0000,50.0000,102.91,103.00,False
1791013250.0639,224.40,49.9955,50.0000,50.0000,102.91,103.00,False
1791013250.1655,224.50,49.9955,50.0000,50.0000,102.91,103.00,False
1791013250.2622,224.60,49.9955,50.0000,50.0000,102.91,103.00,False
1791013250.3655,224.70,49.9955,50.0000,50.0000,102.91,103.00,False
1791013250.4683,224.80,49.9955,50.0000,50.0000,102.91,103.00,False
1791013250.5645,224.90,49.9955,50.0000,50.0000,102.91,103.00,False
1791013250.6640,225.00,49.9955,50.0000,50.0000,102.91,103.00,False
1791013250.7658,225.10,49.9955,50.0000,50.0000,102.91,103.00,False
1791013250.8681,225.20,49.9955,50.0000,50.0000,102.91,103.00,False
1791013250.9651,225.30,49.9955,50.0000,50.0000,102.91,103.00,False
1791013251.0620,225.40,49.9955,50.0000,50.0000,102.91,103.00,False
1791013251.1670,225.50,49.9955,50.0000,50.0000,102.91,103.00,False
1791013251.2652,225.60,49.9955,50.0000,50.0000,102.91,103.00,False
1791013251.3675,225.70,49.9955,50.0000,50.0000,102.91,103.00,False
1791013251.4619,225.80,49.9955,50.0000,50.0000,102.91,103.00,False
1791013251.5637,225.90,49.9955,50.0000,50.0000,102.91,103.00,False
1791013251.6656,226.00,49.9955,50.0000,50.0000,102.91,103.00,False
1791013251.7649,226.10,49.9955,50.0000,50.0000,102.91,103.00,False
1791013251.8643,226.20,49.9955,50.0000,50.0000,102.91,103.00,False
1791013251.9646,226.30,49.9955,50.0000,50.0000,102.91,103.00,False
1791013252.0647,226.40,49.9955,50.0000,50.0000,102.91,103.00,False
1791013252.1662,226.50,49.9955,50.0000,50.0000,102.91,103.00,False
1791013252.2646,226.60,49.9955,50.0000,50.0000,102.91,103.00,False
1791013252.3662,226.70,49.9955,50.0000,50.0000,102.91,103.00,False
1791013252.4653,226.80,49.9955,50.0000,50.0000,102.91,103.00,False
1791013252.5645,226.90,49.9955,50.0000,50.0000,102.91,103.00,False
1791013252.6640,227.00,49.9955,50.0000,50.0000,102.91,103.00,False
1791013252.7665,227.10,49.9955,50.0000,50.0000,102.91,103.00,False
1791013252.8682,227.20,49.9955,50.0000,50.0000,102.91,103.00,False
1791013252.9637,227.30,49.9955,50.0000,50.0000,102.91,103.00,False
1791013253.0634,227.40,49.9955,50.0000,50.0000,102.91,103.00,False
1791013253.1670,227.50,49.9955,50.0000,50.0000,102.91,103.00,False
1791013253.2724,227.60,49.9955,50.0000,50.0000,102.91,103.00,False
1791013253.3660,227.70,49.9955,50.0000,50.0000,102.91,103.00,False
1791013253.4663,227.80,49.9955,50.0000,50.0000,102.91,103.00,False
1791013253.5664,227.90,49.9955,50.0000,50.0000,102.91,103.00,False
1791013253.6698,228.00,49.9955,50.0000,50.0000,102.91,103.00,False
1791013253.7674,228.10,49.9955,50.0000,50.0000,102.91,103.00,False
1791013253.8651,228.20,49.9955,50.0000,50.0000,102.91,103.00,False
1791013253.9659,228.30,49.9955,50.0000,50.0000,102.91,103.00,False
1791013254.0689,228.40,49.9955,50.0000,50.0000,102.91,103.00,False
1791013254.1709,228.50,49.9955,50.0000,50.0000,102.91,103.00,False
1791013254.2653,228.60,49.9955,50.0000,50.0000,102.91,103.00,False
1791013254.3657,228.70,49.9955,50.0000,50.0000,102.91,103.00,False
1791013254.4674,228.80,49.9955,50.0000,50.0000,102.91,103.00,False
1791013254.5677,228.90,49.9955,50.0000,50.0000,102.91,103.00,False
1791013254.6654,229.00,49.9955,50.0000,50.0000,102.91,103.00,False
1791013254.7697,229.10,49.9955,50.0000,50.0000,102.91,103.00,False
1791013254.8696,229.20,49.9955,50.0000,50.0000,102.91,103.00,False
1791013254.9671,229.30,49.9955,50.0000,50.0000,102.91,103.00,False
1791013255.0706,229.40,49.9955,50.0000,50.0000,102.91,103.00,False
1791013255.1704,229.50,49.9955,50.0000,50.0000,102.91,103.00,False
1791013255.2730,229.60,49.9955,50.0000,50.0000,102.91,103.00,False
1791013255.3712,229.70,49.9955,50.0000,50.0000,102.91,103.00,False
1791013255.4688,229.80,49.9955,50.0000,50.0000,102.91,103.00,False
1791013255.5707,229.90,49.9955,50.0000,50.0000,102.91,103.00,False
1791013255.6729,230.00,49.9955,50.0000,50.0000,102.91,103.00,False
1791013255.7725,230.10,49.9955,50.0000,50.0000,102.91,103.00,False
1791013255.8689,230.20,49.9955,50.0000,50.0000,102.91,103.00,False
1791013255.9709,230.30,49.9955,50.0000,50.0000,102.91,103.00,False
1791013256.0694,230.40,49.9955,50.0000,50.0000,102.91,103.00,False
1791013256.1733,230.50,49.9955,50.0000,50.0000,102.91,103.00,False
1791013256.2705,230.60,49.9955,50.0000,50.0000,102.91,103.00,False
1791013256.3733,230.70,49.9955,50.0000,50.0000,102.91,103.00,False
1791013256.4697,230.80,49.9955,50.0000,50.0000,102.91,103.00,False
1791013256.5728,230.90,49.9955,50.0000,50.0000,102.91,103.00,False
1791013256.6704,231.00,49.9955,50.0000,50.0000,102.91,103.00,False
1791013256.7721,231.10,49.9955,50.0000,50.0000,102.91,103.00,False
1791013256.8714,231.20,49.9955,50.0000,50.0000,102.91,103.00,False
1791013256.9722,231.30,49.9955,50.0000,50.0000,102.91,103.00,False
1791013257.0762,231.40,49.9955,50.0000,50.0000,102.91,103.00,False
1791013257.1739,231.50,49.9955,50.0000,50.0000,102.91,103.00,False
1791013257.2741,231.60,49.9955,50.0000,50.0000,102.91,103.00,False
1791013257.3764,231.70,49.9955,50.0000,50.0000,102.91,103.00,False
1791013257.4727,231.80,49.9955,50.0000,50.0000,102.91,103.00,False
1791013257.5727,231.90,49.9955,50.0000,50.0000,102.91,103.00,False
1791013257.6733,232.00,49.9955,50.0000,50.0000,102.91,103.00,False
1791013257.7746,232.10,49.9955,50.0000,50.0000,102.91,103.00,False
1791013257.8736,232.20,49.9955,50.0000,50.0000,102.91,103.00,False
1791013257.9728,232.30,49.9955,50.0000,50.0000,102.91,103.00,False
1791013258.0754,232.40,49.9955,50.0000,50.0000,102.91,103.00,False
1791013258.1740,232.50,49.9955,50.0000,50.0000,102.91,103.00,False
1791013258.2747,232.60,49.9955,50.0000,50.0000,102.91,103.00,False
1791013258.3736,232.70,49.9955,50.0000,50.0000,102.91,103.00,False
1791013258.4752,232.80,49.9955,50.0000,50.0000,102.91,103.00,False
1791013258.5745,232.90,49.9955,50.0000,50.0000,102.91,103.00,False
1791013258.6749,233.00,49.9955,50.0000,50.0000,102.91,103.00,False
1791013258.7755,233.10,49.9955,50.0000,50.0000,102.91,103.00,False
1791013258.8742,233.20,49.9955,50.0000,50.0000,102.91,103.00,False
1791013258.9742,233.30,49.9955,50.0000,50.0000,102.91,103.00,False
1791013259.0771,233.40,49.9955,50.0000,50.0000,102.91,103.00,False
1791013259.1772,233.50,49.9955,50.0000,50.0000,102.91,103.00,False
1791013259.2774,233.60,49.9955,50.0000,50.0000,102.91,103.00,False
1791013259.3743,233.70,49.9955,50.0000,50.0000,102.91,103.00,False
1791013259.4734,233.80,49.9955,50.0000,50.0000,102.91,103.00,False
1791013259.5724,233.90,49.9955,50.0000,50.0000,102.91,103.00,False
1791013259.6741,234.00,49.9955,50.0000,50.0000,102.91,103.00,False
1791013259.7751,234.10,49.9955,50.0000,50.0000,102.91,103.00,False
1791013259.8748,234.20,49.9955,50.0000,50.0000,102.91,103.00,False
1791013259.9760,234.30,49.9955,50.0000,50.0000,102.91,103.00,False
1791013260.0732,234.40,49.9955,50.0000,50.0000,102.91,103.00,False
1791013260.1746,234.50,49.9955,50.0000,50.0000,102.91,103.00,False
1791013260.2767,234.60,49.9955,50.0000,50.0000,102.91,103.00,False
1791013260.3752,234.70,49.9955,50.0000,50.0000,102.91,103.00,False
1791013260.4742,234.80,49.9955,50.0000,50.0000,102.91,103.00,False
1791013260.5773,234.90,49.9955,50.0000,50.0000,102.91,103.00,False
1791013260.6778,235.00,49.9955,50.0000,50.0000,102.91,103.00,False
1791013260.7752,235.10,49.9955,50.0000,50.0000,102.91,103.00,False
1791013260.8753,235.20,49.9955,50.0000,50.0000,102.91,103.00,False
1791013260.9744,235.30,49.9955,50.0000,50.0000,102.91,103.00,False
1791013261.0781,235.40,49.9955,50.0000,50.0000,102.91,103.00,False
1791013261.1729,235.50,49.9955,50.0000,50.0000,102.91,103.00,False
1791013261.2780,235.60,49.9955,50.0000,50.0000,102.91,103.00,False
1791013261.3761,235.70,49.9955,50.0000,50.0000,102.91,103.00,False
1791013261.4753,235.80,49.9955,50.0000,50.0000,102.91,103.00,False
1791013261.5778,235.90,49.9955,50.0000,50.0000,102.91,103.00,False
1791013261.6800,236.00,49.9955,50.0000,50.0000,102.91,103.00,False
1791013261.7788,236.10,49.9955,50.0000,50.0000,102.91,103.00,False
1791013261.8753,236.20,49.9955,50.0000,50.0000,102.91,103.00,False
1791013261.9776,236.30,49.9955,50.0000,50.0000,102.91,103.00,False
1791013262.0776,236.40,49.9955,50.0000,50.0000,102.91,103.00,False
1791013262.1780,236.50,49.9955,50.0000,50.0000,102.91,103.00,False
1791013262.2780,236.60,49.9955,50.0000,50.0000,102.91,103.00,False
1791013262.3755,236.70,49.9955,50.0000,50.0000,102.91,103.00,False
1791013262.4765,236.80,49.9955,50.0000,50.0000,102.91,103.00,False
1791013262.5775,236.90,49.9955,50.0000,50.0000,102.91,103.00,False
1791013262.6777,237.00,49.9955,50.0000,50.0000,102.91,103.00,False
1791013262.7772,237.10,49.9955,50.0000,50.0000,102.91,103.00,False
1791013262.8765,237.20,49.9955,50.0000,50.0000,102.91,103.00,False
1791013262.9763,237.30,49.9955,50.0000,50.0000,102.91,103.00,False
1791013263.0813,237.40,49.9955,50.0000,50.0000,102.91,103.00,False
1791013263.1782,237.50,49.9955,50.0000,50.0000,102.91,103.00,False
1791013263.2834,237.60,49.9955,50.0000,50.0000,102.91,103.00,False
1791013263.3792,237.70,49.9955,50.0000,50.0000,102.91,103.00,False
1791013263.4797,237.80,49.9955,50.0000,50.0000,102.91,103.00,False
1791013263.5795,237.90,49.9955,50.0000,50.0000,102.91,103.00,False
1791013263.6763,238.00,49.9955,50.0000,50.0000,102.91,103.00,False
1791013263.7803,238.10,49.9955,50.0000,50.0000,102.91,103.00,False
1791013263.8799,238.20,49.9955,50.0000,50.0000,102.91,103.00,False
1791013263.9793,238.30,49.9955,50.0000,50.0000,102.91,103.00,False
1791013264.0807,238.40,49.9955,50.0000,50.0000,102.91,103.00,False
1791013264.1813,238.50,49.9955,50.0000,50.0000,102.91,103.00,False
1791013264.2815,238.60,49.9955,50.0000,50.0000,102.91,103.00,False
1791013264.3804,238.70,49.9955,50.0000,50.0000,102.91,103.00,False
1791013264.4809,238.80,49.9955,50.0000,50.0000,102.91,103.00,False
1791013264.5831,238.90,49.9955,50.0000,50.0000,102.91,103.00,False
1791013264.6830,239.00,49.9955,50.0000,50.0000,102.91,103.00,False
1791013264.7816,239.10,49.9955,50.0000,50.0000,102.91,103.00,False
1791013264.8795,239.20,49.9955,50.0000,50.0000,102.91,103.00,False
1791013264.9824,239.30,49.9955,50.0000,50.0000,102.91,103.00,False
1791013265.0840,239.40,49.9955,50.0000,50.0000,102.91,103.00,False
1791013265.1866,239.50,49.9955,50.0000,50.0000,102.91,103.00,False
1791013265.2824,239.60,49.9955,50.0000,50.0000,102.91,103.00,False
1791013265.3842,239.70,49.9955,50.0000,50.0000,102.91,103.00,False
1791013265.4809,239.80,49.9955,50.0000,50.0000,102.91,103.00,False
1791013265.5832,239.90,49.9955,50.0000,50.0000,102.91,103.00,False
1791013265.6833,240.00,49.9955,50.0000,50.0000,102.91,103.00,False
1791013265.7833,240.10,49.9955,50.0000,50.0000,102.91,103.00,False
1791013265.8831,240.20,49.9955,50.0000,50.0000,102.91,103.00,False
1791013265.9829,240.30,49.9955,50.0000,50.0000,102.91,103.00,False
1791013266.0861,240.40,49.9955,50.0000,50.0000,102.91,103.00,False
1791013266.1886,240.50,49.9955,50.0000,50.0000,102.91,103.00,False
1791013266.2833,240.60,49.9955,50.0000,50.0000,102.91,103.00,False
1791013266.3844,240.70,49.9955,50.0000,50.0000,102.91,103.00,False
1791013266.4835,240.80,49.9955,50.0000,50.0000,102.91,103.00,False
1791013266.5842,240.90,49.9955,50.0000,50.0000,102.91,103.00,False
1791013266.6872,241.00,49.9955,50.0000,50.0000,102.91,103.00,False
1791013266.7858,241.10,49.9955,50.0000,50.0000,102.91,103.00,False
1791013266.8842,241.20,49.9955,50.0000,50.0000,102.91,103.00,False
1791013266.9822,241.30,49.9955,50.0000,50.0000,102.91,103.00,False
1791013268.0199,241.40,49.9955,50.0000,50.0000,102.91,103.00,False
1791013268.1225,241.50,49.9955,50.0000,50.0000,102.91,103.00,False
1791013268.2202,241.60,49.9955,50.0000,50.0000,102.91,103.00,False
1791013268.3171,241.70,49.9955,50.0000,50.0000,102.91,103.00,False
1791013268.4191,241.80,49.9955,50.0000,50.0000,102.91,103.00,False
1791013268.5202,241.90,49.9955,50.0000,50.0000,102.91,103.00,False
1791013268.6181,242.00,49.9955,50.0000,50.0000,102.91,103.00,False
1791013268.7191,242.10,49.9955,50.0000,50.0000,102.91,103.00,False
1791013268.8182,242.20,49.9955,50.0000,50.0000,102.91,103.00,False
1791013268.9186,242.30,49.9955,50.0000,50.0000,102.91,103.00,False
1791013269.0189,242.40,49.9955,50.0000,50.0000,102.91,103.00,False
1791013269.1183,242.50,49.9955,50.0000,50.0000,102.91,103.00,False
1791013269.2197,242.60,49.9955,50.0000,50.0000,102.91,103.00,False
1791013269.3202,242.70,49.9955,50.0000,50.0000,102.91,103.00,False
1791013269.4193,242.80,49.9955,50.0000,50.0000,102.91,103.00,False
1791013269.5197,242.90,49.9955,50.0000,50.0000,102.91,103.00,False
1791013269.6263,243.00,49.9955,50.0000,50.0000,102.91,103.00,False
1791013269.7260,243.10,49.9955,50.0000,50.0000,102.91,103.00,False
1791013269.8193,243.20,49.9955,50.0000,50.0000,102.91,103.00,False
1791013269.9164,243.30,49.9955,50.0000,50.0000,102.91,103.00,False
1791013270.0226,243.40,49.9955,50.0000,50.0000,102.91,103.00,False
1791013270.1196,243.50,49.9955,50.0000,50.0000,102.91,103.00,False
1791013270.2198,243.60,49.9955,50.0000,50.0000,102.91,103.00,False
1791013270.3170,243.70,49.9955,50.0000,50.0000,102.91,103.00,False
1791013270.4201,243.80,49.9955,50.0000,50.0000,102.91,103.00,False
1791013270.5186,243.90,49.9955,50.0000,50.0000,102.91,103.00,False
1791013270.6207,244.00,49.9955,50.0000,50.0000,102.91,103.00,False
1791013270.7187,244.10,49.9955,50.0000,50.0000,102.91,103.00,False
1791013270.8197,244.20,49.9955,50.0000,50.0000,102.91,103.00,False
1791013270.9184,244.30,49.9955,50.0000,50.0000,102.91,103.00,False
1791013271.0216,244.40,49.9955,50.0000,50.0000,102.91,103.00,False
1791013271.1185,244.50,49.9955,50.0000,50.0000,102.91,103.00,False
1791013271.2192,244.60,49.9955,50.0000,50.0000,102.91,103.00,False
1791013271.3184,244.70,49.9955,50.0000,50.0000,102.91,103.00,False
1791013271.4213,244.80,49.9955,50.0000,50.0000,102.91,103.00,False
1791013271.5192,244.90,49.9955,50.0000,50.0000,102.91,103.00,False
1791013271.6218,245.00,49.9955,50.0000,50.0000,102.91,103.00,False
1791013271.7212,245.10,49.9955,50.0000,50.0000,102.91,103.00,False
1791013271.8206,245.20,49.9955,50.0000,50.0000,102.91,103.00,False
1791013271.9210,245.30,49.9955,50.0000,50.0000,102.91,103.00,False
1791013272.0200,245.40,49.9955,50.0000,50.0000,102.91,103.00,False
1791013272.1223,245.50,49.9955,50.0000,50.0000,102.91,103.00,False
1791013272.2195,245.60,49.9955,50.0000,50.0000,102.91,103.00,False
1791013272.3193,245.70,49.9955,50.0000,50.0000,102.91,103.00,False
1791013272.4260,245.80,49.9955,50.0000,50.0000,102.91,103.00,False
1791013272.5271,245.90,49.9955,50.0000,50.0000,102.91,103.00,False
1791013272.6244,246.00,49.9955,50.0000,50.0000,102.91,103.00,False
1791013272.7224,246.10,49.9955,50.0000,50.0000,102.91,103.00,False
1791013272.8227,246.20,49.9955,50.0000,50.0000,102.91,103.00,False
1791013272.9229,246.30,49.9955,50.0000,50.0000,102.91,103.00,False
1791013273.0218,246.40,49.9955,50.0000,50.0000,102.91,103.00,False
1791013273.1231,246.50,49.9955,50.0000,50.0000,102.91,103.00,False
1791013273.2231,246.60,49.9955,50.0000,50.0000,102.91,103.00,False
1791013273.3219,246.70,49.9955,50.0000,50.0000,102.91,103.00,False
1791013273.4256,246.80,49.9955,50.0000,50.0000,102.91,103.00,False
1791013273.5230,246.90,49.9955,50.0000,50.0000,102.91,103.00,False
1791013273.6247,247.00,49.9955,50.0000,50.0000,102.91,103.00,False
1791013273.7226,247.10,49.9955,50.0000,50.0000,102.91,103.00,False
1791013273.8233,247.20,49.9955,50.0000,50.0000,102.91,103.00,False
1791013273.9259,247.30,49.9955,50.0000,50.0000,102.91,103.00,False
1791013274.0226,247.40,49.9955,50.0000,50.0000,102.91,103.00,False
1791013274.1249,247.50,49.9955,50.0000,50.0000,102.91,103.00,False
1791013274.2247,247.60,49.9955,50.0000,50.0000,102.91,103.00,False
1791013274.3222,247.70,49.9955,50.0000,50.0000,102.91,103.00,False
1791013274.4244,247.80,49.9955,50.0000,50.0000,102.91,103.00,False
1791013274.5256,247.90,49.9955,50.0000,50.0000,102.91,103.00,False
1791013274.6255,248.00,49.9955,50.0000,50.0000,102.91,103.00,False
1791013274.7253,248.10,49.9955,50.0000,50.0000,102.91,103.00,False
1791013274.8224,248.20,49.9955,50.0000,50.0000,102.91,103.00,False
1791013274.9270,248.30,49.9955,50.0000,50.0000,102.91,103.00,False
1791013275.0242,248.40,49.9955,50.0000,50.0000,102.91,103.00,False
1791013275.1278,248.50,49.9955,50.0000,50.0000,102.91,103.00,False
1791013275.2239,248.60,49.9955,50.0000,50.0000,102.91,103.00,False
1791013275.3259,248.70,49.9955,50.0000,50.0000,102.91,103.00,False
1791013275.4265,248.80,49.9955,50.0000,50.0000,102.91,103.00,False
1791013275.5273,248.90,49.9955,50.0000,50.0000,102.91,103.00,False
1791013275.6262,249.00,49.9955,50.0000,50.0000,102.91,103.00,False
1791013275.7274,249.10,49.9955,50.0000,50.0000,102.91,103.00,False
1791013275.8235,249.20,49.9955,50.0000,50.0000,102.91,103.00,False
1791013275.9297,249.30,49.9955,50.0000,50.0000,102.91,103.00,False
1791013276.0267,249.40,49.9955,50.0000,50.0000,102.91,103.00,False
1791013276.1282,249.50,49.9955,50.0000,50.0000,102.91,103.00,False
1791013276.2280,249.60,49.9955,50.0000,50.0000,102.91,103.00,False
1791013276.3260,249.70,49.9955,50.0000,50.0000,102.91,103.00,False
1791013276.4238,249.80,49.9955,50.0000,50.0000,102.91,103.00,False
1791013276.5257,249.90,49.9955,50.0000,50.0000,102.91,103.00,False
1791013276.6277,250.00,49.9955,50.0000,50.0000,102.91,103.00,False
1791013276.7245,250.10,49.9955,50.0000,50.0000,102.91,103.00,False
1791013276.8245,250.20,49.9955,50.0000,50.0000,102.91,103.00,False
1791013276.9262,250.30,49.9955,50.0000,50.0000,102.91,103.00,False
1791013277.0258,250.40,49.9955,50.0000,50.0000,102.91,103.00,False
1791013277.1271,250.50,49.9955,50.0000,50.0000,102.91,103.00,False
1791013277.2237,250.60,49.9955,50.0000,50.0000,102.91,103.00,False
1791013277.3242,250.70,49.9955,50.0000,50.0000,102.91,103.00,False
1791013277.4294,250.80,49.9955,50.0000,50.0000,102.91,103.00,False
1791013277.5275,250.90,49.9955,50.0000,50.0000,102.91,103.00,False
1791013277.6238,251.00,49.9955,50.0000,50.0000,102.91,103.00,False
1791013277.7263,251.10,49.9955,50.0000,50.0000,102.91,103.00,False
1791013277.8269,251.20,49.9955,50.0000,50.0000,102.91,103.00,False
1791013277.9274,251.30,49.9955,50.0000,50.0000,102.91,103.00,False
1791013278.0268,251.40,49.9955,50.0000,50.0000,102.91,103.00,False
1791013278.1274,251.50,49.9955,50.0000,50.0000,102.91,103.00,False
1791013278.2259,251.60,49.9955,50.0000,50.0000,102.91,103.00,False
1791013278.3254,251.70,49.9955,50.0000,50.0000,102.91,103.00,False
1791013278.4274,251.80,49.9955,50.0000,50.0000,102.91,103.00,False
1791013278.5284,251.90,49.9955,50.0000,50.0000,102.91,103.00,False
1791013278.6290,252.00,49.9955,50.0000,50.0000,102.91,103.00,False
1791013278.7279,252.10,49.9955,50.0000,50.0000,102.91,103.00,False
1791013278.8257,252.20,49.9955,50.0000,50.0000,102.91,103.00,False
1791013278.9280,252.30,49.9955,50.0000,50.0000,102.91,103.00,False
1791013279.0290,252.40,49.9955,50.0000,50.0000,102.91,103.00,False
1791013279.1273,252.50,49.9955,50.0000,50.0000,102.91,103.00,False
1791013279.2258,252.60,49.9955,50.0000,50.0000,102.91,103.00,False
1791013279.3287,252.70,49.9955,50.0000,50.0000,102.91,103.00,False
1791013279.4388,252.80,49.9955,50.0000,50.0000,102.91,103.00,False
1791013279.5316,252.90,49.9955,50.0000,50.0000,102.91,103.00,False
1791013279.6301,253.00,49.9955,50.0000,50.0000,102.91,103.00,False
1791013279.7303,253.10,49.9955,50.0000,50.0000,102.91,103.00,False
1791013279.8326,253.20,49.9955,50.0000,50.0000,102.91,103.00,False
1791013279.9317,253.30,49.9955,50.0000,50.0000,102.91,103.00,False
1791013280.0301,253.40,49.9955,50.0000,50.0000,102.91,103.00,False
1791013280.1318,253.50,49.9955,50.0000,50.0000,102.91,103.00,False
1791013280.2308,253.60,49.9955,50.0000,50.0000,102.91,103.00,False
1791013280.3317,253.70,49.9955,50.0000,50.0000,102.91,103.00,False
1791013280.4313,253.80,49.9955,50.0000,50.0000,102.91,103.00,False
1791013280.5346,253.90,49.9955,50.0000,50.0000,102.91,103.00,False
1791013280.6310,254.00,49.9955,50.0000,50.0000,102.91,103.00,False
1791013280.7316,254.10,49.9955,50.0000,50.0000,102.91,103.00,False
1791013280.8318,254.20,49.9955,50.0000,50.0000,102.91,103.00,False
1791013280.9311,254.30,49.9955,50.0000,50.0000,102.91,103.00,False
1791013281.0343,254.40,49.9955,50.0000,50.0000,102.91,103.00,False
1791013281.1315,254.50,49.9955,50.0000,50.0000,102.91,103.00,False
1791013281.2317,254.60,49.9955,50.0000,50.0000,102.91,103.00,False
1791013281.3317,254.70,49.9955,50.0000,50.0000,102.91,103.00,False
1791013281.4337,254.80,49.9955,50.0000,50.0000,102.91,103.00,False
1791013281.5355,254.90,49.9955,50.0000,50.0000,102.91,103.00,False
1791013281.6312,255.00,49.9955,50.0000,50.0000,102.91,103.00,False
1791013281.7305,255.10,49.9955,50.0000,50.0000,102.91,103.00,False
1791013281.8360,255.20,49.9955,50.0000,50.0000,102.91,103.00,False
1791013281.9349,255.30,49.9955,50.0000,50.0000,102.91,103.00,False
1791013282.0348,255.40,49.9955,50.0000,50.0000,102.91,103.00,False
1791013282.1310,255.50,49.9955,50.0000,50.0000,102.91,103.00,False
1791013282.2345,255.60,49.9955,50.0000,50.0000,102.91,103.00,False
1791013282.3371,255.70,49.9955,50.0000,50.0000,102.91,103.00,False
1791013282.4361,255.80,49.9955,50.0000,50.0000,102.91,103.00,False
1791013282.5351,255.90,49.9955,50.0000,50.0000,102.91,103.00,False
1791013282.6352,256.00,49.9955,50.0000,50.0000,102.91,103.00,False
1791013282.7358,256.10,49.9955,50.0000,50.0000,102.91,103.00,False
1791013282.8352,256.20,49.9955,50.0000,50.0000,102.91,103.00,False
1791013282.9332,256.30,49.9955,50.0000,50.0000,102.91,103.00,False
1791013283.0378,256.40,49.9955,50.0000,50.0000,102.91,103.00,False
1791013283.1353,256.50,49.9955,50.0000,50.0000,102.91,103.00,False
1791013283.2367,256.60,49.9955,50.0000,50.0000,102.91,103.00,False
1791013283.3354,256.70,49.9955,50.0000,50.0000,102.91,103.00,False
1791013283.4368,256.80,49.9955,50.0000,50.0000,102.91,103.00,False
1791013283.5365,256.90,49.9955,50.0000,50.0000,102.91,103.00,False
1791013283.6359,257.00,49.9955,50.0000,50.0000,102.91,103.00,False
1791013283.7358,257.10,49.9955,50.0000,50.0000,102.91,103.00,False
1791013283.8348,257.20,49.9955,50.0000,50.0000,102.91,103.00,False
1791013283.9364,257.30,49.9955,50.0000,50.0000,102.91,103.00,False
1791013284.0388,257.40,49.9955,50.0000,50.0000,102.91,103.00,False
1791013284.1347,257.50,49.9955,50.0000,50.0000,102.91,103.00,False
1791013284.2349,257.60,49.9955,50.0000,50.0000,102.91,103.00,False
1791013284.3357,257.70,49.9955,50.0000,50.0000,102.91,103.00,False
1791013284.4361,257.80,49.9955,50.0000,50.0000,102.91,103.00,False
1791013284.5350,257.90,49.9955,50.0000,50.0000,102.91,103.00,False
1791013284.6344,258.00,49.9955,50.0000,50.0000,102.91,103.00,False
1791013284.7344,258.10,49.9955,50.0000,50.0000,102.91,103.00,False
1791013284.8367,258.20,49.9955,50.0000,50.0000,102.91,103.00,False
1791013284.9335,258.30,49.9955,50.0000,50.0000,102.91,103.00,False
1791013285.0341,258.40,49.9955,50.0000,50.0000,102.91,103.00,False
1791013285.1345,258.50,49.9955,50.0000,50.0000,102.91,103.00,False
1791013285.2350,258.60,49.9955,50.0000,50.0000,102.91,103.00,False
1791013285.3347,258.70,49.9955,50.0000,50.0000,102.91,103.00,False
1791013285.4348,258.80,49.9955,50.0000,50.0000,102.91,103.00,False
1791013285.5370,258.90,49.9955,50.0000,50.0000,102.91,103.00,False
1791013285.6339,259.00,49.9955,50.0000,50.0000,102.91,103.00,False
1791013285.7350,259.10,49.9955,50.0000,50.0000,102.91,103.00,False
1791013285.8362,259.20,49.9955,50.0000,50.0000,102.91,103.00,False
1791013285.9370,259.30,49.9955,50.0000,50.0000,102.91,103.00,False
1791013286.0364,259.40,49.9955,50.0000,50.0000,102.91,103.00,False
1791013286.1321,259.50,49.9955,50.0000,50.0000,102.91,103.00,False
1791013286.2364,259.60,49.9955,50.0000,50.0000,102.91,103.00,False
1791013286.3369,259.70,49.9955,50.0000,50.0000,102.91,103.00,False
1791013286.4388,259.80,49.9955,50.0000,50.0000,102.91,103.00,False
1791013286.5353,259.90,49.9955,50.0000,50.0000,102.91,103.00,False
1791013286.6360,260.00,49.9955,50.0000,50.0000,102.91,103.00,False
1791013286.7351,260.10,49.9955,50.0000,50.0000,102.91,103.00,False
1791013286.8394,260.20,49.9955,50.0000,50.0000,102.91,103.00,False
1791013286.9368,260.30,49.9955,50.0000,50.0000,102.91,103.00,False
1791013287.0363,260.40,49.9955,50.0000,50.0000,102.91,103.00,False
1791013287.1381,260.50,49.9955,50.0000,50.0000,102.91,103.00,False
1791013287.2378,260.60,49.9955,50.0000,50.0000,102.91,103.00,False
1791013287.3385,260.70,49.9955,50.0000,50.0000,102.91,103.00,False
1791013287.4437,260.80,49.9955,50.0000,50.0000,102.91,103.00,False
1791013287.5403,260.90,49.9955,50.0000,50.0000,102.91,103.00,False
1791013287.6416,261.00,49.9955,50.0000,50.0000,102.91,103.00,False
1791013287.7424,261.10,49.9955,50.0000,50.0000,102.91,103.00,False
1791013287.8402,261.20,49.9955,50.0000,50.0000,102.91,103.00,False
1791013287.9417,261.30,49.9955,50.0000,50.0000,102.91,103.00,False
1791013288.0417,261.40,49.9955,50.0000,50.0000,102.91,103.00,False
1791013288.1395,261.50,49.9955,50.0000,50.0000,102.91,103.00,False
1791013288.2395,261.60,49.9955,50.0000,50.0000,102.91,103.00,False
1791013288.3450,261.70,49.9955,50.0000,50.0000,102.91,103.00,False
1791013288.4428,261.80,49.9955,50.0000,50.0000,102.91,103.00,False
1791013288.5400,261.90,49.9955,50.0000,50.0000,102.91,103.00,False
1791013288.6393,262.00,49.9955,50.0000,50.0000,102.91,103.00,False
1791013288.7408,262.10,49.9955,50.0000,50.0000,102.91,103.00,False
1791013288.8434,262.20,49.9955,50.0000,50.0000,102.91,103.00,False
1791013288.9428,262.30,49.9955,50.0000,50.0000,102.91,103.00,False
1791013289.0397,262.40,49.9955,50.0000,50.0000,102.91,103.00,False
1791013289.1434,262.50,49.9955,50.0000,50.0000,102.91,103.00,False
1791013289.2410,262.60,49.9955,50.0000,50.0000,102.91,103.00,False
1791013289.3436,262.70,49.9955,50.0000,50.0000,102.91,103.00,False
1791013289.4430,262.80,49.9955,50.0000,50.0000,102.91,103.00,False
1791013289.5414,262.90,49.9955,50.0000,50.0000,102.91,103.00,False
1791013289.6419,263.00,49.9955,50.0000,50.0000,102.91,103.00,False
1791013289.7439,263.10,49.9955,50.0000,50.0000,102.91,103.00,False
1791013289.8485,263.20,49.9955,50.0000,50.0000,102.91,103.00,False
1791013289.9454,263.30,49.9955,50.0000,50.0000,102.91,103.00,False
1791013290.0440,263.40,49.9955,50.0000,50.0000,102.91,103.00,False
1791013290.1461,263.50,49.9955,50.0000,50.0000,102.91,103.00,False
1791013290.2418,263.60,49.9955,50.0000,50.0000,102.91,103.00,False
1791013290.3447,263.70,49.9955,50.0000,50.0000,102.91,103.00,False
1791013290.4446,263.80,49.9955,50.0000,50.0000,102.91,103.00,False
1791013290.5443,263.90,49.9955,50.0000,50.0000,102.91,103.00,False
1791013290.6408,264.00,49.9955,50.0000,50.0000,102.91,103.00,False
1791013290.7445,264.10,49.9955,50.0000,50.0000,102.91,103.00,False
1791013290.8448,264.20,49.9955,50.0000,50.0000,102.91,103.00,False
1791013290.9475,264.30,49.9955,50.0000,50.0000,102.91,103.00,False
1791013291.0428,264.40,49.9955,50.0000,50.0000,102.91,103.00,False
1791013291.1472,264.50,49.9955,50.0000,50.0000,102.91,103.00,False
1791013291.2439,264.60,49.9955,50.0000,50.0000,102.91,103.00,False
1791013291.3470,264.70,49.9955,50.0000,50.0000,102.91,103.00,False
1791013291.4475,264.80,49.9955,50.0000,50.0000,102.91,103.00,False
1791013291.5429,264.90,49.9955,50.0000,50.0000,102.91,103.00,False
1791013291.6439,265.00,49.9955,50.0000,50.0000,102.91,103.00,False
1791013291.7477,265.10,49.9955,50.0000,50.0000,102.91,103.00,False
1791013291.8477,265.20,49.9955,50.0000,50.0000,102.91,103.00,False
1791013291.9462,265.30,49.9955,50.0000,50.0000,102.91,103.00,False
1791013292.0471,265.40,49.9955,50.0000,50.0000,102.91,103.00,False
1791013292.1480,265.50,49.9955,50.0000,50.0000,102.91,103.00,False
1791013292.2457,265.60,49.9955,50.0000,50.0000,102.91,103.00,False
1791013292.3496,265.70,49.9955,50.0000,50.0000,102.91,103.00,False
1791013292.4455,265.80,49.9955,50.0000,50.0000,102.91,103.00,False
1791013292.5463,265.90,49.9955,50.0000,50.0000,102.91,103.00,False
1791013292.6468,266.00,49.9955,50.0000,50.0000,102.91,103.00,False
1791013292.7409,266.10,49.9955,50.0000,50.0000,102.91,103.00,False
1791013292.8446,266.20,49.9955,50.0000,50.0000,102.91,103.00,False
1791013292.9449,266.30,49.9955,50.0000,50.0000,102.91,103.00,False
1791013293.0437,266.40,49.9955,50.0000,50.0000,102.91,103.00,False
1791013293.1431,266.50,49.9955,50.0000,50.0000,102.91,103.00,False
1791013293.2457,266.60,49.9955,50.0000,50.0000,102.91,103.00,False
1791013293.3475,266.70,49.9955,50.0000,50.0000,102.91,103.00,False
1791013293.4451,266.80,49.9955,50.0000,50.0000,102.91,103.00,False
1791013293.5431,266.90,49.9955,50.0000,50.0000,102.91,103.00,False
1791013293.6450,267.00,49.9955,50.0000,50.0000,102.91,103.00,False
1791013293.7471,267.10,49.9955,50.0000,50.0000,102.91,103.00,False
1791013293.8466,267.20,49.9955,50.0000,50.0000,102.91,103.00,False
1791013293.9447,267.30,49.9955,50.0000,50.0000,102.91,103.00,False
1791013294.0451,267.40,49.9955,50.0000,50.0000,102.91,103.00,False
1791013294.1460,267.50,49.9955,50.0000,50.0000,102.91,103.00,False
1791013294.2495,267.60,49.9955,50.0000,50.0000,102.91,103.00,False
1791013294.3471,267.70,49.9955,50.0000,50.0000,102.91,103.00,False
1791013294.4449,267.80,49.9955,50.0000,50.0000,102.91,103.00,False
1791013294.5471,267.90,49.9955,50.0000,50.0000,102.91,103.00,False
1791013294.6446,268.00,49.9955,50.0000,50.0000,102.91,103.00,False
1791013294.7504,268.10,49.9955,50.0000,50.0000,102.91,103.00,False
1791013294.8477,268.20,49.9955,50.0000,50.0000,102.91,103.00,False
1791013294.9462,268.30,49.9955,50.0000,50.0000,102.91,103.00,False
1791013295.0454,268.40,49.9955,50.0000,50.0000,102.91,103.00,False
1791013295.1474,268.50,49.9955,50.0000,50.0000,102.91,103.00,False
1791013295.2467,268.60,49.9955,50.0000,50.0000,102.91,103.00,False
1791013295.3480,268.70,49.9955,50.0000,50.0000,102.91,103.00,False
1791013295.4455,268.80,49.9955,50.0000,50.0000,102.91,103.00,False
1791013295.5470,268.90,49.9955,50.0000,50.0000,102.91,103.00,False
1791013295.6476,269.00,49.9955,50.0000,50.0000,102.91,103.00,False
1791013295.7511,269.10,49.9955,50.0000,50.0000,102.91,103.00,False
1791013295.8478,269.20,49.9955,50.0000,50.0000,102.91,103.00,False
1791013295.9498,269.30,49.9955,50.0000,50.0000,102.91,103.00,False
1791013296.0495,269.40,49.9955,50.0000,50.0000,102.91,103.00,False
1791013296.1515,269.50,49.9955,50.0000,50.0000,102.91,103.00,False
1791013296.2482,269.60,49.9955,50.0000,50.0000,102.91,103.00,False
1791013296.3508,269.70,49.9955,50.0000,50.0000,102.91,103.00,False
1791013296.4490,269.80,49.9955,50.0000,50.0000,102.91,103.00,False
1791013296.5497,269.90,49.9955,50.0000,50.0000,102.91,103.00,False
1791013296.6504,270.00,49.9955,50.0000,50.0000,102.91,103.00,False
1791013296.7513,270.10,49.9955,50.0000,50.0000,102.91,103.00,False
1791013296.8503,270.20,49.9955,50.0000,50.0000,102.91,103.00,False
1791013296.9499,270.30,49.9955,50.0000,50.0000,102.91,103.00,False
1791013297.0480,270.40,49.9955,50.0000,50.0000,102.91,103.00,False
1791013297.1520,270.50,49.9955,50.0000,50.0000,102.91,103.00,False
1791013297.2515,270.60,49.9955,50.0000,50.0000,102.91,103.00,False
1791013297.3518,270.70,49.9955,50.0000,50.0000,102.91,103.00,False
1791013297.4505,270.80,49.9955,50.0000,50.0000,102.91,103.00,False
1791013297.5518,270.90,49.9955,50.0000,50.0000,102.91,103.00,False
1791013297.6539,271.00,49.9955,50.0000,50.0000,102.91,103.00,False
1791013297.7532,271.10,49.9955,50.0000,50.0000,102.91,103.00,False
1791013297.8550,271.20,49.9955,50.0000,50.0000,102.91,103.00,False
1791013297.9489,271.30,49.9955,50.0000,50.0000,102.91,103.00,False
1791013298.0509,271.40,49.9955,50.0000,50.0000,102.91,103.00,False
1791013298.1524,271.50,49.9955,50.0000,50.0000,102.91,103.00,False
1791013298.2565,271.60,49.9955,50.0000,50.0000,102.91,103.00,False
1791013298.3504,271.70,49.9955,50.0000,50.0000,102.91,103.00,False
1791013298.4514,271.80,49.9955,50.0000,50.0000,102.91,103.00,False
1791013298.5517,271.90,49.9955,50.0000,50.0000,102.91,103.00,False
1791013298.6525,272.00,49.9955,50.0000,50.0000,102.91,103.00,False
1791013298.7542,272.10,49.9955,50.0000,50.0000,102.91,103.00,False
1791013298.8525,272.20,49.9955,50.0000,50.0000,102.91,103.00,False
1791013298.9518,272.30,49.9955,50.0000,50.0000,102.91,103.00,False
1791013299.0515,272.40,49.9955,50.0000,50.0000,102.91,103.00,False
1791013299.1529,272.50,49.9955,50.0000,50.0000,102.91,103.00,False
1791013299.2542,272.60,49.9955,50.0000,50.0000,102.91,103.00,False
1791013299.3537,272.70,49.9955,50.0000,50.0000,102.91,103.00,False
1791013299.4526,272.80,49.9955,50.0000,50.0000,102.91,103.00,False
1791013299.5502,272.90,49.9955,50.0000,50.0000,102.91,103.00,False
1791013299.6547,273.00,49.9955,50.0000,50.0000,102.91,103.00,False
1791013299.7525,273.10,49.9955,50.0000,50.0000,102.91,103.00,False
1791013299.8523,273.20,49.9955,50.0000,50.0000,102.91,103.00,False
1791013299.9524,273.30,49.9955,50.0000,50.0000,102.91,103.00,False
1791013300.0544,273.40,49.9955,50.0000,50.0000,102.91,103.00,False
1791013300.1555,273.50,49.9955,50.0000,50.0000,102.91,103.00,False
1791013301.4283,273.60,49.9955,50.0000,50.0000,102.91,103.00,False
1791013301.5248,273.70,49.9955,50.0000,50.0000,102.91,103.00,False
1791013301.6266,273.80,49.9955,50.0000,50.0000,102.91,103.00,False
1791013301.7242,273.90,49.9955,50.0000,50.0000,102.91,103.00,False
1791013301.8271,274.00,49.9955,50.0000,50.0000,102.91,103.00,False
1791013301.9267,274.10,49.9955,50.0000,50.0000,102.91,103.00,False
1791013302.0285,274.20,49.9955,50.0000,50.0000,102.91,103.00,False
1791013302.1266,274.30,49.9955,50.0000,50.0000,102.91,103.00,False
1791013302.2254,274.40,49.9955,50.0000,50.0000,102.91,103.00,False
1791013302.3278,274.50,49.9955,50.0000,50.0000,102.91,103.00,False
1791013302.4300,274.60,49.9955,50.0000,50.0000,102.91,103.00,False
1791013302.5269,274.70,49.9955,50.0000,50.0000,102.91,103.00,False
1791013302.6266,274.80,49.9955,50.0000,50.0000,102.91,103.00,False
1791013302.7240,274.90,49.9955,50.0000,50.0000,102.91,103.00,False
1791013302.8298,275.00,49.9955,50.0000,50.0000,102.91,103.00,False
1791013302.9282,275.10,49.9955,50.0000,50.0000,102.91,103.00,False
1791013303.0291,275.20,49.9955,50.0000,50.0000,102.91,103.00,False
1791013303.1272,275.30,49.9955,50.0000,50.0000,102.91,103.00,False
1791013303.2257,275.40,49.9955,50.0000,50.0000,102.91,103.00,False
1791013303.3299,275.50,49.9955,50.0000,50.0000,102.91,103.00,False
1791013303.4289,275.60,49.9955,50.0000,50.0000,102.91,103.00,False
1791013303.5281,275.70,49.9955,50.0000,50.0000,102.91,103.00,False
1791013303.6262,275.80,49.9955,50.0000,50.0000,102.91,103.00,False
1791013303.7278,275.90,49.9955,50.0000,50.0000,102.91,103.00,False
1791013303.8349,276.00,49.9955,50.0000,50.0000,102.91,103.00,False
1791013303.9274,276.10,49.9955,50.0000,50.0000,102.91,103.00,False
1791013304.0277,276.20,49.9955,50.0000,50.0000,102.91,103.00,False
1791013304.1279,276.30,49.9955,50.0000,50.0000,102.91,103.00,False
1791013304.2279,276.40,49.9955,50.0000,50.0000,102.91,103.00,False
1791013304.3284,276.50,49.9955,50.0000,50.0000,102.91,103.00,False
1791013304.4294,276.60,49.9955,50.0000,50.0000,102.91,103.00,False
1791013304.5292,276.70,49.9955,50.0000,50.0000,102.91,103.00,False
1791013304.6287,276.80,49.9955,50.0000,50.0000,102.91,103.00,False
1791013304.7292,276.90,49.9955,50.0000,50.0000,102.91,103.00,False
1791013304.8301,277.00,49.9955,50.0000,50.0000,102.91,103.00,False
1791013304.9312,277.10,49.9955,50.0000,50.0000,102.91,103.00,False
1791013305.0315,277.20,49.9955,50.0000,50.0000,102.91,103.00,False
1791013305.1293,277.30,49.9955,50.0000,50.0000,102.91,103.00,False
1791013305.2279,277.40,49.9955,50.0000,50.0000,102.91,103.00,False
1791013305.3321,277.50,49.9955,50.0000,50.0000,102.91,103.00,False
1791013305.4332,277.60,49.9955,50.0000,50.0000,102.91,103.00,False
1791013305.5297,277.70,49.9955,50.0000,50.0000,102.91,103.00,False
1791013305.6284,277.80,49.9955,50.0000,50.0000,102.91,103.00,False
1791013305.7324,277.90,49.9955,50.0000,50.0000,102.91,103.00,False
1791013305.8370,278.00,49.9955,50.0000,50.0000,102.91,103.00,False
1791013305.9382,278.10,49.9955,50.0000,50.0000,102.91,103.00,False
1791013306.0423,278.20,49.9955,50.0000,50.0000,102.91,103.00,False
1791013306.1347,278.30,49.9955,50.0000,50.0000,102.91,103.00,False
1791013306.2340,278.40,49.9955,50.0000,50.0000,102.91,103.00,False
1791013306.3366,278.50,49.9955,50.0000,50.0000,102.91,103.00,False
1791013306.4350,278.60,49.9955,50.0000,50.0000,102.91,103.00,False
1791013306.5339,278.70,49.9955,50.0000,50.0000,102.91,103.00,False
1791013306.6370,278.80,49.9955,50.0000,50.0000,102.91,103.00,False
1791013306.7350,278.90,49.9955,50.0000,50.0000,102.91,103.00,False
1791013306.8379,279.00,49.9955,50.0000,50.0000,102.91,103.00,False
1791013306.9318,279.10,49.9955,50.0000,50.0000,102.91,103.00,False
1791013307.0343,279.20,49.9955,50.0000,50.0000,102.91,103.00,False
1791013307.1312,279.30,49.9955,50.0000,50.0000,102.91,103.00,False
1791013307.2323,279.40,49.9955,50.0000,50.0000,102.91,103.00,False
1791013307.3349,279.50,49.9955,50.0000,50.0000,102.91,103.00,False
1791013307.4315,279.60,49.9955,50.0000,50.0000,102.91,103.00,False
1791013307.5345,279.70,49.9955,50.0000,50.0000,102.91,103.00,False
1791013307.6327,279.80,49.9955,50.0000,50.0000,102.91,103.00,False
1791013307.7347,279.90,49.9955,50.0000,50.0000,102.91,103.00,False
1791013307.8362,280.00,49.9955,50.0000,50.0000,102.91,103.00,False
1791013307.9364,280.10,49.9955,50.0000,50.0000,102.91,103.00,False
1791013308.0400,280.20,49.9955,50.0000,50.0000,102.91,103.00,False
1791013308.1394,280.30,49.9955,50.0000,50.0000,102.91,103.00,False
1791013308.2324,280.40,49.9955,50.0000,50.0000,102.91,103.00,False
1791013308.3357,280.50,49.9955,50.0000,50.0000,102.91,103.00,False
1791013308.4343,280.60,49.9955,50.0000,50.0000,102.91,103.00,False
1791013308.5347,280.70,49.9955,50.0000,50.0000,102.91,103.00,False
1791013308.6321,280.80,49.9955,50.0000,50.0000,102.91,103.00,False
1791013308.7809,280.90,49.9955,50.0000,50.0000,102.91,103.00,False
1791013308.8794,281.00,49.9955,50.0000,50.0000,102.91,103.00,False
1791013308.9828,281.10,49.9955,50.0000,50.0000,102.91,103.00,False
1791013309.0786,281.20,49.9955,50.0000,50.0000,102.91,103.00,False
1791013309.1792,281.30,49.9955,50.0000,50.0000,102.91,103.00,False
1791013309.2777,281.40,49.9955,50.0000,50.0000,102.91,103.00,False
1791013309.3798,281.50,49.9955,50.0000,50.0000,102.91,103.00,False
1791013309.4789,281.60,49.9955,50.0000,50.0000,102.91,103.00,False
1791013309.5782,281.70,49.9955,50.0000,50.0000,102.91,103.00,False
1791013309.6774,281.80,49.9955,50.0000,50.0000,102.91,103.00,False
1791013309.7782,281.90,49.9955,50.0000,50.0000,102.91,103.00,False
1791013309.8813,282.00,49.9955,50.0000,50.0000,102.91,103.00,False
1791013309.9805,282.10,49.9955,50.0000,50.0000,102.91,103.00,False
1791013310.0828,282.20,49.9955,50.0000,50.0000,102.91,103.00,False
1791013310.1791,282.30,49.9955,50.0000,50.0000,102.91,103.00,False
1791013310.2790,282.40,49.9955,50.0000,50.0000,102.91,103.00,False
1791013310.3837,282.50,49.9955,50.0000,50.0000,102.91,103.00,False
1791013310.4800,282.60,49.9955,50.0000,50.0000,102.91,103.00,False
1791013310.5782,282.70,49.9955,50.0000,50.0000,102.91,103.00,False
1791013310.6772,282.80,49.9955,50.0000,50.0000,102.91,103.00,False
1791013310.7819,282.90,49.9955,50.0000,50.0000,102.91,103.00,False
1791013310.8881,283.00,49.9955,50.0000,50.0000,102.91,103.00,False
1791013310.9856,283.10,49.9955,50.0000,50.0000,102.91,103.00,False
1791013311.0836,283.20,49.9955,50.0000,50.0000,102.91,103.00,False
1791013311.1818,283.30,49.9955,50.0000,50.0000,102.91,103.00,False
1791013311.2794,283.40,49.9955,50.0000,50.0000,102.91,103.00,False
1791013311.3793,283.50,49.9955,50.0000,50.0000,102.91,103.00,False
1791013311.4784,283.60,49.9955,50.0000,50.0000,102.91,103.00,False
1791013311.5818,283.70,49.9955,50.0000,50.0000,102.91,103.00,False
1791013311.6796,283.80,49.9955,50.0000,50.0000,102.91,103.00,False
1791013311.7793,283.90,49.9955,50.0000,50.0000,102.91,103.00,False
1791013311.8795,284.00,49.9955,50.0000,50.0000,102.91,103.00,False
1791013311.9810,284.10,49.9955,50.0000,50.0000,102.91,103.00,False
1791013312.0814,284.20,49.9955,50.0000,50.0000,102.91,103.00,False
1791013312.1806,284.30,49.9955,50.0000,50.0000,102.91,103.00,False
1791013312.2794,284.40,49.9955,50.0000,50.0000,102.91,103.00,False
1791013312.3819,284.50,49.9955,50.0000,50.0000,102.91,103.00,False
1791013312.4815,284.60,49.9955,50.0000,50.0000,102.91,103.00,False
1791013312.5829,284.70,49.9955,50.0000,50.0000,102.91,103.00,False
1791013312.6796,284.80,49.9955,50.0000,50.0000,102.91,103.00,False
1791013312.7825,284.90,49.9955,50.0000,50.0000,102.91,103.00,False
1791013312.8841,285.00,49.9955,50.0000,50.0000,102.91,103.00,False
1791013312.9825,285.10,49.9955,50.0000,50.0000,102.91,103.00,False
1791013313.0798,285.20,49.9955,50.0000,50.0000,102.91,103.00,False
1791013313.1824,285.30,49.9955,50.0000,50.0000,102.91,103.00,False
1791013313.2862,285.40,49.9955,50.0000,50.0000,102.91,103.00,False
1791013313.3849,285.50,49.9955,50.0000,50.0000,102.91,103.00,False
1791013313.4830,285.60,49.9955,50.0000,50.0000,102.91,103.00,False
1791013313.5829,285.70,49.9955,50.0000,50.0000,102.91,103.00,False
1791013313.6833,285.80,49.9955,50.0000,50.0000,102.91,103.00,False
1791013313.7887,285.90,49.9955,50.0000,50.0000,102.91,103.00,False
1791013313.8836,286.00,49.9955,50.0000,50.0000,102.91,103.00,False
1791013313.9852,286.10,49.9955,50.0000,50.0000,102.91,103.00,False
1791013314.0853,286.20,49.9955,50.0000,50.0000,102.91,103.00,False
1791013314.1857,286.30,49.9955,50.0000,50.0000,102.91,103.00,False
1791013314.2840,286.40,49.9955,50.0000,50.0000,102.91,103.00,False
1791013314.3858,286.50,49.9955,50.0000,50.0000,102.91,103.00,False
1791013314.4888,286.60,49.9955,50.0000,50.0000,102.91,103.00,False
1791013314.5859,286.70,49.9955,50.0000,50.0000,102.91,103.00,False
1791013314.6844,286.80,49.9955,50.0000,50.0000,102.91,103.00,False
1791013314.7832,286.90,49.9955,50.0000,50.0000,102.91,103.00,False
1791013314.8872,287.00,49.9955,50.0000,50.0000,102.91,103.00,False
1791013314.9886,287.10,49.9955,50.0000,50.0000,102.91,103.00,False
1791013315.0904,287.20,49.9955,50.0000,50.0000,102.91,103.00,False
1791013315.1857,287.30,49.9955,50.0000,50.0000,102.91,103.00,False
1791013315.2875,287.40,49.9955,50.0000,50.0000,102.91,103.00,False
1791013315.3887,287.50,49.9955,50.0000,50.0000,102.91,103.00,False
1791013315.4891,287.60,49.9955,50.0000,50.0000,102.91,103.00,False
1791013315.5869,287.70,49.9955,50.0000,50.0000,102.91,103.00,False
1791013315.6888,287.80,49.9955,50.0000,50.0000,102.91,103.00,False
1791013315.7875,287.90,49.9955,50.0000,50.0000,102.91,103.00,False
1791013315.8883,288.00,49.9955,50.0000,50.0000,102.91,103.00,False
1791013315.9879,288.10,49.9955,50.0000,50.0000,102.91,103.00,False
1791013316.0891,288.20,49.9955,50.0000,50.0000,102.91,103.00,False
1791013316.1846,288.30,49.9955,50.0000,50.0000,102.91,103.00,False
1791013316.2886,288.40,49.9955,50.0000,50.0000,102.91,103.00,False
1791013316.3852,288.50,49.9955,50.0000,50.0000,102.91,103.00,False
1791013316.4871,288.60,49.9955,50.0000,50.0000,102.91,103.00,False
1791013316.5897,288.70,49.9955,50.0000,50.0000,102.91,103.00,False
1791013316.6880,288.80,49.9955,50.0000,50.0000,102.91,103.00,False
1791013316.7854,288.90,49.9955,50.0000,50.0000,102.91,103.00,False
1791013316.8931,289.00,49.9955,50.0000,50.0000,102.91,103.00,False
1791013316.9933,289.10,49.9955,50.0000,50.0000,102.91,103.00,False
1791013317.0895,289.20,49.9955,50.0000,50.0000,102.91,103.00,False
1791013317.1866,289.30,49.9955,50.0000,50.0000,102.91,103.00,False
1791013317.2837,289.40,49.9955,50.0000,50.0000,102.91,103.00,False
1791013317.3903,289.50,49.9955,50.0000,50.0000,102.91,103.00,False
1791013317.4900,289.60,49.9955,50.0000,50.0000,102.91,103.00,False
1791013317.5877,289.70,49.9955,50.0000,50.0000,102.91,103.00,False
1791013317.6857,289.80,49.9955,50.0000,50.0000,102.91,103.00,False
1791013317.7862,289.90,49.9955,50.0000,50.0000,102.91,103.00,False
1791013317.8937,290.00,49.9955,50.0000,50.0000,102.91,103.00,False
1791013317.9897,290.10,49.9955,50.0000,50.0000,102.91,103.00,False
1791013318.0951,290.20,49.9955,50.0000,50.0000,102.91,103.00,False
1791013318.1857,290.30,49.9955,50.0000,50.0000,102.91,103.00,False
1791013318.2887,290.40,49.9955,50.0000,50.0000,102.91,103.00,False
1791013318.3897,290.50,49.9955,50.0000,50.0000,102.91,103.00,False
1791013318.4923,290.60,49.9955,50.0000,50.0000,102.91,103.00,False
1791013318.5919,290.70,49.9955,50.0000,50.0000,102.91,103.00,False
1791013318.6894,290.80,49.9955,50.0000,50.0000,102.91,103.00,False
1791013318.7874,290.90,49.9955,50.0000,50.0000,102.91,103.00,False
1791013318.8915,291.00,49.9955,50.0000,50.0000,102.91,103.00,False
1791013318.9916,291.10,49.9955,50.0000,50.0000,102.91,103.00,False
1791013319.0905,291.20,49.9955,50.0000,50.0000,102.91,103.00,False
1791013319.1892,291.30,49.9955,50.0000,50.0000,102.91,103.00,False
1791013319.2942,291.40,49.9955,50.0000,50.0000,102.91,103.00,False
1791013319.3892,291.50,49.9955,50.0000,50.0000,102.91,103.00,False
1791013319.4895,291.60,49.9955,50.0000,50.0000,102.91,103.00,False
1791013319.5908,291.70,49.9955,50.0000,50.0000,102.91,103.00,False
1791013319.6882,291.80,49.9955,50.0000,50.0000,102.91,103.00,False
1791013319.7886,291.90,49.9955,50.0000,50.0000,102.91,103.00,False
1791013319.8909,292.00,49.9955,50.0000,50.0000,102.91,103.00,False
1791013319.9901,292.10,49.9955,50.0000,50.0000,102.91,103.00,False
1791013320.0898,292.20,49.9955,50.0000,50.0000,102.91,103.00,False
1791013320.1844,292.30,49.9955,50.0000,50.0000,102.91,103.00,False
1791013320.2906,292.40,49.9955,50.0000,50.0000,102.91,103.00,False
1791013320.3929,292.50,49.9955,50.0000,50.0000,102.91,103.00,False
1791013320.4967,292.60,49.9955,50.0000,50.0000,102.91,103.00,False
1791013320.5904,292.70,49.9955,50.0000,50.0000,102.91,103.00,False
1791013320.6909,292.80,49.9955,50.0000,50.0000,102.91,103.00,False
1791013320.7928,292.90,49.9955,50.0000,50.0000,102.91,103.00,False
1791013320.8925,293.00,49.9955,50.0000,50.0000,102.91,103.00,False
1791013320.9881,293.10,49.9955,50.0000,50.0000,102.91,103.00,False
1791013321.0914,293.20,49.9955,50.0000,50.0000,102.91,103.00,False
1791013321.1907,293.30,49.9955,50.0000,50.0000,102.91,103.00,False
1791013321.2901,293.40,49.9955,50.0000,50.0000,102.91,103.00,False
1791013321.3903,293.50,49.9955,50.0000,50.0000,102.91,103.00,False
1791013321.4927,293.60,49.9955,50.0000,50.0000,102.91,103.00,False
1791013321.5936,293.70,49.9955,50.0000,50.0000,102.91,103.00,False
1791013321.6907,293.80,49.9955,50.0000,50.0000,102.91,103.00,False
1791013321.7892,293.90,49.9955,50.0000,50.0000,102.91,103.00,False
1791013321.8933,294.00,49.9955,50.0000,50.0000,102.91,103.00,False
1791013321.9914,294.10,49.9955,50.0000,50.0000,102.91,103.00,False
1791013322.0906,294.20,49.9955,50.0000,50.0000,102.91,103.00,False
1791013322.1894,294.30,49.9955,50.0000,50.0000,102.91,103.00,False
1791013322.2925,294.40,49.9955,50.0000,50.0000,102.91,103.00,False
1791013322.3939,294.50,49.9955,50.0000,50.0000,102.91,103.00,False
1791013322.4928,294.60,49.9955,50.0000,50.0000,102.91,103.00,False
1791013322.5912,294.70,49.9955,50.0000,50.0000,102.91,103.00,False
1791013322.6918,294.80,49.9955,50.0000,50.0000,102.91,103.00,False
1791013322.7902,294.90,49.9955,50.0000,50.0000,102.91,103.00,False
1791013322.8944,295.00,49.9955,50.0000,50.0000,102.91,103.00,False
1791013322.9910,295.10,49.9955,50.0000,50.0000,102.91,103.00,False
1791013323.0936,295.20,49.9955,50.0000,50.0000,102.91,103.00,False
1791013323.1926,295.30,49.9955,50.0000,50.0000,102.91,103.00,False
1791013323.2924,295.40,49.9955,50.0000,50.0000,102.91,103.00,False
1791013323.3932,295.50,49.9955,50.0000,50.0000,102.91,103.00,False
1791013323.4934,295.60,49.9955,50.0000,50.0000,102.91,103.00,False
1791013323.5931,295.70,49.9955,50.0000,50.0000,102.91,103.00,False
1791013323.6928,295.80,49.9955,50.0000,50.0000,102.91,103.00,False
1791013323.7901,295.90,49.9955,50.0000,50.0000,102.91,103.00,False
1791013323.8964,296.00,49.9955,50.0000,50.0000,102.91,103.00,False
1791013323.9934,296.10,49.9955,50.0000,50.0000,102.91,103.00,False
1791013324.0942,296.20,49.9955,50.0000,50.0000,102.91,103.00,False
1791013324.1930,296.30,49.9955,50.0000,50.0000,102.91,103.00,False
1791013324.2911,296.40,49.9955,50.0000,50.0000,102.91,103.00,False
1791013324.3941,296.50,49.9955,50.0000,50.0000,102.91,103.00,False
1791013324.4962,296.60,49.9955,50.0000,50.0000,102.91,103.00,False
1791013324.5911,296.70,49.9955,50.0000,50.0000,102.91,103.00,False
1791013324.6917,296.80,49.9955,50.0000,50.0000,102.91,103.00,False
1791013324.7953,296.90,49.9955,50.0000,50.0000,102.91,103.00,False
1791013324.8961,297.00,49.9955,50.0000,50.0000,102.91,103.00,False
1791013324.9945,297.10,49.9955,50.0000,50.0000,102.91,103.00,False
1791013325.0931,297.20,49.9955,50.0000,50.0000,102.91,103.00,False
1791013325.1929,297.30,49.9955,50.0000,50.0000,102.91,103.00,False
1791013325.2961,297.40,49.9955,50.0000,50.0000,102.91,103.00,False
1791013325.3949,297.50,49.9955,50.0000,50.0000,102.91,103.00,False
1791013325.4959,297.60,49.9955,50.0000,50.0000,102.91,103.00,False
1791013325.5960,297.70,49.9955,50.0000,50.0000,102.91,103.00,False
1791013325.6952,297.80,49.9955,50.0000,50.0000,102.91,103.00,False
1791013325.7975,297.90,49.9955,50.0000,50.0000,102.91,103.00,False
1791013325.8942,298.00,49.9955,50.0000,50.0000,102.91,103.00,False
1791013325.9983,298.10,49.9955,50.0000,50.0000,102.91,103.00,False
1791013326.0961,298.20,49.9955,50.0000,50.0000,102.91,103.00,False
1791013326.1939,298.30,49.9955,50.0000,50.0000,102.91,103.00,False
1791013326.2939,298.40,49.9955,50.0000,50.0000,102.91,103.00,False
1791013326.3965,298.50,49.9955,50.0000,50.0000,102.91,103.00,False
1791013326.4976,298.60,49.9955,50.0000,50.0000,102.91,103.00,False
1791013326.5957,298.70,49.9955,50.0000,50.0000,102.91,103.00,False
1791013326.6936,298.80,49.9955,50.0000,50.0000,102.91,103.00,False
1791013326.7967,298.90,49.9955,50.0000,50.0000,102.91,103.00,False
1791013326.8990,299.00,49.9955,50.0000,50.0000,102.91,103.00,False
1791013326.9966,299.10,49.9955,50.0000,50.0000,102.91,103.00,False
1791013327.0953,299.20,49.9955,50.0000,50.0000,102.91,103.00,False
1791013327.1968,299.30,49.9955,50.0000,50.0000,102.91,103.00,False
1791013327.2981,299.40,49.9955,50.0000,50.0000,102.91,103.00,False
1791013327.3961,299.50,49.9955,50.0000,50.0000,102.91,103.00,False
1791013327.4952,299.60,49.9955,50.0000,50.0000,102.91,103.00,False
1791013327.5966,299.70,49.9955,50.0000,50.0000,102.91,103.00,False
1791013327.6970,299.80,49.9955,50.0000,50.0000,102.91,103.00,False
1791013327.7984,299.90,49.9955,50.0000,50.0000,102.91,103.00,False
