timestamp,sim_time_sec,true_frequency,sensor_reading_sent,controller_reading_received,generation_command,load_demand_mw,attack_active
1789727508.6237,0.00,50.0000,50.0000,50.0000,100.00,100.00,False
1789727508.7092,0.10,50.0000,50.0000,50.0000,100.00,100.00,False
1789727508.8086,0.20,50.0000,50.0000,50.0000,100.00,100.00,False
1789727508.9066,0.30,50.0000,50.0000,50.0000,100.00,100.00,False
1789727509.0001,0.40,50.0000,50.0000,50.0000,100.00,100.00,False
1789727509.1016,0.50,50.0000,50.0000,50.0000,100.00,100.00,False
1789727509.2019,0.60,50.0000,50.0000,50.0000,100.00,100.00,False
1789727509.3025,0.70,50.0000,50.0000,50.0000,100.00,100.00,False
1789727509.4055,0.80,50.0000,50.0000,50.0000,100.00,100.00,False
1789727509.5105,0.90,50.0000,50.0000,50.0000,100.00,100.00,False
1789727509.5985,1.00,50.0000,50.0000,50.0000,100.00,100.00,False
1789727509.7021,1.10,50.0000,50.0000,50.0000,100.00,100.00,False
1789727509.8036,1.20,50.0000,50.0000,50.0000,100.00,100.00,False
1789727509.9044,1.30,50.0000,50.0000,50.0000,100.00,100.00,False
1789727510.0033,1.40,50.0000,50.0000,50.0000,100.00,100.00,False
1789727510.1336,1.50,50.0000,50.0000,50.0000,100.00,100.00,False
1789727510.2500,1.60,50.0000,50.0000,50.0000,100.00,100.00,False
1789727510.3222,1.70,50.0000,50.0000,50.0000,100.00,100.00,False
1789727510.4214,1.80,50.0000,50.0000,50.0000,100.00,100.00,False
1789727510.5185,1.90,50.0000,50.0000,50.0000,100.00,100.00,False
1789727510.6193,2.00,50.0000,50.0000,50.0000,100.00,100.00,False
1789727510.7235,2.10,50.0000,50.0000,50.0000,100.00,100.00,False
1789727510.8206,2.20,50.0000,50.0000,50.0000,100.00,100.00,False
1789727510.9352,2.30,50.0000,50.0000,50.0000,100.00,100.00,False
1789727511.0251,2.40,50.0000,50.0000,50.0000,100.00,100.00,False
1789727511.1154,2.50,50.0000,50.0000,50.0000,100.00,100.00,False
1789727511.2221,2.60,50.0000,50.0000,50.0000,100.00,100.00,False
1789727511.3195,2.70,50.0000,50.0000,50.0000,100.00,100.00,False
1789727511.4216,2.80,50.0000,50.0000,50.0000,100.00,100.00,False
1789727511.5253,2.90,50.0000,50.0000,50.0000,100.00,100.00,False
1789727511.6246,3.00,50.0000,50.0000,50.0000,100.00,100.00,False
1789727511.7125,3.10,50.0000,50.0000,50.0000,100.00,100.00,False
1789727511.8223,3.20,50.0000,50.0000,50.0000,100.00,100.00,False
1789727511.9299,3.30,50.0000,50.0000,50.0000,100.00,100.00,False
1789727512.0254,3.40,50.0000,50.0000,50.0000,100.00,100.00,False
1789727512.1293,3.50,50.0000,50.0000,50.0000,100.00,100.00,False
1789727512.2228,3.60,50.0000,50.0000,50.0000,100.00,100.00,False
1789727512.3250,3.70,50.0000,50.0000,50.0000,100.00,100.00,False
1789727512.4247,3.80,50.0000,50.0000,50.0000,100.00,100.00,False
1789727512.5229,3.90,50.0000,50.0000,50.0000,100.00,100.00,False
1789727512.6274,4.00,50.0000,50.0000,50.0000,100.00,100.00,False
1789727512.7224,4.10,50.0000,50.0000,50.0000,100.00,100.00,False
1789727512.9246,4.20,50.0000,50.0000,50.0000,100.00,100.00,False
1789727513.0045,4.30,50.0000,50.0000,50.0000,100.00,100.00,False
1789727513.0946,4.40,50.0000,50.0000,50.0000,100.00,100.00,False
1789727513.1948,4.50,50.0000,50.0000,50.0000,100.00,100.00,False
1789727513.2874,4.60,50.0000,50.0000,50.0000,100.00,100.00,False
1789727513.3946,4.70,50.0000,50.0000,50.0000,100.00,100.00,False
1789727513.4918,4.80,50.0000,50.0000,50.0000,100.00,100.00,False
1789727513.6007,4.90,50.0000,50.0000,50.0000,100.00,100.00,False
1789727513.6969,5.00,50.0000,50.0000,50.0000,100.00,100.00,False
1789727513.7903,5.10,50.0000,50.0000,50.0000,100.00,100.00,False
1789727513.9091,5.20,50.0000,50.0000,50.0000,100.00,100.00,False
1789727513.9990,5.30,50.0000,50.0000,50.0000,100.00,100.00,False
1789727514.0961,5.40,50.0000,50.0000,50.0000,100.00,100.00,False
1789727514.2017,5.50,50.0000,50.0000,50.0000,100.00,100.00,False
1789727514.3011,5.60,50.0000,50.0000,50.0000,100.00,100.00,False
1789727514.3914,5.70,50.0000,50.0000,50.0000,100.00,100.00,False
1789727514.4967,5.80,50.0000,50.0000,50.0000,100.00,100.00,False
1789727514.5967,5.90,50.0000,50.0000,50.0000,100.00,100.00,False
1789727514.7009,6.00,50.0000,50.0000,50.0000,100.00,100.00,False
1789727514.8041,6.10,50.0000,50.0000,50.0000,100.00,100.00,False
1789727514.9014,6.20,50.0000,50.0000,50.0000,100.00,100.00,False
1789727514.9910,6.30,50.0000,50.0000,50.0000,100.00,100.00,False
1789727515.1011,6.40,50.0000,50.0000,50.0000,100.00,100.00,False
1789727515.2035,6.50,50.0000,50.0000,50.0000,100.00,100.00,False
1789727515.2984,6.60,50.0000,50.0000,50.0000,100.00,100.00,False
1789727515.3948,6.70,50.0000,50.0000,50.0000,100.00,100.00,False
1789727515.5510,6.80,50.0000,50.0000,50.0000,100.00,100.00,False
1789727515.6341,6.90,50.0000,50.0000,50.0000,100.00,100.00,False
1789727515.7219,7.00,50.0000,50.0000,50.0000,100.00,100.00,False
1789727515.8228,7.10,50.0000,50.0000,50.0000,100.00,100.00,False
1789727515.9144,7.20,50.0000,50.0000,50.0000,100.00,100.00,False
1789727516.0269,7.30,50.0000,50.0000,50.0000,100.00,100.00,False
1789727516.1204,7.40,50.0000,50.0000,50.0000,100.00,100.00,False
1789727516.2223,7.50,50.0000,50.0000,50.0000,100.00,100.00,False
1789727516.3163,7.60,50.0000,50.0000,50.0000,100.00,100.00,False
1789727515.4739,7.70,50.0000,50.0000,50.0000,100.00,100.00,False
1789727516.5280,7.80,50.0000,50.0000,50.0000,100.00,100.00,False
1789727516.6168,7.90,50.0000,50.0000,50.0000,100.00,100.00,False
1789727516.7188,8.00,50.0000,50.0000,50.0000,100.00,100.00,False
1789727516.8232,8.10,50.0000,50.0000,50.0000,100.00,100.00,False
1789727516.9145,8.20,50.0000,50.0000,50.0000,100.00,100.00,False
1789727517.0150,8.30,50.0000,50.0000,50.0000,100.00,100.00,False
1789727517.1633,8.40,50.0000,50.0000,50.0000,100.00,100.00,False
1789727517.2417,8.50,50.0000,50.0000,50.0000,100.00,100.00,False
1789727517.3394,8.60,50.0000,50.0000,50.0000,100.00,100.00,False
1789727517.4340,8.70,50.0000,50.0000,50.0000,100.00,100.00,False
1789727517.5318,8.80,50.0000,50.0000,50.0000,100.00,100.00,False
1789727517.6335,8.90,50.0000,50.0000,50.0000,100.00,100.00,False
1789727517.7332,9.00,50.0000,50.0000,50.0000,100.00,100.00,False
1789727517.8377,9.10,50.0000,50.0000,50.0000,100.00,100.00,False
1789727517.9301,9.20,50.0000,50.0000,50.0000,100.00,100.00,False
1789727518.0313,9.30,50.0000,50.0000,50.0000,100.00,100.00,False
1789727518.1282,9.40,50.0000,50.0000,50.0000,100.00,100.00,False
1789727518.2301,9.50,50.0000,50.0000,50.0000,100.00,100.00,False
1789727518.3346,9.60,50.0000,50.0000,50.0000,100.00,100.00,False
1789727518.4434,9.70,50.0000,50.0000,50.0000,100.00,100.00,False
1789727518.5306,9.80,50.0000,50.0000,50.0000,100.00,100.00,False
1789727518.6366,9.90,50.0000,50.0000,50.0000,100.00,100.00,False
1789727518.7301,10.00,50.0000,50.0000,50.0000,100.00,100.00,False
1789727518.8812,10.10,49.9700,50.0000,50.0000,100.00,103.00,False
1789727518.9766,10.20,49.9400,50.0000,50.0000,100.00,103.00,False
1789727519.0853,10.30,49.9100,50.0000,50.0000,100.00,103.00,False
1789727519.1748,10.40,49.8800,50.0000,50.0000,100.00,103.00,False
1789727519.2755,10.50,49.8500,50.0000,50.0000,100.00,103.00,False
1789727519.4151,10.60,49.8200,49.8800,50.0000,100.00,103.00,False
1789727519.4987,10.70,49.7900,49.8800,50.0000,100.00,103.00,False
1789727519.6221,10.80,49.7600,49.8800,50.0000,100.00,103.00,False
1789727519.7379,10.90,49.7300,49.8800,49.8800,100.00,103.00,False
1789727519.8685,11.00,49.7000,49.8800,49.8800,100.00,103.00,False
1789727519.9730,11.10,49.6700,49.8800,49.8800,100.00,103.00,False
1789727520.0869,11.20,49.6400,49.7600,49.8800,100.00,103.00,False
1789727520.1767,11.30,49.6100,49.7600,49.8800,100.00,103.00,False
1789727520.2788,11.40,49.5800,49.7600,49.8800,100.00,103.00,False
1789727520.3997,11.50,49.5500,49.7600,49.7600,100.00,103.00,False
1789727520.5121,11.60,49.5200,49.7600,49.7600,100.00,103.00,False
1789727520.6128,11.70,49.4900,49.5800,49.7600,100.00,103.00,False
1789727520.7310,11.80,49.4600,49.5800,49.7600,100.00,103.00,False
1789727520.8139,11.90,49.4350,49.5800,49.7600,100.50,103.00,False
1789727520.9404,12.00,49.4100,49.5800,49.5800,100.50,103.00,False
1789727521.0467,12.10,49.3850,49.5800,49.5800,100.50,103.00,False
1789727521.1392,12.20,49.3600,49.4400,49.5800,100.50,103.00,False
1789727521.2639,12.30,49.3350,49.4400,49.5800,100.50,103.00,False
1789727521.3546,12.40,49.3150,49.4400,49.5800,101.00,103.00,False
1789727521.5024,12.50,49.2950,49.4400,49.4400,101.00,103.00,False
1789727521.6359,12.60,49.2750,49.3200,49.4400,101.00,103.00,False
1789727521.7420,12.70,49.2550,49.3200,49.4400,101.00,103.00,False
1789727521.8819,12.80,49.2400,49.3200,49.4400,101.50,103.00,False
1789727521.9754,12.90,49.2250,49.3200,49.4400,101.50,103.00,False
1789727522.1069,13.00,49.2100,49.3200,49.3200,101.50,103.00,False
1789727522.1983,13.10,49.1950,49.2400,49.3200,101.50,103.00,False
1789727522.3173,13.20,49.1800,49.2400,49.3200,101.50,103.00,False
1789727522.4041,13.30,49.1700,49.2400,49.3200,102.00,103.00,False
1789727522.5405,13.40,49.1600,49.2400,49.3200,102.00,103.00,False
1789727522.7094,13.50,49.1500,49.2400,49.2400,102.00,103.00,False
1789727522.8092,13.60,49.1400,49.1700,49.2400,102.00,103.00,False
1789727522.9201,13.70,49.1300,49.1700,49.2400,102.00,103.00,False
1789727523.0085,13.80,49.1250,49.1700,49.2400,102.50,103.00,False
1789727523.1074,13.90,49.1200,49.1700,49.2400,102.50,103.00,False
1789727523.2516,14.00,49.1150,49.1700,49.2400,102.50,103.00,False
1789727523.3467,14.10,49.1100,49.1200,49.1700,102.50,103.00,False
1789727523.4499,14.20,49.1050,49.1200,49.1700,102.50,103.00,False
1789727523.5437,14.30,49.1000,49.1200,49.1700,102.50,103.00,False
1789727523.6486,14.40,49.0950,49.1200,49.1700,102.50,103.00,False
1789727523.7871,14.50,49.0900,49.1000,49.1700,102.50,103.00,False
1789727523.9076,14.60,49.0850,49.1000,49.1000,102.50,103.00,False
1789727523.9690,14.70,49.0850,49.1000,49.1000,103.00,103.00,False
1789727524.0769,14.80,49.0850,49.1000,49.1000,103.00,103.00,False
1789727524.1765,14.90,49.0850,49.1000,49.1000,103.00,103.00,False
1789727524.3003,15.00,49.0850,49.0800,49.1000,103.00,103.00,False
1789727524.3783,15.10,49.0850,49.0800,49.1000,103.00,103.00,False
1789727524.5158,15.20,49.0900,49.0800,49.0800,103.50,103.00,False
1789727524.6007,15.30,49.0950,49.0800,49.0800,103.50,103.00,False
1789727524.7038,15.40,49.1000,49.0800,49.0800,103.50,103.00,False
1789727524.8243,15.50,49.1050,49.0900,49.0800,103.50,103.00,False
1789727524.9173,15.60,49.1100,49.0900,49.0800,103.50,103.00,False
1789727525.0320,15.70,49.1150,49.0900,49.0900,103.50,103.00,False
1789727525.1372,15.80,49.1250,49.0900,49.0900,104.00,103.00,False
1789727525.2248,15.90,49.1350,49.0900,49.0900,104.00,103.00,False
1789727525.3264,16.00,49.1450,49.0900,49.0900,104.00,103.00,False
1789727525.4310,16.10,49.1550,49.1200,49.0900,104.00,103.00,False
1789727525.5519,16.20,49.1650,49.1200,49.1200,104.00,103.00,False
1789727525.6541,16.30,49.1800,49.1200,49.1200,104.50,103.00,False
1789727525.7396,16.40,49.1950,49.1200,49.1200,104.50,103.00,False
1789727525.8432,16.50,49.2100,49.1200,49.1200,104.50,103.00,False
1789727525.9458,16.60,49.2250,49.1800,49.1200,104.50,103.00,False
1789727526.0832,16.70,49.2400,49.1800,49.1200,104.50,103.00,False
1789727526.1996,16.80,49.2600,49.1800,49.1800,105.00,103.00,False
1789727526.3239,16.90,49.2800,49.1800,49.1800,105.00,103.00,False
1789727526.4410,17.00,49.3000,49.1800,49.1800,105.00,103.00,False
1789727526.5406,17.10,49.3200,49.2600,49.1800,105.00,103.00,False
1789727526.6537,17.20,49.3400,49.2600,49.1800,105.00,103.00,False
1789727526.7617,17.30,49.3650,49.2600,49.2600,105.50,103.00,False
1789727526.8561,17.40,49.3900,49.2600,49.2600,105.50,103.00,False
1789727526.9683,17.50,49.4150,49.2600,49.2600,105.50,103.00,False
1789727527.0612,17.60,49.4400,49.3600,49.2600,105.50,103.00,False
1789727527.1604,17.70,49.4650,49.3600,49.2600,105.50,103.00,False
1789727527.2786,17.80,49.4950,49.3600,49.3600,106.00,103.00,False
1789727527.3699,17.90,49.5250,49.3600,49.3600,106.00,103.00,False
1789727527.4863,18.00,49.5550,49.3600,49.3600,106.00,103.00,False
1789727527.5831,18.10,49.5850,49.5000,49.3600,106.00,103.00,False
1789727527.6869,18.20,49.6150,49.5000,49.3600,106.00,103.00,False
1789727527.7966,18.30,49.6450,49.5000,49.3600,106.00,103.00,False
1789727527.9092,18.40,49.6800,49.5000,49.5000,106.50,103.00,False
1789727528.0032,18.50,49.7150,49.5000,49.5000,106.50,103.00,False
1789727528.1173,18.60,49.7500,49.6400,49.5000,106.50,103.00,False
1789727528.2149,18.70,49.7850,49.6400,49.5000,106.50,103.00,False
1789727528.3369,18.80,49.8200,49.6400,49.5000,106.50,103.00,False
1789727528.4442,18.90,49.8600,49.6400,49.6400,107.00,103.00,False
1789727528.5348,19.00,49.9000,49.6400,49.6400,107.00,103.00,False
1789727528.6581,19.10,49.9400,49.8200,49.6400,107.00,103.00,False
1789727528.7626,19.20,49.9800,49.8200,49.6400,107.00,103.00,False
1789727528.8601,19.30,50.0250,49.8200,49.6400,107.50,103.00,False
1789727529.0145,19.40,50.0700,49.8200,49.6400,107.50,103.00,False
1789727529.1166,19.50,50.1150,49.8200,49.8200,107.50,103.00,False
1789727529.2335,19.60,50.1600,50.0200,49.8200,107.50,103.00,False
1789727529.3181,19.70,50.2050,50.0200,49.8200,107.50,103.00,False
1789727529.4248,19.80,50.2500,50.0200,49.8200,107.50,103.00,False
1789727529.5325,19.90,50.2950,50.0200,49.8200,107.50,103.00,False
1789727529.6950,20.00,50.3400,50.2500,50.0200,107.50,103.00,False
1789727529.7951,20.10,50.3850,50.2500,50.0200,107.50,103.00,False
1789727529.8872,20.20,50.4300,50.2500,50.0200,107.50,103.00,False
1789727529.9836,20.30,50.4750,50.2500,50.0200,107.50,103.00,False
1789727530.1626,20.40,50.5200,50.2500,50.0200,107.50,103.00,False
1789727530.3099,20.50,50.5650,50.4300,50.4300,107.50,103.00,False
1789727530.3973,20.60,50.6100,50.4300,50.4300,107.50,103.00,False
1789727530.4986,20.70,50.6550,50.4300,50.4300,107.50,103.00,False
1789727530.5959,20.80,50.7000,50.4300,50.4300,107.50,103.00,False
1789727530.7081,20.90,50.7450,50.6100,50.4300,107.50,103.00,False
1789727530.8440,21.00,50.7900,50.6100,50.6100,107.50,103.00,False
1789727530.9405,21.10,50.8300,50.6100,50.6100,107.00,103.00,False
1789727531.0360,21.20,50.8700,50.6100,50.6100,107.00,103.00,False
1789727531.1478,21.30,50.9100,50.6100,50.6100,107.00,103.00,False
1789727531.2381,21.40,50.9500,50.8300,50.6100,107.00,103.00,False
1789727531.3840,21.50,50.9900,50.8300,50.8300,107.00,103.00,False
1789727531.4687,21.60,51.0250,50.8300,50.8300,106.50,103.00,False
1789727531.6146,21.70,51.0600,50.8300,50.8300,106.50,103.00,False
1789727531.7449,21.80,51.0950,50.8300,50.8300,106.50,103.00,False
1789727531.8460,21.90,51.1300,51.0200,50.8300,106.50,103.00,False
1789727531.9832,22.00,51.1650,51.0200,51.0200,106.50,103.00,False
1789727532.0741,22.10,51.1950,51.0200,51.0200,106.00,103.00,False
1789727532.1707,22.20,51.2250,51.0200,51.0200,106.00,103.00,False
1789727532.2886,22.30,51.2550,51.0200,51.0200,106.00,103.00,False
1789727532.3843,22.40,51.2850,51.2000,51.0200,106.00,103.00,False
1789727532.5013,22.50,51.3150,51.2000,51.0200,106.00,103.00,False
1789727532.6266,22.60,51.3400,51.2000,51.2000,105.50,103.00,False
1789727532.7157,22.70,51.3650,51.2000,51.2000,105.50,103.00,False
1789727532.8386,22.80,51.3900,51.2000,51.2000,105.50,103.00,False
1789727532.9287,22.90,51.4150,51.3400,51.2000,105.50,103.00,False
1789727533.0269,23.00,51.4400,51.3400,51.2000,105.50,103.00,False
1789727533.1497,23.10,51.4600,51.3400,51.3400,105.00,103.00,False
1789727533.2445,23.20,51.4800,51.3400,51.3400,105.00,103.00,False
1789727533.3614,23.30,51.5000,51.3400,51.3400,105.00,103.00,False
1789727533.4693,23.40,51.5200,51.4600,51.3400,105.00,103.00,False
1789727533.5954,23.50,51.5400,51.4600,51.3400,105.00,103.00,False
1789727533.6968,23.60,51.5550,51.4600,51.3400,104.50,103.00,False
1789727533.7881,23.70,51.5700,51.4600,51.4600,104.50,103.00,False
1789727533.9057,23.80,51.5850,51.4600,51.4600,104.50,103.00,False
1789727533.9906,23.90,51.6000,51.5600,51.4600,104.50,103.00,False
1789727534.1148,24.00,51.6150,51.5600,51.4600,104.50,103.00,False
1789727534.2498,24.10,51.6250,51.5600,51.4600,104.00,103.00,False
1789727534.3910,24.20,51.6350,51.5600,51.5600,104.00,103.00,False
1789727534.5326,24.30,51.6450,51.6200,51.5600,104.00,103.00,False
1789727534.6355,24.40,51.6550,51.6200,51.5600,104.00,103.00,False
1789727534.7224,24.50,51.6600,51.6200,51.5600,103.50,103.00,False
1789727534.8234,24.60,51.6650,51.6200,51.5600,103.50,103.00,False
1789727534.9652,24.70,51.6700,51.6200,51.6200,103.50,103.00,False
1789727535.0848,24.80,51.6750,51.6600,51.6200,103.50,103.00,False
1789727535.1791,24.90,51.6800,51.6600,51.6200,103.50,103.00,False
1789727535.2636,25.00,51.6800,51.6600,51.6200,103.00,103.00,False
1789727535.3486,25.10,51.6800,51.6600,51.6200,103.00,103.00,False
1789727535.4920,25.20,51.6800,51.6600,51.6200,103.00,103.00,False
1789727535.5895,25.30,51.6800,51.6600,51.6600,103.00,103.00,False
1789727535.6765,25.40,51.6800,51.6800,51.6600,103.00,103.00,False
1789727535.7596,25.50,51.6800,51.6800,51.6600,103.00,103.00,False
1789727535.8894,25.60,51.6750,51.6800,51.6600,102.50,103.00,False
1789727535.9925,25.70,51.6700,51.6800,51.6600,102.50,103.00,False
1789727536.0923,25.80,51.6650,51.6800,51.6600,102.50,103.00,False
1789727536.2181,25.90,51.6600,51.6800,51.6800,102.50,103.00,False
1789727536.3242,26.00,51.6550,51.6800,51.6800,102.50,103.00,False
1789727536.4132,26.10,51.6450,51.6800,51.6800,102.00,103.00,False
1789727536.5159,26.20,51.6350,51.6800,51.6800,102.00,103.00,False
1789727536.6368,26.30,51.6250,51.6800,51.6800,102.00,103.00,False
1789727536.7862,26.40,51.6150,51.6400,51.6400,102.00,103.00,False
1789727536.8951,26.50,51.6050,51.6400,51.6400,102.00,103.00,False
1789727536.9863,26.60,51.5950,51.6400,51.6400,102.00,103.00,False
1789727537.0885,26.70,51.5850,51.6400,51.6400,102.00,103.00,False
1789727537.2033,26.80,51.5750,51.6400,51.6400,102.00,103.00,False
1789727537.3164,26.90,51.5650,51.6000,51.6400,102.00,103.00,False
1789727537.4170,27.00,51.5550,51.6000,51.6000,102.00,103.00,False
1789727537.5031,27.10,51.5400,51.6000,51.6000,101.50,103.00,False
1789727537.6039,27.20,51.5250,51.6000,51.6000,101.50,103.00,False
1789727537.7089,27.30,51.5100,51.6000,51.6000,101.50,103.00,False
1789727537.8243,27.40,51.4950,51.5400,51.6000,101.50,103.00,False
1789727537.9520,27.50,51.4800,51.5400,51.5400,101.50,103.00,False
1789727538.0528,27.60,51.4600,51.5400,51.5400,101.00,103.00,False
1789727538.1485,27.70,51.4400,51.5400,51.5400,101.00,103.00,False
1789727538.2653,27.80,51.4200,51.5400,51.5400,101.00,103.00,False
1789727538.3585,27.90,51.4000,51.4600,51.5400,101.00,103.00,False
1789727538.4997,28.00,51.3800,51.4600,51.4600,101.00,103.00,False
1789727538.5925,28.10,51.3550,51.4600,51.4600,100.50,103.00,False
1789727538.6895,28.20,51.3300,51.4600,51.4600,100.50,103.00,False
1789727538.7957,28.30,51.3050,51.4600,51.4600,100.50,103.00,False
1789727538.9152,28.40,51.2800,51.3600,51.4600,100.50,103.00,False
1789727539.0200,28.50,51.2550,51.3600,51.4600,100.50,103.00,False
1789727539.1316,28.60,51.2250,51.3600,51.3600,100.00,103.00,False
1789727539.2225,28.70,51.1950,51.3600,51.3600,100.00,103.00,False
1789727539.3378,28.80,51.1650,51.3600,51.3600,100.00,103.00,False
1789727539.4271,28.90,51.1350,51.2200,51.3600,100.00,103.00,False
1789727539.6343,29.00,51.1050,51.2200,51.2200,100.00,103.00,False
1789727539.7321,29.10,51.0700,51.2200,51.2200,99.50,103.00,False
1789727539.8308,29.20,51.0350,51.2200,51.2200,99.50,103.00,False
1789727539.9411,29.30,51.0000,51.1000,51.2200,99.50,103.00,False
1789727540.0306,29.40,50.9650,51.1000,51.2200,99.50,103.00,False
1789727540.1459,29.50,50.9250,51.1000,51.2200,99.00,103.00,False
1789727540.2500,29.60,50.8850,51.1000,51.1000,99.00,103.00,False
1789727540.3398,29.70,50.8450,51.1000,51.1000,99.00,103.00,False
1789727540.4754,29.80,50.8050,50.9200,51.1000,99.00,103.00,False
1789727540.5822,29.90,50.7650,50.9200,51.1000,99.00,103.00,False
1789727540.6746,30.00,50.7200,50.9200,51.1000,98.50,103.00,False
1789727540.8192,30.10,50.6750,50.9200,50.9200,98.50,103.00,False
1789727540.9155,30.20,50.6300,50.9200,50.9200,98.50,103.00,False
1789727541.0291,30.30,50.5850,50.7200,50.9200,98.50,103.00,False
1789727541.1304,30.40,50.5400,50.7200,50.9200,98.50,103.00,False
1789727541.2213,30.50,50.4900,50.7200,50.9200,98.00,103.00,False
1789727541.3374,30.60,50.4400,50.7200,50.9200,98.00,103.00,False
1789727541.4545,30.70,50.3900,50.7200,50.7200,98.00,103.00,False
1789727541.5525,30.80,50.3400,50.4900,50.7200,98.00,103.00,False
1789727541.6493,30.90,50.2900,50.4900,50.7200,98.00,103.00,False
1789727541.7512,31.00,50.2350,50.4900,50.7200,97.50,103.00,False
1789727541.8440,31.10,50.1800,50.4900,50.7200,97.50,103.00,False
1789727542.0033,31.20,50.1250,50.4900,50.4900,97.50,103.00,False
1789727542.0967,31.30,50.0700,50.2400,50.4900,97.50,103.00,False
1789727542.2318,31.40,50.0150,50.2400,50.4900,97.50,103.00,False
1789727542.3526,31.50,49.9550,50.2400,50.4900,97.00,103.00,False
1789727542.4503,31.60,49.8950,50.2400,50.4900,97.00,103.00,False
1789727542.5850,31.70,49.8350,49.9600,50.2400,97.00,103.00,False
1789727542.6708,31.80,49.7750,49.9600,50.2400,97.00,103.00,False
1789727542.7738,31.90,49.7100,49.9600,50.2400,96.50,103.00,False
1789727542.8719,32.00,49.6450,49.9600,50.2400,96.50,103.00,False
1789727542.9779,32.10,49.5800,49.9600,50.2400,96.50,103.00,False
1789727543.1522,32.20,49.5150,49.7100,49.7100,96.50,103.00,False
1789727543.2330,32.30,49.4500,49.7100,49.7100,96.50,103.00,False
1789727543.3393,32.40,49.3850,49.7100,49.7100,96.50,103.00,False
1789727543.4455,32.50,49.3200,49.7100,49.7100,96.50,103.00,False
1789727543.5855,32.60,49.2550,49.3800,49.7100,96.50,103.00,False
1789727543.7008,32.70,49.1900,49.3800,49.3800,96.50,103.00,False
1789727543.8033,32.80,49.1300,49.3800,49.3800,97.00,103.00,False
1789727543.8902,32.90,49.0700,49.3800,49.3800,97.00,103.00,False
1789727543.9926,33.00,49.0100,49.3800,49.3800,97.00,103.00,False
1789727544.0993,33.10,48.9500,49.1300,49.3800,97.00,103.00,False
1789727544.2166,33.20,48.8900,49.1300,49.3800,97.00,103.00,False
1789727544.3221,33.30,48.8350,49.1300,49.1300,97.50,103.00,False
1789727544.4041,33.40,48.7800,49.1300,49.1300,97.50,103.00,False
1789727544.5164,33.50,48.7250,49.1300,49.1300,97.50,103.00,False
1789727544.6157,33.60,48.6700,48.8400,49.1300,97.50,103.00,False
1789727544.7069,33.70,48.6150,48.8400,49.1300,97.50,103.00,False
1789727544.8204,33.80,48.5650,48.8400,48.8400,98.00,103.00,False
1789727544.9313,33.90,48.5150,48.8400,48.8400,98.00,103.00,False
1789727545.0455,34.00,48.4650,48.8400,48.8400,98.00,103.00,False
1789727545.1599,34.10,48.4150,48.8400,48.8400,98.00,103.00,False
1789727545.2600,34.20,48.3650,48.5600,48.8400,98.00,103.00,False
1789727545.3833,34.30,48.3150,48.5600,48.5600,98.00,103.00,False
1789727545.4709,34.40,48.2700,48.5600,48.5600,98.50,103.00,False
1789727545.5676,34.50,48.2250,48.5600,48.5600,98.50,103.00,False
1789727545.6894,34.60,48.1800,48.5600,48.5600,98.50,103.00,False
1789727545.7823,34.70,48.1350,48.2700,48.5600,98.50,103.00,False
1789727545.8808,34.80,48.0900,48.2700,48.5600,98.50,103.00,False
1789727546.0274,34.90,48.0500,48.2700,48.2700,99.00,103.00,False
1789727546.1190,35.00,48.0100,48.2700,48.2700,99.00,103.00,False
1789727546.2397,35.10,47.9700,48.2700,48.2700,99.00,103.00,False
1789727546.3477,35.20,47.9300,48.0500,48.2700,99.00,103.00,False
1789727546.4355,35.30,47.8900,48.0500,48.2700,99.00,103.00,False
1789727546.5560,35.40,47.8550,48.0500,48.0500,99.50,103.00,False
1789727546.6483,35.50,47.8200,48.0500,48.0500,99.50,103.00,False
1789727546.7665,35.60,47.7850,48.0500,48.0500,99.50,103.00,False
1789727546.8607,35.70,47.7500,47.8600,48.0500,99.50,103.00,False
1789727546.9768,35.80,47.7150,47.8600,48.0500,99.50,103.00,False
1789727547.0799,35.90,47.6850,47.8600,47.8600,100.00,103.00,False
1789727547.1699,36.00,47.6550,47.8600,47.8600,100.00,103.00,False
1789727547.2828,36.10,47.6250,47.8600,47.8600,100.00,103.00,False
1789727547.3683,36.20,47.5950,47.6800,47.8600,100.00,103.00,False
1789727547.4855,36.30,47.5650,47.6800,47.8600,100.00,103.00,False
1789727547.6032,36.40,47.5400,47.6800,47.8600,100.50,103.00,False
1789727547.7414,36.50,47.5150,47.6800,47.6800,100.50,103.00,False
1789727547.8541,36.60,47.4900,47.6800,47.6800,100.50,103.00,False
1789727547.9450,36.70,47.4650,47.5400,47.6800,100.50,103.00,False
1789727547.0240,36.80,47.4400,47.5400,47.6800,100.50,103.00,False
1789727548.1471,36.90,47.4300,47.4400,47.4400,102.00,103.00,False
1789727548.2474,37.00,47.4200,47.4400,47.4400,102.00,103.00,False
1789727548.3535,37.10,47.4100,47.4400,47.4400,102.00,103.00,False
1789727548.4537,37.20,47.4000,47.4400,47.4400,102.00,103.00,False
1789727548.5487,37.30,47.3900,47.4400,47.4400,102.00,103.00,False
1789727548.6433,37.40,47.3800,47.4400,47.4400,102.00,103.00,False
1789727548.7653,37.50,47.3700,47.4400,47.4400,102.00,103.00,False
1789727548.8740,37.60,47.3600,47.3900,47.3900,102.00,103.00,False
1789727548.9782,37.70,47.3500,47.3900,47.3900,102.00,103.00,False
1789727549.0584,37.80,47.3450,47.3900,47.3900,102.50,103.00,False
1789727549.2165,37.90,47.3400,47.3900,47.3900,102.50,103.00,False
1789727549.3223,38.00,47.3350,47.3900,47.3900,102.50,103.00,False
1789727549.4976,38.10,47.3300,47.3400,47.3400,102.50,103.00,False
1789727549.6141,38.20,47.3250,47.3400,47.3400,102.50,103.00,False
1789727549.6770,38.30,47.3250,47.3400,47.3400,103.00,103.00,False
1789727549.7777,38.40,47.3250,47.3400,47.3400,103.00,103.00,False
1789727549.8977,38.50,47.3250,47.3400,47.3400,103.00,103.00,False
1789727549.9816,38.60,47.3250,47.3200,47.3400,103.00,103.00,False
1789727550.1223,38.70,47.3250,47.3200,47.3200,103.00,103.00,False
1789727550.2122,38.80,47.3300,47.3200,47.3200,103.50,103.00,False
1789727550.3129,38.90,47.3350,47.3200,47.3200,103.50,103.00,False
1789727550.4578,39.00,47.3400,47.3300,47.3200,103.50,103.00,False
1789727550.5536,39.10,47.3450,47.3300,47.3200,103.50,103.00,False
1789727550.6877,39.20,47.3500,47.3300,47.3300,103.50,103.00,False
1789727550.7796,39.30,47.3600,47.3300,47.3300,104.00,103.00,False
1789727550.8703,39.40,47.3700,47.3300,47.3300,104.00,103.00,False
1789727550.9969,39.50,47.3800,47.3300,47.3300,104.00,103.00,False
1789727551.0863,39.60,47.3900,47.3600,47.3300,104.00,103.00,False
1789727551.2569,39.70,47.4000,47.3600,47.3600,104.00,103.00,False
1789727551.3533,39.80,47.4150,47.3600,47.3600,104.50,103.00,False
1789727551.4477,39.90,47.4300,47.3600,47.3600,104.50,103.00,False
1789727551.5966,40.00,47.4450,47.4000,47.3600,104.50,103.00,False
1789727551.7038,40.10,47.4600,47.4000,47.3600,104.50,103.00,False
1789727551.8339,40.20,47.4800,47.4000,47.4000,105.00,103.00,False
1789727551.9594,40.30,47.5000,47.4000,47.4000,105.00,103.00,False
1789727552.0610,40.40,47.5200,47.4000,47.4000,105.00,103.00,False
1789727552.1683,40.50,47.5400,47.4800,47.4000,105.00,103.00,False
1789727552.2512,40.60,47.5600,47.4800,47.4000,105.00,103.00,False
1789727552.3516,40.70,47.5850,47.4800,47.4000,105.50,103.00,False
1789727552.4763,40.80,47.6100,47.4800,47.4800,105.50,103.00,False
1789727552.5635,40.90,47.6350,47.4800,47.4800,105.50,103.00,False
1789727552.6650,41.00,47.6600,47.5800,47.4800,105.50,103.00,False
1789727552.7615,41.10,47.6850,47.5800,47.4800,105.50,103.00,False
1789727552.8667,41.20,47.7150,47.5800,47.4800,106.00,103.00,False
1789727552.9838,41.30,47.7450,47.5800,47.4800,106.00,103.00,False
1789727553.1065,41.40,47.7750,47.5800,47.5800,106.00,103.00,False
1789727553.2178,41.50,47.8050,47.7200,47.5800,106.00,103.00,False
1789727553.3221,41.60,47.8350,47.7200,47.5800,106.00,103.00,False
1789727553.4088,41.70,47.8700,47.7200,47.5800,106.50,103.00,False
1789727553.5205,41.80,47.9050,47.7200,47.5800,106.50,103.00,False
1789727553.6763,41.90,47.9400,47.7200,47.7200,106.50,103.00,False
1789727553.7586,42.00,47.9750,47.8700,47.7200,106.50,103.00,False
1789727553.9041,42.10,48.0100,47.8700,47.7200,106.50,103.00,False
1789727553.9927,42.20,48.0500,47.8700,47.7200,107.00,103.00,False
1789727554.0958,42.30,48.0900,47.8700,47.7200,107.00,103.00,False
1789727554.2877,42.40,48.1300,48.0100,48.0100,107.00,103.00,False
1789727554.3954,42.50,48.1700,48.0100,48.0100,107.00,103.00,False
1789727554.4853,42.60,48.2150,48.0100,48.0100,107.50,103.00,False
1789727554.5962,42.70,48.2600,48.0100,48.0100,107.50,103.00,False
1789727554.6905,42.80,48.3050,48.0100,48.0100,107.50,103.00,False
1789727554.8516,42.90,48.3500,48.2200,48.2200,107.50,103.00,False
1789727554.9385,43.00,48.3950,48.2200,48.2200,107.50,103.00,False
1789727555.0362,43.10,48.4400,48.2200,48.2200,107.50,103.00,False
1789727555.1382,43.20,48.4850,48.2200,48.2200,107.50,103.00,False
1789727555.2808,43.30,48.5300,48.4400,48.2200,107.50,103.00,False
1789727555.4082,43.40,48.5750,48.4400,48.4400,107.50,103.00,False
1789727555.5209,43.50,48.6250,48.4400,48.4400,108.00,103.00,False
1789727555.6452,43.60,48.6750,48.4400,48.4400,108.00,103.00,False
1789727555.7398,43.70,48.7250,48.4400,48.4400,108.00,103.00,False
1789727555.8425,43.80,48.7750,48.6200,48.4400,108.00,103.00,False
1789727555.9632,43.90,48.8250,48.6200,48.6200,108.00,103.00,False
1789727556.0511,44.00,48.8800,48.6200,48.6200,108.50,103.00,False
1789727556.1529,44.10,48.9350,48.6200,48.6200,108.50,103.00,False
1789727556.2699,44.20,48.9900,48.6200,48.6200,108.50,103.00,False
1789727556.3657,44.30,49.0450,48.8800,48.6200,108.50,103.00,False
1789727556.5414,44.40,49.1000,48.8800,48.8800,108.50,103.00,False
1789727556.6330,44.50,49.1600,48.8800,48.8800,109.00,103.00,False
1789727556.7339,44.60,49.2200,48.8800,48.8800,109.00,103.00,False
1789727556.8485,44.70,49.2800,49.1000,48.8800,109.00,103.00,False
1789727556.9620,44.80,49.3400,49.1000,48.8800,109.00,103.00,False
1789727557.0704,44.90,49.4000,49.1000,49.1000,109.00,103.00,False
1789727557.1545,45.00,49.4650,49.1000,49.1000,109.50,103.00,False
1789727557.2607,45.10,49.5300,49.1000,49.1000,109.50,103.00,False
1789727557.3764,45.20,49.5950,49.1000,49.1000,109.50,103.00,False
1789727557.4667,45.30,49.6600,49.4600,49.1000,109.50,103.00,False
1789727557.6276,45.40,49.7250,49.4600,49.4600,109.50,103.00,False
1789727557.7207,45.50,49.7950,49.4600,49.4600,110.00,103.00,False
1789727557.8123,45.60,49.8650,49.4600,49.4600,110.00,103.00,False
1789727557.9586,45.70,49.9350,49.7200,49.4600,110.00,103.00,False
1789727558.0712,45.80,50.0050,49.7200,49.4600,110.00,103.00,False
1789727558.1769,45.90,50.0800,49.7200,49.7200,110.50,103.00,False
1789727558.2631,46.00,50.1550,49.7200,49.7200,110.50,103.00,False
1789727558.4633,46.10,50.2300,49.7200,49.7200,110.50,103.00,False
1789727558.5716,46.20,50.3050,50.0800,49.7200,110.50,103.00,False
1789727558.6666,46.30,50.3800,50.0800,49.7200,110.50,103.00,False
1789727558.8069,46.40,50.4600,50.0800,50.0800,111.00,103.00,False
1789727558.8920,46.50,50.5400,50.0800,50.0800,111.00,103.00,False
1789727559.0241,46.60,50.6200,50.0800,50.0800,111.00,103.00,False
1789727559.1122,46.70,50.7000,50.4600,50.0800,111.00,103.00,False
1789727559.2127,46.80,50.7800,50.4600,50.0800,111.00,103.00,False
1789727559.3384,46.90,50.8600,50.4600,50.4600,111.00,103.00,False
1789727559.4347,47.00,50.9400,50.4600,50.4600,111.00,103.00,False
1789727559.5428,47.10,51.0200,50.4600,50.4600,111.00,103.00,False
1789727559.6322,47.20,51.1000,50.8600,50.4600,111.00,103.00,False
1789727559.7733,47.30,51.1800,50.8600,50.4600,111.00,103.00,False
1789727559.8824,47.40,51.2550,50.8600,50.4600,110.50,103.00,False
1789727559.9746,47.50,51.3300,50.8600,50.8600,110.50,103.00,False
1789727560.0936,47.60,51.4050,51.1800,50.8600,110.50,103.00,False
1789727560.1813,47.70,51.4800,51.1800,50.8600,110.50,103.00,False
1789727560.2898,47.80,51.5500,51.1800,50.8600,110.00,103.00,False
1789727560.3840,47.90,51.6200,51.1800,50.8600,110.00,103.00,False
1789727560.5005,48.00,51.6900,51.1800,51.1800,110.00,103.00,False
1789727560.6149,48.10,51.7600,51.5500,51.1800,110.00,103.00,False
1789727560.7184,48.20,51.8300,51.5500,51.1800,110.00,103.00,False
1789727560.8046,48.30,51.8950,51.5500,51.1800,109.50,103.00,False
1789727560.9082,48.40,51.9600,51.5500,51.1800,109.50,103.00,False
1789727561.0468,48.50,52.0250,51.5500,51.1800,109.50,103.00,False
1789727561.1321,48.60,52.0900,51.9000,51.9000,109.50,103.00,False
1789727561.2529,48.70,52.1550,51.9000,51.9000,109.50,103.00,False
1789727561.3675,48.80,52.2200,51.9000,51.9000,109.50,103.00,False
1789727561.4594,48.90,52.2850,51.9000,51.9000,109.50,103.00,False
1789727561.5952,49.00,52.3500,52.1600,52.1600,109.50,103.00,False
1789727561.6801,49.10,52.4150,52.1600,52.1600,109.50,103.00,False
1789727561.7874,49.20,52.4750,52.1600,52.1600,109.00,103.00,False
1789727561.8971,49.30,52.5350,52.1600,52.1600,109.00,103.00,False
1789727561.9874,49.40,52.5950,52.1600,52.1600,109.00,103.00,False
1789727562.1263,49.50,52.6550,52.4800,52.1600,109.00,103.00,False
1789727562.2387,49.60,52.7150,52.4800,52.4800,109.00,103.00,False
1789727562.3471,49.70,52.7750,52.4800,52.4800,109.00,103.00,False
1789727562.4309,49.80,52.8300,52.4800,52.4800,108.50,103.00,False
1789727562.5386,49.90,52.8850,52.4800,52.4800,108.50,103.00,False
1789727562.6573,50.00,52.9400,52.4800,52.4800,108.50,103.00,False
1789727562.7898,50.10,52.9950,52.8300,52.8300,108.50,103.00,False
1789727562.9054,50.20,53.0500,52.8300,52.8300,108.50,103.00,False
1789727562.9836,50.30,53.1000,52.8300,52.8300,108.00,103.00,False
1789727563.0961,50.40,53.1500,52.8300,52.8300,108.00,103.00,False
1789727563.2114,50.50,53.2000,53.1000,52.8300,108.00,103.00,False
1789727563.3224,50.60,53.2500,53.1000,53.1000,108.00,103.00,False
1789727563.4349,50.70,53.2950,53.1000,53.1000,107.50,103.00,False
1789727563.5256,50.80,53.3400,53.1000,53.1000,107.50,103.00,False
1789727563.6185,50.90,53.3850,53.1000,53.1000,107.50,103.00,False
1789727563.7243,51.00,53.4300,53.3000,53.1000,107.50,103.00,False
1789727563.8415,51.10,53.4750,53.3000,53.3000,107.50,103.00,False
1789727563.9463,51.20,53.5150,53.3000,53.3000,107.00,103.00,False
1789727564.0281,51.30,53.5550,53.3000,53.3000,107.00,103.00,False
1789727564.1709,51.40,53.5950,53.3000,53.3000,107.00,103.00,False
1789727564.3090,51.50,53.6350,53.5200,53.3000,107.00,103.00,False
1789727564.4218,51.60,53.6750,53.5200,53.3000,107.00,103.00,False
1789727564.5500,51.70,53.7100,53.5200,53.5200,106.50,103.00,False
1789727564.6379,51.80,53.7450,53.5200,53.5200,106.50,103.00,False
1789727564.7621,51.90,53.7800,53.5200,53.5200,106.50,103.00,False
1789727564.8543,52.00,53.8150,53.7100,53.5200,106.50,103.00,False
1789727564.9755,52.10,53.8500,53.7100,53.5200,106.50,103.00,False
1789727565.0886,52.20,53.8800,53.7100,53.7100,106.00,103.00,False
1789727565.1754,52.30,53.9100,53.7100,53.7100,106.00,103.00,False
1789727565.2989,52.40,53.9400,53.7100,53.7100,106.00,103.00,False
1789727565.3875,52.50,53.9700,53.8800,53.7100,106.00,103.00,False
1789727565.5071,52.60,54.0000,53.8800,53.7100,106.00,103.00,False
1789727565.6213,52.70,54.0250,53.8800,53.8800,105.50,103.00,False
1789727565.7140,52.80,54.0500,53.8800,53.8800,105.50,103.00,False
1789727565.8278,52.90,54.0750,53.8800,53.8800,105.50,103.00,False
1789727565.9155,53.00,54.1000,54.0200,53.8800,105.50,103.00,False
1789727566.0373,53.10,54.1250,54.0200,53.8800,105.50,103.00,False
1789727566.1498,53.20,54.1450,54.0200,54.0200,105.00,103.00,False
1789727566.2430,53.30,54.1650,54.0200,54.0200,105.00,103.00,False
1789727566.3606,53.40,54.1850,54.0200,54.0200,105.00,103.00,False
1789727566.4454,53.50,54.2050,54.1400,54.0200,105.00,103.00,False
1789727566.5672,53.60,54.2250,54.1400,54.0200,105.00,103.00,False
1789727566.6529,53.70,54.2400,54.1400,54.0200,104.50,103.00,False
1789727566.7822,53.80,54.2550,54.1400,54.1400,104.50,103.00,False
1789727566.8885,53.90,54.2700,54.2400,54.1400,104.50,103.00,False
1789727566.9842,54.00,54.2850,54.2400,54.1400,104.50,103.00,False
1789727567.1262,54.10,54.3000,54.2400,54.1400,104.50,103.00,False
1789727567.2324,54.20,54.3100,54.2400,54.1400,104.00,103.00,False
1789727567.3479,54.30,54.3200,54.2400,54.1400,104.00,103.00,False
1789727567.4607,54.40,54.3300,54.2400,54.2400,104.00,103.00,False
1789727567.5491,54.50,54.3400,54.3100,54.2400,104.00,103.00,False
1789727567.6670,54.60,54.3500,54.3100,54.2400,104.00,103.00,False
1789727567.7537,54.70,54.3550,54.3100,54.2400,103.50,103.00,False
1789727567.8607,54.80,54.3600,54.3100,54.2400,103.50,103.00,False
1789727567.9994,54.90,54.3650,54.3100,54.3100,103.50,103.00,False
1789727568.0878,55.00,54.3700,54.3600,54.3100,103.50,103.00,False
1789727568.2005,55.10,54.3750,54.3600,54.3100,103.50,103.00,False
1789727568.2605,55.20,54.3750,54.3600,54.3100,103.00,103.00,False
1789727568.3654,55.30,54.3750,54.3600,54.3100,103.00,103.00,False
1789727568.5085,55.40,54.3750,54.3600,54.3600,103.00,103.00,False
1789727568.5788,55.50,54.3750,54.3800,54.3600,103.00,103.00,False
1789727568.6768,55.60,54.3750,54.3800,54.3600,103.00,103.00,False
1789727568.7961,55.70,54.3700,54.3800,54.3600,102.50,103.00,False
1789727568.9085,55.80,54.3650,54.3800,54.3600,102.50,103.00,False
1789727569.0181,55.90,54.3600,54.3800,54.3600,102.50,103.00,False
1789727569.1340,56.00,54.3550,54.3700,54.3700,102.50,103.00,False
1789727569.2262,56.10,54.3500,54.3700,54.3700,102.50,103.00,False
1789727569.3198,56.20,54.3450,54.3700,54.3700,102.50,103.00,False
1789727569.4268,56.30,54.3400,54.3700,54.3700,102.50,103.00,False
1789727569.5492,56.40,54.3350,54.3700,54.3700,102.50,103.00,False
1789727569.6579,56.50,54.3300,54.3400,54.3400,102.50,103.00,False
1789727569.7652,56.60,54.3250,54.3400,54.3400,102.50,103.00,False
1789727569.8615,56.70,54.3150,54.3400,54.3400,102.00,103.00,False
1789727569.9955,56.80,54.3050,54.3400,54.3400,102.00,103.00,False
1789727570.0955,56.90,54.2950,54.3400,54.3400,102.00,103.00,False
1789727570.2271,57.00,54.2850,54.3200,54.3200,102.00,103.00,False
1789727570.3282,57.10,54.2750,54.3200,54.3200,102.00,103.00,False
1789727570.4140,57.20,54.2600,54.3200,54.3200,101.50,103.00,False
1789727570.5169,57.30,54.2450,54.3200,54.3200,101.50,103.00,False
1789727570.6379,57.40,54.2300,54.3200,54.3200,101.50,103.00,False
1789727570.7318,57.50,54.2150,54.2600,54.3200,101.50,103.00,False
1789727570.8652,57.60,54.2000,54.2600,54.2600,101.50,103.00,False
1789727570.9474,57.70,54.1800,54.2600,54.2600,101.00,103.00,False
1789727571.0531,57.80,54.1600,54.2600,54.2600,101.00,103.00,False
1789727571.1709,57.90,54.1400,54.2600,54.2600,101.00,103.00,False
1789727571.2594,58.00,54.1200,54.1800,54.2600,101.00,103.00,False
1789727571.3984,58.10,54.1000,54.1800,54.1800,101.00,103.00,False
1789727571.4927,58.20,54.0750,54.1800,54.1800,100.50,103.00,False
1789727571.5802,58.30,54.0500,54.1800,54.1800,100.50,103.00,False
1789727571.7043,58.40,54.0250,54.1800,54.1800,100.50,103.00,False
1789727571.7943,58.50,54.0000,54.0800,54.1800,100.50,103.00,False
1789727571.9162,58.60,53.9750,54.0800,54.1800,100.50,103.00,False
1789727572.0287,58.70,53.9450,54.0800,54.0800,100.00,103.00,False
1789727572.1254,58.80,53.9150,54.0800,54.0800,100.00,103.00,False
1789727572.2355,58.90,53.8850,54.0800,54.0800,100.00,103.00,False
1789727572.3223,59.00,53.8550,53.9400,54.0800,100.00,103.00,False
1789727572.4474,59.10,53.8250,53.9400,54.0800,100.00,103.00,False
1789727572.5549,59.20,53.7900,53.9400,53.9400,99.50,103.00,False
1789727572.6415,59.30,53.7550,53.9400,53.9400,99.50,103.00,False
1789727572.7616,59.40,53.7200,53.9400,53.9400,99.50,103.00,False
1789727572.8776,59.50,53.6850,53.7900,53.9400,99.50,103.00,False
1789727573.0195,59.60,53.6500,53.7900,53.9400,99.50,103.00,False
1789727573.1332,59.70,53.6150,53.7900,53.9400,99.50,103.00,False
1789727573.2517,59.80,53.5750,53.7900,53.7900,99.00,103.00,False
1789727573.3383,59.90,53.5350,53.7900,53.7900,99.00,103.00,False
1789727573.4379,60.00,53.4950,53.7900,53.7900,99.00,103.00,False
1789727573.5395,60.10,53.4550,53.5800,53.7900,99.00,103.00,False
1789727573.6590,60.20,53.4150,53.5800,53.7900,99.00,103.00,False
1789727573.7738,60.30,53.3700,53.5800,53.5800,98.50,103.00,False
1789727573.8641,60.40,53.3250,53.5800,53.5800,98.50,103.00,False
1789727573.9762,60.50,53.2800,53.5800,53.5800,98.50,103.00,False
1789727574.0641,60.60,53.2350,53.3700,53.5800,98.50,103.00,False
1789727574.1838,60.70,53.1900,53.3700,53.5800,98.50,103.00,False
1789727574.2949,60.80,53.1400,53.3700,53.5800,98.00,103.00,False
1789727574.3925,60.90,53.0900,53.3700,53.3700,98.00,103.00,False
1789727574.4906,61.00,53.0400,53.3700,53.3700,98.00,103.00,False
1789727574.5964,61.10,52.9900,53.1400,53.3700,98.00,103.00,False
1789727574.6992,61.20,52.9400,53.1400,53.3700,98.00,103.00,False
1789727574.7865,61.30,52.8850,53.1400,53.3700,97.50,103.00,False
1789727574.9076,61.40,52.8300,53.1400,53.1400,97.50,103.00,False
1789727574.9971,61.50,52.7750,53.1400,53.1400,97.50,103.00,False
1789727575.1039,61.60,52.7200,52.8800,53.1400,97.50,103.00,False
1789727575.1979,61.70,52.6650,52.8800,53.1400,97.50,103.00,False
1789727575.3115,61.80,52.6050,52.8800,53.1400,97.00,103.00,False
1789727575.4002,61.90,52.5450,52.8800,53.1400,97.00,103.00,False
1789727575.5363,62.00,52.4850,52.8800,52.8800,97.00,103.00,False
1789727575.6220,62.10,52.4250,52.6000,52.8800,97.00,103.00,False
1789727575.7386,62.20,52.3650,52.6000,52.8800,97.00,103.00,False
1789727575.8563,62.30,52.3000,52.6000,52.8800,96.50,103.00,False
1789727575.9673,62.40,52.2350,52.6000,52.8800,96.50,103.00,False
1789727576.0564,62.50,52.1700,52.6000,52.8800,96.50,103.00,False
1789727576.2019,62.60,52.1050,52.3000,52.3000,96.50,103.00,False
1789727576.2927,62.70,52.0400,52.3000,52.3000,96.50,103.00,False
1789727576.3825,62.80,51.9750,52.3000,52.3000,96.50,103.00,False
1789727576.4882,62.90,51.9100,52.3000,52.3000,96.50,103.00,False
1789727576.6087,63.00,51.8450,51.9800,52.3000,96.50,103.00,False
1789727576.7280,63.10,51.7800,51.9800,51.9800,96.50,103.00,False
1789727576.8171,63.20,51.7150,51.9800,51.9800,96.50,103.00,False
1789727576.9205,63.30,51.6450,51.9800,51.9800,96.00,103.00,False
1789727577.0182,63.40,51.5750,51.9800,51.9800,96.00,103.00,False
1789727577.1365,63.50,51.5050,51.9800,51.9800,96.00,103.00,False
1789727577.2257,63.60,51.4350,51.6400,51.9800,96.00,103.00,False
1789727577.3680,63.70,51.3650,51.6400,51.6400,96.00,103.00,False
1789727577.4608,63.80,51.2900,51.6400,51.6400,95.50,103.00,False
1789727577.5596,63.90,51.2150,51.6400,51.6400,95.50,103.00,False
1789727577.6709,64.00,51.1400,51.6400,51.6400,95.50,103.00,False
1789727577.7607,64.10,51.0650,51.2900,51.6400,95.50,103.00,False
1789727577.8976,64.20,50.9900,51.2900,51.6400,95.50,103.00,False
1789727577.9827,64.30,50.9100,51.2900,51.2900,95.00,103.00,False
1789727578.0926,64.40,50.8300,51.2900,51.2900,95.00,103.00,False
1789727578.2056,64.50,50.7500,51.2900,51.2900,95.00,103.00,False
1789727578.2913,64.60,50.6700,50.9100,51.2900,95.00,103.00,False
1789727578.4141,64.70,50.5900,50.9100,51.2900,95.00,103.00,False
1789727578.5211,64.80,50.5050,50.9100,50.9100,94.50,103.00,False
1789727578.6209,64.90,50.4200,50.9100,50.9100,94.50,103.00,False
1789727578.7239,65.00,50.3350,50.5900,50.9100,94.50,103.00,False
1789727578.8552,65.10,50.2500,50.5900,50.9100,94.50,103.00,False
1789727578.9938,65.20,50.1650,50.5900,50.9100,94.50,103.00,False
1789727579.1317,65.30,50.0750,50.5900,50.5900,94.00,103.00,False
1789727579.2381,65.40,49.9850,50.5900,50.5900,94.00,103.00,False
1789727579.3352,65.50,49.8950,50.1600,50.5900,94.00,103.00,False
1789727578.4224,65.60,49.8050,50.1600,50.5900,94.00,103.00,False
1789727579.5347,65.70,49.7100,49.8000,49.8000,93.50,103.00,False
1789727579.6314,65.80,49.6150,49.8000,49.8000,93.50,103.00,False
1789727579.7306,65.90,49.5200,49.8000,49.8000,93.50,103.00,False
1789727579.8355,66.00,49.4250,49.8000,49.8000,93.50,103.00,False
1789727579.9349,66.10,49.3300,49.8000,49.8000,93.50,103.00,False
1789727580.0268,66.20,49.2350,49.8000,49.8000,93.50,103.00,False
1789727580.1328,66.30,49.1400,49.8000,49.8000,93.50,103.00,False
1789727580.2549,66.40,49.0450,49.3300,49.3300,93.50,103.00,False
1789727580.3486,66.50,48.9500,49.3300,49.3300,93.50,103.00,False
1789727580.4379,66.60,48.8550,49.3300,49.3300,93.50,103.00,False
1789727580.5477,66.70,48.7600,49.3300,49.3300,93.50,103.00,False
1789727580.7153,66.80,48.6650,49.3300,49.3300,93.50,103.00,False
1789727580.8151,66.90,48.5700,48.8600,49.3300,93.50,103.00,False
1789727580.9469,67.00,48.4750,48.8600,48.8600,93.50,103.00,False
1789727581.0297,67.10,48.3850,48.8600,48.8600,94.00,103.00,False
1789727581.1358,67.20,48.2950,48.8600,48.8600,94.00,103.00,False
1789727581.2549,67.30,48.2050,48.8600,48.8600,94.00,103.00,False
1789727581.3479,67.40,48.1150,48.3800,48.8600,94.00,103.00,False
1789727581.4918,67.50,48.0250,48.3800,48.3800,94.00,103.00,False
1789727581.5811,67.60,47.9400,48.3800,48.3800,94.50,103.00,False
1789727581.6776,67.70,47.8550,48.3800,48.3800,94.50,103.00,False
1789727581.8210,67.80,47.7700,47.9400,48.3800,94.50,103.00,False
1789727581.9299,67.90,47.6850,47.9400,48.3800,94.50,103.00,False
1789727582.0411,68.00,47.6050,47.9400,47.9400,95.00,103.00,False
1789727582.1368,68.10,47.5250,47.9400,47.9400,95.00,103.00,False
1789727582.2483,68.20,47.4450,47.9400,47.9400,95.00,103.00,False
1789727582.3394,68.30,47.3650,47.6000,47.9400,95.00,103.00,False
1789727582.4504,68.40,47.2850,47.6000,47.9400,95.00,103.00,False
1789727582.5532,68.50,47.2100,47.6000,47.6000,95.50,103.00,False
1789727582.6397,68.60,47.1350,47.6000,47.6000,95.50,103.00,False
1789727582.7413,68.70,47.0600,47.6000,47.6000,95.50,103.00,False
1789727582.8468,68.80,46.9850,47.2100,47.6000,95.50,103.00,False
1789727582.9574,68.90,46.9100,47.2100,47.6000,95.50,103.00,False
1789727583.0514,69.00,46.8400,47.2100,47.6000,96.00,103.00,False
1789727583.1666,69.10,46.7700,47.2100,47.2100,96.00,103.00,False
1789727583.2780,69.20,46.7000,47.2100,47.2100,96.00,103.00,False
1789727583.3758,69.30,46.6300,46.8400,47.2100,96.00,103.00,False
1789727583.5109,69.40,46.5600,46.8400,47.2100,96.00,103.00,False
1789727583.6362,69.50,46.4950,46.8400,47.2100,96.50,103.00,False
1789727583.7438,69.60,46.4300,46.8400,47.2100,96.50,103.00,False
1789727583.9186,69.70,46.3650,46.5000,46.8400,96.50,103.00,False
1789727584.0366,69.80,46.3000,46.5000,46.8400,96.50,103.00,False
1789727584.1224,69.90,46.2400,46.5000,46.8400,97.00,103.00,False
1789727584.2325,70.00,46.1800,46.5000,46.8400,97.00,103.00,False
1789727584.3476,70.10,46.1200,46.5000,46.8400,97.00,103.00,False
1789727584.4667,70.20,46.0600,46.2400,46.5000,97.00,103.00,False
1789727584.5492,70.30,46.0000,46.2400,46.5000,97.00,103.00,False
1789727584.6516,70.40,45.9450,46.2400,46.5000,97.50,103.00,False
1789727584.7549,70.50,45.8900,46.2400,46.5000,97.50,103.00,False
1789727584.8787,70.60,45.8350,46.2400,46.5000,97.50,103.00,False
1789727584.9915,70.70,45.7800,45.9400,45.9400,97.50,103.00,False
1789727585.0815,70.80,45.7250,45.9400,45.9400,97.50,103.00,False
1789727585.1730,70.90,45.6700,45.9400,45.9400,97.50,103.00,False
1789727585.2790,71.00,45.6150,45.9400,45.9400,97.50,103.00,False
1789727585.4056,71.10,45.5600,45.6700,45.9400,97.50,103.00,False
1789727585.5159,71.20,45.5050,45.6700,45.9400,97.50,103.00,False
1789727585.6319,71.30,45.4550,45.6700,45.6700,98.00,103.00,False
1789727585.7283,71.40,45.4050,45.6700,45.6700,98.00,103.00,False
1789727585.8285,71.50,45.3550,45.6700,45.6700,98.00,103.00,False
1789727585.9339,71.60,45.3050,45.4600,45.6700,98.00,103.00,False
1789727586.0254,71.70,45.2550,45.4600,45.6700,98.00,103.00,False
1789727586.1427,71.80,45.2100,45.4600,45.4600,98.50,103.00,False
1789727586.2315,71.90,45.1650,45.4600,45.4600,98.50,103.00,False
1789727586.3779,72.00,45.1200,45.4600,45.4600,98.50,103.00,False
1789727586.4863,72.10,45.0750,45.2100,45.4600,98.50,103.00,False
1789727586.5803,72.20,45.0300,45.2100,45.4600,98.50,103.00,False
1789727586.7164,72.30,44.9900,45.2100,45.2100,99.00,103.00,False
1789727586.8057,72.40,44.9500,45.2100,45.2100,99.00,103.00,False
1789727586.9045,72.50,44.9100,45.2100,45.2100,99.00,103.00,False
1789727587.0006,72.60,44.8700,44.9900,45.2100,99.00,103.00,False
1789727587.1004,72.70,44.8300,44.9900,45.2100,99.00,103.00,False
1789727587.2267,72.80,44.7950,44.9900,44.9900,99.50,103.00,False
1789727587.3093,72.90,44.7600,44.9900,44.9900,99.50,103.00,False
1789727587.4325,73.00,44.7250,44.9900,44.9900,99.50,103.00,False
1789727587.5192,73.10,44.6900,44.8000,44.9900,99.50,103.00,False
1789727587.6390,73.20,44.6550,44.8000,44.9900,99.50,103.00,False
1789727587.7265,73.30,44.6250,44.8000,44.9900,100.00,103.00,False
1789727587.8387,73.40,44.5950,44.8000,44.8000,100.00,103.00,False
1789727587.9445,73.50,44.5650,44.8000,44.8000,100.00,103.00,False
1789727588.0350,73.60,44.5350,44.6200,44.8000,100.00,103.00,False
1789727588.1534,73.70,44.5050,44.6200,44.8000,100.00,103.00,False
1789727588.2476,73.80,44.4800,44.6200,44.8000,100.50,103.00,False
1789727588.3706,73.90,44.4550,44.6200,44.6200,100.50,103.00,False
1789727588.4845,74.00,44.4300,44.6200,44.6200,100.50,103.00,False
1789727588.5722,74.10,44.4050,44.4800,44.6200,100.50,103.00,False
1789727588.6998,74.20,44.3800,44.4800,44.6200,100.50,103.00,False
1789727588.7864,74.30,44.3600,44.4800,44.6200,101.00,103.00,False
1789727588.9065,74.40,44.3400,44.4800,44.4800,101.00,103.00,False
1789727589.0280,74.50,44.3200,44.3600,44.4800,101.00,103.00,False
1789727589.1501,74.60,44.3000,44.3600,44.4800,101.00,103.00,False
1789727589.2820,74.70,44.2850,44.3600,44.4800,101.50,103.00,False
1789727589.3786,74.80,44.2700,44.3600,44.4800,101.50,103.00,False
1789727589.4839,74.90,44.2550,44.3600,44.4800,101.50,103.00,False
1789727589.5853,75.00,44.2400,44.3600,44.3600,101.50,103.00,False
1789727589.6762,75.10,44.2250,44.2800,44.3600,101.50,103.00,False
1789727589.7712,75.20,44.2100,44.2800,44.3600,101.50,103.00,False
1789727589.8786,75.30,44.2000,44.2800,44.3600,102.00,103.00,False
1789727589.9802,75.40,44.1900,44.2800,44.3600,102.00,103.00,False
1789727590.1345,75.50,44.1800,44.2800,44.2800,102.00,103.00,False
1789727590.2279,75.60,44.1700,44.2000,44.2800,102.00,103.00,False
1789727590.3643,75.70,44.1600,44.2000,44.2800,102.00,103.00,False
1789727590.4596,75.80,44.1550,44.2000,44.2800,102.50,103.00,False
1789727590.5608,75.90,44.1500,44.2000,44.2800,102.50,103.00,False
1789727590.6945,76.00,44.1450,44.1600,44.2000,102.50,103.00,False
1789727590.7878,76.10,44.1400,44.1600,44.2000,102.50,103.00,False
1789727590.8672,76.20,44.1400,44.1600,44.2000,103.00,103.00,False
1789727590.9623,76.30,44.1400,44.1600,44.2000,103.00,103.00,False
1789727591.0666,76.40,44.1400,44.1600,44.2000,103.00,103.00,False
1789727591.2213,76.50,44.1400,44.1400,44.1400,103.00,103.00,False
1789727591.2824,76.60,44.1400,44.1400,44.1400,103.00,103.00,False
1789727591.3842,76.70,44.1400,44.1400,44.1400,103.00,103.00,False
1789727591.4913,76.80,44.1400,44.1400,44.1400,103.00,103.00,False
1789727591.5865,76.90,44.1400,44.1400,44.1400,103.00,103.00,False
1789727591.6909,77.00,44.1400,44.1400,44.1400,103.00,103.00,False
1789727591.8539,77.10,44.1450,44.1400,44.1400,103.50,103.00,False
1789727591.9566,77.20,44.1500,44.1400,44.1400,103.50,103.00,False
1789727592.0469,77.30,44.1550,44.1400,44.1400,103.50,103.00,False
1789727592.1495,77.40,44.1600,44.1400,44.1400,103.50,103.00,False
1789727592.2418,77.50,44.1650,44.1400,44.1400,103.50,103.00,False
1789727592.3654,77.60,44.1750,44.1400,44.1400,104.00,103.00,False
1789727592.4497,77.70,44.1850,44.1400,44.1400,104.00,103.00,False
1789727592.5476,77.80,44.1950,44.1400,44.1400,104.00,103.00,False
1789727592.6719,77.90,44.2050,44.1800,44.1400,104.00,103.00,False
1789727592.7646,78.00,44.2150,44.1800,44.1400,104.00,103.00,False
1789727592.8953,78.10,44.2300,44.1800,44.1800,104.50,103.00,False
1789727592.9858,78.20,44.2450,44.1800,44.1800,104.50,103.00,False
1789727593.1064,78.30,44.2600,44.1800,44.1800,104.50,103.00,False
1789727593.2012,78.40,44.2750,44.2300,44.1800,104.50,103.00,False
1789727593.3031,78.50,44.2900,44.2300,44.1800,104.50,103.00,False
1789727593.4188,78.60,44.3100,44.2300,44.1800,105.00,103.00,False
1789727593.5111,78.70,44.3300,44.2300,44.2300,105.00,103.00,False
1789727593.6298,78.80,44.3500,44.2300,44.2300,105.00,103.00,False
1789727593.7220,78.90,44.3700,44.3100,44.2300,105.00,103.00,False
1789727593.8461,79.00,44.3900,44.3100,44.2300,105.00,103.00,False
1789727593.9425,79.10,44.4150,44.3100,44.2300,105.50,103.00,False
1789727594.0477,79.20,44.4400,44.3100,44.3100,105.50,103.00,False
1789727594.1534,79.30,44.4650,44.3100,44.3100,105.50,103.00,False
1789727594.2417,79.40,44.4900,44.4200,44.3100,105.50,103.00,False
1789727594.3583,79.50,44.5150,44.4200,44.3100,105.50,103.00,False
1789727594.4415,79.60,44.5450,44.4200,44.3100,106.00,103.00,False
1789727594.5771,79.70,44.5750,44.4200,44.4200,106.00,103.00,False
1789727594.6838,79.80,44.6050,44.4200,44.4200,106.00,103.00,False
1789727594.7851,79.90,44.6350,44.4200,44.4200,106.00,103.00,False
1789727594.8735,80.00,44.6650,44.4200,44.4200,106.00,103.00,False
1789727594.9895,80.10,44.6950,44.5400,44.4200,106.00,103.00,False
1789727595.0783,80.20,44.7250,44.5400,44.4200,106.00,103.00,False
1789727595.2167,80.30,44.7600,44.5400,44.5400,106.50,103.00,False
1789727595.3084,80.40,44.7950,44.5400,44.5400,106.50,103.00,False
1789727595.4216,80.50,44.8300,44.5400,44.5400,106.50,103.00,False
1789727595.5151,80.60,44.8650,44.7600,44.5400,106.50,103.00,False
1789727595.6374,80.70,44.9000,44.7600,44.5400,106.50,103.00,False
1789727595.7436,80.80,44.9400,44.7600,44.5400,107.00,103.00,False
1789727595.8346,80.90,44.9800,44.7600,44.7600,107.00,103.00,False
1789727595.9532,81.00,45.0200,44.7600,44.7600,107.00,103.00,False
1789727596.0428,81.10,45.0600,44.9400,44.7600,107.00,103.00,False
1789727596.1446,81.20,45.1000,44.9400,44.7600,107.00,103.00,False
1789727596.2581,81.30,45.1450,44.9400,44.7600,107.50,103.00,False
1789727596.3749,81.40,45.1900,44.9400,44.9400,107.50,103.00,False
1789727596.4809,81.50,45.2350,44.9400,44.9400,107.50,103.00,False
1789727596.5677,81.60,45.2800,45.1400,44.9400,107.50,103.00,False
1789727596.7108,81.70,45.3250,45.1400,44.9400,107.50,103.00,False
1789727596.8077,81.80,45.3750,45.1400,44.9400,108.00,103.00,False
1789727596.9198,81.90,45.4250,45.1400,45.1400,108.00,103.00,False
1789727597.0278,82.00,45.4750,45.3200,45.1400,108.00,103.00,False
1789727597.1332,82.10,45.5250,45.3200,45.1400,108.00,103.00,False
1789727597.2189,82.20,45.5800,45.3200,45.1400,108.50,103.00,False
1789727597.3197,82.30,45.6350,45.3200,45.1400,108.50,103.00,False
1789727597.5162,82.40,45.6900,45.5800,45.3200,108.50,103.00,False
1789727597.6283,82.50,45.7450,45.5800,45.3200,108.50,103.00,False
1789727597.7578,82.60,45.8000,45.5800,45.3200,108.50,103.00,False
1789727597.8454,82.70,45.8600,45.5800,45.3200,109.00,103.00,False
1789727597.9498,82.80,45.9200,45.5800,45.3200,109.00,103.00,False
1789727598.0694,82.90,45.9800,45.8000,45.5800,109.00,103.00,False
1789727598.1606,83.00,46.0400,45.8000,45.5800,109.00,103.00,False
1789727598.3113,83.10,46.1050,45.8000,45.5800,109.50,103.00,False
1789727598.4054,83.20,46.1700,45.8000,45.5800,109.50,103.00,False
1789727598.4986,83.30,46.2350,45.8000,45.5800,109.50,103.00,False
1789727598.6294,83.40,46.3000,46.1000,46.1000,109.50,103.00,False
1789727598.7191,83.50,46.3650,46.1000,46.1000,109.50,103.00,False
1789727598.8135,83.60,46.4300,46.1000,46.1000,109.50,103.00,False
1789727598.9213,83.70,46.4950,46.1000,46.1000,109.50,103.00,False
1789727599.0395,83.80,46.5600,46.1000,46.1000,109.50,103.00,False
1789727599.1672,83.90,46.6250,46.4300,46.4300,109.50,103.00,False
1789727599.2729,84.00,46.6900,46.4300,46.4300,109.50,103.00,False
1789727599.3592,84.10,46.7600,46.4300,46.4300,110.00,103.00,False
1789727599.4682,84.20,46.8300,46.4300,46.4300,110.00,103.00,False
1789727599.5872,84.30,46.9000,46.4300,46.4300,110.00,103.00,False
1789727599.7152,84.40,46.9700,46.7600,46.7600,110.00,103.00,False
1789727599.8258,84.50,47.0400,46.7600,46.7600,110.00,103.00,False
1789727599.9056,84.60,47.1150,46.7600,46.7600,110.50,103.00,False
1789727600.0094,84.70,47.1900,46.7600,46.7600,110.50,103.00,False
1789727600.1377,84.80,47.2650,47.1200,46.7600,110.50,103.00,False
1789727600.2942,84.90,47.3400,47.1200,46.7600,110.50,103.00,False
1789727600.4119,85.00,47.4200,47.1200,47.1200,111.00,103.00,False
1789727600.5097,85.10,47.5000,47.1200,47.1200,111.00,103.00,False
1789727600.5989,85.20,47.5800,47.1200,47.1200,111.00,103.00,False
1789727600.7234,85.30,47.6600,47.4200,47.1200,111.00,103.00,False
1789727600.8362,85.40,47.7400,47.4200,47.1200,111.00,103.00,False
1789727600.9468,85.50,47.8250,47.4200,47.4200,111.50,103.00,False
1789727601.0435,85.60,47.9100,47.4200,47.4200,111.50,103.00,False
1789727601.1542,85.70,47.9950,47.4200,47.4200,111.50,103.00,False
1789727601.2369,85.80,48.0800,47.8200,47.4200,111.50,103.00,False
1789727601.3614,85.90,48.1650,47.8200,47.4200,111.50,103.00,False
1789727601.4670,86.00,48.2550,47.8200,47.8200,112.00,103.00,False
1789727601.5669,86.10,48.3450,47.8200,47.8200,112.00,103.00,False
1789727601.6566,86.20,48.4350,47.8200,47.8200,112.00,103.00,False
1789727601.7842,86.30,48.5250,48.2600,47.8200,112.00,103.00,False
1789727601.8678,86.40,48.6150,48.2600,47.8200,112.00,103.00,False
1789727601.9770,86.50,48.7100,48.2600,47.8200,112.50,103.00,False
1789727602.0912,86.60,48.8050,48.2600,48.2600,112.50,103.00,False
1789727602.1786,86.70,48.9000,48.2600,48.2600,112.50,103.00,False
1789727602.3058,86.80,48.9950,48.7100,48.2600,112.50,103.00,False
1789727602.3960,86.90,49.0900,48.7100,48.2600,112.50,103.00,False
1789727602.5105,87.00,49.1900,48.7100,48.2600,113.00,103.00,False
1789727602.6178,87.10,49.2900,48.7100,48.2600,113.00,103.00,False
1789727602.7068,87.20,49.3900,48.7100,48.7100,113.00,103.00,False
1789727602.7991,87.30,49.4900,49.1900,48.7100,113.00,103.00,False
1789727602.9277,87.40,49.5900,49.1900,48.7100,113.00,103.00,False
1789727603.0351,87.50,49.6950,49.1900,48.7100,113.50,103.00,False
1789727603.2109,87.60,49.8000,49.1900,48.7100,113.50,103.00,False
1789727603.3053,87.70,49.9050,49.1900,48.7100,113.50,103.00,False
1789727603.3996,87.80,50.0100,49.1900,48.7100,113.50,103.00,False
1789727603.5314,87.90,50.1150,49.1900,49.1900,113.50,103.00,False
1789727603.6187,88.00,50.2200,49.7000,49.1900,113.50,103.00,False
1789727603.7112,88.10,50.3250,49.7000,49.1900,113.50,103.00,False
1789727603.8140,88.20,50.4350,49.7000,49.1900,114.00,103.00,False
1789727603.9191,88.30,50.5450,49.7000,49.1900,114.00,103.00,False
1789727604.0394,88.40,50.6550,49.7000,49.1900,114.00,103.00,False
1789727604.1521,88.50,50.7650,50.4400,49.7000,114.00,103.00,False
1789727604.2388,88.60,50.8750,50.4400,49.7000,114.00,103.00,False
1789727604.3381,88.70,50.9900,50.4400,49.7000,114.50,103.00,False
1789727604.4497,88.80,51.1050,50.4400,49.7000,114.50,103.00,False
1789727604.5616,88.90,51.2200,50.4400,49.7000,114.50,103.00,False
1789727604.6944,89.00,51.3350,50.9900,50.9900,114.50,103.00,False
1789727604.7910,89.10,51.4500,50.9900,50.9900,114.50,103.00,False
1789727604.8722,89.20,51.5650,50.9900,50.9900,114.50,103.00,False
1789727604.9803,89.30,51.6800,50.9900,50.9900,114.50,103.00,False
1789727605.1256,89.40,51.7950,51.5600,50.9900,114.50,103.00,False
1789727605.2499,89.50,51.9100,51.5600,51.5600,114.50,103.00,False
1789727605.3437,89.60,52.0200,51.5600,51.5600,114.00,103.00,False
1789727605.4341,89.70,52.1300,51.5600,51.5600,114.00,103.00,False
1789727605.5562,89.80,52.2400,51.5600,51.5600,114.00,103.00,False
1789727605.6439,89.90,52.3500,52.0200,51.5600,114.00,103.00,False
1789727605.7817,90.00,52.4600,52.0200,52.0200,114.00,103.00,False
1789727605.8725,90.10,52.5650,52.0200,52.0200,113.50,103.00,False
1789727605.9963,90.20,52.6700,52.0200,52.0200,113.50,103.00,False
1789727606.1071,90.30,52.7750,52.0200,52.0200,113.50,103.00,False
1789727606.2191,90.40,52.8800,52.0200,52.0200,113.50,103.00,False
1789727606.3108,90.50,52.9850,52.5600,52.0200,113.50,103.00,False
1789727606.4217,90.60,53.0900,52.5600,52.5600,113.50,103.00,False
1789727606.5267,90.70,53.1900,52.5600,52.5600,113.00,103.00,False
1789727606.6159,90.80,53.2900,52.5600,52.5600,113.00,103.00,False
1789727606.7175,90.90,53.3900,52.5600,52.5600,113.00,103.00,False
1789727606.8415,91.00,53.4900,53.1900,52.5600,113.00,103.00,False
1789727606.9905,91.10,53.5900,53.1900,53.1900,113.00,103.00,False
1789727607.0783,91.20,53.6850,53.1900,53.1900,112.50,103.00,False
1789727607.1807,91.30,53.7800,53.1900,53.1900,112.50,103.00,False
1789727607.2958,91.40,53.8750,53.1900,53.1900,112.50,103.00,False
1789727607.3856,91.50,53.9700,53.6800,53.1900,112.50,103.00,False
1789727607.5292,91.60,54.0650,53.6800,53.6800,112.50,103.00,False
1789727607.6133,91.70,54.1550,53.6800,53.6800,112.00,103.00,False
1789727607.7175,91.80,54.2450,53.6800,53.6800,112.00,103.00,False
1789727607.8381,91.90,54.3350,53.6800,53.6800,112.00,103.00,False
1789727607.9277,92.00,54.4250,54.1600,53.6800,112.00,103.00,False
1789727608.0662,92.10,54.5150,54.1600,53.6800,112.00,103.00,False
1789727608.1720,92.20,54.6000,54.1600,54.1600,111.50,103.00,False
1789727608.2638,92.30,54.6850,54.1600,54.1600,111.50,103.00,False
1789727608.3842,92.40,54.7700,54.1600,54.1600,111.50,103.00,False
1789727608.4784,92.50,54.8550,54.6000,54.1600,111.50,103.00,False
1789727608.5912,92.60,54.9400,54.6000,54.1600,111.50,103.00,False
1789727608.7546,92.70,55.0200,54.6000,54.6000,111.00,103.00,False
1789727608.8522,92.80,55.1000,54.6000,54.6000,111.00,103.00,False
1789727608.9663,92.90,55.1800,54.6000,54.6000,111.00,103.00,False
1789727609.0544,93.00,55.2600,55.0200,54.6000,111.00,103.00,False
1789727609.1716,93.10,55.3400,55.0200,54.6000,111.00,103.00,False
1789727609.2776,93.20,55.4150,55.0200,55.0200,110.50,103.00,False
1789727609.3672,93.30,55.4900,55.0200,55.0200,110.50,103.00,False
1789727609.4620,93.40,55.5650,55.0200,55.0200,110.50,103.00,False
1789727609.5720,93.50,55.6400,55.4200,55.0200,110.50,103.00,False
1789727609.6659,93.60,55.7150,55.4200,55.0200,110.50,103.00,False
1789727609.7936,93.70,55.7850,55.4200,55.4200,110.00,103.00,False
1789727609.8815,93.80,55.8550,55.4200,55.4200,110.00,103.00,False
1789727610.0056,93.90,55.9250,55.4200,55.4200,110.00,103.00,False
1789727610.1015,94.00,55.9950,55.7800,55.4200,110.00,103.00,False
1789727610.2114,94.10,56.0650,55.7800,55.4200,110.00,103.00,False
1789727610.3212,94.20,56.1300,55.7800,55.4200,109.50,103.00,False
1789727610.4150,94.30,56.1950,55.7800,55.7800,109.50,103.00,False
1789727610.5348,94.40,56.2600,55.7800,55.7800,109.50,103.00,False
1789727610.6339,94.50,56.3250,56.1300,55.7800,109.50,103.00,False
1789727610.7350,94.60,56.3900,56.1300,55.7800,109.50,103.00,False
1789727609.8684,94.70,56.4500,56.1300,56.1300,109.00,103.00,False
1789727610.9393,94.80,56.5000,56.4500,56.4500,108.00,103.00,False
1789727611.0353,94.90,56.5500,56.4500,56.4500,108.00,103.00,False
1789727611.1366,95.00,56.6000,56.4500,56.4500,108.00,103.00,False
1789727611.2522,95.10,56.6500,56.4500,56.4500,108.00,103.00,False
1789727611.3405,95.20,56.6950,56.4500,56.4500,107.50,103.00,False
1789727611.4437,95.30,56.7400,56.4500,56.4500,107.50,103.00,False
1789727611.5600,95.40,56.7850,56.4500,56.4500,107.50,103.00,False
1789727611.6772,95.50,56.8300,56.7000,56.7000,107.50,103.00,False
1789727611.7706,95.60,56.8750,56.7000,56.7000,107.50,103.00,False
1789727611.8618,95.70,56.9200,56.7000,56.7000,107.50,103.00,False
1789727611.9661,95.80,56.9650,56.7000,56.7000,107.50,103.00,False
1789727612.0869,95.90,57.0100,56.7000,56.7000,107.50,103.00,False
1789727612.2219,96.00,57.0550,56.9200,56.9200,107.50,103.00,False
1789727612.3578,96.10,57.1000,56.9200,56.9200,107.50,103.00,False
1789727612.4539,96.20,57.1400,56.9200,56.9200,107.00,103.00,False
1789727612.5474,96.30,57.1800,56.9200,56.9200,107.00,103.00,False
1789727612.6473,96.40,57.2200,57.1000,56.9200,107.00,103.00,False
1789727612.7778,96.50,57.2600,57.1000,57.1000,107.00,103.00,False
1789727612.8596,96.60,57.2950,57.1000,57.1000,106.50,103.00,False
1789727613.0079,96.70,57.3300,57.1000,57.1000,106.50,103.00,False
1789727613.1023,96.80,57.3650,57.1000,57.1000,106.50,103.00,False
1789727613.2229,96.90,57.4000,57.3000,57.1000,106.50,103.00,False
1789727613.3419,97.00,57.4350,57.3000,57.3000,106.50,103.00,False
1789727613.4277,97.10,57.4650,57.3000,57.3000,106.00,103.00,False
1789727613.5246,97.20,57.4950,57.3000,57.3000,106.00,103.00,False
1789727613.6463,97.30,57.5250,57.3000,57.3000,106.00,103.00,False
1789727613.7314,97.40,57.5550,57.4600,57.3000,106.00,103.00,False
1789727613.8944,97.50,57.5850,57.4600,57.4600,106.00,103.00,False
1789727613.9762,97.60,57.6100,57.4600,57.4600,105.50,103.00,False
1789727614.0816,97.70,57.6350,57.4600,57.4600,105.50,103.00,False
1789727614.2029,97.80,57.6600,57.4600,57.4600,105.50,103.00,False
1789727614.2968,97.90,57.6850,57.6100,57.4600,105.50,103.00,False
1789727614.4526,98.00,57.7100,57.6100,57.6100,105.50,103.00,False
1789727614.5364,98.10,57.7300,57.6100,57.6100,105.00,103.00,False
1789727614.6408,98.20,57.7500,57.6100,57.6100,105.00,103.00,False
1789727614.7600,98.30,57.7700,57.6100,57.6100,105.00,103.00,False
1789727614.8575,98.40,57.7900,57.7300,57.6100,105.00,103.00,False
1789727614.9921,98.50,57.8100,57.7300,57.7300,105.00,103.00,False
1789727615.0950,98.60,57.8300,57.7300,57.7300,105.00,103.00,False
1789727615.1773,98.70,57.8450,57.7300,57.7300,104.50,103.00,False
1789727615.2815,98.80,57.8600,57.7300,57.7300,104.50,103.00,False
1789727615.3972,98.90,57.8750,57.8400,57.7300,104.50,103.00,False
1789727615.5481,99.00,57.8900,57.8400,57.8400,104.50,103.00,False
1789727615.6688,99.10,57.9000,57.8400,57.8400,104.00,103.00,False
1789727615.7644,99.20,57.9100,57.8400,57.8400,104.00,103.00,False
1789727615.8836,99.30,57.9200,57.8400,57.8400,104.00,103.00,False
1789727615.9758,99.40,57.9300,57.9000,57.8400,104.00,103.00,False
1789727616.0855,99.50,57.9400,57.9000,57.8400,104.00,103.00,False
1789727616.1915,99.60,57.9450,57.9000,57.9000,103.50,103.00,False
1789727616.2806,99.70,57.9500,57.9000,57.9000,103.50,103.00,False
1789727616.3890,99.80,57.9550,57.9000,57.9000,103.50,103.00,False
1789727616.4992,99.90,57.9600,57.9400,57.9000,103.50,103.00,False
1789727616.6022,100.00,57.9650,57.9400,57.9000,103.50,103.00,False
1789727616.6931,100.10,57.9650,57.9400,57.9400,103.00,103.00,False
1789727616.7664,100.20,57.9650,57.9400,57.9400,103.00,103.00,False
1789727616.8716,100.30,57.9650,57.9400,57.9400,103.00,103.00,False
1789727616.9745,100.40,57.9650,57.9600,57.9400,103.00,103.00,False
1789727617.0736,100.50,57.9650,57.9600,57.9400,103.00,103.00,False
1789727617.2106,100.60,57.9600,57.9600,57.9400,102.50,103.00,False
1789727617.3056,100.70,57.9550,57.9600,57.9600,102.50,103.00,False
1789727617.4050,100.80,57.9500,57.9600,57.9600,102.50,103.00,False
1789727617.5006,100.90,57.9450,57.9600,57.9600,102.50,103.00,False
1789727617.6208,101.00,57.9400,57.9600,57.9600,102.50,103.00,False
1789727617.7060,101.10,57.9300,57.9600,57.9600,102.00,103.00,False
1789727617.8052,101.20,57.9200,57.9600,57.9600,102.00,103.00,False
1789727617.9300,101.30,57.9100,57.9600,57.9600,102.00,103.00,False
1789727618.0166,101.40,57.9000,57.9300,57.9600,102.00,103.00,False
1789727618.4824,101.50,57.8900,57.9300,57.9300,102.00,103.00,False
1789727618.5693,101.60,57.8750,57.9300,57.9300,101.50,103.00,False
1789727618.6890,101.70,57.8600,57.9000,57.9300,101.50,103.00,False
1789727618.8051,101.80,57.8450,57.9000,57.9300,101.50,103.00,False
1789727618.9155,101.90,57.8250,57.9000,57.9000,101.00,103.00,False
1789727619.0128,102.00,57.8050,57.9000,57.9000,101.00,103.00,False
1789727619.1277,102.10,57.7850,57.9000,57.9000,101.00,103.00,False
1789727619.2119,102.20,57.7650,57.8200,57.9000,101.00,103.00,False
1789727619.3445,102.30,57.7450,57.8200,57.9000,101.00,103.00,False
1789727619.4436,102.40,57.7200,57.8200,57.9000,100.50,103.00,False
1789727619.5642,102.50,57.6950,57.8200,57.8200,100.50,103.00,False
1789727619.6623,102.60,57.6700,57.8200,57.8200,100.50,103.00,False
1789727619.7754,102.70,57.6450,57.7200,57.8200,100.50,103.00,False
1789727619.8869,102.80,57.6200,57.7200,57.8200,100.50,103.00,False
1789727619.9797,102.90,57.5900,57.7200,57.8200,100.00,103.00,False
1789727620.1007,103.00,57.5600,57.7200,57.7200,100.00,103.00,False
1789727620.2116,103.10,57.5300,57.7200,57.7200,100.00,103.00,False
1789727620.3013,103.20,57.5000,57.5900,57.7200,100.00,103.00,False
1789727620.4168,103.30,57.4700,57.5900,57.7200,100.00,103.00,False
1789727620.5066,103.40,57.4350,57.5900,57.7200,99.50,103.00,False
1789727620.6256,103.50,57.4000,57.5900,57.7200,99.50,103.00,False
1789727620.7321,103.60,57.3650,57.5900,57.5900,99.50,103.00,False
1789727620.8461,103.70,57.3300,57.4400,57.5900,99.50,103.00,False
1789727620.9634,103.80,57.2950,57.4400,57.5900,99.50,103.00,False
1789727621.0754,103.90,57.2550,57.4400,57.5900,99.00,103.00,False
1789727621.2079,104.00,57.2150,57.4400,57.4400,99.00,103.00,False
1789727621.3111,104.10,57.1750,57.4400,57.4400,99.00,103.00,False
1789727621.3987,104.20,57.1350,57.2600,57.4400,99.00,103.00,False
1789727621.5212,104.30,57.0950,57.2600,57.4400,99.00,103.00,False
1789727621.6181,104.40,57.0500,57.2600,57.4400,98.50,103.00,False
1789727621.7147,104.50,57.0050,57.2600,57.4400,98.50,103.00,False
1789727621.8417,104.60,56.9600,57.2600,57.2600,98.50,103.00,False
1789727621.9322,104.70,56.9150,57.0500,57.2600,98.50,103.00,False
1789727622.0545,104.80,56.8700,57.0500,57.2600,98.50,103.00,False
1789727622.1473,104.90,56.8200,57.0500,57.2600,98.00,103.00,False
1789727622.2546,105.00,56.7700,57.0500,57.2600,98.00,103.00,False
1789727622.3625,105.10,56.7200,57.0500,57.0500,98.00,103.00,False
1789727622.4661,105.20,56.6700,56.8200,57.0500,98.00,103.00,False
1789727622.5754,105.30,56.6200,56.8200,57.0500,98.00,103.00,False
1789727622.6619,105.40,56.5650,56.8200,57.0500,97.50,103.00,False
1789727622.7762,105.50,56.5100,56.8200,57.0500,97.50,103.00,False
1789727622.8887,105.60,56.4550,56.8200,57.0500,97.50,103.00,False
1789727622.9935,105.70,56.4000,56.5600,56.8200,97.50,103.00,False
1789727623.0796,105.80,56.3450,56.5600,56.8200,97.50,103.00,False
1789727623.1824,105.90,56.2900,56.5600,56.8200,97.50,103.00,False
1789727623.2801,106.00,56.2350,56.5600,56.8200,97.50,103.00,False
1789727623.3821,106.10,56.1800,56.3400,56.8200,97.50,103.00,False
1789727623.5802,106.20,56.1250,56.3400,56.3400,97.50,103.00,False
1789727623.6724,106.30,56.0650,56.3400,56.3400,97.00,103.00,False
1789727623.7723,106.40,56.0050,56.3400,56.3400,97.00,103.00,False
1789727623.9492,106.50,55.9450,56.3400,56.3400,97.00,103.00,False
1789727624.0595,106.60,55.8850,56.0600,56.3400,97.00,103.00,False
1789727624.1725,106.70,55.8250,56.0600,56.0600,97.00,103.00,False
1789727624.2631,106.80,55.7600,56.0600,56.0600,96.50,103.00,False
1789727624.3657,106.90,55.6950,56.0600,56.0600,96.50,103.00,False
1789727624.4803,107.00,55.6300,56.0600,56.0600,96.50,103.00,False
1789727624.5919,107.10,55.5650,55.7600,56.0600,96.50,103.00,False
1789727624.7031,107.20,55.5000,55.7600,55.7600,96.50,103.00,False
1789727624.8055,107.30,55.4300,55.7600,55.7600,96.00,103.00,False
1789727624.9017,107.40,55.3600,55.7600,55.7600,96.00,103.00,False
1789727625.0333,107.50,55.2900,55.5000,55.7600,96.00,103.00,False
1789727625.1402,107.60,55.2200,55.5000,55.5000,96.00,103.00,False
1789727625.2441,107.70,55.1450,55.5000,55.5000,95.50,103.00,False
1789727625.3343,107.80,55.0700,55.5000,55.5000,95.50,103.00,False
1789727625.4420,107.90,54.9950,55.5000,55.5000,95.50,103.00,False
1789727625.5777,108.00,54.9200,55.1400,55.5000,95.50,103.00,False
1789727625.6797,108.10,54.8450,55.1400,55.5000,95.50,103.00,False
1789727625.7903,108.20,54.7650,55.1400,55.1400,95.00,103.00,False
1789727625.8799,108.30,54.6850,55.1400,55.1400,95.00,103.00,False
1789727625.9988,108.40,54.6050,55.1400,55.1400,95.00,103.00,False
1789727626.0881,108.50,54.5250,54.7600,55.1400,95.00,103.00,False
1789727626.2611,108.60,54.4450,54.7600,55.1400,95.00,103.00,False
1789727626.4003,108.70,54.3600,54.7600,54.7600,94.50,103.00,False
1789727626.4936,108.80,54.2750,54.7600,54.7600,94.50,103.00,False
1789727626.6042,108.90,54.1900,54.7600,54.7600,94.50,103.00,False
1789727626.6884,109.00,54.1050,54.3600,54.7600,94.50,103.00,False
1789727626.8147,109.10,54.0200,54.3600,54.7600,94.50,103.00,False
1789727626.9022,109.20,53.9300,54.3600,54.7600,94.00,103.00,False
1789727627.0204,109.30,53.8400,54.3600,54.3600,94.00,103.00,False
1789727627.1205,109.40,53.7500,54.3600,54.3600,94.00,103.00,False
1789727627.2325,109.50,53.6600,53.9300,54.3600,94.00,103.00,False
1789727627.3441,109.60,53.5700,53.9300,54.3600,94.00,103.00,False
1789727627.4362,109.70,53.4750,53.9300,54.3600,93.50,103.00,False
1789727627.5524,109.80,53.3800,53.9300,53.9300,93.50,103.00,False
1789727627.6659,109.90,53.2850,53.9300,53.9300,93.50,103.00,False
1789727627.7644,110.00,53.1900,53.4800,53.9300,93.50,103.00,False
1789727627.8745,110.10,53.0950,53.4800,53.9300,93.50,103.00,False
1789727627.9636,110.20,52.9950,53.4800,53.9300,93.00,103.00,False
1789727628.0655,110.30,52.8950,53.4800,53.9300,93.00,103.00,False
1789727628.2081,110.40,52.7950,53.4800,53.4800,93.00,103.00,False
1789727628.3039,110.50,52.6950,53.0000,53.4800,93.00,103.00,False
1789727628.4111,110.60,52.5950,53.0000,53.4800,93.00,103.00,False
1789727628.4994,110.70,52.4900,53.0000,53.4800,92.50,103.00,False
1789727628.6016,110.80,52.3850,53.0000,53.4800,92.50,103.00,False
1789727628.7389,110.90,52.2800,53.0000,53.0000,92.50,103.00,False
1789727628.8341,111.00,52.1750,52.4900,53.0000,92.50,103.00,False
1789727628.9961,111.10,52.0700,52.4900,53.0000,92.50,103.00,False
1789727629.1023,111.20,51.9600,52.4900,53.0000,92.00,103.00,False
1789727629.1954,111.30,51.8500,52.4900,53.0000,92.00,103.00,False
1789727629.3259,111.40,51.7400,52.4900,52.4900,92.00,103.00,False
1789727629.4142,111.50,51.6300,51.9600,52.4900,92.00,103.00,False
1789727629.5356,111.60,51.5200,51.9600,52.4900,92.00,103.00,False
1789727629.6293,111.70,51.4050,51.9600,52.4900,91.50,103.00,False
1789727629.7381,111.80,51.2900,51.9600,52.4900,91.50,103.00,False
1789727629.8292,111.90,51.1750,51.9600,52.4900,91.50,103.00,False
1789727629.9754,112.00,51.0600,51.4000,52.4900,91.50,103.00,False
1789727630.0631,112.10,50.9450,51.4000,51.4000,91.50,103.00,False
1789727630.1639,112.20,50.8300,51.4000,51.4000,91.50,103.00,False
1789727630.2702,112.30,50.7150,51.4000,51.4000,91.50,103.00,False
1789727630.3891,112.40,50.6000,51.4000,51.4000,91.50,103.00,False
1789727630.4750,112.50,50.4850,50.8300,51.4000,91.50,103.00,False
1789727630.6140,112.60,50.3700,50.8300,50.8300,91.50,103.00,False
1789727630.7049,112.70,50.2500,50.8300,50.8300,91.00,103.00,False
1789727630.8071,112.80,50.1300,50.8300,50.8300,91.00,103.00,False
1789727630.9271,112.90,50.0100,50.3700,50.8300,91.00,103.00,False
1789727631.0196,113.00,49.8900,50.3700,50.8300,91.00,103.00,False
1789727631.1472,113.10,49.7650,50.3700,50.3700,90.50,103.00,False
1789727631.2349,113.20,49.6400,50.3700,50.3700,90.50,103.00,False
1789727631.3384,113.30,49.5150,50.3700,50.3700,90.50,103.00,False
1789727631.4456,113.40,49.3900,49.7600,50.3700,90.50,103.00,False
1789727631.5623,113.50,49.2650,49.7600,50.3700,90.50,103.00,False
1789727631.7169,113.60,49.1350,49.7600,49.7600,90.00,103.00,False
1789727631.8135,113.70,49.0050,49.7600,49.7600,90.00,103.00,False
1789727631.9278,113.80,48.8750,49.7600,49.7600,90.00,103.00,False
1789727632.0168,113.90,48.7450,49.1400,49.7600,90.00,103.00,False
1789727632.1399,114.00,48.6150,49.1400,49.7600,90.00,103.00,False
1789727632.2539,114.10,48.4900,49.1400,49.1400,90.50,103.00,False
1789727632.3478,114.20,48.3650,49.1400,49.1400,90.50,103.00,False
1789727632.4693,114.30,48.2400,49.1400,49.1400,90.50,103.00,False
1789727632.5623,114.40,48.1150,48.4900,49.1400,90.50,103.00,False
1789727632.6720,114.50,47.9900,48.4900,49.1400,90.50,103.00,False
1789727632.7772,114.60,47.8700,48.4900,49.1400,91.00,103.00,False
1789727632.8675,114.70,47.7500,48.4900,48.4900,91.00,103.00,False
1789727632.9929,114.80,47.6300,48.4900,48.4900,91.00,103.00,False
1789727633.0923,114.90,47.5100,47.8700,48.4900,91.00,103.00,False
1789727633.2054,115.00,47.3900,47.8700,48.4900,91.00,103.00,False
1789727633.3087,115.10,47.2750,47.8700,48.4900,91.50,103.00,False
1789727633.4047,115.20,47.1600,47.8700,47.8700,91.50,103.00,False
1789727633.5259,115.30,47.0450,47.8700,47.8700,91.50,103.00,False
1789727633.6208,115.40,46.9300,47.2800,47.8700,91.50,103.00,False
1789727633.7407,115.50,46.8150,47.2800,47.8700,91.50,103.00,False
1789727633.8488,115.60,46.7050,47.2800,47.8700,92.00,103.00,False
1789727633.9378,115.70,46.5950,47.2800,47.2800,92.00,103.00,False
1789727634.0525,115.80,46.4850,47.2800,47.2800,92.00,103.00,False
1789727634.1432,115.90,46.3750,46.7000,47.2800,92.00,103.00,False
1789727634.2611,116.00,46.2650,46.7000,47.2800,92.00,103.00,False
1789727634.3767,116.10,46.1600,46.7000,47.2800,92.50,103.00,False
1789727634.4890,116.20,46.0550,46.7000,46.7000,92.50,103.00,False
1789727634.6371,116.30,45.9500,46.7000,46.7000,92.50,103.00,False
1789727634.7547,116.40,45.8450,46.1600,46.7000,92.50,103.00,False
1789727634.8752,116.50,45.7400,46.1600,46.7000,92.50,103.00,False
1789727634.9619,116.60,45.6400,46.1600,46.7000,93.00,103.00,False
1789727635.0832,116.70,45.5400,46.1600,46.1600,93.00,103.00,False
1789727635.1891,116.80,45.4400,46.1600,46.1600,93.00,103.00,False
1789727635.2795,116.90,45.3400,45.6400,46.1600,93.00,103.00,False
1789727635.4022,117.00,45.2400,45.6400,46.1600,93.00,103.00,False
1789727635.5013,117.10,45.1450,45.6400,46.1600,93.50,103.00,False
1789727635.6132,117.20,45.0500,45.6400,45.6400,93.50,103.00,False
1789727635.7194,117.30,44.9550,45.6400,45.6400,93.50,103.00,False
1789727635.8172,117.40,44.8600,45.1400,45.6400,93.50,103.00,False
1789727635.9312,117.50,44.7650,45.1400,45.6400,93.50,103.00,False
1789727636.0271,117.60,44.6750,45.1400,45.6400,94.00,103.00,False
1789727636.1452,117.70,44.5850,45.1400,45.6400,94.00,103.00,False
1789727636.2532,117.80,44.4950,45.1400,45.1400,94.00,103.00,False
1789727636.3429,117.90,44.4050,44.6800,45.1400,94.00,103.00,False
1789727636.4696,118.00,44.3150,44.6800,45.1400,94.00,103.00,False
1789727636.5565,118.10,44.2300,44.6800,45.1400,94.50,103.00,False
1789727636.6669,118.20,44.1450,44.6800,45.1400,94.50,103.00,False
1789727636.7973,118.30,44.0600,44.2300,44.6800,94.50,103.00,False
1789727636.8832,118.40,43.9750,44.2300,44.6800,94.50,103.00,False
1789727636.9902,118.50,43.8950,44.2300,44.6800,95.00,103.00,False
1789727637.0880,118.60,43.8150,44.2300,44.6800,95.00,103.00,False
1789727637.1916,118.70,43.7350,44.2300,44.6800,95.00,103.00,False
1789727637.3308,118.80,43.6550,43.9000,43.9000,95.00,103.00,False
1789727637.4814,118.90,43.5750,43.9000,43.9000,95.00,103.00,False
1789727637.6121,119.00,43.4950,43.9000,43.9000,95.00,103.00,False
1789727637.7060,119.10,43.4150,43.9000,43.9000,95.00,103.00,False
1789727637.8207,119.20,43.3350,43.9000,43.9000,95.00,103.00,False
1789727637.9222,119.30,43.2550,43.5000,43.5000,95.00,103.00,False
1789727638.0286,119.40,43.1750,43.5000,43.5000,95.00,103.00,False
1789727638.1144,119.50,43.1000,43.5000,43.5000,95.50,103.00,False
1789727638.2175,119.60,43.0250,43.5000,43.5000,95.50,103.00,False
1789727638.3399,119.70,42.9500,43.1000,43.5000,95.50,103.00,False
1789727638.4573,119.80,42.8750,43.1000,43.1000,95.50,103.00,False
1789727638.5646,119.90,42.8000,43.1000,43.1000,95.50,103.00,False
1789727638.6596,120.00,42.7300,43.1000,43.1000,96.00,103.00,False
1789727638.7623,120.10,42.6600,43.1000,43.1000,96.00,103.00,False
1789727638.8760,120.20,42.5900,43.1000,43.1000,96.00,103.00,False
1789727638.9696,120.30,42.5200,42.7300,43.1000,96.00,103.00,False
1789727639.0960,120.40,42.4500,42.7300,42.7300,96.00,103.00,False
1789727639.1788,120.50,42.3850,42.7300,42.7300,96.50,103.00,False
1789727639.2868,120.60,42.3200,42.7300,42.7300,96.50,103.00,False
1789727639.4040,120.70,42.2550,42.7300,42.7300,96.50,103.00,False
1789727639.4960,120.80,42.1900,42.3800,42.7300,96.50,103.00,False
1789727639.6351,120.90,42.1250,42.3800,42.3800,96.50,103.00,False
1789727639.7299,121.00,42.0650,42.3800,42.3800,97.00,103.00,False
1789727639.8162,121.10,42.0050,42.3800,42.3800,97.00,103.00,False
1789727639.9427,121.20,41.9450,42.3800,42.3800,97.00,103.00,False
1789727640.0306,121.30,41.8850,42.0600,42.3800,97.00,103.00,False
1789727640.1712,121.40,41.8250,42.0600,42.0600,97.00,103.00,False
1789727640.2564,121.50,41.7700,42.0600,42.0600,97.50,103.00,False
1789727640.3989,121.60,41.7150,42.0600,42.0600,97.50,103.00,False
1789727640.5120,121.70,41.6600,42.0600,42.0600,97.50,103.00,False
1789727640.6430,121.80,41.6050,42.0600,42.0600,97.50,103.00,False
1789727640.7486,121.90,41.5500,41.7700,41.7700,97.50,103.00,False
1789727640.8555,122.00,41.4950,41.7700,41.7700,97.50,103.00,False
1789727640.9429,122.10,41.4450,41.7700,41.7700,98.00,103.00,False
1789727641.0464,122.20,41.3950,41.7700,41.7700,98.00,103.00,False
1789727641.1720,122.30,41.3450,41.4400,41.7700,98.00,103.00,False
1789727641.3211,122.40,41.2950,41.4400,41.4400,98.00,103.00,False
1789727641.4080,122.50,41.2500,41.4400,41.4400,98.50,103.00,False
1789727641.5095,122.60,41.2050,41.4400,41.4400,98.50,103.00,False
1789727641.6346,122.70,41.1600,41.4400,41.4400,98.50,103.00,False
1789727641.7332,122.80,41.1150,41.2500,41.4400,98.50,103.00,False
1789727641.8521,122.90,41.0700,41.2500,41.4400,98.50,103.00,False
1789727641.9888,123.00,41.0300,41.2500,41.2500,99.00,103.00,False
1789727642.0846,123.10,40.9900,41.2500,41.2500,99.00,103.00,False
1789727642.2014,123.20,40.9500,41.2500,41.2500,99.00,103.00,False
1789727642.2937,123.30,40.9100,41.0300,41.2500,99.00,103.00,False
1789727641.3734,123.40,40.8700,41.0300,41.2500,99.00,103.00,False
1789727642.4953,123.50,40.8450,40.8700,40.8700,100.50,103.00,False
1789727642.5903,123.60,40.8200,40.8700,40.8700,100.50,103.00,False
1789727642.6913,123.70,40.7950,40.8700,40.8700,100.50,103.00,False
1789727642.7910,123.80,40.7700,40.8400,40.8700,100.50,103.00,False
1789727642.9108,123.90,40.7450,40.8400,40.8700,100.50,103.00,False
1789727643.0227,124.00,40.7250,40.8400,40.8400,101.00,103.00,False
1789727643.1064,124.10,40.7050,40.8400,40.8400,101.00,103.00,False
1789727643.2308,124.20,40.6850,40.7200,40.8400,101.00,103.00,False
1789727643.3225,124.30,40.6650,40.7200,40.8400,101.00,103.00,False
1789727643.4445,124.40,40.6500,40.7200,40.8400,101.50,103.00,False
1789727643.5633,124.50,40.6350,40.7200,40.8400,101.50,103.00,False
1789727643.6627,124.60,40.6200,40.7200,40.7200,101.50,103.00,False
1789727643.7691,124.70,40.6050,40.6500,40.7200,101.50,103.00,False
1789727643.8737,124.80,40.5900,40.6500,40.7200,101.50,103.00,False
1789727643.9584,124.90,40.5800,40.6500,40.7200,102.00,103.00,False
1789727644.0662,125.00,40.5700,40.6500,40.7200,102.00,103.00,False
1789727644.2283,125.10,40.5600,40.5800,40.6500,102.00,103.00,False
1789727644.3255,125.20,40.5500,40.5800,40.6500,102.00,103.00,False
1789727644.4307,125.30,40.5400,40.5800,40.6500,102.00,103.00,False
1789727644.5174,125.40,40.5350,40.5800,40.6500,102.50,103.00,False
1789727644.6226,125.50,40.5300,40.5800,40.6500,102.50,103.00,False
1789727644.7366,125.60,40.5250,40.5300,40.6500,102.50,103.00,False
1789727644.9395,125.70,40.5200,40.5300,40.5300,102.50,103.00,False
1789727645.0474,125.80,40.5150,40.5300,40.5300,102.50,103.00,False
1789727645.1404,125.90,40.5100,40.5300,40.5300,102.50,103.00,False
1789727645.2728,126.00,40.5050,40.5200,40.5300,102.50,103.00,False
1789727645.3776,126.10,40.5000,40.5200,40.5300,102.50,103.00,False
1789727645.4622,126.20,40.5000,40.5200,40.5200,103.00,103.00,False
1789727645.5464,126.30,40.5000,40.5200,40.5200,103.00,103.00,False
1789727645.6829,126.40,40.5000,40.5200,40.5200,103.00,103.00,False
1789727645.7572,126.50,40.5000,40.5000,40.5200,103.00,103.00,False
1789727645.8739,126.60,40.5000,40.5000,40.5200,103.00,103.00,False
1789727645.9938,126.70,40.5050,40.5000,40.5200,103.50,103.00,False
1789727646.0885,126.80,40.5100,40.5000,40.5000,103.50,103.00,False
1789727646.2050,126.90,40.5150,40.5000,40.5000,103.50,103.00,False
1789727646.2988,127.00,40.5200,40.5100,40.5000,103.50,103.00,False
1789727646.4198,127.10,40.5250,40.5100,40.5000,103.50,103.00,False
1789727646.5132,127.20,40.5350,40.5100,40.5000,104.00,103.00,False
1789727646.6283,127.30,40.5450,40.5100,40.5100,104.00,103.00,False
1789727646.7378,127.40,40.5550,40.5300,40.5100,104.00,103.00,False
1789727646.8291,127.50,40.5650,40.5300,40.5100,104.00,103.00,False
1789727646.9551,127.60,40.5800,40.5300,40.5100,104.50,103.00,False
1789727647.0555,127.70,40.5950,40.5300,40.5100,104.50,103.00,False
1789727647.2030,127.80,40.6100,40.5300,40.5300,104.50,103.00,False
1789727647.2904,127.90,40.6250,40.5800,40.5300,104.50,103.00,False
1789727647.4129,128.00,40.6400,40.5800,40.5300,104.50,103.00,False
1789727647.5044,128.10,40.6600,40.5800,40.5300,105.00,103.00,False
1789727647.6302,128.20,40.6800,40.5800,40.5800,105.00,103.00,False
1789727647.7768,128.30,40.7000,40.5800,40.5800,105.00,103.00,False
1789727647.8742,128.40,40.7200,40.6600,40.5800,105.00,103.00,False
1789727647.9904,128.50,40.7400,40.6600,40.5800,105.00,103.00,False
1789727648.0788,128.60,40.7650,40.6600,40.5800,105.50,103.00,False
1789727648.1830,128.70,40.7900,40.6600,40.5800,105.50,103.00,False
1789727648.3489,128.80,40.8150,40.6600,40.6600,105.50,103.00,False
1789727648.4500,128.90,40.8400,40.7600,40.6600,105.50,103.00,False
1789727648.5653,129.00,40.8650,40.7600,40.6600,105.50,103.00,False
1789727648.6612,129.10,40.8950,40.7600,40.6600,106.00,103.00,False
1789727648.7547,129.20,40.9250,40.7600,40.6600,106.00,103.00,False
1789727648.8810,129.30,40.9550,40.7600,40.7600,106.00,103.00,False
1789727648.9742,129.40,40.9850,40.9000,40.7600,106.00,103.00,False
1789727649.1099,129.50,41.0150,40.9000,40.7600,106.00,103.00,False
1789727649.2011,129.60,41.0500,40.9000,40.7600,106.50,103.00,False
1789727649.3184,129.70,41.0850,40.9000,40.7600,106.50,103.00,False
1789727649.4270,129.80,41.1200,41.0200,40.9000,106.50,103.00,False
1789727649.5185,129.90,41.1550,41.0200,40.9000,106.50,103.00,False
1789727649.6233,130.00,41.1950,41.0200,40.9000,107.00,103.00,False
1789727649.7279,130.10,41.2350,41.0200,40.9000,107.00,103.00,False
1789727649.8291,130.20,41.2750,41.0200,40.9000,107.00,103.00,False
1789727649.9633,130.30,41.3150,41.2000,41.2000,107.00,103.00,False
1789727650.0642,130.40,41.3550,41.2000,41.2000,107.00,103.00,False
1789727650.1537,130.50,41.3950,41.2000,41.2000,107.00,103.00,False
1789727650.2531,130.60,41.4350,41.2000,41.2000,107.00,103.00,False
1789727650.3722,130.70,41.4750,41.2000,41.2000,107.00,103.00,False
1789727650.5255,130.80,41.5150,41.4000,41.4000,107.00,103.00,False
1789727650.6452,130.90,41.5550,41.4000,41.4000,107.00,103.00,False
1789727650.7412,131.00,41.6000,41.4000,41.4000,107.50,103.00,False
1789727650.8386,131.10,41.6450,41.4000,41.4000,107.50,103.00,False
1789727650.9586,131.20,41.6900,41.4000,41.4000,107.50,103.00,False
1789727651.0750,131.30,41.7350,41.6000,41.4000,107.50,103.00,False
1789727651.1895,131.40,41.7800,41.6000,41.6000,107.50,103.00,False
1789727651.2907,131.50,41.8300,41.6000,41.6000,108.00,103.00,False
1789727651.3878,131.60,41.8800,41.6000,41.6000,108.00,103.00,False
1789727651.4969,131.70,41.9300,41.6000,41.6000,108.00,103.00,False
1789727651.5868,131.80,41.9800,41.8300,41.6000,108.00,103.00,False
1789727651.7128,131.90,42.0300,41.8300,41.8300,108.00,103.00,False
1789727651.8075,132.00,42.0850,41.8300,41.8300,108.50,103.00,False
1789727651.9058,132.10,42.1400,41.8300,41.8300,108.50,103.00,False
1789727652.0455,132.20,42.1950,42.0800,41.8300,108.50,103.00,False
1789727652.1505,132.30,42.2500,42.0800,41.8300,108.50,103.00,False
1789727652.2558,132.40,42.3100,42.0800,42.0800,109.00,103.00,False
1789727652.3423,132.50,42.3700,42.0800,42.0800,109.00,103.00,False
1789727652.4508,132.60,42.4300,42.0800,42.0800,109.00,103.00,False
1789727652.5673,132.70,42.4900,42.3100,42.0800,109.00,103.00,False
1789727652.6558,132.80,42.5500,42.3100,42.0800,109.00,103.00,False
1789727652.7732,132.90,42.6100,42.3100,42.3100,109.00,103.00,False
1789727652.8620,133.00,42.6750,42.3100,42.3100,109.50,103.00,False
1789727652.9603,133.10,42.7400,42.3100,42.3100,109.50,103.00,False
1789727653.0808,133.20,42.8050,42.6800,42.3100,109.50,103.00,False
1789727653.1889,133.30,42.8700,42.6800,42.3100,109.50,103.00,False
1789727653.3562,133.40,42.9350,42.6800,42.3100,109.50,103.00,False
1789727653.4596,133.50,43.0050,42.6800,42.6800,110.00,103.00,False
1789727653.5527,133.60,43.0750,42.6800,42.6800,110.00,103.00,False
1789727653.6634,133.70,43.1450,42.9400,42.6800,110.00,103.00,False
1789727653.7666,133.80,43.2150,42.9400,42.6800,110.00,103.00,False
1789727653.8538,133.90,43.2900,42.9400,42.6800,110.50,103.00,False
1789727653.9820,134.00,43.3650,42.9400,42.9400,110.50,103.00,False
1789727654.0953,134.10,43.4400,42.9400,42.9400,110.50,103.00,False
1789727654.1803,134.20,43.5150,43.2900,42.9400,110.50,103.00,False
1789727654.3005,134.30,43.5900,43.2900,42.9400,110.50,103.00,False
1789727654.3876,134.40,43.6700,43.2900,42.9400,111.00,103.00,False
1789727654.5126,134.50,43.7500,43.2900,43.2900,111.00,103.00,False
1789727654.6273,134.60,43.8300,43.2900,43.2900,111.00,103.00,False
1789727654.7185,134.70,43.9100,43.6700,43.2900,111.00,103.00,False
1789727654.8310,134.80,43.9900,43.6700,43.2900,111.00,103.00,False
1789727654.9211,134.90,44.0750,43.6700,43.2900,111.50,103.00,False
1789727655.0401,135.00,44.1600,43.6700,43.6700,111.50,103.00,False
1789727655.1720,135.10,44.2450,44.0800,43.6700,111.50,103.00,False
1789727655.2573,135.20,44.3300,44.0800,43.6700,111.50,103.00,False
1789727655.3767,135.30,44.4150,44.0800,43.6700,111.50,103.00,False
1789727655.4699,135.40,44.5050,44.0800,43.6700,112.00,103.00,False
1789727655.5686,135.50,44.5950,44.0800,43.6700,112.00,103.00,False
1789727655.7083,135.60,44.6850,44.5000,44.0800,112.00,103.00,False
1789727655.7958,135.70,44.7750,44.5000,44.0800,112.00,103.00,False
1789727655.9287,135.80,44.8700,44.5000,44.0800,112.50,103.00,False
1789727656.0386,135.90,44.9650,44.5000,44.0800,112.50,103.00,False
1789727656.1375,136.00,45.0600,44.5000,44.0800,112.50,103.00,False
1789727656.3070,136.10,45.1550,44.8700,44.8700,112.50,103.00,False
1789727656.3955,136.20,45.2500,44.8700,44.8700,112.50,103.00,False
1789727656.4904,136.30,45.3450,44.8700,44.8700,112.50,103.00,False
1789727656.5923,136.40,45.4400,44.8700,44.8700,112.50,103.00,False
1789727656.7011,136.50,45.5350,45.2500,44.8700,112.50,103.00,False
1789727656.8359,136.60,45.6300,45.2500,45.2500,112.50,103.00,False
1789727656.9172,136.70,45.7300,45.2500,45.2500,113.00,103.00,False
1789727657.0230,136.80,45.8300,45.2500,45.2500,113.00,103.00,False
1789727657.1415,136.90,45.9300,45.2500,45.2500,113.00,103.00,False
1789727657.2589,137.00,46.0300,45.7300,45.2500,113.00,103.00,False
1789727657.3459,137.10,46.1300,45.7300,45.2500,113.00,103.00,False
1789727657.5328,137.20,46.2350,45.7300,45.7300,113.50,103.00,False
1789727657.6192,137.30,46.3400,45.7300,45.7300,113.50,103.00,False
1789727657.7373,137.40,46.4450,45.7300,45.7300,113.50,103.00,False
1789727657.8257,137.50,46.5500,46.2400,45.7300,113.50,103.00,False
1789727657.9506,137.60,46.6550,46.2400,45.7300,113.50,103.00,False
1789727658.0802,137.70,46.7650,46.2400,46.2400,114.00,103.00,False
1789727658.1721,137.80,46.8750,46.2400,46.2400,114.00,103.00,False
1789727658.2882,137.90,46.9850,46.2400,46.2400,114.00,103.00,False
1789727658.3792,138.00,47.0950,46.7600,46.2400,114.00,103.00,False
1789727658.4971,138.10,47.2050,46.7600,46.2400,114.00,103.00,False
1789727658.6148,138.20,47.3200,46.7600,46.7600,114.50,103.00,False
1789727658.7312,138.30,47.4350,46.7600,46.7600,114.50,103.00,False
1789727658.8526,138.40,47.5500,46.7600,46.7600,114.50,103.00,False
1789727658.9393,138.50,47.6650,46.7600,46.7600,114.50,103.00,False
1789727659.0537,138.60,47.7800,47.3200,46.7600,114.50,103.00,False
1789727659.1591,138.70,47.8950,47.3200,47.3200,114.50,103.00,False
1789727659.2649,138.80,48.0150,47.3200,47.3200,115.00,103.00,False
1789727659.3541,138.90,48.1350,47.3200,47.3200,115.00,103.00,False
1789727659.4503,139.00,48.2550,47.3200,47.3200,115.00,103.00,False
1789727659.5584,139.10,48.3750,48.0200,47.3200,115.00,103.00,False
1789727659.6631,139.20,48.4950,48.0200,47.3200,115.00,103.00,False
1789727659.7794,139.30,48.6200,48.0200,47.3200,115.50,103.00,False
1789727659.8704,139.40,48.7450,48.0200,48.0200,115.50,103.00,False
1789727659.9829,139.50,48.8700,48.0200,48.0200,115.50,103.00,False
1789727660.0699,139.60,48.9950,48.6200,48.0200,115.50,103.00,False
1789727660.1933,139.70,49.1200,48.6200,48.0200,115.50,103.00,False
1789727660.2817,139.80,49.2500,48.6200,48.0200,116.00,103.00,False
1789727660.3885,139.90,49.3800,48.6200,48.6200,116.00,103.00,False
1789727660.5035,140.00,49.5100,48.6200,48.6200,116.00,103.00,False
1789727660.5945,140.10,49.6400,49.2500,48.6200,116.00,103.00,False
1789727660.6887,140.20,49.7700,49.2500,48.6200,116.00,103.00,False
1789727660.7963,140.30,49.9050,49.2500,48.6200,116.50,103.00,False
1789727660.9183,140.40,50.0400,49.2500,49.2500,116.50,103.00,False
1789727661.0268,140.50,50.1750,49.2500,49.2500,116.50,103.00,False
1789727661.1174,140.60,50.3100,49.9000,49.2500,116.50,103.00,False
1789727661.2118,140.70,50.4450,49.9000,49.2500,116.50,103.00,False
1789727661.3125,140.80,50.5850,49.9000,49.2500,117.00,103.00,False
1789727661.4463,140.90,50.7250,49.9000,49.2500,117.00,103.00,False
1789727661.5685,141.00,50.8650,49.9000,49.9000,117.00,103.00,False
1789727661.7001,141.10,51.0050,50.5800,49.9000,117.00,103.00,False
1789727661.7905,141.20,51.1450,50.5800,49.9000,117.00,103.00,False
1789727661.8826,141.30,51.2850,50.5800,49.9000,117.00,103.00,False
1789727661.9902,141.40,51.4250,50.5800,49.9000,117.00,103.00,False
1789727662.1137,141.50,51.5650,50.5800,50.5800,117.00,103.00,False
1789727662.2060,141.60,51.7050,51.2800,50.5800,117.00,103.00,False
1789727662.3255,141.70,51.8450,51.2800,50.5800,117.00,103.00,False
1789727662.4110,141.80,51.9800,51.2800,50.5800,116.50,103.00,False
1789727662.5135,141.90,52.1150,51.2800,50.5800,116.50,103.00,False
1789727662.6962,142.00,52.2500,51.9800,51.2800,116.50,103.00,False
1789727662.7993,142.10,52.3850,51.9800,51.2800,116.50,103.00,False
1789727662.8919,142.20,52.5150,51.9800,51.2800,116.00,103.00,False
1789727662.9896,142.30,52.6450,51.9800,51.2800,116.00,103.00,False
1789727663.1081,142.40,52.7750,51.9800,51.2800,116.00,103.00,False
1789727663.2377,142.50,52.9050,52.5200,52.5200,116.00,103.00,False
1789727663.3250,142.60,53.0350,52.5200,52.5200,116.00,103.00,False
1789727663.4378,142.70,53.1650,52.5200,52.5200,116.00,103.00,False
1789727663.5332,142.80,53.2950,52.5200,52.5200,116.00,103.00,False
1789727663.6483,142.90,53.4250,53.0400,52.5200,116.00,103.00,False
1789727663.7739,143.00,53.5550,53.0400,53.0400,116.00,103.00,False
1789727663.8632,143.10,53.6800,53.0400,53.0400,115.50,103.00,False
1789727663.9601,143.20,53.8050,53.0400,53.0400,115.50,103.00,False
1789727664.0785,143.30,53.9300,53.0400,53.0400,115.50,103.00,False
1789727664.2267,143.40,54.0550,53.6800,53.0400,115.50,103.00,False
1789727664.3570,143.50,54.1800,53.6800,53.6800,115.50,103.00,False
1789727664.4497,143.60,54.3000,53.6800,53.6800,115.00,103.00,False
1789727664.5458,143.70,54.4200,53.6800,53.6800,115.00,103.00,False
1789727664.6464,143.80,54.5400,53.6800,53.6800,115.00,103.00,False
1789727664.7488,143.90,54.6600,54.3000,53.6800,115.00,103.00,False
1789727664.8853,144.00,54.7800,54.3000,54.3000,115.00,103.00,False
1789727664.9793,144.10,54.8950,54.3000,54.3000,114.50,103.00,False
1789727665.0827,144.20,55.0100,54.3000,54.3000,114.50,103.00,False
1789727665.1910,144.30,55.1250,54.3000,54.3000,114.50,103.00,False
1789727665.2795,144.40,55.2400,54.9000,54.3000,114.50,103.00,False
1789727665.4206,144.50,55.3550,54.9000,54.9000,114.50,103.00,False
1789727665.5206,144.60,55.4650,54.9000,54.9000,114.00,103.00,False
1789727665.6191,144.70,55.5750,54.9000,54.9000,114.00,103.00,False
1789727665.7291,144.80,55.6850,54.9000,54.9000,114.00,103.00,False
1789727665.8210,144.90,55.7950,55.3600,54.9000,114.00,103.00,False
1789727665.9439,145.00,55.9050,55.3600,54.9000,114.00,103.00,False
1789727666.0565,145.10,56.0100,55.3600,55.3600,113.50,103.00,False
1789727666.1491,145.20,56.1150,55.3600,55.3600,113.50,103.00,False
1789727666.2671,145.30,56.2200,55.3600,55.3600,113.50,103.00,False
1789727666.3542,145.40,56.3250,56.0100,55.3600,113.50,103.00,False
1789727666.4753,145.50,56.4300,56.0100,55.3600,113.50,103.00,False
1789727666.5861,145.60,56.5300,56.0100,56.0100,113.00,103.00,False
1789727666.6751,145.70,56.6300,56.0100,56.0100,113.00,103.00,False
1789727666.8149,145.80,56.7300,56.5300,56.0100,113.00,103.00,False
1789727666.9199,145.90,56.8300,56.5300,56.0100,113.00,103.00,False
1789727667.0304,146.00,56.9300,56.5300,56.0100,113.00,103.00,False
1789727667.1479,146.10,57.0300,56.5300,56.0100,113.00,103.00,False
1789727667.3045,146.20,57.1250,56.5300,56.5300,112.50,103.00,False
1789727667.3963,146.30,57.2200,56.5300,56.5300,112.50,103.00,False
1789727667.5100,146.40,57.3150,56.5300,56.5300,112.50,103.00,False
1789727667.5991,146.50,57.4100,57.1200,56.5300,112.50,103.00,False
1789727667.7174,146.60,57.5050,57.1200,56.5300,112.50,103.00,False
1789727667.8217,146.70,57.5950,57.1200,57.1200,112.00,103.00,False
1789727667.9141,146.80,57.6850,57.1200,57.1200,112.00,103.00,False
1789727668.0095,146.90,57.7750,57.1200,57.1200,112.00,103.00,False
1789727668.1089,147.00,57.8650,57.6000,57.1200,112.00,103.00,False
1789727668.2290,147.10,57.9550,57.6000,57.1200,112.00,103.00,False
1789727668.3454,147.20,58.0400,57.6000,57.6000,111.50,103.00,False
1789727668.4424,147.30,58.1250,57.6000,57.6000,111.50,103.00,False
1789727668.5386,147.40,58.2100,57.6000,57.6000,111.50,103.00,False
1789727668.6378,147.50,58.2950,58.0400,57.6000,111.50,103.00,False
1789727668.7529,147.60,58.3800,58.0400,57.6000,111.50,103.00,False
1789727668.8584,147.70,58.4600,58.0400,58.0400,111.00,103.00,False
1789727668.9533,147.80,58.5400,58.0400,58.0400,111.00,103.00,False
1789727669.0545,147.90,58.6200,58.0400,58.0400,111.00,103.00,False
1789727669.1638,148.00,58.7000,58.4600,58.0400,111.00,103.00,False
1789727669.2705,148.10,58.7800,58.4600,58.0400,111.00,103.00,False
1789727669.3549,148.20,58.8550,58.4600,58.0400,110.50,103.00,False
1789727669.4743,148.30,58.9300,58.4600,58.4600,110.50,103.00,False
1789727669.5771,148.40,59.0050,58.4600,58.4600,110.50,103.00,False
1789727669.6803,148.50,59.0800,58.8600,58.4600,110.50,103.00,False
1789727669.8151,148.60,59.1550,58.8600,58.4600,110.50,103.00,False
1789727669.9093,148.70,59.2250,58.8600,58.4600,110.00,103.00,False
1789727670.0299,148.80,59.2950,58.8600,58.8600,110.00,103.00,False
1789727670.1368,148.90,59.3650,58.8600,58.8600,110.00,103.00,False
1789727670.2263,149.00,59.4350,59.2200,58.8600,110.00,103.00,False
1789727670.3522,149.10,59.5050,59.2200,58.8600,110.00,103.00,False
1789727670.4400,149.20,59.5700,59.2200,58.8600,109.50,103.00,False
1789727670.5652,149.30,59.6350,59.2200,59.2200,109.50,103.00,False
1789727670.6730,149.40,59.7000,59.2200,59.2200,109.50,103.00,False
1789727670.7649,149.50,59.7650,59.5700,59.2200,109.50,103.00,False
1789727670.8803,149.60,59.8300,59.5700,59.2200,109.50,103.00,False
1789727670.9694,149.70,59.8900,59.5700,59.2200,109.00,103.00,False
1789727671.0889,149.80,59.9500,59.5700,59.2200,109.00,103.00,False
1789727671.1998,149.90,60.0100,59.5700,59.5700,109.00,103.00,False
1789727671.3045,150.00,60.0700,59.8900,59.5700,109.00,103.00,False
1789727671.4116,150.10,60.1300,59.8900,59.5700,109.00,103.00,False
1789727671.4976,150.20,60.1850,59.8900,59.5700,108.50,103.00,False
1789727671.6025,150.30,60.2400,59.8900,59.5700,108.50,103.00,False
1789727671.7414,150.40,60.2950,59.8900,59.8900,108.50,103.00,False
1789727671.8240,150.50,60.3500,60.1800,59.8900,108.50,103.00,False
1789727671.9723,150.60,60.4050,60.1800,59.8900,108.50,103.00,False
1789727672.0606,150.70,60.4550,60.1800,59.8900,108.00,103.00,False
1789727672.1659,150.80,60.5050,60.1800,59.8900,108.00,103.00,False
1789727672.3037,150.90,60.5550,60.4000,60.4000,108.00,103.00,False
1789727672.4324,151.00,60.6050,60.4000,60.4000,108.00,103.00,False
1789727672.5246,151.10,60.6550,60.4000,60.4000,108.00,103.00,False
1789727672.6247,151.20,60.7050,60.4000,60.4000,108.00,103.00,False
1789727672.7400,151.30,60.7550,60.4000,60.4000,108.00,103.00,False
1789727672.8485,151.40,60.8050,60.6600,60.6600,108.00,103.00,False
1789727672.9567,151.50,60.8550,60.6600,60.6600,108.00,103.00,False
1789727673.0448,151.60,60.9000,60.6600,60.6600,107.50,103.00,False
1789727673.1523,151.70,60.9450,60.6600,60.6600,107.50,103.00,False
1789727673.2725,151.80,60.9900,60.6600,60.6600,107.50,103.00,False
1789727673.3787,151.90,61.0350,60.9000,60.6600,107.50,103.00,False
1789727673.5100,152.00,61.0800,60.9000,60.9000,107.50,103.00,False
1789727673.5970,152.10,61.1200,60.9000,60.9000,107.00,103.00,False
1789727673.6936,152.20,61.1600,60.9000,60.9000,107.00,103.00,False
1789727673.8171,152.30,61.2000,61.0800,60.9000,107.00,103.00,False
1789727672.8899,152.40,61.2400,61.0800,60.9000,107.00,103.00,False
1789727674.0148,152.50,61.2650,61.2400,61.2400,105.50,103.00,False
1789727674.1456,152.60,61.2900,61.2400,61.2400,105.50,103.00,False
1789727674.2466,152.70,61.3150,61.2400,61.2400,105.50,103.00,False
1789727674.3411,152.80,61.3400,61.2400,61.2400,105.50,103.00,False
1789727674.4525,152.90,61.3650,61.2400,61.2400,105.50,103.00,False
1789727674.5390,153.00,61.3850,61.2400,61.2400,105.00,103.00,False
1789727674.6393,153.10,61.4050,61.2400,61.2400,105.00,103.00,False
1789727674.7767,153.20,61.4250,61.2400,61.2400,105.00,103.00,False
1789727674.8701,153.30,61.4450,61.3800,61.2400,105.00,103.00,False
1789727674.9878,153.40,61.4650,61.3800,61.2400,105.00,103.00,False
1789727675.0879,153.50,61.4800,61.3800,61.3800,104.50,103.00,False
1789727675.1752,153.60,61.4950,61.3800,61.3800,104.50,103.00,False
1789727675.2909,153.70,61.5100,61.3800,61.3800,104.50,103.00,False
1789727675.3781,153.80,61.5250,61.4800,61.3800,104.50,103.00,False
1789727675.5019,153.90,61.5400,61.4800,61.3800,104.50,103.00,False
1789727675.5897,154.00,61.5500,61.4800,61.3800,104.00,103.00,False
1789727675.6944,154.10,61.5600,61.4800,61.4800,104.00,103.00,False
1789727675.8093,154.20,61.5700,61.4800,61.4800,104.00,103.00,False
1789727675.8964,154.30,61.5800,61.5500,61.4800,104.00,103.00,False
1789727676.0134,154.40,61.5900,61.5500,61.4800,104.00,103.00,False
1789727676.0998,154.50,61.5950,61.5500,61.4800,103.50,103.00,False
1789727676.2233,154.60,61.6000,61.5500,61.5500,103.50,103.00,False
1789727676.3291,154.70,61.6050,61.5500,61.5500,103.50,103.00,False
1789727676.4154,154.80,61.6100,61.6000,61.5500,103.50,103.00,False
1789727676.5526,154.90,61.6150,61.6000,61.5500,103.50,103.00,False
1789727676.6095,155.00,61.6150,61.6000,61.5500,103.00,103.00,False
1789727676.7431,155.10,61.6150,61.6000,61.6000,103.00,103.00,False
1789727676.8639,155.20,61.6150,61.6000,61.6000,103.00,103.00,False
1789727676.9377,155.30,61.6150,61.6200,61.6000,103.00,103.00,False
1789727677.0336,155.40,61.6150,61.6200,61.6000,103.00,103.00,False
1789727677.1555,155.50,61.6100,61.6200,61.6000,102.50,103.00,False
1789727677.2571,155.60,61.6050,61.6200,61.6000,102.50,103.00,False
1789727677.3847,155.70,61.6000,61.6200,61.6200,102.50,103.00,False
1789727677.4703,155.80,61.5950,61.6100,61.6200,102.50,103.00,False
1789727677.5868,155.90,61.5900,61.6100,61.6200,102.50,103.00,False
1789727677.6769,156.00,61.5800,61.6100,61.6200,102.00,103.00,False
1789727677.7772,156.10,61.5700,61.6100,61.6200,102.00,103.00,False
1789727677.9142,156.20,61.5600,61.6100,61.6100,102.00,103.00,False
1789727678.0004,156.30,61.5500,61.5800,61.6100,102.00,103.00,False
1789727678.1203,156.40,61.5400,61.5800,61.6100,102.00,103.00,False
1789727678.2121,156.50,61.5250,61.5800,61.6100,101.50,103.00,False
1789727678.3151,156.60,61.5100,61.5800,61.6100,101.50,103.00,False
1789727678.4451,156.70,61.4950,61.5800,61.6100,101.50,103.00,False
1789727678.5351,156.80,61.4800,61.5200,61.5200,101.50,103.00,False
1789727678.6290,156.90,61.4650,61.5200,61.5200,101.50,103.00,False
1789727678.7301,157.00,61.4500,61.5200,61.5200,101.50,103.00,False
1789727678.8388,157.10,61.4350,61.5200,61.5200,101.50,103.00,False
1789727678.9473,157.20,61.4200,61.4600,61.5200,101.50,103.00,False
1789727679.0739,157.30,61.4050,61.4600,61.4600,101.50,103.00,False
1789727679.1606,157.40,61.3850,61.4600,61.4600,101.00,103.00,False
1789727679.2639,157.50,61.3650,61.4600,61.4600,101.00,103.00,False
1789727679.3806,157.60,61.3450,61.4600,61.4600,101.00,103.00,False
1789727679.4643,157.70,61.3250,61.3800,61.4600,101.00,103.00,False
1789727679.6389,157.80,61.3050,61.3800,61.3800,101.00,103.00,False
1789727679.7422,157.90,61.2800,61.3800,61.3800,100.50,103.00,False
1789727679.8361,158.00,61.2550,61.3800,61.3800,100.50,103.00,False
1789727679.9541,158.10,61.2300,61.3000,61.3800,100.50,103.00,False
1789727680.0592,158.20,61.2050,61.3000,61.3800,100.50,103.00,False
1789727680.1642,158.30,61.1750,61.3000,61.3000,100.00,103.00,False
1789727680.2523,158.40,61.1450,61.3000,61.3000,100.00,103.00,False
1789727680.3733,158.50,61.1150,61.3000,61.3000,100.00,103.00,False
1789727680.4671,158.60,61.0850,61.1800,61.3000,100.00,103.00,False
1789727680.5774,158.70,61.0550,61.1800,61.3000,100.00,103.00,False
1789727680.6836,158.80,61.0200,61.1800,61.1800,99.50,103.00,False
1789727680.7729,158.90,60.9850,61.1800,61.1800,99.50,103.00,False
1789727680.8911,159.00,60.9500,61.1800,61.1800,99.50,103.00,False
1789727680.9818,159.10,60.9150,61.0200,61.1800,99.50,103.00,False
1789727681.1030,159.20,60.8800,61.0200,61.1800,99.50,103.00,False
1789727681.2063,159.30,60.8400,61.0200,61.0200,99.00,103.00,False
1789727681.2928,159.40,60.8000,61.0200,61.0200,99.00,103.00,False
1789727681.4125,159.50,60.7600,61.0200,61.0200,99.00,103.00,False
1789727681.5013,159.60,60.7200,60.8400,61.0200,99.00,103.00,False
1789727681.6265,159.70,60.6800,60.8400,61.0200,99.00,103.00,False
1789727681.7171,159.80,60.6350,60.8400,61.0200,98.50,103.00,False
1789727681.8359,159.90,60.5900,60.8400,60.8400,98.50,103.00,False
1789727681.9444,160.00,60.5450,60.6400,60.8400,98.50,103.00,False
1789727682.0346,160.10,60.5000,60.6400,60.8400,98.50,103.00,False
1789727682.1486,160.20,60.4500,60.6400,60.8400,98.00,103.00,False
1789727682.2360,160.30,60.4000,60.6400,60.8400,98.00,103.00,False
1789727682.3751,160.40,60.3500,60.6400,60.6400,98.00,103.00,False
1789727682.5119,160.50,60.3000,60.4500,60.6400,98.00,103.00,False
1789727682.6211,160.60,60.2500,60.4500,60.6400,98.00,103.00,False
1789727682.7046,160.70,60.1950,60.4500,60.6400,97.50,103.00,False
1789727682.8089,160.80,60.1400,60.4500,60.6400,97.50,103.00,False
1789727682.9681,160.90,60.0850,60.2000,60.4500,97.50,103.00,False
1789727683.0616,161.00,60.0300,60.2000,60.4500,97.50,103.00,False
1789727683.1768,161.10,59.9700,60.2000,60.4500,97.00,103.00,False
1789727683.2670,161.20,59.9100,60.2000,60.4500,97.00,103.00,False
1789727683.3824,161.30,59.8500,60.2000,60.4500,97.00,103.00,False
1789727683.4919,161.40,59.7900,59.9700,59.9700,97.00,103.00,False
1789727683.5780,161.50,59.7300,59.9700,59.9700,97.00,103.00,False
1789727683.6830,161.60,59.6650,59.9700,59.9700,96.50,103.00,False
1789727683.7825,161.70,59.6000,59.9700,59.9700,96.50,103.00,False
1789727683.8814,161.80,59.5350,59.9700,59.9700,96.50,103.00,False
1789727684.0033,161.90,59.4700,59.6600,59.6600,96.50,103.00,False
1789727684.0936,162.00,59.4050,59.6600,59.6600,96.50,103.00,False
1789727684.1949,162.10,59.3400,59.6600,59.6600,96.50,103.00,False
1789727684.2945,162.20,59.2750,59.6600,59.6600,96.50,103.00,False
1789727684.4171,162.30,59.2100,59.6600,59.6600,96.50,103.00,False
1789727684.5044,162.40,59.1450,59.3400,59.6600,96.50,103.00,False
1789727684.6547,162.50,59.0800,59.3400,59.3400,96.50,103.00,False
1789727684.7435,162.60,59.0100,59.3400,59.3400,96.00,103.00,False
1789727684.8450,162.70,58.9400,59.3400,59.3400,96.00,103.00,False
1789727684.9589,162.80,58.8700,59.0800,59.3400,96.00,103.00,False
1789727685.0878,162.90,58.8000,59.0800,59.3400,96.00,103.00,False
1789727685.2498,163.00,58.7250,59.0800,59.0800,95.50,103.00,False
1789727685.3491,163.10,58.6500,59.0800,59.0800,95.50,103.00,False
1789727685.4349,163.20,58.5750,59.0800,59.0800,95.50,103.00,False
1789727685.5430,163.30,58.5000,58.7200,59.0800,95.50,103.00,False
1789727685.6558,163.40,58.4250,58.7200,59.0800,95.50,103.00,False
1789727685.7624,163.50,58.3450,58.7200,58.7200,95.00,103.00,False
1789727685.8571,163.60,58.2650,58.7200,58.7200,95.00,103.00,False
1789727685.9571,163.70,58.1850,58.7200,58.7200,95.00,103.00,False
1789727686.0554,163.80,58.1050,58.3400,58.7200,95.00,103.00,False
1789727686.1710,163.90,58.0250,58.3400,58.7200,95.00,103.00,False
1789727686.2766,164.00,57.9400,58.3400,58.3400,94.50,103.00,False
1789727686.3698,164.10,57.8550,58.3400,58.3400,94.50,103.00,False
1789727686.4906,164.20,57.7700,58.3400,58.3400,94.50,103.00,False
1789727686.5818,164.30,57.6850,57.9400,58.3400,94.50,103.00,False
1789727686.7020,164.40,57.6000,57.9400,58.3400,94.50,103.00,False
1789727686.7925,164.50,57.5100,57.9400,58.3400,94.00,103.00,False
1789727686.8958,164.60,57.4200,57.9400,57.9400,94.00,103.00,False
1789727687.0130,164.70,57.3300,57.9400,57.9400,94.00,103.00,False
1789727687.1099,164.80,57.2400,57.5100,57.9400,94.00,103.00,False
1789727687.2249,164.90,57.1500,57.5100,57.9400,94.00,103.00,False
1789727687.3149,165.00,57.0550,57.5100,57.9400,93.50,103.00,False
1789727687.4321,165.10,56.9600,57.5100,57.5100,93.50,103.00,False
1789727687.5348,165.20,56.8650,57.5100,57.5100,93.50,103.00,False
1789727687.6219,165.30,56.7700,57.0600,57.5100,93.50,103.00,False
1789727687.7564,165.40,56.6750,57.0600,57.5100,93.50,103.00,False
1789727687.8733,165.50,56.5750,57.0600,57.5100,93.00,103.00,False
1789727687.9895,165.60,56.4750,57.0600,57.0600,93.00,103.00,False
1789727688.0997,165.70,56.3750,57.0600,57.0600,93.00,103.00,False
1789727688.1840,165.80,56.2750,56.5800,57.0600,93.00,103.00,False
1789727688.3083,165.90,56.1750,56.5800,57.0600,93.00,103.00,False
1789727688.3897,166.00,56.0700,56.5800,57.0600,92.50,103.00,False
1789727688.4940,166.10,55.9650,56.5800,57.0600,92.50,103.00,False
1789727688.6301,166.20,55.8600,56.5800,56.5800,92.50,103.00,False
1789727688.7209,166.30,55.7550,56.0700,56.5800,92.50,103.00,False
1789727688.8331,166.40,55.6500,56.0700,56.5800,92.50,103.00,False
1789727688.9168,166.50,55.5400,56.0700,56.5800,92.00,103.00,False
1789727689.0231,166.60,55.4300,56.0700,56.5800,92.00,103.00,False
1789727689.1393,166.70,55.3200,56.0700,56.5800,92.00,103.00,False
1789727689.2510,166.80,55.2100,55.5400,56.0700,92.00,103.00,False
1789727689.3381,166.90,55.1000,55.5400,56.0700,92.00,103.00,False
1789727689.4517,167.00,54.9850,55.5400,56.0700,91.50,103.00,False
1789727689.5416,167.10,54.8700,55.5400,56.0700,91.50,103.00,False
1789727689.6425,167.20,54.7550,55.5400,56.0700,91.50,103.00,False
1789727689.7883,167.30,54.6400,54.9800,54.9800,91.50,103.00,False
1789727689.8801,167.40,54.5250,54.9800,54.9800,91.50,103.00,False
1789727689.9690,167.50,54.4100,54.9800,54.9800,91.50,103.00,False
1789727690.0822,167.60,54.2950,54.9800,54.9800,91.50,103.00,False
1789727690.2173,167.70,54.1800,54.4100,54.9800,91.50,103.00,False
1789727690.3344,167.80,54.0650,54.4100,54.4100,91.50,103.00,False
1789727690.4378,167.90,53.9450,54.4100,54.4100,91.00,103.00,False
1789727690.5618,168.00,53.8250,54.4100,54.4100,91.00,103.00,False
1789727690.6705,168.10,53.7050,54.4100,54.4100,91.00,103.00,False
1789727690.7642,168.20,53.5850,53.9400,54.4100,91.00,103.00,False
1789727690.8935,168.30,53.4650,53.9400,53.9400,91.00,103.00,False
1789727690.9779,168.40,53.3400,53.9400,53.9400,90.50,103.00,False
1789727691.0814,168.50,53.2150,53.9400,53.9400,90.50,103.00,False
1789727691.2015,168.60,53.0900,53.9400,53.9400,90.50,103.00,False
1789727691.2952,168.70,52.9650,53.3400,53.9400,90.50,103.00,False
1789727691.4357,168.80,52.8400,53.3400,53.3400,90.50,103.00,False
1789727691.5262,168.90,52.7100,53.3400,53.3400,90.00,103.00,False
1789727691.6275,169.00,52.5800,53.3400,53.3400,90.00,103.00,False
1789727691.7422,169.10,52.4500,53.3400,53.3400,90.00,103.00,False
1789727691.8356,169.20,52.3200,52.7100,53.3400,90.00,103.00,False
1789727691.9525,169.30,52.1900,52.7100,53.3400,90.00,103.00,False
1789727692.0547,169.40,52.0550,52.7100,52.7100,89.50,103.00,False
1789727692.1449,169.50,51.9200,52.7100,52.7100,89.50,103.00,False
1789727692.2571,169.60,51.7850,52.7100,52.7100,89.50,103.00,False
1789727692.3478,169.70,51.6500,52.0600,52.7100,89.50,103.00,False
1789727692.4752,169.80,51.5150,52.0600,52.7100,89.50,103.00,False
1789727692.5825,169.90,51.3800,52.0600,52.7100,89.50,103.00,False
1789727692.6899,170.00,51.2400,52.0600,52.0600,89.00,103.00,False
1789727692.7798,170.10,51.1000,52.0600,52.0600,89.00,103.00,False
1789727692.8947,170.20,50.9600,52.0600,52.0600,89.00,103.00,False
1789727692.9783,170.30,50.8200,51.2400,52.0600,89.00,103.00,False
1789727693.1232,170.40,50.6800,51.2400,52.0600,89.00,103.00,False
1789727693.2317,170.50,50.5350,51.2400,52.0600,88.50,103.00,False
1789727693.3432,170.60,50.3900,51.2400,52.0600,88.50,103.00,False
1789727693.4496,170.70,50.2450,51.2400,51.2400,88.50,103.00,False
1789727693.5371,170.80,50.1000,50.5400,51.2400,88.50,103.00,False
1789727693.6544,170.90,49.9550,50.5400,51.2400,88.50,103.00,False
1789727693.7395,171.00,49.8050,50.5400,51.2400,88.00,103.00,False
1789727693.8457,171.10,49.6550,50.5400,51.2400,88.00,103.00,False
1789727693.9903,171.20,49.5050,50.5400,50.5400,88.00,103.00,False
1789727694.0855,171.30,49.3550,49.8000,50.5400,88.00,103.00,False
1789727694.1957,171.40,49.2050,49.8000,50.5400,88.00,103.00,False
1789727694.2809,171.50,49.0500,49.8000,50.5400,87.50,103.00,False
1789727694.3852,171.60,48.8950,49.8000,50.5400,87.50,103.00,False
1789727694.5457,171.70,48.7400,49.8000,49.0500,87.50,103.00,False
1789727694.6424,171.80,48.5850,49.0500,49.0500,87.50,103.00,False
1789727694.7477,171.90,48.4300,49.0500,49.0500,87.50,103.00,False
1789727694.8313,172.00,48.2800,49.0500,49.0500,88.00,103.00,False
1789727694.9319,172.10,48.1300,49.0500,49.0500,88.00,103.00,False
1789727695.0784,172.20,47.9800,49.0500,49.0500,88.00,103.00,False
1789727695.1639,172.30,47.8300,48.2800,48.2800,88.00,103.00,False
1789727695.2661,172.40,47.6800,48.2800,48.2800,88.00,103.00,False
1789727695.3699,172.50,47.5300,48.2800,48.2800,88.00,103.00,False
1789727695.4707,172.60,47.3800,48.2800,48.2800,88.00,103.00,False
1789727695.5830,172.70,47.2300,48.2800,48.2800,88.00,103.00,False
1789727695.6846,172.80,47.0800,47.5300,47.5300,88.00,103.00,False
1789727695.8079,172.90,46.9300,47.5300,47.5300,88.00,103.00,False
1789727695.9152,173.00,46.7850,47.5300,47.5300,88.50,103.00,False
1789727696.0095,173.10,46.6400,47.5300,47.5300,88.50,103.00,False
1789727696.1272,173.20,46.4950,47.5300,47.5300,88.50,103.00,False
1789727696.2286,173.30,46.3500,46.7800,47.5300,88.50,103.00,False
1789727696.3575,173.40,46.2050,46.7800,46.7800,88.50,103.00,False
1789727696.4459,173.50,46.0650,46.7800,46.7800,89.00,103.00,False
1789727696.5514,173.60,45.9250,46.7800,46.7800,89.00,103.00,False
1789727696.6737,173.70,45.7850,46.2000,46.7800,89.00,103.00,False
1789727696.8012,173.80,45.6450,46.2000,46.2000,89.00,103.00,False
1789727696.8921,173.90,45.5100,46.2000,46.2000,89.50,103.00,False
1789727696.9902,174.00,45.3750,46.2000,46.2000,89.50,103.00,False
1789727697.1141,174.10,45.2400,46.2000,46.2000,89.50,103.00,False
1789727697.2105,174.20,45.1050,45.5100,46.2000,89.50,103.00,False
1789727697.3423,174.30,44.9700,45.5100,46.2000,89.50,103.00,False
1789727697.4269,174.40,44.8400,45.5100,45.5100,90.00,103.00,False
1789727697.5309,174.50,44.7100,45.5100,45.5100,90.00,103.00,False
1789727697.6266,174.60,44.5800,45.5100,45.5100,90.00,103.00,False
1789727697.7341,174.70,44.4500,44.8400,45.5100,90.00,103.00,False
1789727697.8392,174.80,44.3200,44.8400,45.5100,90.00,103.00,False
1789727697.9547,174.90,44.1950,44.8400,44.8400,90.50,103.00,False
1789727698.0453,175.00,44.0700,44.8400,44.8400,90.50,103.00,False
1789727698.1570,175.10,43.9450,44.8400,44.8400,90.50,103.00,False
1789727698.2398,175.20,43.8200,44.2000,44.8400,90.50,103.00,False
1789727698.3703,175.30,43.6950,44.2000,44.8400,90.50,103.00,False
1789727698.5114,175.40,43.5750,44.2000,44.8400,91.00,103.00,False
1789727698.6052,175.50,43.4550,44.2000,44.2000,91.00,103.00,False
1789727698.7227,175.60,43.3350,44.2000,44.2000,91.00,103.00,False
1789727698.8059,175.70,43.2150,43.5800,44.2000,91.00,103.00,False
1789727698.9375,175.80,43.0950,43.5800,44.2000,91.00,103.00,False
1789727699.0298,175.90,42.9800,43.5800,44.2000,91.50,103.00,False
1789727699.1496,176.00,42.8650,43.5800,43.5800,91.50,103.00,False
1789727699.2627,176.10,42.7500,43.5800,43.5800,91.50,103.00,False
1789727699.3493,176.20,42.6350,42.9800,43.5800,91.50,103.00,False
1789727699.4736,176.30,42.5200,42.9800,43.5800,91.50,103.00,False
1789727699.5632,176.40,42.4100,42.9800,43.5800,92.00,103.00,False
1789727699.6848,176.50,42.3000,42.9800,42.9800,92.00,103.00,False
1789727699.7778,176.60,42.1900,42.9800,42.9800,92.00,103.00,False
1789727699.8888,176.70,42.0800,42.4100,42.9800,92.00,103.00,False
1789727699.9908,176.80,41.9700,42.4100,42.9800,92.00,103.00,False
1789727700.0802,176.90,41.8650,42.4100,42.9800,92.50,103.00,False
1789727700.1970,177.00,41.7600,42.4100,42.9800,92.50,103.00,False
1789727700.2861,177.10,41.6550,42.4100,42.4100,92.50,103.00,False
1789727700.4067,177.20,41.5500,41.8600,42.4100,92.50,103.00,False
1789727700.4876,177.30,41.4450,41.8600,42.4100,92.50,103.00,False
1789727700.5934,177.40,41.3450,41.8600,42.4100,93.00,103.00,False
1789727700.6949,177.50,41.2450,41.8600,42.4100,93.00,103.00,False
1789727700.8089,177.60,41.1450,41.8600,42.4100,93.00,103.00,False
1789727700.9224,177.70,41.0450,41.3400,41.8600,93.00,103.00,False
1789727701.0516,177.80,40.9450,41.3400,41.8600,93.00,103.00,False
1789727701.1465,177.90,40.8450,41.3400,41.8600,93.00,103.00,False
1789727701.2444,178.00,40.7450,41.3400,41.8600,93.00,103.00,False
1789727701.3615,178.10,40.6450,40.9400,41.8600,93.00,103.00,False
1789727701.5143,178.20,40.5450,40.9400,40.9400,93.00,103.00,False
1789727701.5998,178.30,40.4500,40.9400,40.9400,93.50,103.00,False
1789727701.7080,178.40,40.3550,40.9400,40.9400,93.50,103.00,False
1789727701.8251,178.50,40.2600,40.9400,40.9400,93.50,103.00,False
1789727701.9125,178.60,40.1650,40.4500,40.9400,93.50,103.00,False
1789727702.0531,178.70,40.0700,40.4500,40.4500,93.50,103.00,False
1789727702.1369,178.80,39.9800,40.4500,40.4500,94.00,103.00,False
1789727702.2317,178.90,39.8900,40.4500,40.4500,94.00,103.00,False
1789727702.3377,179.00,39.8000,40.4500,40.4500,94.00,103.00,False
1789727702.4442,179.10,39.7100,39.9800,40.4500,94.00,103.00,False
1789727702.5996,179.20,39.6200,39.9800,39.9800,94.00,103.00,False
1789727702.6915,179.30,39.5350,39.9800,39.9800,94.50,103.00,False
1789727702.7903,179.40,39.4500,39.9800,39.9800,94.50,103.00,False
1789727702.9131,179.50,39.3650,39.6200,39.9800,94.50,103.00,False
1789727703.0153,179.60,39.2800,39.6200,39.9800,94.50,103.00,False
1789727703.1275,179.70,39.2000,39.6200,39.6200,95.00,103.00,False
1789727703.2130,179.80,39.1200,39.6200,39.6200,95.00,103.00,False
1789727703.3328,179.90,39.0400,39.6200,39.6200,95.00,103.00,False
1789727703.4168,180.00,38.9600,39.2000,39.6200,95.00,103.00,False
1789727703.5813,180.10,38.8800,39.2000,39.6200,95.00,103.00,False
1789727703.6941,180.20,38.8050,39.2000,39.2000,95.50,103.00,False
1789727703.7909,180.30,38.7300,39.2000,39.2000,95.50,103.00,False
1789727703.8976,180.40,38.6550,39.2000,39.2000,95.50,103.00,False
1789727703.9838,180.50,38.5800,38.8000,39.2000,95.50,103.00,False
1789727704.0837,180.60,38.5050,38.8000,39.2000,95.50,103.00,False
1789727704.2101,180.70,38.4350,38.8000,39.2000,96.00,103.00,False
1789727704.3020,180.80,38.3650,38.8000,38.8000,96.00,103.00,False
1789727704.4031,180.90,38.2950,38.8000,38.8000,96.00,103.00,False
1789727704.5185,181.00,38.2250,38.4400,38.8000,96.00,103.00,False
1789727704.6254,181.10,38.1550,38.4400,38.8000,96.00,103.00,False
1789727704.7116,181.20,38.0900,38.4400,38.8000,96.50,103.00,False
1789727704.8314,181.30,38.0250,38.4400,38.4400,96.50,103.00,False
1789727704.9217,181.40,37.9600,38.4400,38.4400,96.50,103.00,False
1789727705.0437,181.50,37.8950,38.0900,38.4400,96.50,103.00,False
1789727705.1332,181.60,37.8300,38.0900,38.4400,96.50,103.00,False
1789727705.2550,181.70,37.7700,38.0900,38.4400,97.00,103.00,False
1789727704.3400,181.80,37.7100,38.0900,38.4400,97.00,103.00,False
1789727705.4476,181.90,37.6600,37.7100,37.7700,98.00,103.00,False
1789727705.5684,182.00,37.6100,37.7100,37.7100,98.00,103.00,False
1789727705.6626,182.10,37.5600,37.7100,37.7100,98.00,103.00,False
1789727705.7719,182.20,37.5100,37.7100,37.7100,98.00,103.00,False
1789727705.8652,182.30,37.4600,37.7100,37.7100,98.00,103.00,False
1789727705.9806,182.40,37.4100,37.7100,37.7100,98.00,103.00,False
1789727706.1061,182.50,37.3600,37.5100,37.5100,98.00,103.00,False
1789727706.2118,182.60,37.3150,37.5100,37.5100,98.50,103.00,False
1789727706.2989,182.70,37.2700,37.5100,37.5100,98.50,103.00,False
1789727706.4054,182.80,37.2250,37.5100,37.5100,98.50,103.00,False
1789727706.5411,182.90,37.1800,37.3200,37.5100,98.50,103.00,False
1789727706.6670,183.00,37.1350,37.3200,37.3200,98.50,103.00,False
1789727706.7565,183.10,37.0950,37.3200,37.3200,99.00,103.00,False
1789727706.8511,183.20,37.0550,37.3200,37.3200,99.00,103.00,False
1789727706.9702,183.30,37.0150,37.3200,37.3200,99.00,103.00,False
1789727707.0627,183.40,36.9750,37.1000,37.3200,99.00,103.00,False
1789727707.1965,183.50,36.9350,37.1000,37.1000,99.00,103.00,False
1789727707.2837,183.60,36.9000,37.1000,37.1000,99.50,103.00,False
1789727707.3835,183.70,36.8650,37.1000,37.1000,99.50,103.00,False
1789727707.5189,183.80,36.8300,36.9000,37.1000,99.50,103.00,False
1789727707.6288,183.90,36.7950,36.9000,37.1000,99.50,103.00,False
1789727707.7862,184.00,36.7650,36.9000,36.9000,100.00,103.00,False
1789727707.8795,184.10,36.7350,36.9000,36.9000,100.00,103.00,False
1789727707.9759,184.20,36.7050,36.9000,36.9000,100.00,103.00,False
1789727708.0727,184.30,36.6750,36.7600,36.9000,100.00,103.00,False
1789727708.1964,184.40,36.6450,36.7600,36.9000,100.00,103.00,False
1789727708.2844,184.50,36.6200,36.7600,36.9000,100.50,103.00,False
1789727708.4063,184.60,36.5950,36.7600,36.7600,100.50,103.00,False
1789727708.5141,184.70,36.5700,36.7600,36.7600,100.50,103.00,False
1789727708.5945,184.80,36.5450,36.6200,36.7600,100.50,103.00,False
1789727708.7220,184.90,36.5200,36.6200,36.7600,100.50,103.00,False
1789727708.8076,185.00,36.5000,36.6200,36.7600,101.00,103.00,False
1789727708.9241,185.10,36.4800,36.6200,36.6200,101.00,103.00,False
1789727709.0126,185.20,36.4600,36.6200,36.6200,101.00,103.00,False
1789727709.1121,185.30,36.4400,36.5000,36.6200,101.00,103.00,False
1789727709.2291,185.40,36.4200,36.5000,36.6200,101.00,103.00,False
1789727709.3175,185.50,36.4050,36.5000,36.6200,101.50,103.00,False
1789727709.4195,185.60,36.3900,36.5000,36.6200,101.50,103.00,False
1789727709.5620,185.70,36.3750,36.5000,36.5000,101.50,103.00,False
1789727709.6495,185.80,36.3600,36.4000,36.5000,101.50,103.00,False
1789727709.7695,185.90,36.3450,36.4000,36.5000,101.50,103.00,False
1789727709.8572,186.00,36.3350,36.4000,36.5000,102.00,103.00,False
1789727709.9584,186.10,36.3250,36.4000,36.5000,102.00,103.00,False
1789727710.0917,186.20,36.3150,36.3400,36.4000,102.00,103.00,False
1789727710.2012,186.30,36.3050,36.3400,36.4000,102.00,103.00,False
1789727710.3346,186.40,36.2950,36.3400,36.4000,102.00,103.00,False
1789727710.4303,186.50,36.2900,36.3400,36.4000,102.50,103.00,False
1789727710.5288,186.60,36.2850,36.3400,36.4000,102.50,103.00,False
1789727710.6600,186.70,36.2800,36.3400,36.3400,102.50,103.00,False
1789727710.7520,186.80,36.2750,36.2900,36.3400,102.50,103.00,False
1789727710.8672,186.90,36.2700,36.2900,36.3400,102.50,103.00,False
1789727710.9340,187.00,36.2700,36.2900,36.3400,103.00,103.00,False
1789727711.0378,187.10,36.2700,36.2900,36.3400,103.00,103.00,False
1789727711.1729,187.20,36.2700,36.2900,36.2900,103.00,103.00,False
1789727711.2359,187.30,36.2700,36.2700,36.2900,103.00,103.00,False
1789727711.3616,187.40,36.2700,36.2700,36.2900,103.00,103.00,False
1789727711.4591,187.50,36.2750,36.2700,36.2900,103.50,103.00,False
1789727711.5691,187.60,36.2800,36.2700,36.2900,103.50,103.00,False
1789727711.6695,187.70,36.2850,36.2700,36.2900,103.50,103.00,False
1789727711.7859,187.80,36.2900,36.2800,36.2700,103.50,103.00,False
1789727711.8743,187.90,36.2950,36.2800,36.2700,103.50,103.00,False
1789727711.9765,188.00,36.3050,36.2800,36.2700,104.00,103.00,False
1789727712.0683,188.10,36.3150,36.2800,36.2700,104.00,103.00,False
1789727712.1743,188.20,36.3250,36.2800,36.2700,104.00,103.00,False
1789727712.3189,188.30,36.3350,36.3000,36.3000,104.00,103.00,False
1789727712.4048,188.40,36.3450,36.3000,36.3000,104.00,103.00,False
1789727712.5036,188.50,36.3550,36.3000,36.3000,104.00,103.00,False
1789727712.6049,188.60,36.3650,36.3000,36.3000,104.00,103.00,False
1789727712.7302,188.70,36.3750,36.3500,36.3000,104.00,103.00,False
1789727712.8403,188.80,36.3850,36.3500,36.3500,104.00,103.00,False
1789727712.9447,188.90,36.3950,36.3500,36.3500,104.00,103.00,False
1789727713.0397,189.00,36.4050,36.3500,36.3500,104.00,103.00,False
1789727713.1578,189.10,36.4200,36.3500,36.3500,104.50,103.00,False
1789727713.2512,189.20,36.4350,36.3500,36.3500,104.50,103.00,False
1789727713.3510,189.30,36.4500,36.3500,36.3500,104.50,103.00,False
1789727713.4645,189.40,36.4650,36.3500,36.3500,104.50,103.00,False
1789727713.5716,189.50,36.4800,36.4200,36.4200,104.50,103.00,False
1789727713.6776,189.60,36.4950,36.4200,36.4200,104.50,103.00,False
1789727713.7640,189.70,36.5150,36.4200,36.4200,105.00,103.00,False
1789727713.8713,189.80,36.5350,36.4200,36.4200,105.00,103.00,False
1789727713.9699,189.90,36.5550,36.4200,36.4200,105.00,103.00,False
1789727714.1011,190.00,36.5750,36.5200,36.4200,105.00,103.00,False
1789727714.2075,190.10,36.5950,36.5200,36.5200,105.00,103.00,False
1789727714.2937,190.20,36.6200,36.5200,36.5200,105.50,103.00,False
1789727714.3916,190.30,36.6450,36.5200,36.5200,105.50,103.00,False
1789727714.4977,190.40,36.6700,36.5200,36.5200,105.50,103.00,False
1789727714.6133,190.50,36.6950,36.6200,36.5200,105.50,103.00,False
1789727714.7402,190.60,36.7200,36.6200,36.6200,105.50,103.00,False
1789727714.8269,190.70,36.7500,36.6200,36.6200,106.00,103.00,False
1789727714.9254,190.80,36.7800,36.6200,36.6200,106.00,103.00,False
1789727715.0264,190.90,36.8100,36.6200,36.6200,106.00,103.00,False
1789727715.1289,191.00,36.8400,36.7500,36.6200,106.00,103.00,False
1789727715.2673,191.10,36.8700,36.7500,36.7500,106.00,103.00,False
1789727715.3580,191.20,36.9050,36.7500,36.7500,106.50,103.00,False
1789727715.4579,191.30,36.9400,36.7500,36.7500,106.50,103.00,False
1789727715.5769,191.40,36.9750,36.7500,36.7500,106.50,103.00,False
1789727715.6852,191.50,37.0100,36.9000,36.7500,106.50,103.00,False
1789727715.8082,191.60,37.0450,36.9000,36.7500,106.50,103.00,False
1789727715.9207,191.70,37.0850,36.9000,36.9000,107.00,103.00,False
1789727716.0097,191.80,37.1250,36.9000,36.9000,107.00,103.00,False
1789727716.1097,191.90,37.1650,36.9000,36.9000,107.00,103.00,False
1789727716.2185,192.00,37.2050,37.0800,36.9000,107.00,103.00,False
1789727716.3095,192.10,37.2450,37.0800,36.9000,107.00,103.00,False
1789727716.4407,192.20,37.2900,37.0800,37.0800,107.50,103.00,False
1789727716.5313,192.30,37.3350,37.0800,37.0800,107.50,103.00,False
1789727716.6324,192.40,37.3800,37.0800,37.0800,107.50,103.00,False
1789727716.7371,192.50,37.4250,37.2900,37.0800,107.50,103.00,False
1789727716.8486,192.60,37.4700,37.2900,37.0800,107.50,103.00,False
1789727716.9544,192.70,37.5200,37.2900,37.0800,108.00,103.00,False
1789727717.0423,192.80,37.5700,37.2900,37.2900,108.00,103.00,False
1789727717.1482,192.90,37.6200,37.2900,37.2900,108.00,103.00,False
1789727717.2611,193.00,37.6700,37.5200,37.2900,108.00,103.00,False
1789727717.3681,193.10,37.7200,37.5200,37.2900,108.00,103.00,False
1789727717.4576,193.20,37.7750,37.5200,37.2900,108.50,103.00,False
1789727717.5791,193.30,37.8300,37.5200,37.5200,108.50,103.00,False
1789727717.7046,193.40,37.8850,37.5200,37.5200,108.50,103.00,False
1789727717.7961,193.50,37.9400,37.7800,37.5200,108.50,103.00,False
1789727717.9183,193.60,37.9950,37.7800,37.5200,108.50,103.00,False
1789727718.0088,193.70,38.0550,37.7800,37.5200,109.00,103.00,False
1789727718.1370,193.80,38.1150,37.7800,37.7800,109.00,103.00,False
1789727718.2458,193.90,38.1750,38.0600,37.7800,109.00,103.00,False
1789727718.3828,194.00,38.2350,38.0600,37.7800,109.00,103.00,False
1789727718.4944,194.10,38.3000,38.0600,37.7800,109.50,103.00,False
1789727718.6050,194.20,38.3650,38.0600,37.7800,109.50,103.00,False
1789727718.7139,194.30,38.4300,38.0600,38.0600,109.50,103.00,False
1789727718.8016,194.40,38.4950,38.3000,38.0600,109.50,103.00,False
1789727718.9227,194.50,38.5600,38.3000,38.0600,109.50,103.00,False
1789727719.0095,194.60,38.6300,38.3000,38.0600,110.00,103.00,False
1789727719.1197,194.70,38.7000,38.3000,38.0600,110.00,103.00,False
1789727719.2892,194.80,38.7700,38.6300,38.3000,110.00,103.00,False
1789727719.3925,194.90,38.8400,38.6300,38.3000,110.00,103.00,False
1789727719.4776,195.00,38.9150,38.6300,38.3000,110.50,103.00,False
1789727719.5775,195.10,38.9900,38.6300,38.3000,110.50,103.00,False
1789727719.6787,195.20,39.0650,38.6300,38.3000,110.50,103.00,False
1789727719.8368,195.30,39.1400,38.9200,38.9200,110.50,103.00,False
1789727719.9452,195.40,39.2150,38.9200,38.9200,110.50,103.00,False
1789727720.0316,195.50,39.2950,38.9200,38.9200,111.00,103.00,False
1789727720.1363,195.60,39.3750,38.9200,38.9200,111.00,103.00,False
1789727720.2555,195.70,39.4550,38.9200,38.9200,111.00,103.00,False
1789727720.3944,195.80,39.5350,39.3000,39.3000,111.00,103.00,False
1789727720.4891,195.90,39.6150,39.3000,39.3000,111.00,103.00,False
1789727720.5807,196.00,39.6950,39.3000,39.3000,111.00,103.00,False
1789727720.6890,196.10,39.7750,39.3000,39.3000,111.00,103.00,False
1789727720.8014,196.20,39.8550,39.7000,39.3000,111.00,103.00,False
1789727720.9449,196.30,39.9350,39.7000,39.7000,111.00,103.00,False
1789727721.0722,196.40,40.0200,39.7000,39.7000,111.50,103.00,False
1789727721.1718,196.50,40.1050,39.7000,39.7000,111.50,103.00,False
1789727721.2895,196.60,40.1900,39.7000,39.7000,111.50,103.00,False
1789727721.3769,196.70,40.2750,40.0200,39.7000,111.50,103.00,False
1789727721.5212,196.80,40.3600,40.0200,40.0200,111.50,103.00,False
1789727721.6115,196.90,40.4500,40.0200,40.0200,112.00,103.00,False
1789727721.7060,197.00,40.5400,40.0200,40.0200,112.00,103.00,False
1789727721.8173,197.10,40.6300,40.3600,40.0200,112.00,103.00,False
1789727721.9132,197.20,40.7200,40.3600,40.0200,112.00,103.00,False
1789727722.0414,197.30,40.8150,40.3600,40.3600,112.50,103.00,False
1789727722.1300,197.40,40.9100,40.3600,40.3600,112.50,103.00,False
1789727722.2318,197.50,41.0050,40.3600,40.3600,112.50,103.00,False
1789727722.3421,197.60,41.1000,40.8200,40.3600,112.50,103.00,False
1789727722.4372,197.70,41.1950,40.8200,40.3600,112.50,103.00,False
1789727722.5881,197.80,41.2950,40.8200,40.8200,113.00,103.00,False
1789727722.6828,197.90,41.3950,40.8200,40.8200,113.00,103.00,False
1789727722.7957,198.00,41.4950,40.8200,40.8200,113.00,103.00,False
1789727722.8890,198.10,41.5950,41.3000,40.8200,113.00,103.00,False
1789727722.9912,198.20,41.6950,41.3000,40.8200,113.00,103.00,False
1789727723.1212,198.30,41.8000,41.3000,41.3000,113.50,103.00,False
1789727723.2082,198.40,41.9050,41.3000,41.3000,113.50,103.00,False
1789727723.3278,198.50,42.0100,41.3000,41.3000,113.50,103.00,False
1789727723.4173,198.60,42.1150,41.8000,41.3000,113.50,103.00,False
1789727723.5319,198.70,42.2200,41.8000,41.3000,113.50,103.00,False
1789727723.6777,198.80,42.3300,41.8000,41.8000,114.00,103.00,False
1789727723.7859,198.90,42.4400,41.8000,41.8000,114.00,103.00,False
1789727723.8969,199.00,42.5500,41.8000,41.8000,114.00,103.00,False
1789727723.9878,199.10,42.6600,42.3300,41.8000,114.00,103.00,False
1789727724.1035,199.20,42.7700,42.3300,41.8000,114.00,103.00,False
1789727724.2284,199.30,42.8850,42.3300,42.3300,114.50,103.00,False
1789727724.3213,199.40,43.0000,42.3300,42.3300,114.50,103.00,False
1789727724.4435,199.50,43.1150,42.3300,42.3300,114.50,103.00,False
1789727724.5367,199.60,43.2300,42.8800,42.3300,114.50,103.00,False
1789727724.6487,199.70,43.3450,42.8800,42.3300,114.50,103.00,False
1789727724.7617,199.80,43.4650,42.8800,42.8800,115.00,103.00,False
1789727724.8529,199.90,43.5850,42.8800,42.8800,115.00,103.00,False
1789727724.9718,200.00,43.7050,42.8800,42.8800,115.00,103.00,False
1789727725.0605,200.10,43.8250,43.4600,42.8800,115.00,103.00,False
1789727725.1728,200.20,43.9450,43.4600,42.8800,115.00,103.00,False
1789727725.3074,200.30,44.0650,43.4600,43.4600,115.00,103.00,False
1789727725.4019,200.40,44.1900,43.4600,43.4600,115.50,103.00,False
1789727725.5048,200.50,44.3150,43.4600,43.4600,115.50,103.00,False
1789727725.6220,200.60,44.4400,44.0600,43.4600,115.50,103.00,False
1789727725.7144,200.70,44.5650,44.0600,43.4600,115.50,103.00,False
1789727725.8455,200.80,44.6950,44.0600,44.0600,116.00,103.00,False
1789727725.9386,200.90,44.8250,44.0600,44.0600,116.00,103.00,False
1789727726.0522,201.00,44.9550,44.0600,44.0600,116.00,103.00,False
1789727726.1413,201.10,45.0850,44.7000,44.0600,116.00,103.00,False
1789727726.2570,201.20,45.2150,44.7000,44.0600,116.00,103.00,False
1789727726.3659,201.30,45.3500,44.7000,44.0600,116.50,103.00,False
1789727726.5134,201.40,45.4850,44.7000,44.7000,116.50,103.00,False
1789727726.6275,201.50,45.6200,44.7000,44.7000,116.50,103.00,False
1789727726.7207,201.60,45.7550,45.3500,44.7000,116.50,103.00,False
1789727726.8328,201.70,45.8900,45.3500,44.7000,116.50,103.00,False
1789727726.9231,201.80,46.0300,45.3500,44.7000,117.00,103.00,False
1789727727.0644,201.90,46.1700,45.3500,45.3500,117.00,103.00,False
1789727727.1750,202.00,46.3100,45.3500,45.3500,117.00,103.00,False
1789727727.2639,202.10,46.4500,46.0300,45.3500,117.00,103.00,False
1789727727.3842,202.20,46.5900,46.0300,45.3500,117.00,103.00,False
1789727727.4738,202.30,46.7350,46.0300,45.3500,117.50,103.00,False
1789727727.6042,202.40,46.8800,46.0300,46.0300,117.50,103.00,False
1789727727.7171,202.50,47.0250,46.0300,46.0300,117.50,103.00,False
1789727727.8024,202.60,47.1700,46.7400,46.0300,117.50,103.00,False
1789727727.9214,202.70,47.3150,46.7400,46.0300,117.50,103.00,False
1789727728.0113,202.80,47.4650,46.7400,46.0300,118.00,103.00,False
1789727728.1526,202.90,47.6150,46.7400,46.7400,118.00,103.00,False
1789727728.2573,203.00,47.7650,46.7400,46.7400,118.00,103.00,False
1789727728.3417,203.10,47.9150,47.4600,46.7400,118.00,103.00,False
1789727728.4588,203.20,48.0650,47.4600,46.7400,118.00,103.00,False
1789727728.5403,203.30,48.2200,47.4600,46.7400,118.50,103.00,False
1789727728.7055,203.40,48.3750,47.4600,47.4600,118.50,103.00,False
1789727728.8341,203.50,48.5300,48.2200,47.4600,118.50,103.00,False
1789727728.9420,203.60,48.6850,48.2200,47.4600,118.50,103.00,False
1789727729.0273,203.70,48.8450,48.2200,47.4600,119.00,103.00,False
1789727729.1292,203.80,49.0050,48.2200,47.4600,119.00,103.00,False
1789727729.3009,203.90,49.1650,48.8400,48.2200,119.00,103.00,False
1789727729.3953,204.00,49.3250,48.8400,48.2200,119.00,103.00,False
1789727729.5070,204.10,49.4900,48.8400,48.2200,119.50,103.00,False
1789727729.6019,204.20,49.6550,48.8400,48.2200,119.50,103.00,False
1789727729.6987,204.30,49.8200,48.8400,48.2200,119.50,103.00,False
1789727729.8375,204.40,49.9850,49.4900,49.4900,119.50,103.00,False
1789727729.9272,204.50,50.1500,49.4900,49.4900,119.50,103.00,False
1789727730.0240,204.60,50.3150,49.4900,49.4900,119.50,103.00,False
1789727730.1281,204.70,50.4800,49.4900,49.4900,119.50,103.00,False
1789727730.2506,204.80,50.6450,49.4900,49.4900,119.50,103.00,False
1789727730.3833,204.90,50.8100,50.3200,50.3200,119.50,103.00,False
1789727730.4980,205.00,50.9750,50.3200,50.3200,119.50,103.00,False
1789727730.5900,205.10,51.1450,50.3200,50.3200,120.00,103.00,False
1789727730.6895,205.20,51.3150,50.3200,50.3200,120.00,103.00,False
1789727730.8055,205.30,51.4850,51.1400,50.3200,120.00,103.00,False
1789727730.9251,205.40,51.6550,51.1400,51.1400,120.00,103.00,False
1789727731.0432,205.50,51.8250,51.1400,51.1400,120.00,103.00,False
1789727731.1564,205.60,51.9900,51.1400,51.1400,119.50,103.00,False
1789727731.2478,205.70,52.1550,51.1400,51.1400,119.50,103.00,False
1789727731.3538,205.80,52.3200,51.1400,51.1400,119.50,103.00,False
1789727731.4909,205.90,52.4850,51.9900,51.9900,119.50,103.00,False
1789727731.5989,206.00,52.6500,51.9900,51.9900,119.50,103.00,False
1789727731.6896,206.10,52.8100,51.9900,51.9900,119.00,103.00,False
1789727731.7909,206.20,52.9700,51.9900,51.9900,119.00,103.00,False
1789727731.9064,206.30,53.1300,51.9900,51.9900,119.00,103.00,False
1789727732.0124,206.40,53.2900,52.8100,52.8100,119.00,103.00,False
1789727732.1293,206.50,53.4500,52.8100,52.8100,119.00,103.00,False
1789727732.2220,206.60,53.6050,52.8100,52.8100,118.50,103.00,False
1789727732.3198,206.70,53.7600,52.8100,52.8100,118.50,103.00,False
1789727732.4424,206.80,53.9150,53.6000,52.8100,118.50,103.00,False
1789727732.5520,206.90,54.0700,53.6000,53.6000,118.50,103.00,False
1789727732.6619,207.00,54.2200,53.6000,53.6000,118.00,103.00,False
1789727732.7537,207.10,54.3700,53.6000,53.6000,118.00,103.00,False
1789727732.8521,207.20,54.5200,53.6000,53.6000,118.00,103.00,False
1789727732.9540,207.30,54.6700,54.2200,53.6000,118.00,103.00,False
1789727733.0739,207.40,54.8200,54.2200,53.6000,118.00,103.00,False
1789727733.1782,207.50,54.9650,54.2200,54.2200,117.50,103.00,False
1789727733.2969,207.60,55.1100,54.2200,54.2200,117.50,103.00,False
1789727733.3987,207.70,55.2550,54.2200,54.2200,117.50,103.00,False
1789727733.5071,207.80,55.4000,54.9600,54.2200,117.50,103.00,False
1789727733.5997,207.90,55.5450,54.9600,54.2200,117.50,103.00,False
1789727733.7176,208.00,55.6850,54.9600,54.9600,117.00,103.00,False
1789727733.8104,208.10,55.8250,54.9600,54.9600,117.00,103.00,False
1789727733.9237,208.20,55.9650,54.9600,54.9600,117.00,103.00,False
1789727734.0094,208.30,56.1050,55.6800,54.9600,117.00,103.00,False
1789727734.1309,208.40,56.2450,55.6800,54.9600,117.00,103.00,False
1789727734.2566,208.50,56.3800,55.6800,54.9600,116.50,103.00,False
1789727734.3492,208.60,56.5150,55.6800,55.6800,116.50,103.00,False
1789727734.4655,208.70,56.6500,55.6800,55.6800,116.50,103.00,False
1789727734.5525,208.80,56.7850,56.3800,55.6800,116.50,103.00,False
1789727734.6763,208.90,56.9200,56.3800,55.6800,116.50,103.00,False
1789727734.7817,209.00,57.0500,56.3800,56.3800,116.00,103.00,False
1789727734.8722,209.10,57.1800,56.3800,56.3800,116.00,103.00,False
1789727735.0076,209.20,57.3100,56.3800,56.3800,116.00,103.00,False
1789727735.1328,209.30,57.4400,57.0500,56.3800,116.00,103.00,False
1789727735.2406,209.40,57.5700,57.0500,56.3800,116.00,103.00,False
1789727735.3920,209.50,57.6950,57.0500,57.0500,115.50,103.00,False
1789727735.4875,209.60,57.8200,57.0500,57.0500,115.50,103.00,False
1789727735.6053,209.70,57.9450,57.0500,57.0500,115.50,103.00,False
1789727735.7052,209.80,58.0700,57.7000,57.0500,115.50,103.00,False
1789727735.8019,209.90,58.1950,57.7000,57.0500,115.50,103.00,False
1789727735.9316,210.00,58.3150,57.7000,57.7000,115.00,103.00,False
1789727736.0329,210.10,58.4350,57.7000,57.7000,115.00,103.00,False
1789727736.1493,210.20,58.5550,57.7000,57.7000,115.00,103.00,False
1789727736.2375,210.30,58.6750,58.3200,57.7000,115.00,103.00,False
1789727736.3589,210.40,58.7950,58.3200,57.7000,115.00,103.00,False
1789727736.4549,210.50,58.9100,58.3200,57.7000,114.50,103.00,False
1789727736.5812,210.60,59.0250,58.3200,58.3200,114.50,103.00,False
1789727736.6900,210.70,59.1400,58.3200,58.3200,114.50,103.00,False
1789727736.7811,210.80,59.2550,58.9100,58.3200,114.50,103.00,False
1789727735.8808,210.90,59.3700,58.9100,58.3200,114.50,103.00,False
1789727736.9887,211.00,59.4700,59.3700,59.3700,113.00,103.00,False
1789727737.0805,211.10,59.5700,59.3700,59.3700,113.00,103.00,False
1789727737.1763,211.20,59.6700,59.3700,59.3700,113.00,103.00,False
1789727737.2839,211.30,59.7700,59.3700,59.3700,113.00,103.00,False
1789727737.3847,211.40,59.8700,59.3700,59.3700,113.00,103.00,False
1789727737.4840,211.50,59.9700,59.3700,59.3700,113.00,103.00,False
1789727737.6014,211.60,60.0700,59.3700,59.3700,113.00,103.00,False
1789727737.6882,211.70,60.1700,59.8700,59.3700,113.00,103.00,False
1789727737.8520,211.80,60.2700,59.8700,59.8700,113.00,103.00,False
1789727737.9540,211.90,60.3650,59.8700,59.8700,112.50,103.00,False
1789727738.0465,212.00,60.4600,59.8700,59.8700,112.50,103.00,False
1789727738.1650,212.10,60.5550,60.2700,59.8700,112.50,103.00,False
1789727738.2757,212.20,60.6500,60.2700,59.8700,112.50,103.00,False
1789727738.3809,212.30,60.7400,60.2700,60.2700,112.00,103.00,False
1789727738.4690,212.40,60.8300,60.2700,60.2700,112.00,103.00,False
1789727738.5714,212.50,60.9200,60.2700,60.2700,112.00,103.00,False
1789727738.6769,212.60,61.0100,60.7400,60.2700,112.00,103.00,False
1789727738.7906,212.70,61.1000,60.7400,60.2700,112.00,103.00,False
1789727738.9033,212.80,61.1850,60.7400,60.7400,111.50,103.00,False
1789727738.9958,212.90,61.2700,60.7400,60.7400,111.50,103.00,False
1789727739.1113,213.00,61.3550,60.7400,60.7400,111.50,103.00,False
1789727739.2036,213.10,61.4400,61.1800,60.7400,111.50,103.00,False
1789727739.3274,213.20,61.5250,61.1800,60.7400,111.50,103.00,False
1789727739.4202,213.30,61.6050,61.1800,60.7400,111.00,103.00,False
1789727739.5368,213.40,61.6850,61.1800,61.1800,111.00,103.00,False
1789727739.6597,213.50,61.7650,61.6000,61.1800,111.00,103.00,False
1789727739.7701,213.60,61.8450,61.6000,61.1800,111.00,103.00,False
1789727739.9068,213.70,61.9250,61.6000,61.1800,111.00,103.00,False
1789727740.0040,213.80,62.0000,61.6000,61.1800,110.50,103.00,False
1789727740.1236,213.90,62.0750,61.6000,61.6000,110.50,103.00,False
1789727740.2320,214.00,62.1500,61.9200,61.6000,110.50,103.00,False
1789727740.3190,214.10,62.2250,61.9200,61.6000,110.50,103.00,False
1789727740.4224,214.20,62.2950,61.9200,61.6000,110.00,103.00,False
1789727740.5285,214.30,62.3650,61.9200,61.6000,110.00,103.00,False
1789727740.6661,214.40,62.4350,61.9200,61.9200,110.00,103.00,False
1789727740.7546,214.50,62.5050,62.3000,61.9200,110.00,103.00,False
1789727740.8750,214.60,62.5750,62.3000,61.9200,110.00,103.00,False
1789727740.9628,214.70,62.6400,62.3000,61.9200,109.50,103.00,False
1789727741.0653,214.80,62.7050,62.3000,61.9200,109.50,103.00,False
1789727741.1840,214.90,62.7700,62.3000,61.9200,109.50,103.00,False
1789727741.2954,215.00,62.8350,62.6400,62.3000,109.50,103.00,False
1789727741.3960,215.10,62.9000,62.6400,62.3000,109.50,103.00,False
1789727741.4939,215.20,62.9650,62.6400,62.3000,109.50,103.00,False
1789727741.5866,215.30,63.0300,62.6400,62.3000,109.50,103.00,False
1789727741.7057,215.40,63.0950,62.9000,62.3000,109.50,103.00,False
1789727741.8375,215.50,63.1600,62.9000,62.9000,109.50,103.00,False
1789727741.9256,215.60,63.2200,62.9000,62.9000,109.00,103.00,False
1789727742.0517,215.70,63.2800,62.9000,62.9000,109.00,103.00,False
1789727742.1672,215.80,63.3400,62.9000,62.9000,109.00,103.00,False
1789727742.2808,215.90,63.4000,63.2200,62.9000,109.00,103.00,False
1789727742.4119,216.00,63.4600,63.2200,63.2200,109.00,103.00,False
1789727742.4986,216.10,63.5150,63.2200,63.2200,108.50,103.00,False
1789727742.6008,216.20,63.5700,63.2200,63.2200,108.50,103.00,False
1789727742.7169,216.30,63.6250,63.2200,63.2200,108.50,103.00,False
1789727742.8171,216.40,63.6800,63.5200,63.2200,108.50,103.00,False
1789727742.9060,216.50,63.7350,63.5200,63.2200,108.50,103.00,False
1789727743.0674,216.60,63.7850,63.5200,63.5200,108.00,103.00,False
1789727743.1566,216.70,63.8350,63.5200,63.5200,108.00,103.00,False
1789727743.2754,216.80,63.8850,63.5200,63.5200,108.00,103.00,False
1789727743.3655,216.90,63.9350,63.7800,63.5200,108.00,103.00,False
1789727743.4654,217.00,63.9850,63.7800,63.5200,108.00,103.00,False
1789727743.6240,217.10,64.0300,63.7800,63.7800,107.50,103.00,False
1789727743.7156,217.20,64.0750,63.7800,63.7800,107.50,103.00,False
1789727743.8614,217.30,64.1200,64.0300,63.7800,107.50,103.00,False
1789727743.9578,217.40,64.1650,64.0300,63.7800,107.50,103.00,False
1789727744.0897,217.50,64.2100,64.0300,64.0300,107.50,103.00,False
1789727744.1791,217.60,64.2500,64.0300,64.0300,107.00,103.00,False
1789727744.2965,217.70,64.2900,64.0300,64.0300,107.00,103.00,False
1789727744.3833,217.80,64.3300,64.2100,64.0300,107.00,103.00,False
1789727744.5630,217.90,64.3700,64.2100,64.0300,107.00,103.00,False
1789727744.6608,218.00,64.4050,64.2100,64.0300,106.50,103.00,False
1789727744.7797,218.10,64.4400,64.2100,64.2100,106.50,103.00,False
1789727744.8847,218.20,64.4750,64.2100,64.2100,106.50,103.00,False
1789727744.9737,218.30,64.5100,64.4000,64.2100,106.50,103.00,False
1789727745.0933,218.40,64.5450,64.4000,64.2100,106.50,103.00,False
1789727745.1838,218.50,64.5750,64.4000,64.2100,106.00,103.00,False
1789727745.3030,218.60,64.6050,64.4000,64.4000,106.00,103.00,False
1789727745.4092,218.70,64.6350,64.4000,64.4000,106.00,103.00,False
1789727745.5037,218.80,64.6650,64.5800,64.4000,106.00,103.00,False
1789727745.6167,218.90,64.6950,64.5800,64.4000,106.00,103.00,False
1789727745.7120,219.00,64.7200,64.5800,64.4000,105.50,103.00,False
1789727745.8309,219.10,64.7450,64.5800,64.4000,105.50,103.00,False
1789727745.9367,219.20,64.7700,64.5800,64.5800,105.50,103.00,False
1789727746.0258,219.30,64.7950,64.7200,64.5800,105.50,103.00,False
1789727746.1445,219.40,64.8200,64.7200,64.5800,105.50,103.00,False
1789727746.2347,219.50,64.8400,64.7200,64.5800,105.00,103.00,False
1789727746.3467,219.60,64.8600,64.7200,64.5800,105.00,103.00,False
1789727746.4734,219.70,64.8800,64.7200,64.7200,105.00,103.00,False
1789727746.5624,219.80,64.9000,64.8400,64.7200,105.00,103.00,False
1789727746.6842,219.90,64.9200,64.8400,64.7200,105.00,103.00,False
1789727746.7733,220.00,64.9350,64.8400,64.7200,104.50,103.00,False
1789727746.8742,220.10,64.9500,64.8400,64.7200,104.50,103.00,False
1789727747.0912,220.20,64.9650,64.9400,64.8400,104.50,103.00,False
1789727747.2047,220.30,64.9800,64.9400,64.8400,104.50,103.00,False
1789727747.2995,220.40,64.9900,64.9400,64.8400,104.00,103.00,False
1789727747.3895,220.50,65.0000,64.9400,64.8400,104.00,103.00,False
1789727747.5350,220.60,65.0100,64.9400,64.8400,104.00,103.00,False
1789727747.6223,220.70,65.0200,64.9900,64.9900,104.00,103.00,False
1789727747.7266,220.80,65.0300,64.9900,64.9900,104.00,103.00,False
1789727747.8287,220.90,65.0400,64.9900,64.9900,104.00,103.00,False
1789727747.9241,221.00,65.0500,64.9900,64.9900,104.00,103.00,False
1789727748.0489,221.10,65.0600,65.0300,64.9900,104.00,103.00,False
1789727748.1528,221.20,65.0700,65.0300,65.0300,104.00,103.00,False
1789727748.2458,221.30,65.0750,65.0300,65.0300,103.50,103.00,False
1789727748.3494,221.40,65.0800,65.0300,65.0300,103.50,103.00,False
1789727748.4623,221.50,65.0850,65.0300,65.0300,103.50,103.00,False
1789727748.5662,221.60,65.0900,65.0800,65.0300,103.50,103.00,False
1789727748.6945,221.70,65.0950,65.0800,65.0800,103.50,103.00,False
1789727748.7576,221.80,65.0950,65.0800,65.0800,103.00,103.00,False
1789727748.8705,221.90,65.0950,65.0800,65.0800,103.00,103.00,False
1789727748.9890,222.00,65.0950,65.0800,65.0800,103.00,103.00,False
1789727749.0628,222.10,65.0950,65.1000,65.0800,103.00,103.00,False
1789727749.1850,222.20,65.0950,65.1000,65.1000,103.00,103.00,False
1789727749.2844,222.30,65.0900,65.1000,65.1000,102.50,103.00,False
1789727749.3851,222.40,65.0850,65.1000,65.1000,102.50,103.00,False
1789727749.5155,222.50,65.0800,65.0900,65.1000,102.50,103.00,False
1789727749.6506,222.60,65.0750,65.0900,65.1000,102.50,103.00,False
1789727749.7853,222.70,65.0700,65.0900,65.0900,102.50,103.00,False
1789727749.8789,222.80,65.0600,65.0900,65.0900,102.00,103.00,False
1789727749.9697,222.90,65.0500,65.0900,65.0900,102.00,103.00,False
1789727750.0907,223.00,65.0400,65.0900,65.0900,102.00,103.00,False
1789727750.1757,223.10,65.0300,65.0600,65.0900,102.00,103.00,False
1789727750.3185,223.20,65.0200,65.0600,65.0900,102.00,103.00,False
1789727750.4147,223.30,65.0050,65.0600,65.0600,101.50,103.00,False
1789727750.5139,223.40,64.9900,65.0600,65.0600,101.50,103.00,False
1789727750.6215,223.50,64.9750,65.0600,65.0600,101.50,103.00,False
1789727750.7105,223.60,64.9600,65.0000,65.0600,101.50,103.00,False
1789727750.8286,223.70,64.9450,65.0000,65.0600,101.50,103.00,False
1789727750.9433,223.80,64.9250,65.0000,65.0000,101.00,103.00,False
1789727751.0397,223.90,64.9050,65.0000,65.0000,101.00,103.00,False
1789727751.1501,224.00,64.8850,65.0000,65.0000,101.00,103.00,False
1789727751.2355,224.10,64.8650,64.9200,65.0000,101.00,103.00,False
1789727751.3578,224.20,64.8450,64.9200,65.0000,101.00,103.00,False
1789727751.4618,224.30,64.8200,64.9200,64.9200,100.50,103.00,False
1789727751.5577,224.40,64.7950,64.9200,64.9200,100.50,103.00,False
1789727751.6546,224.50,64.7700,64.9200,64.9200,100.50,103.00,False
1789727751.7534,224.60,64.7450,64.8200,64.9200,100.50,103.00,False
1789727751.8648,224.70,64.7200,64.8200,64.9200,100.50,103.00,False
1789727751.9518,224.80,64.6900,64.8200,64.9200,100.00,103.00,False
1789727752.0743,224.90,64.6600,64.8200,64.8200,100.00,103.00,False
1789727752.1838,225.00,64.6300,64.6900,64.8200,100.00,103.00,False
1789727752.3036,225.10,64.6000,64.6900,64.8200,100.00,103.00,False
1789727752.4378,225.20,64.5700,64.6900,64.8200,100.00,103.00,False
1789727752.5463,225.30,64.5350,64.6900,64.8200,99.50,103.00,False
1789727752.6335,225.40,64.5000,64.6900,64.6900,99.50,103.00,False
1789727752.7377,225.50,64.4650,64.5700,64.6900,99.50,103.00,False
1789727752.8460,225.60,64.4300,64.5700,64.6900,99.50,103.00,False
1789727752.9257,225.70,64.3900,64.5700,64.6900,99.00,103.00,False
1789727753.0316,225.80,64.3500,64.5700,64.6900,99.00,103.00,False
1789727753.1456,225.90,64.3100,64.5700,64.5700,99.00,103.00,False
1789727753.2533,226.00,64.2700,64.3900,64.5700,99.00,103.00,False
1789727753.3385,226.10,64.2300,64.3900,64.5700,99.00,103.00,False
1789727753.4560,226.20,64.1850,64.3900,64.5700,98.50,103.00,False
1789727753.5399,226.30,64.1400,64.3900,64.5700,98.50,103.00,False
1789727753.6890,226.40,64.0950,64.3900,64.3900,98.50,103.00,False
1789727753.7845,226.50,64.0500,64.1800,64.3900,98.50,103.00,False
1789727753.8917,226.60,64.0050,64.1800,64.3900,98.50,103.00,False
1789727753.9820,226.70,63.9550,64.1800,64.3900,98.00,103.00,False
1789727754.0826,226.80,63.9050,64.1800,64.3900,98.00,103.00,False
1789727754.2380,226.90,63.8550,64.1800,64.3900,98.00,103.00,False
1789727754.3305,227.00,63.8050,63.9600,63.9600,98.00,103.00,False
1789727754.4252,227.10,63.7550,63.9600,63.9600,98.00,103.00,False
1789727754.5189,227.20,63.7050,63.9600,63.9600,98.00,103.00,False
1789727754.6261,227.30,63.6550,63.9600,63.9600,98.00,103.00,False
1789727754.7493,227.40,63.6050,63.7000,63.9600,98.00,103.00,False
1789727754.8687,227.50,63.5550,63.7000,63.7000,98.00,103.00,False
1789727754.9975,227.60,63.5000,63.7000,63.7000,97.50,103.00,False
1789727755.1010,227.70,63.4450,63.7000,63.7000,97.50,103.00,False
1789727755.2113,227.80,63.3900,63.7000,63.7000,97.50,103.00,False
1789727755.3015,227.90,63.3350,63.5000,63.7000,97.50,103.00,False
1789727755.4389,228.00,63.2800,63.5000,63.5000,97.50,103.00,False
1789727755.5226,228.10,63.2200,63.5000,63.5000,97.00,103.00,False
1789727755.6195,228.20,63.1600,63.5000,63.5000,97.00,103.00,False
1789727755.7482,228.30,63.1000,63.2200,63.5000,97.00,103.00,False
1789727755.8363,228.40,63.0400,63.2200,63.5000,97.00,103.00,False
1789727755.9694,228.50,62.9800,63.2200,63.5000,97.00,103.00,False
1789727756.0534,228.60,62.9150,63.2200,63.2200,96.50,103.00,False
1789727756.1575,228.70,62.8500,63.2200,63.2200,96.50,103.00,False
1789727756.3009,228.80,62.7850,62.9200,63.2200,96.50,103.00,False
1789727756.3958,228.90,62.7200,62.9200,63.2200,96.50,103.00,False
1789727756.5494,229.00,62.6500,62.9200,63.2200,96.00,103.00,False
1789727756.6412,229.10,62.5800,62.9200,62.9200,96.00,103.00,False
1789727756.7577,229.20,62.5100,62.9200,62.9200,96.00,103.00,False
1789727756.8460,229.30,62.4400,62.6500,62.9200,96.00,103.00,False
1789727756.9697,229.40,62.3700,62.6500,62.9200,96.00,103.00,False
1789727757.0635,229.50,62.2950,62.6500,62.9200,95.50,103.00,False
1789727757.1736,229.60,62.2200,62.6500,62.6500,95.50,103.00,False
1789727757.2831,229.70,62.1450,62.6500,62.6500,95.50,103.00,False
1789727757.3705,229.80,62.0700,62.3000,62.6500,95.50,103.00,False
1789727757.4914,229.90,61.9950,62.3000,62.6500,95.50,103.00,False
1789727757.5773,230.00,61.9150,62.3000,62.6500,95.00,103.00,False
1789727757.7207,230.10,61.8350,62.3000,62.3000,95.00,103.00,False
1789727757.8432,230.20,61.7550,62.3000,62.3000,95.00,103.00,False
1789727757.9343,230.30,61.6750,61.9200,62.3000,95.00,103.00,False
1789727758.0527,230.40,61.5950,61.9200,62.3000,95.00,103.00,False
1789727758.1456,230.50,61.5100,61.9200,62.3000,94.50,103.00,False
1789727758.2604,230.60,61.4250,61.9200,62.3000,94.50,103.00,False
1789727758.3915,230.70,61.3400,61.5100,61.9200,94.50,103.00,False
1789727758.4832,230.80,61.2550,61.5100,61.9200,94.50,103.00,False
1789727758.5986,230.90,61.1650,61.5100,61.9200,94.00,103.00,False
1789727758.6894,231.00,61.0750,61.5100,61.9200,94.00,103.00,False
1789727758.8046,231.10,60.9850,61.5100,61.9200,94.00,103.00,False
1789727758.9182,231.20,60.8950,61.1600,61.5100,94.00,103.00,False
1789727759.0292,231.30,60.8050,61.1600,61.5100,94.00,103.00,False
1789727759.1270,231.40,60.7150,61.1600,61.5100,94.00,103.00,False
1789727759.2143,231.50,60.6250,61.1600,61.5100,94.00,103.00,False
1789727759.3392,231.60,60.5350,60.8000,61.5100,94.00,103.00,False
1789727759.4637,231.70,60.4450,60.8000,60.8000,94.00,103.00,False
1789727759.5813,231.80,60.3500,60.8000,60.8000,93.50,103.00,False
1789727759.6791,231.90,60.2550,60.8000,60.8000,93.50,103.00,False
1789727759.7721,232.00,60.1600,60.8000,60.8000,93.50,103.00,False
1789727759.8751,232.10,60.0650,60.3500,60.8000,93.50,103.00,False
1789727759.9868,232.20,59.9700,60.3500,60.8000,93.50,103.00,False
1789727760.0868,232.30,59.8700,60.3500,60.3500,93.00,103.00,False
1789727760.1665,232.40,59.7700,60.3500,60.3500,93.00,103.00,False
1789727760.2890,232.50,59.6700,60.3500,60.3500,93.00,103.00,False
1789727760.4111,232.60,59.5700,59.8700,60.3500,93.00,103.00,False
1789727760.5126,232.70,59.4700,59.8700,60.3500,93.00,103.00,False
1789727760.6255,232.80,59.3700,59.8700,60.3500,93.00,103.00,False
1789727760.7343,232.90,59.2650,59.8700,59.8700,92.50,103.00,False
1789727760.8186,233.00,59.1600,59.8700,59.8700,92.50,103.00,False
1789727760.9384,233.10,59.0550,59.8700,59.8700,92.50,103.00,False
1789727761.0262,233.20,58.9500,59.2600,59.8700,92.50,103.00,False
1789727761.1797,233.30,58.8450,59.2600,59.8700,92.50,103.00,False
1789727761.2888,233.40,58.7350,59.2600,59.2600,92.00,103.00,False
1789727761.3769,233.50,58.6250,59.2600,59.2600,92.00,103.00,False
1789727761.5186,233.60,58.5150,58.7400,59.2600,92.00,103.00,False
1789727761.6104,233.70,58.4050,58.7400,59.2600,92.00,103.00,False
1789727761.7180,233.80,58.2900,58.7400,59.2600,91.50,103.00,False
1789727761.8083,233.90,58.1750,58.7400,59.2600,91.50,103.00,False
1789727761.9264,234.00,58.0600,58.7400,58.7400,91.50,103.00,False
1789727762.0352,234.10,57.9450,58.2900,58.7400,91.50,103.00,False
1789727762.1412,234.20,57.8300,58.2900,58.7400,91.50,103.00,False
1789727762.2264,234.30,57.7100,58.2900,58.7400,91.00,103.00,False
1789727762.3359,234.40,57.5900,58.2900,58.7400,91.00,103.00,False
1789727762.4497,234.50,57.4700,58.2900,58.7400,91.00,103.00,False
1789727762.5774,234.60,57.3500,57.7100,58.2900,91.00,103.00,False
1789727762.6841,234.70,57.2300,57.7100,58.2900,91.00,103.00,False
1789727762.7717,234.80,57.1050,57.7100,58.2900,90.50,103.00,False
1789727762.8742,234.90,56.9800,57.7100,58.2900,90.50,103.00,False
1789727763.0154,235.00,56.8550,57.7100,58.2900,90.50,103.00,False
1789727763.1562,235.10,56.7300,57.1000,57.1000,90.50,103.00,False
1789727763.2501,235.20,56.6050,57.1000,57.1000,90.50,103.00,False
1789727763.3467,235.30,56.4800,57.1000,57.1000,90.50,103.00,False
1789727763.4421,235.40,56.3550,57.1000,57.1000,90.50,103.00,False
1789727763.5652,235.50,56.2300,57.1000,57.1000,90.50,103.00,False
1789727763.6698,235.60,56.1050,56.4800,56.4800,90.50,103.00,False
1789727763.7836,235.70,55.9800,56.4800,56.4800,90.50,103.00,False
1789727763.8774,235.80,55.8500,56.4800,56.4800,90.00,103.00,False
1789727763.9724,235.90,55.7200,56.4800,56.4800,90.00,103.00,False
1789727764.0936,236.00,55.5900,56.4800,56.4800,90.00,103.00,False
1789727764.1834,236.10,55.4600,55.8500,56.4800,90.00,103.00,False
1789727764.3234,236.20,55.3300,55.8500,55.8500,90.00,103.00,False
1789727764.4170,236.30,55.1950,55.8500,55.8500,89.50,103.00,False
1789727764.5154,236.40,55.0600,55.8500,55.8500,89.50,103.00,False
1789727764.6319,236.50,54.9250,55.3300,55.8500,89.50,103.00,False
1789727764.7375,236.60,54.7900,55.3300,55.8500,89.50,103.00,False
1789727764.8240,236.70,54.6500,55.3300,55.8500,89.00,103.00,False
1789727764.9428,236.80,54.5100,55.3300,55.3300,89.00,103.00,False
1789727765.0547,236.90,54.3700,55.3300,55.3300,89.00,103.00,False
1789727765.1399,237.00,54.2300,54.6500,55.3300,89.00,103.00,False
1789727765.2620,237.10,54.0900,54.6500,55.3300,89.00,103.00,False
1789727765.3490,237.20,53.9450,54.6500,55.3300,88.50,103.00,False
1789727765.4670,237.30,53.8000,54.6500,54.6500,88.50,103.00,False
1789727765.5928,237.40,53.6550,53.9400,54.6500,88.50,103.00,False
1789727765.7071,237.50,53.5100,53.9400,54.6500,88.50,103.00,False
1789727765.8579,237.60,53.3650,53.9400,54.6500,88.50,103.00,False
1789727765.9570,237.70,53.2150,53.9400,54.6500,88.00,103.00,False
1789727766.1057,237.80,53.0650,53.9400,53.9400,88.00,103.00,False
1789727766.1913,237.90,52.9150,53.3600,53.9400,88.00,103.00,False
1789727766.3370,238.00,52.7650,53.3600,53.9400,88.00,103.00,False
1789727766.4297,238.10,52.6100,53.3600,53.9400,87.50,103.00,False
1789727766.5343,238.20,52.4550,53.3600,53.9400,87.50,103.00,False
1789727766.6652,238.30,52.3000,52.7600,53.9400,87.50,103.00,False
1789727766.7469,238.40,52.1450,52.7600,52.7600,87.50,103.00,False
1789727766.8519,238.50,51.9900,52.7600,52.7600,87.50,103.00,False
1789727766.9534,238.60,51.8350,52.7600,52.7600,87.50,103.00,False
1789727767.0739,238.70,51.6800,51.9900,52.7600,87.50,103.00,False
1789727767.1718,238.80,51.5250,51.9900,52.7600,87.50,103.00,False
1789727767.3035,238.90,51.3700,51.9900,51.9900,87.50,103.00,False
1789727767.3898,239.00,51.2100,51.9900,51.9900,87.00,103.00,False
1789727767.4936,239.10,51.0500,51.9900,51.9900,87.00,103.00,False
1789727767.6123,239.20,50.8900,51.2100,51.9900,87.00,103.00,False
1789727767.7011,239.30,50.7300,51.2100,51.9900,87.00,103.00,False
1789727767.8364,239.40,50.5700,51.2100,51.2100,87.00,103.00,False
1789727767.9231,239.50,50.4050,51.2100,51.2100,86.50,103.00,False
1789727768.0241,239.60,50.2400,51.2100,51.2100,86.50,103.00,False
1789727768.1439,239.70,50.0750,50.4000,51.2100,86.50,103.00,False
1789727768.2265,239.80,49.9100,50.4000,51.2100,86.50,103.00,False
1789727767.3636,239.90,49.7450,50.4000,50.4000,86.50,103.00,False
1789727768.4528,240.00,49.5750,49.7400,49.7400,86.00,103.00,False
1789727768.5368,240.10,49.4050,49.7400,49.7400,86.00,103.00,False
1789727768.6608,240.20,49.2350,49.7400,49.7400,86.00,103.00,False
1789727768.7468,240.30,49.0650,49.5800,49.7400,86.00,103.00,False
1789727768.8647,240.40,48.8950,49.5800,49.7400,86.00,103.00,False
1789727768.9719,240.50,48.7300,49.5800,49.7400,86.50,103.00,False
1789727769.0827,240.60,48.5650,49.5800,49.7400,86.50,103.00,False
1789727769.1873,240.70,48.4000,49.5800,49.5800,86.50,103.00,False
1789727769.2816,240.80,48.2350,48.7300,49.5800,86.50,103.00,False
1789727769.3910,240.90,48.0700,48.7300,49.5800,86.50,103.00,False
1789727769.4848,241.00,47.9100,48.7300,49.5800,87.00,103.00,False
1789727769.5857,241.10,47.7500,48.7300,49.5800,87.00,103.00,False
1789727769.7540,241.20,47.5900,47.9100,48.7300,87.00,103.00,False
1789727769.8405,241.30,47.4300,47.9100,48.7300,87.00,103.00,False
1789727769.9382,241.40,47.2750,47.9100,48.7300,87.50,103.00,False
1789727770.0437,241.50,47.1200,47.9100,48.7300,87.50,103.00,False
1789727770.1555,241.60,46.9650,47.9100,48.7300,87.50,103.00,False
1789727770.3486,241.70,46.8100,47.9100,47.9100,87.50,103.00,False
1789727770.4807,241.80,46.6550,47.2800,47.9100,87.50,103.00,False
1789727770.6370,241.90,46.5000,47.2800,47.9100,87.50,103.00,False
1789727770.7670,242.00,46.3450,47.2800,47.9100,87.50,103.00,False
1789727770.8796,242.10,46.1950,47.2800,47.9100,88.00,103.00,False
1789727770.9686,242.20,46.0450,47.2800,47.2800,88.00,103.00,False
1789727771.0912,242.30,45.8950,47.2800,47.2800,88.00,103.00,False
1789727771.1788,242.40,45.7450,46.2000,47.2800,88.00,103.00,False
1789727771.3207,242.50,45.5950,46.2000,47.2800,88.00,103.00,False
1789727771.4308,242.60,45.4500,46.2000,47.2800,88.50,103.00,False
1789727771.5174,242.70,45.3050,46.2000,46.2000,88.50,103.00,False
1789727771.6226,242.80,45.1600,45.6000,46.2000,88.50,103.00,False
1789727771.7364,242.90,45.0150,45.6000,46.2000,88.50,103.00,False
1789727771.8303,243.00,44.8750,45.6000,46.2000,89.00,103.00,False
1789727771.9291,243.10,44.7350,45.6000,46.2000,89.00,103.00,False
1789727772.0636,243.20,44.5950,45.6000,45.6000,89.00,103.00,False
1789727772.1517,243.30,44.4550,44.8800,45.6000,89.00,103.00,False
1789727772.2730,243.40,44.3150,44.8800,45.6000,89.00,103.00,False
1789727772.3624,243.50,44.1800,44.8800,45.6000,89.50,103.00,False
1789727772.4892,243.60,44.0450,44.8800,45.6000,89.50,103.00,False
1789727772.6133,243.70,43.9100,44.1800,44.8800,89.50,103.00,False
1789727772.7014,243.80,43.7750,44.1800,44.8800,89.50,103.00,False
1789727772.8003,243.90,43.6450,44.1800,44.8800,90.00,103.00,False
1789727772.9015,244.00,43.5150,44.1800,44.8800,90.00,103.00,False
1789727773.0072,244.10,43.3850,44.1800,44.8800,90.00,103.00,False
1789727773.1396,244.20,43.2550,43.6400,44.8800,90.00,103.00,False
1789727773.2462,244.30,43.1250,43.6400,43.6400,90.00,103.00,False
1789727773.3468,244.40,42.9950,43.6400,43.6400,90.00,103.00,False
1789727773.4408,244.50,42.8650,43.6400,43.6400,90.00,103.00,False
1789727773.5408,244.60,42.7350,43.6400,43.6400,90.00,103.00,False
1789727773.6367,244.70,42.6050,43.6400,43.6400,90.00,103.00,False
1789727773.7682,244.80,42.4750,42.8600,42.8600,90.00,103.00,False
1789727773.8748,244.90,42.3450,42.8600,42.8600,90.00,103.00,False
1789727773.9636,245.00,42.2200,42.8600,42.8600,90.50,103.00,False
1789727774.0710,245.10,42.0950,42.8600,42.8600,90.50,103.00,False
1789727774.1804,245.20,41.9700,42.8600,42.8600,90.50,103.00,False
1789727774.2628,245.30,41.8450,42.2200,42.8600,90.50,103.00,False
1789727774.3853,245.40,41.7200,42.2200,42.2200,90.50,103.00,False
1789727774.4711,245.50,41.6000,42.2200,42.2200,91.00,103.00,False
1789727774.5782,245.60,41.4800,42.2200,42.2200,91.00,103.00,False
1789727774.6799,245.70,41.3600,42.2200,42.2200,91.00,103.00,False
1789727774.7798,245.80,41.2400,41.6000,42.2200,91.00,103.00,False
1789727774.9043,245.90,41.1200,41.6000,41.6000,91.00,103.00,False
1789727774.9931,246.00,41.0050,41.6000,41.6000,91.50,103.00,False
1789727775.0977,246.10,40.8900,41.6000,41.6000,91.50,103.00,False
1789727775.2302,246.20,40.7750,41.6000,41.6000,91.50,103.00,False
1789727775.3107,246.30,40.6600,41.0000,41.6000,91.50,103.00,False
1789727775.4384,246.40,40.5450,41.0000,41.0000,91.50,103.00,False
1789727775.5251,246.50,40.4350,41.0000,41.0000,92.00,103.00,False
1789727775.6224,246.60,40.3250,41.0000,41.0000,92.00,103.00,False
1789727775.7598,246.70,40.2150,41.0000,41.0000,92.00,103.00,False
1789727775.8851,246.80,40.1050,40.4400,41.0000,92.00,103.00,False
1789727776.0178,246.90,39.9950,40.4400,40.4400,92.00,103.00,False
1789727776.1103,247.00,39.8900,40.4400,40.4400,92.50,103.00,False
1789727776.1990,247.10,39.7850,40.4400,40.4400,92.50,103.00,False
1789727776.3249,247.20,39.6800,40.4400,40.4400,92.50,103.00,False
1789727776.4086,247.30,39.5750,39.8900,40.4400,92.50,103.00,False
1789727776.5284,247.40,39.4700,39.8900,39.8900,92.50,103.00,False
1789727776.6373,247.50,39.3700,39.8900,39.8900,93.00,103.00,False
1789727776.7251,247.60,39.2700,39.8900,39.8900,93.00,103.00,False
1789727776.8445,247.70,39.1700,39.8900,39.8900,93.00,103.00,False
1789727776.9323,247.80,39.0700,39.3700,39.8900,93.00,103.00,False
1789727777.0430,247.90,38.9700,39.3700,39.8900,93.00,103.00,False
1789727777.1522,248.00,38.8750,39.3700,39.3700,93.50,103.00,False
1789727777.2437,248.10,38.7800,39.3700,39.3700,93.50,103.00,False
1789727777.3584,248.20,38.6850,39.3700,39.3700,93.50,103.00,False
1789727777.4461,248.30,38.5900,38.8800,39.3700,93.50,103.00,False
1789727777.5874,248.40,38.4950,38.8800,39.3700,93.50,103.00,False
1789727777.7039,248.50,38.4050,38.8800,39.3700,94.00,103.00,False
1789727777.7965,248.60,38.3150,38.8800,38.8800,94.00,103.00,False
1789727777.9111,248.70,38.2250,38.4900,38.8800,94.00,103.00,False
1789727778.0213,248.80,38.1350,38.4900,38.8800,94.00,103.00,False
1789727778.1085,248.90,38.0500,38.4900,38.8800,94.50,103.00,False
1789727778.2101,249.00,37.9650,38.4900,38.8800,94.50,103.00,False
1789727778.3470,249.10,37.8800,38.4900,38.4900,94.50,103.00,False
1789727778.4749,249.20,37.7950,38.0500,38.4900,94.50,103.00,False
1789727778.5881,249.30,37.7100,38.0500,38.4900,94.50,103.00,False
1789727778.6811,249.40,37.6300,38.0500,38.4900,95.00,103.00,False
1789727778.7762,249.50,37.5500,38.0500,38.4900,95.00,103.00,False
1789727778.9095,249.60,37.4700,38.0500,38.0500,95.00,103.00,False
1789727778.9916,249.70,37.3900,37.6300,38.0500,95.00,103.00,False
1789727779.1087,249.80,37.3100,37.6300,38.0500,95.00,103.00,False
1789727779.2007,249.90,37.2350,37.6300,38.0500,95.50,103.00,False
1789727779.2977,250.00,37.1600,37.6300,38.0500,95.50,103.00,False
1789727779.4124,250.10,37.0850,37.6300,38.0500,95.50,103.00,False
1789727779.5281,250.20,37.0100,37.2400,37.6300,95.50,103.00,False
1789727779.6164,250.30,36.9350,37.2400,37.6300,95.50,103.00,False
1789727779.7205,250.40,36.8600,37.2400,37.6300,95.50,103.00,False
1789727779.8229,250.50,36.7850,37.2400,37.6300,95.50,103.00,False
1789727779.9309,250.60,36.7100,37.2400,37.6300,95.50,103.00,False
1789727780.0416,250.70,36.6350,36.8600,36.8600,95.50,103.00,False
1789727780.1698,250.80,36.5600,36.8600,36.8600,95.50,103.00,False
1789727780.2520,250.90,36.4900,36.8600,36.8600,96.00,103.00,False
1789727780.3616,251.00,36.4200,36.8600,36.8600,96.00,103.00,False
1789727780.4831,251.10,36.3500,36.8600,36.8600,96.00,103.00,False
1789727780.5857,251.20,36.2800,36.4900,36.8600,96.00,103.00,False
1789727780.6950,251.30,36.2100,36.4900,36.4900,96.00,103.00,False
1789727780.7827,251.40,36.1450,36.4900,36.4900,96.50,103.00,False
1789727780.8779,251.50,36.0800,36.4900,36.4900,96.50,103.00,False
1789727780.9949,251.60,36.0150,36.4900,36.4900,96.50,103.00,False
1789727781.1212,251.70,35.9500,36.1500,36.4900,96.50,103.00,False
1789727781.2610,251.80,35.8850,36.1500,36.1500,96.50,103.00,False
1789727781.3514,251.90,35.8250,36.1500,36.1500,97.00,103.00,False
1789727781.4499,252.00,35.7650,36.1500,36.1500,97.00,103.00,False
1789727781.5585,252.10,35.7050,36.1500,36.1500,97.00,103.00,False
1789727781.6475,252.20,35.6450,35.8300,36.1500,97.00,103.00,False
1789727781.7658,252.30,35.5850,35.8300,36.1500,97.00,103.00,False
1789727781.8708,252.40,35.5300,35.8300,35.8300,97.50,103.00,False
1789727781.9527,252.50,35.4750,35.8300,35.8300,97.50,103.00,False
1789727782.0729,252.60,35.4200,35.8300,35.8300,97.50,103.00,False
1789727782.1568,252.70,35.3650,35.5300,35.8300,97.50,103.00,False
1789727782.2836,252.80,35.3100,35.5300,35.8300,97.50,103.00,False
1789727782.3908,252.90,35.2600,35.5300,35.5300,98.00,103.00,False
1789727782.4884,253.00,35.2100,35.5300,35.5300,98.00,103.00,False
1789727782.6024,253.10,35.1600,35.5300,35.5300,98.00,103.00,False
1789727782.6845,253.20,35.1100,35.2600,35.5300,98.00,103.00,False
1789727782.8145,253.30,35.0600,35.2600,35.5300,98.00,103.00,False
1789727782.9033,253.40,35.0150,35.2600,35.5300,98.50,103.00,False
1789727783.0331,253.50,34.9700,35.2600,35.2600,98.50,103.00,False
1789727783.1527,253.60,34.9250,35.0200,35.2600,98.50,103.00,False
1789727783.2398,253.70,34.8800,35.0200,35.2600,98.50,103.00,False
1789727783.3589,253.80,34.8400,35.0200,35.2600,99.00,103.00,False
1789727783.4458,253.90,34.8000,35.0200,35.2600,99.00,103.00,False
1789727783.5804,254.00,34.7600,35.0200,35.0200,99.00,103.00,False
1789727783.6642,254.10,34.7200,34.8400,35.0200,99.00,103.00,False
1789727783.8415,254.20,34.6800,34.8400,35.0200,99.00,103.00,False
1789727783.9345,254.30,34.6450,34.8400,35.0200,99.50,103.00,False
1789727784.0367,254.40,34.6100,34.8400,35.0200,99.50,103.00,False
1789727784.1808,254.50,34.5750,34.8400,34.8400,99.50,103.00,False
1789727784.2695,254.60,34.5400,34.6500,34.8400,99.50,103.00,False
1789727784.3905,254.70,34.5050,34.6500,34.8400,99.50,103.00,False
1789727784.4777,254.80,34.4750,34.6500,34.8400,100.00,103.00,False
1789727784.5820,254.90,34.4450,34.6500,34.8400,100.00,103.00,False
1789727784.7259,255.00,34.4150,34.6500,34.6500,100.00,103.00,False
1789727784.8174,255.10,34.3850,34.4800,34.6500,100.00,103.00,False
1789727784.9385,255.20,34.3550,34.4800,34.6500,100.00,103.00,False
1789727785.0402,255.30,34.3300,34.4800,34.6500,100.50,103.00,False
1789727785.1372,255.40,34.3050,34.4800,34.6500,100.50,103.00,False
1789727785.2964,255.50,34.2800,34.3300,34.4800,100.50,103.00,False
1789727785.3876,255.60,34.2550,34.3300,34.4800,100.50,103.00,False
1789727785.5033,255.70,34.2350,34.3300,34.4800,101.00,103.00,False
1789727785.5949,255.80,34.2150,34.3300,34.4800,101.00,103.00,False
1789727785.7001,255.90,34.1950,34.3300,34.4800,101.00,103.00,False
1789727785.8518,256.00,34.1750,34.2400,34.2400,101.00,103.00,False
1789727785.9377,256.10,34.1550,34.2400,34.2400,101.00,103.00,False
1789727786.0379,256.20,34.1350,34.2400,34.2400,101.00,103.00,False
1789727786.1387,256.30,34.1150,34.2400,34.2400,101.00,103.00,False
1789727786.2535,256.40,34.0950,34.2400,34.2400,101.00,103.00,False
1789727786.3540,256.50,34.0750,34.1400,34.2400,101.00,103.00,False
1789727786.5119,256.60,34.0550,34.1400,34.1400,101.00,103.00,False
1789727786.6559,256.70,34.0350,34.1400,34.1400,101.00,103.00,False
1789727786.7529,256.80,34.0200,34.1400,34.1400,101.50,103.00,False
1789727786.8502,256.90,34.0050,34.1400,34.1400,101.50,103.00,False
1789727786.9622,257.00,33.9900,34.1400,34.1400,101.50,103.00,False
1789727787.0518,257.10,33.9750,34.0200,34.1400,101.50,103.00,False
1789727787.1944,257.20,33.9600,34.0200,34.0200,101.50,103.00,False
1789727787.2793,257.30,33.9500,34.0200,34.0200,102.00,103.00,False
1789727787.3844,257.40,33.9400,34.0200,34.0200,102.00,103.00,False
1789727787.5048,257.50,33.9300,34.0200,34.0200,102.00,103.00,False
1789727787.5976,257.60,33.9200,33.9500,34.0200,102.00,103.00,False
1789727787.7111,257.70,33.9100,33.9500,34.0200,102.00,103.00,False
1789727787.8189,257.80,33.9050,33.9500,33.9500,102.50,103.00,False
1789727787.9337,257.90,33.9000,33.9500,33.9500,102.50,103.00,False
1789727788.0407,258.00,33.8950,33.9500,33.9500,102.50,103.00,False
1789727788.1460,258.10,33.8900,33.9000,33.9500,102.50,103.00,False
1789727788.2481,258.20,33.8850,33.9000,33.9500,102.50,103.00,False
1789727788.3064,258.30,33.8850,33.9000,33.9500,103.00,103.00,False
1789727788.4406,258.40,33.8850,33.9000,33.9500,103.00,103.00,False
1789727788.5574,258.50,33.8850,33.9000,33.9000,103.00,103.00,False
1789727788.6674,258.60,33.8850,33.9000,33.9000,103.00,103.00,False
1789727788.7333,258.70,33.8850,33.9000,33.9000,103.00,103.00,False
1789727788.8372,258.80,33.8850,33.8800,33.9000,103.00,103.00,False
1789727788.9331,258.90,33.8850,33.8800,33.9000,103.00,103.00,False
1789727789.0498,259.00,33.8900,33.8800,33.9000,103.50,103.00,False
1789727789.1628,259.10,33.8950,33.8800,33.9000,103.50,103.00,False
1789727789.3191,259.20,33.9000,33.8800,33.8800,103.50,103.00,False
1789727789.4039,259.30,33.9050,33.8900,33.8800,103.50,103.00,False
1789727789.5540,259.40,33.9100,33.8900,33.8800,103.50,103.00,False
1789727789.6460,259.50,33.9200,33.8900,33.8800,104.00,103.00,False
1789727789.7496,259.60,33.9300,33.8900,33.8800,104.00,103.00,False
1789727789.8684,259.70,33.9400,33.8900,33.8900,104.00,103.00,False
1789727789.9607,259.80,33.9500,33.9100,33.8900,104.00,103.00,False
1789727790.0728,259.90,33.9600,33.9100,33.8900,104.00,103.00,False
1789727790.1579,260.00,33.9750,33.9100,33.8900,104.50,103.00,False
1789727790.2523,260.10,33.9900,33.9100,33.8900,104.50,103.00,False
1789727790.4165,260.20,34.0050,33.9800,33.9100,104.50,103.00,False
1789727790.5404,260.30,34.0200,33.9800,33.9100,104.50,103.00,False
1789727790.6520,260.40,34.0350,33.9800,33.9100,104.50,103.00,False
1789727790.7508,260.50,34.0500,33.9800,33.9100,104.50,103.00,False
1789727790.8420,260.60,34.0650,33.9800,33.9100,104.50,103.00,False
1789727790.9438,260.70,34.0800,33.9800,33.9100,104.50,103.00,False
1789727791.0570,260.80,34.0950,33.9800,33.9100,104.50,103.00,False
1789727791.1624,260.90,34.1100,34.0600,34.0600,104.50,103.00,False
1789727791.2543,261.00,34.1250,34.0600,34.0600,104.50,103.00,False
1789727791.3558,261.10,34.1400,34.0600,34.0600,104.50,103.00,False
1789727791.4537,261.20,34.1600,34.0600,34.0600,105.00,103.00,False
1789727791.5507,261.30,34.1800,34.0600,34.0600,105.00,103.00,False
1789727791.6535,261.40,34.2000,34.0600,34.0600,105.00,103.00,False
1789727791.7546,261.50,34.2200,34.0600,34.0600,105.00,103.00,False
1789727791.8974,261.60,34.2400,34.1600,34.1600,105.00,103.00,False
1789727792.0297,261.70,34.2600,34.1600,34.1600,105.00,103.00,False
1789727792.1188,261.80,34.2850,34.1600,34.1600,105.50,103.00,False
1789727792.2180,261.90,34.3100,34.1600,34.1600,105.50,103.00,False
1789727792.3487,262.00,34.3350,34.2600,34.1600,105.50,103.00,False
1789727792.4545,262.10,34.3600,34.2600,34.2600,105.50,103.00,False
1789727792.5748,262.20,34.3900,34.2600,34.2600,106.00,103.00,False
1789727792.6852,262.30,34.4200,34.2600,34.2600,106.00,103.00,False
1789727792.7767,262.40,34.4500,34.2600,34.2600,106.00,103.00,False
1789727792.8972,262.50,34.4800,34.3900,34.2600,106.00,103.00,False
1789727792.9906,262.60,34.5100,34.3900,34.2600,106.00,103.00,False
1789727793.1141,262.70,34.5400,34.3900,34.3900,106.00,103.00,False
1789727793.2104,262.80,34.5750,34.3900,34.3900,106.50,103.00,False
1789727793.3073,262.90,34.6100,34.3900,34.3900,106.50,103.00,False
1789727793.4224,263.00,34.6450,34.3900,34.3900,106.50,103.00,False
1789727793.5110,263.10,34.6800,34.5800,34.3900,106.50,103.00,False
1789727793.6783,263.20,34.7200,34.5800,34.5800,107.00,103.00,False
1789727793.7680,263.30,34.7600,34.5800,34.5800,107.00,103.00,False
1789727793.8850,263.40,34.8000,34.5800,34.5800,107.00,103.00,False
1789727793.9737,263.50,34.8400,34.7200,34.5800,107.00,103.00,False
1789727794.0790,263.60,34.8800,34.7200,34.5800,107.00,103.00,False
1789727794.2215,263.70,34.9250,34.7200,34.7200,107.50,103.00,False
1789727794.3100,263.80,34.9700,34.7200,34.7200,107.50,103.00,False
1789727794.4304,263.90,35.0150,34.7200,34.7200,107.50,103.00,False
1789727794.5170,264.00,35.0600,34.9200,34.7200,107.50,103.00,False
1789727794.6420,264.10,35.1050,34.9200,34.7200,107.50,103.00,False
1789727794.7561,264.20,35.1500,34.9200,34.7200,107.50,103.00,False
1789727794.8558,264.30,35.2000,34.9200,34.7200,108.00,103.00,False
1789727794.9837,264.40,35.2500,34.9200,34.9200,108.00,103.00,False
1789727795.0769,264.50,35.3000,34.9200,34.9200,108.00,103.00,False
1789727795.1911,264.60,35.3500,35.2000,34.9200,108.00,103.00,False
1789727795.2806,264.70,35.4000,35.2000,34.9200,108.00,103.00,False
1789727795.4021,264.80,35.4550,35.2000,34.9200,108.50,103.00,False
1789727795.4968,264.90,35.5100,35.2000,34.9200,108.50,103.00,False
1789727795.6341,265.00,35.5650,35.2000,35.2000,108.50,103.00,False
1789727795.7280,265.10,35.6200,35.4600,35.2000,108.50,103.00,False
1789727795.8496,265.20,35.6750,35.4600,35.2000,108.50,103.00,False
1789727795.9377,265.30,35.7350,35.4600,35.2000,109.00,103.00,False
1789727796.0312,265.40,35.7950,35.4600,35.2000,109.00,103.00,False
1789727796.1733,265.50,35.8550,35.4600,35.4600,109.00,103.00,False
1789727796.2575,265.60,35.9150,35.7400,35.4600,109.00,103.00,False
1789727796.3851,265.70,35.9750,35.7400,35.4600,109.00,103.00,False
1789727796.4781,265.80,36.0400,35.7400,35.4600,109.50,103.00,False
1789727796.5694,265.90,36.1050,35.7400,35.4600,109.50,103.00,False
1789727796.7379,266.00,36.1700,36.0400,35.7400,109.50,103.00,False
1789727796.8409,266.10,36.2350,36.0400,35.7400,109.50,103.00,False
1789727796.9188,266.20,36.3050,36.0400,35.7400,110.00,103.00,False
1789727797.0536,266.30,36.3750,36.0400,35.7400,110.00,103.00,False
1789727797.2073,266.40,36.4450,36.0400,35.7400,110.00,103.00,False
1789727797.2963,266.50,36.5150,36.0400,35.7400,110.00,103.00,False
1789727797.4063,266.60,36.5850,36.0400,35.7400,110.00,103.00,False
1789727797.5211,266.70,36.6550,36.3000,35.7400,110.00,103.00,False
1789727797.6307,266.80,36.7250,36.3000,36.3000,110.00,103.00,False
1789727797.7185,266.90,36.7950,36.3000,36.3000,110.00,103.00,False
1789727797.8196,267.00,36.8650,36.3000,36.3000,110.00,103.00,False
1789727797.9222,267.10,36.9350,36.3000,36.3000,110.00,103.00,False
1789727798.0416,267.20,37.0050,36.8000,36.3000,110.00,103.00,False
1789727798.1524,267.30,37.0750,36.8000,36.8000,110.00,103.00,False
1789727798.2418,267.40,37.1450,36.8000,36.8000,110.00,103.00,False
1789727798.3352,267.50,37.2200,36.8000,36.8000,110.50,103.00,False
1789727798.4379,267.60,37.2950,36.8000,36.8000,110.50,103.00,False
1789727798.5550,267.70,37.3700,36.8000,36.8000,110.50,103.00,False
1789727798.6480,267.80,37.4450,37.2200,36.8000,110.50,103.00,False
1789727798.8017,267.90,37.5200,37.2200,37.2200,110.50,103.00,False
1789727798.8834,268.00,37.6000,37.2200,37.2200,111.00,103.00,False
1789727798.9857,268.10,37.6800,37.2200,37.2200,111.00,103.00,False
1789727799.1088,268.20,37.7600,37.6000,37.2200,111.00,103.00,False
1789727799.2035,268.30,37.8400,37.6000,37.2200,111.00,103.00,False
1789727799.3227,268.40,37.9250,37.6000,37.6000,111.50,103.00,False
1789727799.4078,268.50,38.0100,37.6000,37.6000,111.50,103.00,False
1789727799.5306,268.60,38.0950,37.6000,37.6000,111.50,103.00,False
1789727799.6192,268.70,38.1800,37.9200,37.6000,111.50,103.00,False
1789727799.7447,268.80,38.2650,37.9200,37.6000,111.50,103.00,False
1789727798.8401,268.90,38.3550,37.9200,37.9200,112.00,103.00,False
1789727799.9530,269.00,38.4550,38.3500,38.3500,113.00,103.00,False
1789727800.0484,269.10,38.5550,38.3500,38.3500,113.00,103.00,False
1789727800.1510,269.20,38.6550,38.3500,38.3500,113.00,103.00,False
1789727800.2549,269.30,38.7600,38.3500,38.3500,113.50,103.00,False
1789727800.3376,269.40,38.8650,38.3500,38.3500,113.50,103.00,False
1789727800.4619,269.50,38.9700,38.3500,38.3500,113.50,103.00,False
1789727800.5644,269.60,39.0750,38.7600,38.7600,113.50,103.00,False
1789727800.6510,269.70,39.1800,38.7600,38.7600,113.50,103.00,False
1789727800.7554,269.80,39.2850,38.7600,38.7600,113.50,103.00,False
1789727800.8504,269.90,39.3900,38.7600,38.7600,113.50,103.00,False
1789727800.9729,270.00,39.4950,38.7600,38.7600,113.50,103.00,False
1789727801.0769,270.10,39.6000,39.2800,38.7600,113.50,103.00,False
1789727801.1787,270.20,39.7050,39.2800,39.2800,113.50,103.00,False
1789727801.2841,270.30,39.8150,39.2800,39.2800,114.00,103.00,False
1789727801.3917,270.40,39.9250,39.2800,39.2800,114.00,103.00,False
1789727801.4782,270.50,40.0350,39.2800,39.2800,114.00,103.00,False
1789727801.6036,270.60,40.1450,39.2800,39.2800,114.00,103.00,False
1789727801.6911,270.70,40.2550,39.8200,39.2800,114.00,103.00,False
1789727801.8300,270.80,40.3650,39.8200,39.8200,114.00,103.00,False
1789727801.9200,270.90,40.4800,39.8200,39.8200,114.50,103.00,False
1789727802.0180,271.00,40.5950,39.8200,39.8200,114.50,103.00,False
1789727802.1391,271.10,40.7100,39.8200,39.8200,114.50,103.00,False
1789727802.2329,271.20,40.8250,40.4800,39.8200,114.50,103.00,False
1789727802.3702,271.30,40.9400,40.4800,40.4800,114.50,103.00,False
1789727802.4577,271.40,41.0600,40.4800,40.4800,115.00,103.00,False
1789727802.5647,271.50,41.1800,40.4800,40.4800,115.00,103.00,False
1789727802.6833,271.60,41.3000,40.4800,40.4800,115.00,103.00,False
1789727802.7766,271.70,41.4200,41.0600,40.4800,115.00,103.00,False
1789727802.9084,271.80,41.5400,41.0600,41.0600,115.00,103.00,False
1789727802.9962,271.90,41.6650,41.0600,41.0600,115.50,103.00,False
1789727803.0957,272.00,41.7900,41.0600,41.0600,115.50,103.00,False
1789727803.1962,272.10,41.9150,41.0600,41.0600,115.50,103.00,False
1789727803.2984,272.20,42.0400,41.0600,41.0600,115.50,103.00,False
1789727803.4137,272.30,42.1650,41.6600,41.0600,115.50,103.00,False
1789727803.5365,272.40,42.2900,41.6600,41.6600,115.50,103.00,False
1789727803.6250,272.50,42.4200,41.6600,41.6600,116.00,103.00,False
1789727803.7241,272.60,42.5500,41.6600,41.6600,116.00,103.00,False
1789727803.8723,272.70,42.6800,41.6600,41.6600,116.00,103.00,False
1789727803.9863,272.80,42.8100,42.4200,41.6600,116.00,103.00,False
1789727804.0973,272.90,42.9400,42.4200,41.6600,116.00,103.00,False
1789727804.2237,273.00,43.0750,42.4200,42.4200,116.50,103.00,False
1789727804.3077,273.10,43.2100,42.4200,42.4200,116.50,103.00,False
1789727804.4302,273.20,43.3450,42.4200,42.4200,116.50,103.00,False
1789727804.5240,273.30,43.4800,43.0800,42.4200,116.50,103.00,False
1789727804.6456,273.40,43.6150,43.0800,42.4200,116.50,103.00,False
1789727804.7764,273.50,43.7550,43.0800,43.0800,117.00,103.00,False
1789727804.8685,273.60,43.8950,43.0800,43.0800,117.00,103.00,False
1789727804.9858,273.70,44.0350,43.0800,43.0800,117.00,103.00,False
1789727805.0730,273.80,44.1750,43.7600,43.0800,117.00,103.00,False
1789727805.2036,273.90,44.3150,43.7600,43.0800,117.00,103.00,False
1789727805.3158,274.00,44.4600,43.7600,43.7600,117.50,103.00,False
1789727805.4124,274.10,44.6050,43.7600,43.7600,117.50,103.00,False
1789727805.5276,274.20,44.7500,44.3200,43.7600,117.50,103.00,False
1789727805.6357,274.30,44.8950,44.3200,43.7600,117.50,103.00,False
1789727805.7267,274.40,45.0450,44.3200,43.7600,118.00,103.00,False
1789727805.8528,274.50,45.1950,44.3200,44.3200,118.00,103.00,False
1789727805.9651,274.60,45.3450,44.3200,44.3200,118.00,103.00,False
1789727806.0511,274.70,45.4950,45.0400,44.3200,118.00,103.00,False
1789727806.1704,274.80,45.6450,45.0400,44.3200,118.00,103.00,False
1789727806.2585,274.90,45.8000,45.0400,44.3200,118.50,103.00,False
1789727806.3792,275.00,45.9550,45.0400,45.0400,118.50,103.00,False
1789727806.5110,275.10,46.1100,45.0400,45.0400,118.50,103.00,False
1789727806.6332,275.20,46.2650,45.8000,45.0400,118.50,103.00,False
1789727806.7447,275.30,46.4200,45.8000,45.0400,118.50,103.00,False
1789727806.8337,275.40,46.5800,45.8000,45.0400,119.00,103.00,False
1789727806.9500,275.50,46.7400,45.8000,45.8000,119.00,103.00,False
1789727807.0568,275.60,46.9000,45.8000,45.8000,119.00,103.00,False
1789727807.1503,275.70,47.0600,46.5800,45.8000,119.00,103.00,False
1789727807.2656,275.80,47.2200,46.5800,45.8000,119.00,103.00,False
1789727807.3561,275.90,47.3850,46.5800,45.8000,119.50,103.00,False
1789727807.4564,276.00,47.5500,46.5800,45.8000,119.50,103.00,False
1789727807.5891,276.10,47.7150,47.3800,46.5800,119.50,103.00,False
1789727807.6782,276.20,47.8800,47.3800,46.5800,119.50,103.00,False
1789727807.7818,276.30,48.0500,47.3800,46.5800,120.00,103.00,False
1789727807.8865,276.40,48.2200,47.3800,46.5800,120.00,103.00,False
1789727807.9849,276.50,48.3900,47.3800,46.5800,120.00,103.00,False
1789727808.1238,276.60,48.5600,48.0500,48.0500,120.00,103.00,False
1789727808.2239,276.70,48.7300,48.0500,48.0500,120.00,103.00,False
1789727808.3321,276.80,48.9000,48.0500,48.0500,120.00,103.00,False
1789727808.4403,276.90,49.0700,48.0500,48.0500,120.00,103.00,False
1789727808.5563,277.00,49.2400,48.0500,48.0500,120.00,103.00,False
1789727808.6447,277.10,49.4100,48.9000,48.0500,120.00,103.00,False
1789727808.7662,277.20,49.5800,48.9000,48.9000,120.00,103.00,False
1789727808.8659,277.30,49.7550,48.9000,48.9000,120.50,103.00,False
1789727808.9558,277.40,49.9300,48.9000,48.9000,120.50,103.00,False
1789727809.0758,277.50,50.1050,48.9000,48.9000,120.50,103.00,False
1789727809.1780,277.60,50.2800,49.7600,48.9000,120.50,103.00,False
1789727809.3566,277.70,50.4550,49.7600,49.7600,120.50,103.00,False
1789727809.4986,277.80,50.6350,49.7600,49.7600,121.00,103.00,False
1789727809.5983,277.90,50.8150,49.7600,49.7600,121.00,103.00,False
1789727809.6902,278.00,50.9950,49.7600,49.7600,121.00,103.00,False
1789727809.8003,278.10,51.1750,50.6400,49.7600,121.00,103.00,False
1789727809.9049,278.20,51.3550,50.6400,49.7600,121.00,103.00,False
1789727810.0341,278.30,51.5400,50.6400,49.7600,121.50,103.00,False
1789727810.1300,278.40,51.7250,50.6400,50.6400,121.50,103.00,False
1789727810.2283,278.50,51.9100,50.6400,50.6400,121.50,103.00,False
1789727810.3267,278.60,52.0950,51.5400,50.6400,121.50,103.00,False
1789727810.4407,278.70,52.2800,51.5400,50.6400,121.50,103.00,False
1789727810.5299,278.80,52.4600,51.5400,50.6400,121.00,103.00,False
1789727810.6800,278.90,52.6400,51.5400,51.5400,121.00,103.00,False
1789727810.7913,279.00,52.8200,51.5400,51.5400,121.00,103.00,False
1789727810.8770,279.10,53.0000,52.4600,51.5400,121.00,103.00,False
1789727811.0019,279.20,53.1800,52.4600,51.5400,121.00,103.00,False
1789727811.0902,279.30,53.3550,52.4600,51.5400,120.50,103.00,False
1789727811.2251,279.40,53.5300,52.4600,52.4600,120.50,103.00,False
1789727811.3420,279.50,53.7050,52.4600,52.4600,120.50,103.00,False
1789727811.4261,279.60,53.8800,53.3600,52.4600,120.50,103.00,False
1789727811.5271,279.70,54.0550,53.3600,52.4600,120.50,103.00,False
1789727811.6304,279.80,54.2250,53.3600,52.4600,120.00,103.00,False
1789727811.7437,279.90,54.3950,53.3600,53.3600,120.00,103.00,False
1789727811.8420,280.00,54.5650,53.3600,53.3600,120.00,103.00,False
1789727811.9484,280.10,54.7350,54.2200,53.3600,120.00,103.00,False
1789727812.0687,280.20,54.9050,54.2200,53.3600,120.00,103.00,False
1789727812.1866,280.30,55.0700,54.2200,53.3600,119.50,103.00,False
1789727812.2968,280.40,55.2350,54.2200,53.3600,119.50,103.00,False
1789727812.4110,280.50,55.4000,54.2200,54.2200,119.50,103.00,False
1789727812.5126,280.60,55.5650,55.0700,54.2200,119.50,103.00,False
1789727812.6035,280.70,55.7300,55.0700,54.2200,119.50,103.00,False
1789727812.7004,280.80,55.8900,55.0700,54.2200,119.00,103.00,False
1789727812.8020,280.90,56.0500,55.0700,54.2200,119.00,103.00,False
1789727812.8993,281.00,56.2100,55.0700,54.2200,119.00,103.00,False
1789727813.0385,281.10,56.3700,55.8900,55.8900,119.00,103.00,False
1789727813.1290,281.20,56.5300,55.8900,55.8900,119.00,103.00,False
1789727813.2375,281.30,56.6900,55.8900,55.8900,119.00,103.00,False
1789727813.3345,281.40,56.8500,55.8900,55.8900,119.00,103.00,False
1789727813.4506,281.50,57.0100,55.8900,55.8900,119.00,103.00,False
1789727813.5591,281.60,57.1700,56.6900,56.6900,119.00,103.00,False
1789727813.6636,281.70,57.3300,56.6900,56.6900,119.00,103.00,False
1789727813.7528,281.80,57.4850,56.6900,56.6900,118.50,103.00,False
1789727813.8496,281.90,57.6400,56.6900,56.6900,118.50,103.00,False
1789727813.9691,282.00,57.7950,56.6900,56.6900,118.50,103.00,False
1789727814.0617,282.10,57.9500,57.4800,56.6900,118.50,103.00,False
1789727814.1995,282.20,58.1050,57.4800,57.4800,118.50,103.00,False
1789727814.2920,282.30,58.2550,57.4800,57.4800,118.00,103.00,False
1789727814.3893,282.40,58.4050,57.4800,57.4800,118.00,103.00,False
1789727814.5041,282.50,58.5550,57.4800,57.4800,118.00,103.00,False
1789727814.6000,282.60,58.7050,58.2600,57.4800,118.00,103.00,False
1789727814.7611,282.70,58.8550,58.2600,57.4800,118.00,103.00,False
1789727814.8737,282.80,59.0000,58.2600,58.2600,117.50,103.00,False
1789727814.9670,282.90,59.1450,58.2600,58.2600,117.50,103.00,False
1789727815.0803,283.00,59.2900,58.2600,58.2600,117.50,103.00,False
1789727815.1713,283.10,59.4350,59.0000,58.2600,117.50,103.00,False
1789727815.2690,283.20,59.5800,59.0000,58.2600,117.50,103.00,False
1789727815.3950,283.30,59.7200,59.0000,58.2600,117.00,103.00,False
1789727815.4997,283.40,59.8600,59.0000,59.0000,117.00,103.00,False
1789727815.5906,283.50,60.0000,59.0000,59.0000,117.00,103.00,False
1789727815.7029,283.60,60.1400,59.7200,59.0000,117.00,103.00,False
1789727815.8064,283.70,60.2800,59.7200,59.0000,117.00,103.00,False
1789727815.8929,283.80,60.4150,59.7200,59.0000,116.50,103.00,False
1789727816.0068,283.90,60.5500,59.7200,59.0000,116.50,103.00,False
1789727816.0976,284.00,60.6850,59.7200,59.7200,116.50,103.00,False
1789727816.2104,284.10,60.8200,60.4200,59.7200,116.50,103.00,False
1789727816.3164,284.20,60.9550,60.4200,59.7200,116.50,103.00,False
1789727816.4027,284.30,61.0850,60.4200,59.7200,116.00,103.00,False
1789727816.4999,284.40,61.2150,60.4200,59.7200,116.00,103.00,False
1789727816.6023,284.50,61.3450,60.4200,59.7200,116.00,103.00,False
1789727816.7477,284.60,61.4750,61.0800,60.4200,116.00,103.00,False
1789727816.8312,284.70,61.6050,61.0800,60.4200,116.00,103.00,False
1789727816.9334,284.80,61.7350,61.0800,60.4200,116.00,103.00,False
1789727817.0368,284.90,61.8650,61.0800,60.4200,116.00,103.00,False
1789727817.1540,285.00,61.9950,61.0800,60.4200,116.00,103.00,False
1789727817.2733,285.10,62.1250,61.7400,61.7400,116.00,103.00,False
1789727817.3924,285.20,62.2550,61.7400,61.7400,116.00,103.00,False
1789727817.5195,285.30,62.3850,61.7400,61.7400,116.00,103.00,False
1789727817.6171,285.40,62.5100,61.7400,61.7400,115.50,103.00,False
1789727817.7141,285.50,62.6350,61.7400,61.7400,115.50,103.00,False
1789727817.8183,285.60,62.7600,61.7400,61.7400,115.50,103.00,False
1789727817.9511,285.70,62.8850,62.5100,62.5100,115.50,103.00,False
1789727818.0650,285.80,63.0100,62.5100,62.5100,115.50,103.00,False
1789727818.1631,285.90,63.1300,62.5100,62.5100,115.00,103.00,False
1789727818.2632,286.00,63.2500,62.5100,62.5100,115.00,103.00,False
1789727818.3906,286.10,63.3700,62.5100,62.5100,115.00,103.00,False
1789727818.5080,286.20,63.4900,63.1300,63.1300,115.00,103.00,False
1789727818.6224,286.30,63.6100,63.1300,63.1300,115.00,103.00,False
1789727818.7206,286.40,63.7250,63.1300,63.1300,114.50,103.00,False
1789727818.8212,286.50,63.8400,63.1300,63.1300,114.50,103.00,False
1789727818.9350,286.60,63.9550,63.1300,63.1300,114.50,103.00,False
1789727819.0310,286.70,64.0700,63.7200,63.1300,114.50,103.00,False
1789727819.1748,286.80,64.1850,63.7200,63.7200,114.50,103.00,False
1789727819.2642,286.90,64.2950,63.7200,63.7200,114.00,103.00,False
1789727819.3603,287.00,64.4050,63.7200,63.7200,114.00,103.00,False
1789727819.4885,287.10,64.5150,63.7200,63.7200,114.00,103.00,False
1789727819.5803,287.20,64.6250,64.3000,63.7200,114.00,103.00,False
1789727819.7665,287.30,64.7300,64.3000,64.3000,113.50,103.00,False
1789727819.8580,287.40,64.8350,64.3000,64.3000,113.50,103.00,False
1789727819.9966,287.50,64.9400,64.3000,64.3000,113.50,103.00,False
1789727820.1027,287.60,65.0450,64.7300,64.3000,113.50,103.00,False
1789727820.2889,287.70,65.1500,64.7300,64.7300,113.50,103.00,False
1789727820.3993,287.80,65.2500,64.7300,64.7300,113.00,103.00,False
1789727820.4959,287.90,65.3500,64.7300,64.7300,113.00,103.00,False
1789727820.6095,288.00,65.4500,64.7300,64.7300,113.00,103.00,False
1789727820.7030,288.10,65.5500,65.2500,64.7300,113.00,103.00,False
1789727820.8222,288.20,65.6500,65.2500,64.7300,113.00,103.00,False
1789727820.9374,288.30,65.7450,65.2500,65.2500,112.50,103.00,False
1789727821.0214,288.40,65.8400,65.2500,65.2500,112.50,103.00,False
1789727821.1433,288.50,65.9350,65.2500,65.2500,112.50,103.00,False
1789727821.2282,288.60,66.0300,65.7400,65.2500,112.50,103.00,False
1789727821.3733,288.70,66.1250,65.7400,65.2500,112.50,103.00,False
1789727821.4836,288.80,66.2150,65.7400,65.7400,112.00,103.00,False
1789727821.5788,288.90,66.3050,65.7400,65.7400,112.00,103.00,False
1789727821.7110,289.00,66.3950,66.1200,65.7400,112.00,103.00,False
1789727821.8151,289.10,66.4850,66.1200,65.7400,112.00,103.00,False
1789727821.9072,289.20,66.5700,66.1200,65.7400,111.50,103.00,False
1789727822.0248,289.30,66.6550,66.1200,66.1200,111.50,103.00,False
1789727822.1219,289.40,66.7400,66.1200,66.1200,111.50,103.00,False
1789727822.2300,289.50,66.8250,66.5700,66.1200,111.50,103.00,False
1789727822.3370,289.60,66.9100,66.5700,66.1200,111.50,103.00,False
1789727822.4252,289.70,66.9900,66.5700,66.1200,111.00,103.00,False
1789727822.5262,289.80,67.0700,66.5700,66.1200,111.00,103.00,False
1789727822.6707,289.90,67.1500,66.5700,66.5700,111.00,103.00,False
1789727822.7815,290.00,67.2300,66.9900,66.5700,111.00,103.00,False
1789727822.8887,290.10,67.3100,66.9900,66.5700,111.00,103.00,False
1789727822.9986,290.20,67.3900,66.9900,66.5700,111.00,103.00,False
1789727823.1145,290.30,67.4700,66.9900,66.5700,111.00,103.00,False
1789727823.2171,290.40,67.5450,66.9900,66.5700,110.50,103.00,False
1789727823.3102,290.50,67.6200,66.9900,66.5700,110.50,103.00,False
1789727823.4771,290.60,67.6950,67.5400,66.9900,110.50,103.00,False
1789727823.5697,290.70,67.7700,67.5400,66.9900,110.50,103.00,False
1789727823.6833,290.80,67.8400,67.5400,66.9900,110.00,103.00,False
1789727823.7766,290.90,67.9100,67.5400,66.9900,110.00,103.00,False
1789727823.8674,291.00,67.9800,67.5400,66.9900,110.00,103.00,False
1789727823.9878,291.10,68.0500,67.8400,67.8400,110.00,103.00,False
1789727824.0758,291.20,68.1200,67.8400,67.8400,110.00,103.00,False
1789727824.1882,291.30,68.1900,67.8400,67.8400,110.00,103.00,False
1789727824.2812,291.40,68.2600,67.8400,67.8400,110.00,103.00,False
1789727824.3922,291.50,68.3300,67.8400,67.8400,110.00,103.00,False
1789727824.5003,291.60,68.4000,68.1900,68.1900,110.00,103.00,False
1789727824.5877,291.70,68.4700,68.1900,68.1900,110.00,103.00,False
1789727824.6867,291.80,68.5350,68.1900,68.1900,109.50,103.00,False
1789727824.7863,291.90,68.6000,68.1900,68.1900,109.50,103.00,False
1789727824.8895,292.00,68.6650,68.1900,68.1900,109.50,103.00,False
1789727825.0224,292.10,68.7300,68.5400,68.5400,109.50,103.00,False
1789727825.1238,292.20,68.7950,68.5400,68.5400,109.50,103.00,False
1789727825.2054,292.30,68.8550,68.5400,68.5400,109.00,103.00,False
1789727825.3100,292.40,68.9150,68.5400,68.5400,109.00,103.00,False
1789727825.4284,292.50,68.9750,68.5400,68.5400,109.00,103.00,False
1789727825.5457,292.60,69.0350,68.5400,68.5400,109.00,103.00,False
1789727825.6578,292.70,69.0950,68.8600,68.5400,109.00,103.00,False
1789727825.7670,292.80,69.1550,68.8600,68.8600,109.00,103.00,False
1789727825.8807,292.90,69.2150,68.8600,68.8600,109.00,103.00,False
1789727825.9627,293.00,69.2700,68.8600,68.8600,108.50,103.00,False
1789727826.0670,293.10,69.3250,68.8600,68.8600,108.50,103.00,False
1789727826.1847,293.20,69.3800,68.8600,68.8600,108.50,103.00,False
1789727826.2969,293.30,69.4350,69.2700,68.8600,108.50,103.00,False
1789727826.4070,293.40,69.4900,69.2700,69.2700,108.50,103.00,False
1789727826.4913,293.50,69.5400,69.2700,69.2700,108.00,103.00,False
1789727826.5958,293.60,69.5900,69.2700,69.2700,108.00,103.00,False
1789727826.7130,293.70,69.6400,69.2700,69.2700,108.00,103.00,False
1789727826.8097,293.80,69.6900,69.5400,69.2700,108.00,103.00,False
1789727826.9481,293.90,69.7400,69.5400,69.5400,108.00,103.00,False
1789727827.0311,294.00,69.7850,69.5400,69.5400,107.50,103.00,False
1789727827.1374,294.10,69.8300,69.5400,69.5400,107.50,103.00,False
1789727827.2576,294.20,69.8750,69.5400,69.5400,107.50,103.00,False
1789727827.3463,294.30,69.9200,69.7800,69.5400,107.50,103.00,False
1789727827.4877,294.40,69.9650,69.7800,69.7800,107.50,103.00,False
1789727827.5716,294.50,70.0050,69.7800,69.7800,107.00,103.00,False
1789727827.6754,294.60,70.0450,69.7800,69.7800,107.00,103.00,False
1789727827.7964,294.70,70.0850,69.7800,69.7800,107.00,103.00,False
1789727827.8875,294.80,70.1250,70.0000,69.7800,107.00,103.00,False
1789727828.0455,294.90,70.1650,70.0000,70.0000,107.00,103.00,False
1789727828.1616,295.00,70.2000,70.0000,70.0000,106.50,103.00,False
1789727828.2596,295.10,70.2350,70.0000,70.0000,106.50,103.00,False
1789727828.3566,295.20,70.2700,70.0000,70.0000,106.50,103.00,False
1789727828.4581,295.30,70.3050,70.2000,70.0000,106.50,103.00,False
1789727828.5685,295.40,70.3400,70.2000,70.0000,106.50,103.00,False
1789727828.6738,295.50,70.3700,70.2000,70.2000,106.00,103.00,False
1789727828.7880,295.60,70.4000,70.2000,70.2000,106.00,103.00,False
1789727828.8755,295.70,70.4300,70.2000,70.2000,106.00,103.00,False
1789727829.0064,295.80,70.4600,70.3700,70.2000,106.00,103.00,False
1789727829.0949,295.90,70.4900,70.3700,70.2000,106.00,103.00,False
1789727829.2202,296.00,70.5150,70.3700,70.2000,105.50,103.00,False
1789727829.3366,296.10,70.5400,70.3700,70.3700,105.50,103.00,False
1789727829.4269,296.20,70.5650,70.3700,70.3700,105.50,103.00,False
1789727829.5440,296.30,70.5900,70.5200,70.3700,105.50,103.00,False
1789727829.6515,296.40,70.6150,70.5200,70.3700,105.50,103.00,False
1789727829.7358,296.50,70.6350,70.5200,70.3700,105.00,103.00,False
1789727829.8582,296.60,70.6550,70.5200,70.5200,105.00,103.00,False
1789727829.9644,296.70,70.6750,70.5200,70.5200,105.00,103.00,False
1789727830.0523,296.80,70.6950,70.6400,70.5200,105.00,103.00,False
1789727830.1727,296.90,70.7150,70.6400,70.5200,105.00,103.00,False
1789727830.2574,297.00,70.7300,70.6400,70.5200,104.50,103.00,False
1789727830.4033,297.10,70.7450,70.6400,70.6400,104.50,103.00,False
1789727830.5137,297.20,70.7600,70.7300,70.6400,104.50,103.00,False
1789727830.6009,297.30,70.7750,70.7300,70.6400,104.50,103.00,False
1789727830.7394,297.40,70.7850,70.7300,70.6400,104.00,103.00,False
1789727830.8580,297.50,70.7950,70.7300,70.6400,104.00,103.00,False
1789727830.9716,297.60,70.8050,70.7300,70.7300,104.00,103.00,False
1789727831.0853,297.70,70.8150,70.7800,70.7300,104.00,103.00,False
1789727831.1719,297.80,70.8250,70.7800,70.7300,104.00,103.00,False
1789727830.2762,297.90,70.8300,70.7800,70.7300,103.50,103.00,False
1789727831.3544,298.00,70.8300,70.8300,70.8300,103.00,103.00,False
1789727831.4581,298.10,70.8300,70.8300,70.8300,103.00,103.00,False
1789727831.5615,298.20,70.8300,70.8300,70.8300,103.00,103.00,False
1789727831.7015,298.30,70.8250,70.8300,70.8300,102.50,103.00,False
1789727831.7899,298.40,70.8200,70.8300,70.8300,102.50,103.00,False
1789727831.9148,298.50,70.8150,70.8300,70.8300,102.50,103.00,False
1789727832.0069,298.60,70.8100,70.8200,70.8300,102.50,103.00,False
1789727832.1415,298.70,70.8050,70.8200,70.8300,102.50,103.00,False
1789727832.2600,298.80,70.7950,70.8200,70.8200,102.00,103.00,False
1789727832.3661,298.90,70.7850,70.8200,70.8200,102.00,103.00,False
1789727832.4711,299.00,70.7750,70.8200,70.8200,102.00,103.00,False
1789727832.5607,299.10,70.7650,70.8000,70.8200,102.00,103.00,False
1789727832.6899,299.20,70.7550,70.8000,70.8200,102.00,103.00,False
1789727832.7917,299.30,70.7400,70.8000,70.8000,101.50,103.00,False
1789727832.8839,299.40,70.7250,70.8000,70.8000,101.50,103.00,False
1789727833.0022,299.50,70.7100,70.8000,70.8000,101.50,103.00,False
1789727833.0879,299.60,70.6950,70.7400,70.8000,101.50,103.00,False
1789727833.1859,299.70,70.6800,70.7400,70.8000,101.50,103.00,False
1789727833.3096,299.80,70.6600,70.7400,70.7400,101.00,103.00,False
1789727833.3936,299.90,70.6400,70.7400,70.7400,101.00,103.00,False
