timestamp,sim_time_sec,true_frequency,sensor_reading_sent,controller_reading_received,generation_command,load_demand_mw,attack_active
1789839225.7436,0.00,50.0000,50.3400,50.4600,100.00,100.00,False
1789839225.8435,0.10,50.0000,50.3400,50.4600,100.00,100.00,False
1789839226.0052,0.20,50.0000,50.3400,50.4600,100.00,100.00,False
1789839226.1246,0.30,49.9950,50.3400,50.4600,99.50,100.00,False
1789839226.2784,0.40,49.9900,50.0000,50.0000,99.50,100.00,False
1789839226.3980,0.50,49.9850,50.0000,50.0000,99.50,100.00,False
1789839226.5078,0.60,49.9800,50.0000,50.0000,99.50,100.00,False
1789839226.6172,0.70,49.9750,50.0000,50.0000,99.50,100.00,False
1789839226.7092,0.80,49.9700,49.9800,50.0000,99.50,100.00,False
1789839226.7974,0.90,49.9650,49.9800,50.0000,99.50,100.00,False
1789839226.9118,1.00,49.9600,49.9800,50.0000,99.50,100.00,False
1789839227.0114,1.10,49.9550,49.9700,50.0000,99.50,100.00,False
1789839227.0900,1.20,49.9500,49.9700,50.0000,99.50,100.00,False
1789839227.2211,1.30,49.9450,49.9700,50.0000,99.50,100.00,False
1789839227.3529,1.40,49.9400,49.9700,49.9700,99.50,100.00,False
1789839227.4393,1.50,49.9350,49.9700,49.9700,99.50,100.00,False
1789839227.5611,1.60,49.9300,49.9700,49.9700,99.50,100.00,False
1789839227.6656,1.70,49.9250,49.8300,49.9700,99.50,100.00,False
1789839227.7699,1.80,49.9200,49.8300,49.9700,99.50,100.00,False
1789839227.8934,1.90,49.9150,49.8300,49.9400,99.50,100.00,False
1789839227.9972,2.00,49.9100,49.8300,49.9400,99.50,100.00,False
1789839228.0995,2.10,49.9050,49.8300,49.9400,99.50,100.00,False
1789839228.2218,2.20,49.9000,49.9400,49.9400,99.50,100.00,False
1789839228.3164,2.30,49.8950,49.9400,49.9400,99.50,100.00,False
1789839228.4259,2.40,49.8900,49.9400,49.9400,99.50,100.00,False
1789839228.5676,2.50,49.8850,49.6900,49.9400,99.50,100.00,False
1789839228.6610,2.60,49.8800,49.5200,49.9400,99.50,100.00,False
1789839228.7716,2.70,49.8750,49.5200,49.9400,99.50,100.00,False
1789839228.8803,2.80,49.8700,49.5200,49.9400,99.50,100.00,False
1789839229.0094,2.90,49.8650,49.4400,49.5200,99.50,100.00,False
1789839229.0573,3.00,49.8600,49.4400,49.5200,99.50,100.00,False
1789839229.1803,3.10,49.8550,49.8700,49.5200,99.50,100.00,False
1789839229.3790,3.20,49.8500,49.8700,49.5200,99.50,100.00,False
1789839229.4677,3.30,49.8500,49.8600,49.5200,100.00,100.00,False
1789839229.5773,3.40,49.8500,49.8600,49.5200,100.00,100.00,False
1789839229.6654,3.50,49.8500,49.8500,49.5200,100.00,100.00,False
1789839229.7735,3.60,49.8500,49.8500,49.8700,100.00,100.00,False
1789839229.9487,3.70,49.8500,49.2200,49.8700,100.00,100.00,False
1789839230.0874,3.80,49.8500,49.2200,49.8700,100.00,100.00,False
1789839230.2003,3.90,49.8500,49.1800,49.8700,100.00,100.00,False
1789839230.3259,4.00,49.8500,49.1800,49.1800,100.00,100.00,False
1789839230.4575,4.10,49.8500,49.1000,49.1800,100.00,100.00,False
1789839230.5855,4.20,49.8500,49.1000,49.1800,100.00,100.00,False
1789839230.7175,4.30,49.8500,49.0400,49.1800,100.00,100.00,False
1789839230.9470,4.40,49.8500,48.9800,49.0400,100.00,100.00,False
1789839231.0586,4.50,49.8550,48.9800,49.0400,100.50,100.00,False
1789839231.1885,4.60,49.8600,48.9800,49.0400,100.50,100.00,False
1789839231.3705,4.70,49.8650,48.8600,49.0400,100.50,100.00,False
1789839231.5483,4.80,49.8750,48.8600,48.8900,101.00,100.00,False
1789839231.6543,4.90,49.8850,48.8600,48.8900,101.00,100.00,False
1789839231.8003,5.00,49.8950,49.8800,48.8900,101.00,100.00,False
1789839231.9302,5.10,49.9050,49.8800,48.8900,101.00,100.00,False
1789839232.0571,5.20,49.9200,49.8800,48.7900,101.50,100.00,False
1789839232.2031,5.30,49.9350,49.8800,48.7900,101.50,100.00,True
1789839232.3054,5.40,49.9500,49.9200,48.7900,101.50,100.00,True
1789839232.4085,5.50,49.9650,49.9200,48.7900,101.50,100.00,True
1789839232.4757,5.60,49.9850,49.9200,48.7900,102.00,100.00,True
1789839232.6838,5.70,50.0050,49.9200,48.7000,102.00,100.00,True
1789839232.7727,5.80,50.0250,49.9800,48.7000,102.00,100.00,True
1789839232.8913,5.90,50.0450,49.9800,48.7000,102.00,100.00,True
1789839233.0194,6.00,50.0700,49.9800,48.7000,102.50,100.00,True
1789839233.1486,6.10,50.0950,49.9800,49.9800,102.50,100.00,True
1789839233.2795,6.20,50.1200,50.0700,49.9800,102.50,100.00,True
1789839233.3746,6.30,50.1450,50.0700,49.9800,102.50,100.00,True
1789839233.4882,6.40,50.1700,50.0700,49.9800,102.50,100.00,True
1789839233.6174,6.50,50.1950,50.0700,49.9800,102.50,100.00,True
1789839233.7474,6.60,50.2200,50.1400,50.0700,102.50,100.00,True
1789839233.8513,6.70,50.2450,50.1400,50.0700,102.50,100.00,True
1789839233.9576,6.80,50.2700,50.1400,50.0700,102.50,100.00,True
1789839234.1695,6.90,50.2950,50.2400,50.0700,102.50,100.00,True
1789839234.2337,7.00,50.3200,50.2400,50.1700,102.50,100.00,True
1789839234.3822,7.10,50.3450,50.2400,50.1700,102.50,100.00,True
1789839234.5055,7.20,50.3700,48.5600,50.1700,102.50,100.00,True
1789839234.6115,7.30,50.3950,48.5600,50.1700,102.50,100.00,True
1789839234.7441,7.40,50.4200,48.5600,50.1700,102.50,100.00,True
1789839234.8545,7.50,50.4450,48.5600,48.5600,102.50,100.00,True
1789839234.9783,7.60,50.4700,50.4200,48.5600,102.50,100.00,True
1789839235.1667,7.70,50.4950,50.3400,48.5600,102.50,100.00,True
1789839235.2590,7.80,50.5250,50.3400,48.5600,103.00,100.00,True
1789839235.3649,7.90,50.5550,50.3400,50.4200,103.00,100.00,True
1789839235.5103,8.00,50.5850,50.5000,50.4200,103.00,100.00,True
1789839235.5958,8.10,50.6150,50.5200,50.4200,103.00,100.00,True
1789839235.7087,8.20,50.6400,50.5200,50.4200,102.50,100.00,True
1789839235.8401,8.30,50.6650,50.5200,50.4200,102.50,100.00,True
1789839235.9691,8.40,50.6900,48.5200,50.5000,102.50,100.00,True
1789839236.1099,8.50,50.7150,48.5100,50.5000,102.50,100.00,True
1789839236.2183,8.60,50.7350,48.5100,50.5000,102.00,100.00,True
1789839236.3263,8.70,50.7550,48.5100,50.5000,102.00,100.00,True
1789839236.5236,8.80,50.7750,50.7400,48.4900,102.00,100.00,True
1789839236.6898,8.90,50.7950,50.7400,48.4900,102.00,100.00,True
1789839236.7961,9.00,50.8150,50.7400,48.4900,102.00,100.00,True
1789839236.9258,9.10,50.8350,50.8000,48.4900,102.00,100.00,True
1789839237.0682,9.20,50.8550,50.8000,50.8000,102.00,100.00,True
1789839237.1704,9.30,50.8800,50.8000,50.8000,102.50,100.00,True
1789839237.2700,9.40,50.9050,50.8000,50.8000,102.50,100.00,True
1789839237.3787,9.50,50.9300,50.8000,50.8000,102.50,100.00,True
1789839237.4262,9.60,50.9550,50.8800,50.8000,102.50,100.00,True
1789839237.5851,9.70,50.9800,48.4400,50.8800,102.50,100.00,True
1789839237.6577,9.80,51.0000,48.4400,50.8800,102.00,100.00,True
1789839237.7946,9.90,51.0200,48.4400,50.8800,102.00,100.00,True
1789839237.8800,10.00,51.0400,48.4400,50.8800,102.00,100.00,True
1789839238.0532,10.10,51.0300,51.0200,50.8800,102.00,103.00,True
1789839238.1488,10.20,51.0200,51.0200,51.0000,102.00,103.00,True
1789839238.2207,10.30,51.0050,51.0200,51.0000,101.50,103.00,True
1789839238.3262,10.40,50.9900,51.0200,51.0000,101.50,103.00,True
1789839238.4330,10.50,50.9750,48.3400,51.0000,101.50,103.00,True
1789839238.5153,10.60,50.9600,51.0000,51.0000,101.50,103.00,True
1789839238.6221,10.70,50.9400,51.0000,48.3400,101.00,103.00,True
1789839238.7074,10.80,50.9200,51.0000,48.3400,101.00,103.00,True
1789839238.8081,10.90,50.9000,51.0000,48.3400,101.00,103.00,True
1789839238.9330,11.00,50.8800,50.9200,48.3400,101.00,103.00,True
1789839239.0321,11.10,50.8600,50.9200,48.3400,101.00,103.00,True
1789839239.1072,11.20,50.8450,50.9200,48.3400,101.50,103.00,True
1789839239.2123,11.30,50.8300,50.9200,48.2800,101.50,103.00,True
1789839239.3081,11.40,50.8150,50.9200,48.2800,101.50,103.00,True
1789839239.4104,11.50,50.8000,48.1800,48.2800,101.50,103.00,True
1789839239.5154,11.60,50.7850,48.1800,48.2800,101.50,103.00,True
1789839239.6105,11.70,50.7750,48.1800,48.2800,102.00,103.00,True
1789839239.7100,11.80,50.7650,48.1800,48.2800,102.00,103.00,True
1789839239.8278,11.90,50.7550,48.1800,48.1800,102.00,103.00,True
1789839239.9218,12.00,50.7450,48.1200,48.1800,102.00,103.00,True
1789839240.0151,12.10,50.7350,48.1200,48.1800,102.00,103.00,True
1789839240.1225,12.20,50.7250,48.1200,48.1800,102.00,103.00,True
1789839240.2086,12.30,50.7200,48.1200,48.1800,102.50,103.00,True
1789839240.3894,12.40,50.7150,50.7200,48.1200,102.50,103.00,True
1789839240.4811,12.50,50.7100,48.0600,48.1200,102.50,103.00,True
1789839240.5585,12.60,50.7050,48.0600,48.1200,102.50,103.00,True
1789839240.6619,12.70,50.7050,48.0600,48.1200,103.00,103.00,True
1789839240.8800,12.80,50.7050,48.0600,48.0600,103.00,103.00,True
1789839240.9415,12.90,50.7050,48.0500,48.0600,103.00,103.00,True
1789839241.0516,13.00,50.7050,48.0500,48.0600,103.00,103.00,True
1789839241.1260,13.10,50.7100,48.0500,48.0600,103.50,103.00,True
1789839241.2342,13.20,50.7150,48.0500,48.0600,103.50,103.00,True
1789839241.3716,13.30,50.7200,50.7100,48.0600,103.50,103.00,True
1789839241.4549,13.40,50.7250,50.7100,50.7100,103.50,103.00,True
1789839241.5339,13.50,50.7300,50.7100,50.7100,103.50,103.00,True
1789839241.6350,13.60,50.7350,50.7100,50.7100,103.50,103.00,True
1789839241.7542,13.70,50.7400,50.7100,50.7100,103.50,103.00,True
1789839241.8527,13.80,50.7450,48.0800,50.7100,103.50,103.00,True
1789839241.9684,13.90,50.7500,48.0800,48.0800,103.50,103.00,True
1789839242.0470,14.00,50.7500,48.0800,48.0800,103.00,103.00,True
1789839242.7281,14.10,50.7500,48.0800,48.0800,103.00,103.00,True
1789839242.8163,14.20,50.7500,48.1000,48.0800,103.00,103.00,True
1789839242.9045,14.30,50.7500,48.1000,48.0800,103.00,103.00,True
1789839243.0196,14.40,50.7500,48.1000,48.0800,103.00,103.00,True
1789839243.1098,14.50,50.7550,48.1000,48.1000,103.50,103.00,True
1789839243.2015,14.60,50.7600,48.1000,48.1000,103.50,103.00,True
1789839243.3216,14.70,50.7650,50.7500,48.1000,103.50,103.00,True
1789839243.3992,14.80,50.7700,48.1000,48.1000,103.50,103.00,True
1789839243.5148,14.90,50.7750,48.1000,48.1000,103.50,103.00,True
1789839243.5983,15.00,50.7850,48.1000,48.1000,104.00,103.00,True
1789839243.7206,15.10,50.7950,48.1000,48.1000,104.00,103.00,True
1789839243.8084,15.20,50.8050,50.7800,48.1000,104.00,103.00,True
1789839243.8996,15.30,50.8150,50.7800,48.1000,104.00,103.00,True
1789839244.0014,15.40,50.8300,50.7800,48.1000,104.50,103.00,True
1789839244.1229,15.50,50.8450,50.7800,48.1000,104.50,103.00,True
1789839244.2182,15.60,50.8600,50.7800,50.7800,104.50,103.00,True
1789839244.3070,15.70,50.8750,50.8300,50.7800,104.50,103.00,True
1789839244.4138,15.80,50.8900,50.8300,50.7800,104.50,103.00,True
1789839244.4973,15.90,50.9000,50.8300,50.7800,104.00,103.00,True
1789839244.6021,16.00,50.9100,50.8300,50.7800,104.00,103.00,True
1789839244.7093,16.10,50.9200,50.8300,50.8300,104.00,103.00,True
1789839244.8053,16.20,50.9300,50.9000,50.8300,104.00,103.00,True
1789839244.9051,16.30,50.9400,50.9000,50.8300,104.00,103.00,True
1789839244.9779,16.40,50.9450,50.9000,50.8300,103.50,103.00,True
1789839245.0857,16.50,50.9500,50.9000,50.8300,103.50,103.00,True
1789839245.2718,16.60,50.9550,50.9400,50.9000,103.50,103.00,True
1789839245.3231,16.70,50.9600,50.9400,50.9000,103.50,103.00,True
1789839245.4180,16.80,50.9600,50.9400,50.9000,103.00,103.00,True
1789839245.5258,16.90,50.9600,50.9400,50.9000,103.00,103.00,True
1789839245.6453,17.00,50.9600,50.9400,50.9000,103.00,103.00,True
1789839245.7360,17.10,50.9600,48.3000,48.3000,103.00,103.00,True
1789839245.8248,17.20,50.9600,48.3000,48.3000,103.00,103.00,True
1789839245.9262,17.30,50.9600,48.3000,48.3000,103.00,103.00,True
1789839246.0215,17.40,50.9600,48.3000,48.3000,103.00,103.00,True
1789839246.1650,17.50,50.9600,50.9600,48.3000,103.00,103.00,True
1789839246.2288,17.60,50.9600,50.9600,48.3000,103.00,103.00,True
1789839246.3631,17.70,50.9650,50.9600,50.9600,103.50,103.00,True
1789839246.4237,17.80,50.9700,50.9600,50.9600,103.50,103.00,True
1789839246.5250,17.90,50.9750,50.9600,50.9600,103.50,103.00,True
1789839246.6686,18.00,50.9800,50.9700,50.9600,103.50,103.00,True
1789839246.7508,18.10,50.9850,48.3100,50.9600,103.50,103.00,True
1789839246.8790,18.20,50.9850,48.3100,50.9700,103.00,103.00,True
1789839246.9144,18.30,50.9850,48.3100,50.9700,103.00,103.00,True
1789839247.0315,18.40,50.9850,48.3100,50.9700,103.00,103.00,True
1789839247.1515,18.50,50.9850,50.9800,50.9700,103.00,103.00,True
1789839247.2651,18.60,50.9850,50.9800,50.9700,103.00,103.00,True
1789839247.3742,18.70,50.9800,50.9800,50.9800,102.50,103.00,True
1789839247.4569,18.80,50.9750,50.9800,50.9800,102.50,103.00,True
1789839247.5565,18.90,50.9700,50.9800,50.9800,102.50,103.00,True
1789839247.6541,19.00,50.9650,50.9800,50.9800,102.50,103.00,True
1789839247.7773,19.10,50.9600,50.9800,50.9800,102.50,103.00,True
1789839247.8522,19.20,50.9500,50.9800,50.9800,102.00,103.00,True
1789839247.9602,19.30,50.9400,50.9800,50.9800,102.00,103.00,True
1789839248.0897,19.40,50.9300,50.9500,50.9800,102.00,103.00,True
1789839248.1647,19.50,50.9200,50.9500,50.9800,102.00,103.00,True
1789839248.2407,19.60,50.9050,50.9500,50.9800,101.50,103.00,True
1789839248.3657,19.70,50.8900,50.9500,50.9800,101.50,103.00,True
1789839248.5048,19.80,50.8750,50.9500,50.9500,101.50,103.00,True
1789839248.5812,19.90,50.8600,48.2400,50.9500,101.50,103.00,True
1789839248.6717,20.00,50.8450,48.2400,50.9500,101.50,103.00,True
1789839248.8032,20.10,50.8250,48.2400,50.9500,101.00,103.00,True
1789839248.8804,20.20,50.8050,48.2400,50.9500,101.00,103.00,True
1789839249.0506,20.30,50.7850,48.1700,48.2400,101.00,103.00,True
1789839249.1275,20.40,50.7650,50.8000,48.2400,101.00,103.00,True
1789839249.2066,20.50,50.7450,50.8000,48.2400,101.00,103.00,True
1789839249.3047,20.60,50.7300,50.8000,48.2400,101.50,103.00,True
1789839249.4343,20.70,50.7150,50.8000,48.2400,101.50,103.00,True
1789839249.5033,20.80,50.7000,50.7400,48.2400,101.50,103.00,True
1789839249.6219,20.90,50.6850,50.7300,50.8000,101.50,103.00,True
1789839249.7157,21.00,50.6700,50.7300,50.8000,101.50,103.00,True
1789839249.8009,21.10,50.6500,50.7300,50.8000,101.00,103.00,True
1789839249.9347,21.20,50.6300,50.6700,50.8000,101.00,103.00,True
1789839250.0335,21.30,50.6100,50.6500,50.8000,101.00,103.00,True
1789839250.1242,21.40,50.5900,50.6500,50.6500,101.00,103.00,True
1789839250.2073,21.50,50.5700,50.6500,50.6500,101.00,103.00,True
1789839250.3055,21.60,50.5500,50.6500,50.6500,101.00,103.00,True
1789839250.4056,21.70,50.5300,50.5900,50.6500,101.00,103.00,True
1789839250.5309,21.80,50.5100,50.5500,50.6500,101.00,103.00,True
1789839250.6268,21.90,50.4900,50.5500,50.5500,101.00,103.00,True
1789839250.7198,22.00,50.4650,50.5500,50.5500,100.50,103.00,True
1789839250.8247,22.10,50.4400,47.8400,50.5500,100.50,103.00,True
1789839250.9024,22.20,50.4150,47.8400,50.5500,100.50,103.00,True
1789839251.0111,22.30,50.3900,47.7900,50.5500,100.50,103.00,True
1789839251.1189,22.40,50.3650,47.7900,50.5500,100.50,103.00,True
1789839251.2390,22.50,50.3350,47.7900,47.7900,100.00,103.00,True
1789839251.3172,22.60,50.3050,50.3900,47.7900,100.00,103.00,True
1789839251.4032,22.70,50.2750,50.3900,47.7900,100.00,103.00,True
1789839251.5025,22.80,50.2450,50.3400,47.7900,100.00,103.00,True
1789839251.6481,22.90,50.2150,50.3400,47.7900,100.00,103.00,True
1789839251.7427,23.00,50.1900,50.2400,50.3400,100.50,103.00,True
1789839251.8116,23.10,50.1650,50.2400,50.3400,100.50,103.00,True
1789839251.9196,23.20,50.1400,47.5400,50.3400,100.50,103.00,True
1789839252.0078,23.30,50.1150,47.5400,50.3400,100.50,103.00,True
1789839252.1410,23.40,50.0850,47.5400,50.3400,100.00,103.00,True
1789839252.2231,23.50,50.0550,50.1400,47.5400,100.00,103.00,True
1789839252.3043,23.60,50.0250,50.1400,47.5400,100.00,103.00,True
1789839252.4282,23.70,49.9950,50.0800,47.5400,100.00,103.00,True
1789839252.5266,23.80,49.9650,50.0800,47.5400,100.00,103.00,True
1789839252.6241,23.90,49.9400,47.3500,47.5400,100.50,103.00,True
1789839252.7348,24.00,49.9150,47.3500,50.0800,100.50,103.00,True
1789839252.8250,24.10,49.8900,49.9400,50.0800,100.50,103.00,True
1789839252.9057,24.20,49.8650,49.9400,50.0800,100.50,103.00,True
1789839253.0089,24.30,49.8400,49.9400,50.0800,100.50,103.00,True
1789839253.1090,24.40,49.8150,49.8900,50.0800,100.50,103.00,True
1789839253.2250,24.50,49.7900,49.8900,50.0800,100.50,103.00,True
1789839253.3251,24.60,49.7650,49.8400,49.8400,100.50,103.00,True
1789839253.4277,24.70,49.7400,49.8400,49.8400,100.50,103.00,True
1789839253.5501,24.80,49.7150,49.7900,49.8400,100.50,103.00,True
1789839253.6293,24.90,49.6900,49.7900,49.8400,100.50,103.00,True
1789839253.7514,25.00,49.6650,49.7400,49.8400,100.50,103.00,True
1789839253.8539,25.10,49.6400,49.7400,49.7400,100.50,103.00,True
1789839253.9482,25.20,49.6150,49.7400,49.7400,100.50,103.00,True
1789839254.0284,25.30,49.5900,49.6600,49.7400,100.50,103.00,True
1789839254.1462,25.40,49.5650,49.6600,49.7400,100.50,103.00,True
1789839254.2312,25.50,49.5400,49.6200,49.7400,100.50,103.00,True
1789839254.3448,25.60,49.5150,49.6200,49.7400,100.50,103.00,True
1789839254.4660,25.70,49.4950,49.5400,49.6200,101.00,103.00,True
1789839254.5503,25.80,49.4750,49.5400,49.6200,101.00,103.00,True
1789839254.6291,25.90,49.4550,49.5400,49.6200,101.00,103.00,True
1789839254.7389,26.00,49.4350,49.5000,49.6200,101.00,103.00,True
1789839254.8408,26.10,49.4150,49.5000,49.6200,101.00,103.00,True
1789839254.9629,26.20,49.4000,46.7900,49.6200,101.50,103.00,True
1789839255.0427,26.30,49.3850,46.7900,49.5000,101.50,103.00,True
1789839255.1394,26.40,49.3700,46.7900,49.5000,101.50,103.00,True
1789839255.2455,26.50,49.3550,46.7600,49.5000,101.50,103.00,True
1789839255.3670,26.60,49.3400,46.7600,49.5000,101.50,103.00,True
1789839255.4414,26.70,49.3300,46.7600,49.5000,102.00,103.00,True
1789839255.5475,26.80,49.3200,46.7200,46.7600,102.00,103.00,True
1789839255.6252,26.90,49.3100,46.7200,46.7600,102.00,103.00,True
1789839255.7261,27.00,49.3000,46.6800,46.7600,102.00,103.00,True
1789839255.8207,27.10,49.2900,46.6800,46.7600,102.00,103.00,True
1789839255.9162,27.20,49.2850,46.6800,46.7600,102.50,103.00,True
1789839256.0277,27.30,49.2800,46.6600,46.7600,102.50,103.00,True
1789839256.1298,27.40,49.2750,46.6600,46.6800,102.50,103.00,True
1789839256.2279,27.50,49.2700,46.6400,46.6800,102.50,103.00,True
1789839256.3210,27.60,49.2650,46.6400,46.6800,102.50,103.00,True
1789839256.4499,27.70,49.2650,49.2700,46.6800,103.00,103.00,True
1789839256.5263,27.80,49.2650,49.2700,46.6800,103.00,103.00,True
1789839256.6397,27.90,49.2650,49.2700,46.6400,103.00,103.00,True
1789839256.7442,28.00,49.2650,46.6200,46.6400,103.00,103.00,True
1789839256.8224,28.10,49.2650,46.6200,46.6400,103.00,103.00,True
1789839256.9214,28.20,49.2700,46.6200,46.6400,103.50,103.00,True
1789839257.0238,28.30,49.2750,46.6200,46.6400,103.50,103.00,True
1789839257.1224,28.40,49.2800,46.6200,46.6400,103.50,103.00,True
1789839257.2258,28.50,49.2850,46.6200,46.6200,103.50,103.00,True
1789839257.3396,28.60,49.2900,46.6200,46.6200,103.50,103.00,True
1789839257.4249,28.70,49.2950,49.2800,46.6200,103.50,103.00,True
1789839257.5238,28.80,49.3000,49.2800,46.6200,103.50,103.00,True
1789839257.6281,28.90,49.3050,46.6400,46.6200,103.50,103.00,True
1789839257.7205,29.00,49.3100,46.6400,46.6400,103.50,103.00,True
1789839257.8391,29.10,49.3200,46.6600,46.6400,104.00,103.00,True
1789839257.9242,29.20,49.3300,46.6600,46.6400,104.00,103.00,True
1789839258.0187,29.30,49.3400,46.6600,46.6400,104.00,103.00,True
1789839258.1247,29.40,49.3500,46.6800,46.6400,104.00,103.00,True
1789839258.3303,29.50,49.3650,46.7000,46.6800,104.50,103.00,True
1789839258.4010,29.60,49.3800,46.7000,46.6800,104.50,103.00,True
1789839258.5148,29.70,49.3950,46.7000,46.6800,104.50,103.00,True
1789839258.6097,29.80,49.4100,49.3600,46.6800,104.50,103.00,True
1789839258.7218,29.90,49.4250,49.3600,46.6800,104.50,103.00,True
1789839258.7981,30.00,49.4400,49.4000,49.3600,104.50,103.00,True
1789839258.9026,30.10,49.4600,49.4000,49.3600,105.00,103.00,True
1789839259.0045,30.20,49.4800,49.4000,49.3600,105.00,103.00,True
1789839259.1255,30.30,49.5000,49.4000,49.3600,105.00,103.00,True
1789839259.2223,30.40,49.5200,49.4600,49.3600,105.00,103.00,True
1789839259.4167,30.50,49.5450,46.8400,49.4600,105.50,103.00,True
1789839259.4892,30.60,49.5700,46.8400,49.4600,105.50,103.00,True
1789839259.6128,30.70,49.5950,46.8400,49.4600,105.50,103.00,True
1789839259.7134,30.80,49.6200,49.5400,49.4600,105.50,103.00,True
1789839259.8516,30.90,49.6450,49.5700,49.5400,105.50,103.00,True
1789839259.9211,31.00,49.6750,49.5700,49.5400,106.00,103.00,True
1789839260.0065,31.10,49.7050,49.5700,49.5400,106.00,103.00,True
1789839260.1256,31.20,49.7350,49.6800,49.5400,106.00,103.00,True
1789839260.2028,31.30,49.7650,49.6800,49.5400,106.00,103.00,True
1789839260.3398,31.40,49.8000,47.0800,49.5400,106.50,103.00,True
1789839260.4235,31.50,49.8350,47.0800,49.6800,106.50,103.00,True
1789839260.5019,31.60,49.8700,47.0800,49.6800,106.50,103.00,True
1789839260.6078,31.70,49.9050,49.8000,49.6800,106.50,103.00,True
1789839260.7419,31.80,49.9450,49.8700,49.6800,107.00,103.00,True
1789839260.8094,31.90,49.9850,49.8700,49.6800,107.00,103.00,True
1789839260.9231,32.00,50.0250,49.8700,49.8000,107.00,103.00,True
1789839261.0243,32.10,50.0650,49.9800,49.8000,107.00,103.00,True
1789839261.1224,32.20,50.1050,49.9800,49.8000,107.00,103.00,True
1789839261.1989,32.30,50.1450,50.0200,49.8000,107.00,103.00,True
1789839261.3043,32.40,50.1850,50.0200,49.8000,107.00,103.00,True
1789839261.4436,32.50,50.2250,50.0200,49.9800,107.00,103.00,True
1789839261.5285,32.60,50.2650,50.1400,49.9800,107.00,103.00,True
1789839261.6233,32.70,50.3050,47.5900,49.9800,107.00,103.00,True
1789839261.7021,32.80,50.3450,47.5900,49.9800,107.00,103.00,True
1789839261.8089,32.90,50.3850,47.5900,49.9800,107.00,103.00,True
1789839261.9304,33.00,50.4250,47.5900,49.9800,107.00,103.00,True
1789839262.0278,33.10,50.4650,50.3400,50.3400,107.00,103.00,True
1789839262.1301,33.20,50.5050,50.3800,50.3400,107.00,103.00,True
1789839262.2054,33.30,50.5450,50.3800,50.3400,107.00,103.00,True
1789839262.3055,33.40,50.5850,50.3800,50.3400,107.00,103.00,True
1789839262.4316,33.50,50.6250,50.5400,50.3400,107.00,103.00,True
1789839262.5527,33.60,50.6650,50.5800,50.5400,107.00,103.00,True
1789839262.6427,33.70,50.7000,50.5800,50.5400,106.50,103.00,True
1789839262.7134,33.80,50.7350,50.5800,50.5400,106.50,103.00,True
1789839262.8031,33.90,50.7700,50.5800,50.5400,106.50,103.00,True
1789839262.9333,34.00,50.8050,48.1000,50.5400,106.50,103.00,True
1789839263.0337,34.10,50.8400,48.1000,50.5400,106.50,103.00,True
1789839263.1647,34.20,50.8700,50.7700,48.1000,106.00,103.00,True
1789839263.2388,34.30,50.9000,50.7700,48.1000,106.00,103.00,True
1789839263.3148,34.40,50.9300,50.7700,48.1000,106.00,103.00,True
1789839263.4362,34.50,50.9600,50.8700,48.1000,106.00,103.00,True
1789839263.5563,34.60,50.9900,50.9300,48.1000,106.00,103.00,True
1789839263.6593,34.70,51.0250,50.9300,50.8700,106.50,103.00,True
1789839263.7243,34.80,51.0600,50.9300,50.8700,106.50,103.00,True
1789839263.8451,34.90,51.0950,48.4000,50.8700,106.50,103.00,True
1789839263.9184,35.00,51.1300,48.4000,50.8700,106.50,103.00,True
1789839264.0508,35.10,51.1650,48.4600,50.8700,106.50,103.00,True
1789839264.1449,35.20,51.1950,48.4600,50.8700,106.00,103.00,True
1789839264.2252,35.30,51.2250,48.4600,48.4000,106.00,103.00,True
1789839264.3181,35.40,51.2550,48.4600,48.4000,106.00,103.00,True
1789839264.4392,35.50,51.2850,51.2200,48.4000,106.00,103.00,True
1789839264.5173,35.60,51.3150,51.2200,48.4000,106.00,103.00,True
1789839264.6200,35.70,51.3500,51.2200,48.4000,106.50,103.00,True
1789839264.7410,35.80,51.3850,51.2200,51.2000,106.50,103.00,True
1789839264.8582,35.90,51.4200,51.2200,51.2000,106.50,103.00,True
1789839264.9274,36.00,51.4550,48.7600,51.2000,106.50,103.00,True
1789839265.0383,36.10,51.4900,48.7600,51.2000,106.50,103.00,True
1789839265.1219,36.20,51.5200,48.7600,51.2000,106.00,103.00,True
1789839265.2393,36.30,51.5500,48.7600,51.2000,106.00,103.00,True
1789839265.3438,36.40,51.5800,48.7600,51.3500,106.00,103.00,True
1789839265.4278,36.50,51.6100,51.5200,51.3500,106.00,103.00,True
1789839265.5170,36.60,51.6400,51.5200,51.3500,106.00,103.00,True
1789839265.6250,36.70,51.6650,51.5200,51.3500,105.50,103.00,True
1789839265.7202,36.80,51.6900,51.5200,51.3500,105.50,103.00,True
1789839265.8966,36.90,51.7150,49.0600,51.5200,105.50,103.00,True
1789839265.9482,37.00,51.7400,49.0600,51.5200,105.50,103.00,True
1789839266.0658,37.10,51.7600,49.0600,51.5200,105.00,103.00,True
1789839266.1506,37.20,51.7800,49.0600,51.5200,105.00,103.00,True
1789839266.2486,37.30,51.8000,49.0600,51.5200,105.00,103.00,True
1789839266.3711,37.40,51.8200,49.1600,49.0600,105.00,103.00,True
1789839266.4689,37.50,51.8400,49.1600,49.0600,105.00,103.00,True
1789839266.5475,37.60,51.8650,49.1600,49.0600,105.50,103.00,True
1789839266.6507,37.70,51.8900,49.1600,49.0600,105.50,103.00,True
1789839266.7765,37.80,51.9150,51.8600,49.0600,105.50,103.00,True
1789839266.8743,37.90,51.9400,51.8600,49.0600,105.50,103.00,True
1789839266.9507,38.00,51.9650,51.8600,51.8600,105.50,103.00,True
1789839267.0521,38.10,51.9900,51.8600,51.8600,105.50,103.00,True
1789839267.1472,38.20,52.0150,51.8600,51.8600,105.50,103.00,True
1789839267.2591,38.30,52.0400,49.3700,51.8600,105.50,103.00,True
1789839267.3518,38.40,52.0650,49.3700,51.8600,105.50,103.00,True
1789839267.4674,38.50,52.0850,49.3700,49.3700,105.00,103.00,True
1789839267.5521,38.60,52.1050,49.3700,49.3700,105.00,103.00,True
1789839267.6586,38.70,52.1250,49.4700,49.3700,105.00,103.00,True
1789839267.7515,38.80,52.1450,49.4900,49.3700,105.00,103.00,True
1789839267.8729,38.90,52.1650,49.4900,49.3700,105.00,103.00,True
1789839267.9555,39.00,52.1900,49.4900,49.3700,105.50,103.00,True
1789839268.0605,39.10,52.2150,49.4900,49.3700,105.50,103.00,True
1789839268.1760,39.20,52.2400,52.1600,49.3700,105.50,103.00,True
1789839268.2518,39.30,52.2650,52.1900,49.3700,105.50,103.00,True
1789839268.3539,39.40,52.2900,52.1900,49.3700,105.50,103.00,True
1789839268.4521,39.50,52.3150,52.1900,49.3700,105.50,103.00,True
1789839268.8069,39.60,52.3400,52.2900,50.0000,105.50,103.00,False
1789839268.9794,39.70,52.3100,52.2900,50.0000,100.00,103.00,False
1789839269.0653,39.80,52.2800,52.2900,50.0000,100.00,103.00,False
1789839269.1357,39.90,52.2500,52.2900,50.0000,100.00,103.00,False
1789839269.2499,40.00,52.2200,52.2900,50.0000,100.00,103.00,False
1789839269.5904,40.10,52.1900,50.0000,50.0000,100.00,103.00,False
1789839269.6656,40.20,52.1600,50.0000,50.0000,100.00,103.00,False
1789839269.8254,40.30,52.1300,52.1900,50.0000,100.00,103.00,False
1789839269.9093,40.40,52.1000,52.1900,50.0000,100.00,103.00,False
1789839269.9860,40.50,52.0700,52.1900,50.0000,100.00,103.00,False
1789839270.1005,40.60,52.0400,52.1900,50.0000,100.00,103.00,False
1789839270.2259,40.70,52.0100,52.1900,50.0000,100.00,103.00,False
1789839270.3209,40.80,51.9800,49.3400,50.0000,100.00,103.00,False
1789839270.3943,40.90,51.9500,49.3400,50.0000,100.00,103.00,False
1789839270.4842,41.00,51.9200,49.3400,50.0000,100.00,103.00,False
1789839270.5898,41.10,51.8900,49.3400,50.0000,100.00,103.00,False
1789839270.7072,41.20,51.8600,51.9200,50.0000,100.00,103.00,False
1789839270.8094,41.30,51.8300,49.1800,50.0000,100.00,103.00,False
1789839270.9010,41.40,51.8000,49.1800,50.0000,100.00,103.00,False
1789839271.0148,41.50,51.7700,49.1800,50.0000,100.00,103.00,False
1789839271.1727,41.60,51.7400,49.1800,50.0000,100.00,103.00,False
1789839271.3534,41.70,51.7100,49.0400,50.0000,100.00,103.00,False
1789839271.4333,41.80,51.6800,49.0400,50.0000,100.00,103.00,False
1789839271.5279,41.90,51.6500,49.0400,50.0000,100.00,103.00,False
1789839271.6545,42.00,51.6200,49.0400,50.0000,100.00,103.00,False
1789839271.7313,42.10,51.5900,48.9400,50.0000,100.00,103.00,False
1789839271.8094,42.20,51.5600,48.9200,50.0000,100.00,103.00,False
1789839271.9110,42.30,51.5300,48.9200,50.0000,100.00,103.00,False
1789839272.0116,42.40,51.5000,48.9200,50.0000,100.00,103.00,False
1789839272.2396,42.50,51.4700,51.5000,50.0000,100.00,103.00,False
1789839272.3160,42.60,51.4400,51.5000,50.0000,100.00,103.00,False
1789839272.4036,42.70,51.4100,51.5000,50.0000,100.00,103.00,False
1789839272.5020,42.80,51.3800,51.5000,50.0000,100.00,103.00,False
1789839272.6195,42.90,51.3500,51.5000,50.0000,100.00,103.00,False
1789839272.7257,43.00,51.3200,48.6800,50.0000,100.00,103.00,False
1789839272.8105,43.10,51.2900,51.4100,50.0000,100.00,103.00,False
1789839272.9120,43.20,51.2600,51.4100,50.0000,100.00,103.00,False
1789839272.9988,43.30,51.2300,51.4100,50.0000,100.00,103.00,False
1789839273.1535,43.40,51.2000,48.5200,50.0000,100.00,103.00,False
1789839273.3531,43.50,51.1700,51.2300,50.0000,100.00,103.00,False
1789839273.4371,43.60,51.1400,51.2300,50.0000,100.00,103.00,False
1789839273.5571,43.70,51.1100,51.2300,50.0000,100.00,103.00,False
1789839273.9802,43.80,51.0800,50.0000,50.0000,100.00,103.00,False
1789839274.2603,43.90,51.0500,50.0000,50.0000,100.00,103.00,False
1789839274.3618,44.00,51.0150,48.2600,50.0000,99.50,103.00,False
1789839274.5183,44.10,50.9800,50.0000,50.0000,99.50,103.00,False
1789839274.7882,44.20,50.9450,48.1800,50.0000,99.50,103.00,False
1789839274.9308,44.30,50.9100,50.9800,50.0000,99.50,103.00,False
1789839275.6279,44.40,50.8750,48.1200,50.0000,99.50,103.00,False
1789839275.7155,44.50,50.8400,50.9100,50.0000,99.50,103.00,False
1789839275.9027,44.60,50.8050,49.9600,50.0000,99.50,103.00,False
1789839276.7805,44.70,50.7700,47.9400,50.8400,99.50,103.00,False
1789839276.9366,44.80,50.7350,49.9200,50.8400,99.50,103.00,False
1789839277.0973,44.90,50.7000,47.8400,50.8400,99.50,103.00,False
1789839277.1512,45.00,50.6650,47.8400,50.8400,99.50,103.00,False
1789839277.3779,45.10,50.6300,47.7000,47.7300,99.50,103.00,False
1789839277.7089,45.20,50.5950,47.6600,47.7300,99.50,103.00,False
1789839277.8482,45.30,50.5600,47.5900,47.7300,99.50,103.00,False
1789839277.9766,45.40,50.5250,49.9000,47.7300,99.50,103.00,False
1789839278.1077,45.50,50.4900,49.9000,47.7300,99.50,103.00,False
1789839278.2484,45.60,50.4650,49.9000,47.7300,100.50,103.00,False
1789839278.3609,45.70,50.4400,49.8800,47.7300,100.50,103.00,False
1789839278.4956,45.80,50.4150,50.4600,49.9000,100.50,103.00,False
1789839278.7002,45.90,50.3900,49.9000,49.9000,100.50,103.00,False
1789839278.9056,46.00,50.3650,49.8900,49.9000,100.50,103.00,False
1789839279.0234,46.10,50.3400,49.9000,50.4600,100.50,103.00,False
1789839279.0999,46.20,50.3150,49.9000,50.4600,100.50,103.00,False
1789839279.2067,46.30,50.2900,49.9000,50.4600,100.50,103.00,False
1789839279.2956,46.40,50.2650,47.5000,50.4600,100.50,103.00,False
1789839279.3994,46.50,50.2400,47.4600,50.4600,100.50,103.00,False
1789839279.5576,46.60,50.2150,47.4300,47.4600,100.50,103.00,False
1789839279.6265,46.70,50.1850,47.4300,47.4600,100.00,103.00,False
1789839279.7190,46.80,50.1550,50.2400,47.4600,100.00,103.00,False
1789839279.8339,46.90,50.1250,50.1800,47.4600,100.00,103.00,False
1789839279.9313,47.00,50.0950,47.3200,47.4600,100.00,103.00,False
1789839280.0539,47.10,50.0700,47.3200,50.1800,100.50,103.00,False
1789839280.1986,47.20,50.0450,50.1000,50.1800,100.50,103.00,False
1789839280.3575,47.30,50.0200,50.1000,50.1800,100.50,103.00,False
1789839280.5203,47.40,49.9950,49.9000,50.1800,100.50,103.00,False
1789839280.7064,47.50,49.9700,47.1600,47.2000,100.50,103.00,False
1789839280.8524,47.60,49.9450,49.9200,47.2000,100.50,103.00,False
1789839280.9896,47.70,49.9200,49.9200,47.2000,100.50,103.00,False
1789839281.0803,47.80,49.9000,49.9200,47.2000,101.00,103.00,False
1789839281.1871,47.90,49.8800,49.9300,49.9200,101.00,103.00,False
1789839281.3270,48.00,49.8600,49.9300,49.9200,101.00,103.00,False
1789839281.5062,48.10,49.8400,49.9000,49.9200,101.00,103.00,False
1789839281.7817,48.20,49.8200,49.9600,49.9000,101.00,103.00,False
1789839281.9111,48.30,49.8000,49.9800,49.9000,101.00,103.00,False
1789839282.0157,48.40,49.7800,49.8200,49.9000,101.00,103.00,False
1789839282.1465,48.50,49.7600,47.0900,49.9000,101.00,103.00,False
1789839282.3434,48.60,49.7400,47.0900,49.9800,101.00,103.00,False
1789839282.4531,48.70,49.7200,47.0500,49.9800,101.00,103.00,False
1789839282.5283,48.80,49.7000,47.0500,49.9800,101.00,103.00,False
1789839282.6291,48.90,49.6800,47.0500,49.9800,101.00,103.00,False
1789839282.8092,49.00,49.6600,47.0500,50.0200,101.00,103.00,False
1789839283.0100,49.10,49.6400,50.0400,50.0200,101.00,103.00,False
1789839283.1624,49.20,49.6200,50.0400,50.0200,101.00,103.00,False
1789839283.6042,49.30,49.6000,46.9300,50.0400,101.00,103.00,False
1789839283.6908,49.40,49.5800,46.9300,50.0400,101.00,103.00,False
1789839283.8186,49.50,49.5600,49.6000,50.0400,101.00,103.00,False
1789839283.9148,49.60,49.5400,46.8900,46.8900,101.00,103.00,False
1789839283.9813,49.70,49.5200,46.8900,46.8900,101.00,103.00,False
1789839284.1371,49.80,49.5050,46.8900,46.8900,101.50,103.00,False
1789839284.2152,49.90,49.4900,46.8900,46.8900,101.50,103.00,False
1789839284.3205,50.00,49.4750,46.8500,46.8900,101.50,103.00,False
1789839284.4159,50.10,49.4600,49.5000,46.8900,101.50,103.00,False
1789839284.4934,50.20,49.4450,49.5000,46.8900,101.50,103.00,False
1789839284.5878,50.30,49.4350,49.5000,46.8900,102.00,103.00,False
1789839284.7077,50.40,49.4250,49.5000,46.8900,102.00,103.00,False
1789839285.0153,50.50,49.4150,46.7600,46.7600,102.00,103.00,False
1789839285.0895,50.60,49.4050,46.7600,46.7600,102.00,103.00,False
1789839285.2467,50.70,49.3950,50.1400,46.7600,102.00,103.00,False
1789839285.3466,50.80,49.3850,46.7400,46.7600,102.00,103.00,False
1789839285.4395,50.90,49.3750,46.7200,46.7200,102.00,103.00,False
1789839285.5218,51.00,49.3650,46.7200,46.7200,102.00,103.00,False
1789839285.7235,51.10,49.3600,49.3800,46.7200,102.50,103.00,False
1789839285.8385,51.20,49.3550,49.3600,46.7200,102.50,103.00,False
1789839285.9574,51.30,49.3500,50.2000,50.2000,102.50,103.00,False
1789839286.0993,51.40,49.3450,50.2000,50.2000,102.50,103.00,False
1789839286.3437,51.50,49.3450,46.7100,50.2000,103.00,103.00,False
1789839286.4697,51.60,49.3450,50.2800,50.2000,103.00,103.00,True
1789839286.5724,51.70,49.3450,50.2800,50.2800,103.00,103.00,True
1789839286.6833,51.80,49.3450,50.2800,50.2800,103.00,103.00,True
1789839286.8220,51.90,49.3450,50.3400,50.2800,103.00,103.00,True
1789839286.9336,52.00,49.3450,50.3400,50.2800,103.00,103.00,True
1789839287.0658,52.10,49.3450,50.4000,50.2800,103.00,103.00,True
1789839287.1641,52.20,49.3450,50.4000,50.4000,103.00,103.00,True
1789839287.2712,52.30,49.3400,50.4600,50.4000,102.50,103.00,True
1789839287.6176,52.40,49.3350,49.3400,50.4000,102.50,103.00,True
1789839287.7567,52.50,49.3300,50.5400,49.3400,102.50,103.00,True
1789839287.8741,52.60,49.3200,50.5400,49.3400,102.00,103.00,True
1789839288.0080,52.70,49.3100,50.5400,49.3400,102.00,103.00,True
1789839288.1326,52.80,49.3000,46.6800,49.3400,102.00,103.00,True
1789839288.3086,52.90,49.2900,49.3100,46.6800,102.00,103.00,True
1789839288.4145,53.00,49.2800,49.3100,46.6800,102.00,103.00,True
1789839289.0259,53.10,49.2800,50.6700,46.6800,103.00,103.00,True
1789839289.4530,53.20,49.2800,46.6400,46.6800,103.00,103.00,True
1789839289.5489,53.30,49.2800,46.6400,46.6800,103.00,103.00,True
1789839289.6718,53.40,49.2800,46.6400,46.6800,103.00,103.00,True
1789839289.8066,53.50,49.2800,50.8600,46.6800,103.00,103.00,True
1789839289.9073,53.60,49.2800,49.2800,46.6800,103.00,103.00,True
1789839290.0432,53.70,49.2800,49.2800,46.6800,103.00,103.00,True
1789839290.1123,53.80,49.2850,50.9200,46.6800,103.50,103.00,True
1789839290.2173,53.90,49.2900,50.9500,46.6800,103.50,103.00,True
1789839290.3989,54.00,49.2950,49.2800,49.2800,103.50,103.00,True
1789839290.5136,54.10,49.3000,49.2800,49.2800,103.50,103.00,True
1789839290.6254,54.20,49.3050,51.0200,49.2800,103.50,103.00,True
1789839290.8860,54.30,49.3100,49.3000,49.3000,103.50,103.00,True
1789839291.0355,54.40,49.3200,46.6400,49.3000,104.00,103.00,True
1789839291.1532,54.50,49.3300,49.3100,49.3000,104.00,103.00,True
1789839291.2751,54.60,49.3400,51.2400,49.3000,104.00,103.00,True
1789839291.4205,54.70,49.3500,51.2400,51.2400,104.00,103.00,True
1789839292.0565,54.80,49.3600,46.7000,51.2400,104.00,103.00,True
1789839292.1439,54.90,49.3700,46.7000,51.2400,104.00,103.00,True
1789839292.2374,55.00,49.3800,46.7000,51.2400,104.00,103.00,True
1789839292.3317,55.10,49.3900,46.7000,51.2400,104.00,103.00,True
1789839292.4762,55.20,49.4050,46.7500,51.2400,104.50,103.00,True
1789839292.5939,55.30,49.4200,46.7500,51.2400,104.50,103.00,True
1789839292.7859,55.40,49.4350,49.4000,51.2400,104.50,103.00,True
1789839292.9184,55.50,49.4500,51.5000,51.2400,104.50,103.00,True
1789839293.0963,55.60,49.4500,51.5000,49.4000,103.00,103.00,True
1789839293.2203,55.70,49.4500,46.8400,49.4000,103.00,103.00,True
1789839293.5367,55.80,49.4500,51.5100,49.4000,103.00,103.00,True
1789839293.6533,55.90,49.4550,51.5100,51.5100,103.50,103.00,True
1789839293.7724,56.00,49.4600,51.5100,51.5100,103.50,103.00,True
1789839293.8457,56.10,49.4650,46.8400,51.5100,103.50,103.00,True
1789839293.9510,56.20,49.4700,46.8400,51.5100,103.50,103.00,True
1789839294.1042,56.30,49.4700,46.8400,51.5100,103.00,103.00,True
1789839294.2420,56.40,49.4700,46.8600,49.4500,103.00,103.00,True
1789839294.3821,56.50,49.4700,49.4700,49.4500,103.00,103.00,True
1789839294.4619,56.60,49.4700,49.4700,49.4500,103.00,103.00,True
1789839294.6167,56.70,49.4750,49.4700,49.4500,103.50,103.00,True
1789839294.8610,56.80,49.4800,46.8600,49.4700,103.50,103.00,True
1789839294.9909,56.90,49.4850,49.4800,49.4700,103.50,103.00,True
1789839295.1235,57.00,49.4950,46.8800,49.4700,104.00,103.00,True
1789839295.2652,57.10,49.5050,49.4800,49.4700,104.00,103.00,True
1789839295.3713,57.20,49.5150,49.5000,49.4700,104.00,103.00,True
1789839295.5492,57.30,49.5250,46.9100,49.4800,104.00,103.00,True
1789839295.6513,57.40,49.5350,46.9100,49.4800,104.00,103.00,True
1789839295.7453,57.50,49.5450,51.5800,49.4800,104.00,103.00,True
1789839295.9788,57.60,49.5550,49.5400,49.5400,104.00,103.00,True
1789839296.1039,57.70,49.5700,46.9500,49.5400,104.50,103.00,True
1789839296.2484,57.80,49.5850,49.5600,49.5400,104.50,103.00,True
1789839296.3323,57.90,49.6000,49.5700,49.5400,104.50,103.00,True
1789839296.4903,58.00,49.6150,49.5700,49.5400,104.50,103.00,True
1789839296.6402,58.10,49.6350,51.6300,49.5700,105.00,103.00,True
1789839296.7549,58.20,49.6550,49.6200,49.5700,105.00,103.00,True
1789839296.9350,58.30,49.6750,49.6400,49.5700,105.00,103.00,True
1789839297.0464,58.40,49.7000,51.7000,49.6400,105.50,103.00,True
1789839297.2027,58.50,49.7250,49.6800,49.6400,105.50,103.00,True
1789839297.2769,58.60,49.7500,49.6800,49.6400,105.50,103.00,True
1789839297.3783,58.70,49.7750,51.7600,49.6400,105.50,103.00,True
1789839297.5019,58.80,49.8000,49.7200,49.6400,105.50,103.00,True
1789839297.6454,58.90,49.8300,49.7800,51.7600,106.00,103.00,True
1789839297.7435,59.00,49.8600,49.7800,51.7600,106.00,103.00,True
1789839297.8406,59.10,49.8900,51.9000,51.7600,106.00,103.00,True
1789839297.9945,59.20,49.9200,51.9200,51.7600,106.00,103.00,True
1789839298.0899,59.30,49.9450,51.9600,51.7600,105.50,103.00,True
1789839298.1874,59.40,49.9700,51.9600,51.9000,105.50,103.00,True
1789839298.2959,59.50,49.9950,51.9600,51.9000,105.50,103.00,True
1789839298.3938,59.60,50.0200,52.0100,51.9000,105.50,103.00,True
1789839298.5132,59.70,50.0450,49.9700,51.9000,105.50,103.00,True
1789839298.5924,59.80,50.0650,50.0000,51.9000,105.00,103.00,True
1789839298.8386,59.90,50.0850,47.2200,52.0100,105.00,103.00,True
1789839298.9338,60.00,50.1050,50.0600,52.0100,105.00,103.00,True
1789839299.0481,60.10,50.1200,47.2600,52.0100,104.50,103.00,True
1789839299.1446,60.20,50.1350,47.2600,52.0100,104.50,103.00,True
1789839299.5910,60.30,50.1500,52.1100,47.2200,104.50,103.00,True
1789839299.6907,60.40,50.1700,52.1100,47.2200,105.00,103.00,True
1789839300.1118,60.50,50.1850,47.3800,52.1000,104.50,103.00,True
1789839300.2426,60.60,50.2000,52.2400,52.1000,104.50,103.00,True
1789839300.3377,60.70,50.2150,50.1800,52.2400,104.50,103.00,True
1789839300.4478,60.80,50.2300,50.1800,52.2400,104.50,103.00,True
1789839300.5172,60.90,50.2450,47.4700,52.2400,104.50,103.00,True
1789839300.6686,61.00,50.2600,47.4700,52.2400,104.50,103.00,True
1789839301.0830,61.10,50.2700,52.3100,52.2800,104.00,103.00,True
1789839301.1746,61.20,50.2800,52.3100,52.2800,104.00,103.00,True
1789839301.2708,61.30,50.2900,47.5400,52.2800,104.00,103.00,True
1789839301.4252,61.40,50.3000,47.5400,52.3500,104.00,103.00,True
1789839301.5272,61.50,50.3050,50.2800,52.3500,103.50,103.00,True
1789839301.6385,61.60,50.3100,50.2800,52.3500,103.50,103.00,True
1789839302.0512,61.70,50.3150,47.5800,47.5600,103.50,103.00,True
1789839302.1307,61.80,50.3150,47.5800,47.5600,103.00,103.00,True
1789839302.2622,61.90,50.3150,47.5800,47.5600,103.00,103.00,True
1789839302.3857,62.00,50.3150,50.3200,47.5600,103.00,103.00,True
1789839303.0287,62.10,50.3200,47.6000,47.5900,103.50,103.00,True
1789839303.1142,62.20,50.3300,52.4100,47.5900,104.00,103.00,True
1789839303.2476,62.30,50.3400,50.3200,47.5900,104.00,103.00,True
1789839303.3199,62.40,50.3500,50.3200,47.5900,104.00,103.00,True
1789839303.4539,62.50,50.3650,50.3200,47.5900,104.50,103.00,True
1789839303.6594,62.60,50.3800,50.3500,50.3200,104.50,103.00,True
1789839303.7355,62.70,50.3950,50.3500,50.3200,104.50,103.00,True
1789839303.8240,62.80,50.4100,47.6700,50.3200,104.50,103.00,True
1789839303.9373,62.90,50.4250,47.6700,50.3200,104.50,103.00,True
1789839304.0299,63.00,50.4350,47.6700,50.3200,104.00,103.00,True
1789839304.1476,63.10,50.4450,47.7200,47.6700,104.00,103.00,True
1789839304.2724,63.20,50.4550,47.7200,47.6700,104.00,103.00,True
1789839304.3421,63.30,50.4650,47.7200,47.6700,104.00,103.00,True
1789839304.4474,63.40,50.4800,47.7200,47.6700,104.50,103.00,True
1789839304.5514,63.50,50.4950,50.4600,47.6700,104.50,103.00,True
1789839304.6743,63.60,50.5100,50.4600,47.7200,104.50,103.00,True
1789839304.7317,63.70,50.5250,47.7700,47.7200,104.50,103.00,True
1789839304.9084,63.80,50.5400,47.7700,47.7200,104.50,103.00,True
1789839304.9854,63.90,50.5550,47.7700,47.7200,104.50,103.00,True
1789839305.1055,64.00,50.5700,52.5000,47.7200,104.50,103.00,True
1789839305.2646,64.10,50.5900,47.8200,47.7200,105.00,103.00,True
1789839305.3617,64.20,50.6100,47.8200,47.7700,105.00,103.00,True
1789839305.4665,64.30,50.6300,47.8200,47.7700,105.00,103.00,True
1789839305.6465,64.40,50.6500,47.8600,47.7700,105.00,103.00,True
1789839305.7729,64.50,50.6700,50.6300,47.7700,105.00,103.00,True
1789839306.0621,64.60,50.6950,50.6300,47.8600,105.50,103.00,True
1789839306.1731,64.70,50.7200,47.9800,47.8600,105.50,103.00,True
1789839306.2700,64.80,50.7450,47.9800,47.8600,105.50,103.00,True
1789839306.3458,64.90,50.7750,47.9800,47.8600,106.00,103.00,True
1789839306.4504,65.00,50.8050,47.9800,52.6400,106.00,103.00,True
1789839306.5711,65.10,50.8350,50.7800,52.6400,106.00,103.00,True
1789839306.6426,65.20,50.8650,52.7600,52.6400,106.00,103.00,True
1789839306.7368,65.30,50.8900,52.7600,52.6400,105.50,103.00,True
1789839306.8312,65.40,50.9150,52.7600,52.6400,105.50,103.00,True
1789839307.0767,65.50,50.9400,52.8800,50.7800,105.50,103.00,True
1789839307.1568,65.60,50.9650,52.9000,50.7800,105.50,103.00,True
1789839307.3311,65.70,50.9850,52.9000,50.7800,105.00,103.00,True
1789839307.4391,65.80,51.0050,52.9000,50.7800,105.00,103.00,True
1789839307.5815,65.90,51.0250,52.9500,52.8800,105.00,103.00,True
1789839307.6673,66.00,51.0450,48.1200,52.8800,105.00,103.00,True
1789839308.3196,66.10,51.0650,48.1200,52.8800,105.00,103.00,True
1789839308.4038,66.20,51.0850,48.1200,52.8800,105.00,103.00,True
1789839308.5561,66.30,51.1050,51.0600,52.8800,105.00,103.00,True
1789839308.6791,66.40,51.1250,51.0800,51.0600,105.00,103.00,True
1789839308.7966,66.50,51.1400,51.0800,51.0600,104.50,103.00,True
1789839308.9075,66.60,51.1550,51.0800,51.0600,104.50,103.00,True
1789839309.7606,66.70,51.1700,53.1300,51.1400,104.50,103.00,True
1789839309.8597,66.80,51.1750,53.1300,51.1400,103.50,103.00,True
1789839309.9983,66.90,51.1800,53.1300,48.2700,103.50,103.00,True
1789839310.0950,67.00,51.1850,53.1600,48.2700,103.50,103.00,True
1789839310.1573,67.10,51.1900,48.3200,48.2700,103.50,103.00,True
1789839310.3103,67.20,51.1950,48.3200,48.2700,103.50,103.00,True
1789839310.4046,67.30,51.2050,48.3200,48.2700,104.00,103.00,True
1789839310.5382,67.40,51.2150,48.3200,48.3200,104.00,103.00,True
1789839310.6905,67.50,51.2250,48.3400,48.3200,104.00,103.00,True
1789839310.8509,67.60,51.2350,48.3400,48.3200,104.00,103.00,True
1789839310.9666,67.70,51.2500,48.3400,48.3200,104.50,103.00,True
1789839311.0518,67.80,51.2650,48.3600,48.3200,104.50,103.00,True
1789839311.1499,67.90,51.2800,51.2400,48.3200,104.50,103.00,True
1789839311.3079,68.00,51.2950,53.2200,48.3400,104.50,103.00,True
1789839311.4701,68.10,51.3100,53.2200,48.3400,104.50,103.00,True
1789839311.5961,68.20,51.3250,51.3000,48.3400,104.50,103.00,True
1789839311.7001,68.30,51.3400,53.2800,48.3400,104.50,103.00,True
1789839312.2207,68.40,51.3600,53.3400,53.2800,105.00,103.00,True
1789839312.3615,68.50,51.3800,53.3400,53.3400,105.00,103.00,True
1789839312.6529,68.60,51.4000,48.5500,53.3400,105.00,103.00,True
1789839312.7674,68.70,51.4150,48.5500,53.3400,104.50,103.00,True
1789839312.8946,68.80,51.4300,53.4400,53.3400,104.50,103.00,True
1789839313.0005,68.90,51.4450,53.4400,53.3400,104.50,103.00,True
1789839313.1019,69.00,51.4600,53.4400,53.4400,104.50,103.00,True
1789839313.2105,69.10,51.4700,51.4300,53.4400,104.00,103.00,True
1789839313.2916,69.20,51.4800,51.4300,53.4400,104.00,103.00,True
1789839313.3969,69.30,51.4900,51.4300,53.4400,104.00,103.00,True
1789839313.5215,69.40,51.5000,51.4600,53.4400,104.00,103.00,True
1789839313.6624,69.50,51.5100,51.4600,53.5000,104.00,103.00,True
1789839313.7600,69.60,51.5150,51.4900,53.5000,103.50,103.00,True
1789839313.9007,69.70,51.5200,51.4900,53.5000,103.50,103.00,True
1789839313.9815,69.80,51.5250,48.6700,53.5000,103.50,103.00,True
1789839314.0787,69.90,51.5300,48.6700,53.5000,103.50,103.00,True
1789839314.2020,70.00,51.5350,53.5400,53.5000,103.50,103.00,True
1789839314.4059,70.10,51.5350,48.6800,48.6700,103.00,103.00,True
1789839314.6893,70.20,51.5350,48.6900,48.6700,103.00,103.00,True
1789839314.7894,70.30,51.5400,53.5400,48.6700,103.50,103.00,True
1789839314.8657,70.40,51.5450,53.5400,48.6700,103.50,103.00,True
1789839314.9716,70.50,51.5500,53.5400,53.5400,103.50,103.00,True
1789839315.0771,70.60,51.5550,51.5400,53.5400,103.50,103.00,True
1789839315.1845,70.70,51.5600,51.5400,53.5400,103.50,103.00,True
1789839315.3225,70.80,51.5600,51.5400,53.5400,103.00,103.00,True
1789839315.4053,70.90,51.5600,48.7100,53.5400,103.00,103.00,True
1789839315.5003,71.00,51.5600,51.5600,51.5400,103.00,103.00,True
1789839315.6354,71.10,51.5600,53.5500,51.5400,103.00,103.00,True
1789839315.7252,71.20,51.5550,53.5500,51.5400,102.50,103.00,True
1789839315.8203,71.30,51.5500,48.7200,51.5400,102.50,103.00,True
1789839315.9183,71.40,51.5450,48.7200,51.5400,102.50,103.00,True
1789839315.9898,71.50,51.5400,48.7200,51.5400,102.50,103.00,True
1789839316.1159,71.60,51.5350,51.5500,51.5400,102.50,103.00,True
1789839316.2874,71.70,51.5300,48.7000,51.5400,102.50,103.00,True
1789839316.3631,71.80,51.5250,48.7000,48.7200,102.50,103.00,True
1789839316.5011,71.90,51.5200,48.7000,48.7200,102.50,103.00,True
1789839316.6168,72.00,51.5150,53.5200,48.7200,102.50,103.00,True
1789839316.7500,72.10,51.5100,51.5200,48.7200,102.50,103.00,True
1789839316.8560,72.20,51.5100,51.5200,48.7200,103.00,103.00,True
1789839316.9541,72.30,51.5100,51.5200,48.7200,103.00,103.00,True
1789839317.1147,72.40,51.5100,48.6800,48.7200,103.00,103.00,True
1789839317.2549,72.50,51.5100,51.5100,48.7200,103.00,103.00,True
1789839317.3264,72.60,51.5100,51.5100,48.7200,103.00,103.00,True
1789839317.4581,72.70,51.5100,53.5100,53.5200,103.00,103.00,True
1789839317.5342,72.80,51.5100,53.5100,53.5200,103.00,103.00,True
1789839317.6324,72.90,51.5100,53.5100,53.5200,103.00,103.00,True
1789839317.7265,73.00,51.5050,53.5100,53.5200,102.50,103.00,True
1789839317.8509,73.10,51.5000,53.5100,53.5200,102.50,103.00,True
1789839317.9617,73.20,51.4950,53.5100,53.5100,102.50,103.00,True
1789839318.1016,73.30,51.4900,53.5000,53.5100,102.50,103.00,True
1789839318.2030,73.40,51.4850,48.6600,53.5100,102.50,103.00,True
1789839318.3120,73.50,51.4750,48.6600,53.5100,102.00,103.00,True
1789839318.4163,73.60,51.4650,48.6600,53.5100,102.00,103.00,True
1789839318.6023,73.70,51.4550,53.4800,53.4800,102.00,103.00,True
1789839318.6787,73.80,51.4450,53.4800,53.4800,102.00,103.00,True
1789839318.8001,73.90,51.4350,51.4800,53.4800,102.00,103.00,True
1789839318.9017,74.00,51.4250,51.4800,53.4800,102.00,103.00,True
1789839319.1685,74.10,51.4150,51.4400,51.4400,102.00,103.00,True
1789839319.2934,74.20,51.4050,53.4200,51.4400,102.00,103.00,True
1789839319.4192,74.30,51.3850,53.4200,51.4400,101.00,103.00,True
1789839319.5037,74.40,51.3650,53.4200,51.4400,101.00,103.00,True
1789839319.5741,74.50,51.3450,48.5600,51.4400,101.00,103.00,True
1789839319.7226,74.60,51.3250,53.3800,51.4400,101.00,103.00,True
1789839319.7718,74.70,51.3050,53.3800,51.4400,101.00,103.00,True
1789839319.8742,74.80,51.2800,53.3800,51.4400,100.50,103.00,True
1789839320.1224,74.90,51.2550,48.4800,51.4400,100.50,103.00,True
1789839320.1989,75.00,51.2300,48.4500,51.4400,100.50,103.00,True
1789839320.3068,75.10,51.2050,48.4500,48.5400,100.50,103.00,True
1789839320.3917,75.20,51.1800,48.4500,48.5400,100.50,103.00,True
1789839320.4984,75.30,51.1550,48.4500,48.5400,100.50,103.00,True
1789839320.6169,75.40,51.1300,51.2000,48.5400,100.50,103.00,True
1789839320.7003,75.50,51.1050,51.1800,48.5400,100.50,103.00,True
1789839320.8229,75.60,51.0800,51.1800,51.1800,100.50,103.00,True
1789839320.9342,75.70,51.0550,51.1800,51.1800,100.50,103.00,True
1789839321.9797,75.80,51.0300,52.9600,53.0100,100.50,103.00,True
1789839322.0688,75.90,51.0050,52.9600,53.0100,100.50,103.00,True
1789839322.1517,76.00,50.9750,48.2200,53.0100,100.00,103.00,True
1789839322.2627,76.10,50.9450,48.2200,53.0100,100.00,103.00,True
1789839322.4205,76.20,50.9150,52.8800,53.0100,100.00,103.00,True
1789839322.5226,76.30,50.8850,48.1600,52.8800,100.00,103.00,True
1789839322.6130,76.40,50.8500,48.1400,52.8800,99.50,103.00,True
1789839322.6787,76.50,50.8150,48.1400,52.8800,99.50,103.00,True
1789839322.7684,76.60,50.7800,48.1400,52.8800,99.50,103.00,True
1789839322.8973,76.70,50.7450,48.0400,52.8800,99.50,103.00,True
1789839323.1300,76.80,50.7050,50.7800,50.8500,99.00,103.00,True
1789839323.2010,76.90,50.6650,50.7800,50.8500,99.00,103.00,True
1789839323.4021,77.00,50.6250,50.7000,50.8500,99.00,103.00,True
1789839323.6392,77.10,50.5800,52.7400,52.8200,98.50,103.00,True
1789839323.7386,77.20,50.5350,52.7400,52.8200,98.50,103.00,True
1789839323.8314,77.30,50.4900,47.7300,52.8200,98.50,103.00,True
1789839323.9401,77.40,50.4450,47.7300,52.8200,98.50,103.00,True
1789839324.0376,77.50,50.4000,50.5400,52.8200,98.50,103.00,True
1789839324.1320,77.60,50.3500,50.5400,52.8200,98.00,103.00,True
1789839324.2305,77.70,50.3000,50.5400,52.8200,98.00,103.00,True
1789839324.3545,77.80,50.2500,47.5000,47.7300,98.00,103.00,True
1789839324.4692,77.90,50.2000,50.3000,47.7300,98.00,103.00,True
1789839324.6033,78.00,50.1550,50.3500,47.7300,98.50,103.00,True
1789839324.6763,78.10,50.1100,50.3500,47.7300,98.50,103.00,True
1789839324.8150,78.20,50.0650,50.3500,47.7300,98.50,103.00,True
1789839324.9354,78.30,50.0200,50.1100,50.1600,98.50,103.00,True
1789839325.0655,78.40,49.9750,50.0600,50.1600,98.50,103.00,True
1789839325.1426,78.50,49.9300,50.0600,50.1600,98.50,103.00,True
1789839325.2518,78.60,49.8850,50.0600,50.1600,98.50,103.00,True
1789839325.4574,78.70,49.8400,49.9300,49.9300,98.50,103.00,True
1789839325.5536,78.80,49.7950,49.8800,49.9300,98.50,103.00,True
1789839325.6574,78.90,49.7500,49.8800,49.9300,98.50,103.00,True
1789839325.7742,79.00,49.7050,49.8800,49.9300,98.50,103.00,True
1789839326.1730,79.10,49.6600,52.0200,52.0600,98.50,103.00,True
1789839326.2924,79.20,49.6150,52.0200,52.0600,98.50,103.00,True
1789839326.4470,79.30,49.5700,46.7200,52.0600,98.50,103.00,True
1789839326.6810,79.40,49.5200,46.6800,51.8800,98.00,103.00,True
1789839326.9380,79.50,49.4700,51.6900,51.8800,98.00,103.00,True
1789839327.0912,79.60,49.4150,46.4400,51.8800,97.50,103.00,True
1789839327.1694,79.70,49.3600,46.4400,51.7400,97.50,103.00,True
1789839327.2869,79.80,49.3050,49.4200,51.7400,97.50,103.00,True
1789839327.3741,79.90,49.2500,49.4200,51.7400,97.50,103.00,True
1789839327.5713,80.00,49.1900,49.3000,51.7400,97.00,103.00,True
1789839327.8842,80.10,49.1300,46.1000,49.4200,97.00,103.00,True
1789839327.9633,80.20,49.0700,46.1000,49.4200,97.00,103.00,True
1789839328.1005,80.30,49.0150,45.9800,49.4200,97.50,103.00,True
1789839328.2578,80.40,48.9600,45.9800,49.1900,97.50,103.00,True
1789839328.3607,80.50,48.9050,45.8600,49.1900,97.50,103.00,True
1789839328.5757,80.60,48.8550,51.0200,49.1900,98.00,103.00,True
1789839328.7015,80.70,48.8050,51.0200,49.1900,98.00,103.00,True
1789839328.8239,80.80,48.7550,48.8600,49.0200,98.00,103.00,True
1789839328.9242,80.90,48.7050,48.8600,49.0200,98.00,103.00,True
1789839329.0307,81.00,48.6600,48.8600,49.0200,98.50,103.00,True
1789839329.1331,81.10,48.6150,50.8100,49.0200,98.50,103.00,True
1789839329.2365,81.20,48.5700,50.8100,49.0200,98.50,103.00,True
1789839329.4359,81.30,48.5250,48.6600,50.7200,98.50,103.00,True
1789839329.5614,81.40,48.4800,50.6200,50.7200,98.50,103.00,True
1789839329.6633,81.50,48.4350,50.6200,50.7200,98.50,103.00,True
1789839329.9193,81.60,48.3900,50.5400,48.4800,98.50,103.00,True
1789839330.1390,81.70,48.3400,50.4900,48.4800,98.00,103.00,True
1789839330.2418,81.80,48.2900,50.4900,48.4800,98.00,103.00,True
1789839330.3817,81.90,48.2400,48.3400,48.4800,98.00,103.00,True
1789839330.5211,82.00,48.1900,45.0400,48.3400,98.00,103.00,True
1789839330.5989,82.10,48.1450,45.0400,48.3400,98.50,103.00,True
1789839330.6987,82.20,48.1000,45.0400,48.3400,98.50,103.00,True
1789839330.8129,82.30,48.0550,45.0400,48.3400,98.50,103.00,True
1789839331.0217,82.40,48.0100,50.1600,48.3400,98.50,103.00,True
1789839331.1095,82.50,47.9700,50.1600,48.3400,99.00,103.00,True
1789839331.2102,82.60,47.9300,50.2600,50.2100,99.00,103.00,True
1789839331.3779,82.70,47.8900,50.2600,50.2100,99.00,103.00,True
1789839331.4598,82.80,47.8500,44.7800,50.2100,99.00,103.00,True
1789839331.5786,82.90,47.8100,47.9300,50.2100,99.00,103.00,True
1789839331.6778,83.00,47.7700,47.8900,50.2100,99.00,103.00,True
1789839331.7560,83.10,47.7300,47.8900,44.7800,99.00,103.00,True
1789839331.8557,83.20,47.6850,47.8900,44.7800,98.50,103.00,True
1789839331.9685,83.30,47.6400,47.8900,44.7800,98.50,103.00,True
1789839332.0875,83.40,47.5950,47.7300,44.7800,98.50,103.00,True
1789839332.1617,83.50,47.5500,47.6800,44.7800,98.50,103.00,True
1789839332.2782,83.60,47.5050,47.6800,47.6800,98.50,103.00,True
1789839332.3452,83.70,47.4650,47.6800,47.6800,99.00,103.00,True
1789839332.5584,83.80,47.4250,47.5000,47.6800,99.00,103.00,True
1789839332.6381,83.90,47.3850,44.2700,47.6800,99.00,103.00,True
1789839332.7176,84.00,47.3450,44.2700,47.6800,99.00,103.00,True
1789839332.9201,84.10,47.3100,44.2700,44.2700,99.50,103.00,True
1789839333.7218,84.20,47.2750,44.0200,49.9200,99.50,103.00,True
1789839333.8224,84.30,47.2450,44.0200,49.9200,100.00,103.00,True
1789839334.0089,84.40,47.2150,49.6600,44.0200,100.00,103.00,True
1789839334.1109,84.50,47.1850,49.6600,44.0200,100.00,103.00,True
1789839334.3093,84.60,47.1600,49.7000,44.0200,100.50,103.00,True
1789839334.4379,84.70,47.1350,43.8100,44.0200,100.50,103.00,True
1789839334.5389,84.80,47.1100,43.7800,44.0200,100.50,103.00,True
1789839334.6208,84.90,47.0850,43.7800,44.0200,100.50,103.00,True
1789839334.7188,85.00,47.0600,43.7800,44.0200,100.50,103.00,True
1789839334.8354,85.10,47.0350,49.5000,44.0200,100.50,103.00,True
1789839334.9587,85.20,47.0100,49.4800,44.0200,100.50,103.00,True
1789839335.0147,85.30,46.9850,47.0600,44.0200,100.50,103.00,True
1789839335.2765,85.40,46.9600,47.0600,44.0200,100.50,103.00,True
1789839335.4061,85.50,46.9350,43.6400,44.0200,100.50,103.00,True
1789839335.4998,85.60,46.9100,43.6400,44.0200,100.50,103.00,True
1789839335.6168,85.70,46.8850,43.6400,44.0200,100.50,103.00,True
1789839336.0759,85.80,46.8600,46.9600,44.0200,100.50,103.00,True
1789839336.1563,85.90,46.8350,46.9600,44.0200,100.50,103.00,True
1789839336.2664,86.00,46.8100,46.9600,44.0200,100.50,103.00,True
1789839336.5132,86.10,46.7850,49.1500,44.0200,100.50,103.00,True
1789839336.6303,86.20,46.7600,43.4100,44.0200,100.50,103.00,True
1789839336.7860,86.30,46.7350,46.7800,44.0200,100.50,103.00,True
1789839336.8892,86.40,46.7100,46.7600,44.0200,100.50,103.00,True
1789839336.9917,86.50,46.6850,46.7600,44.0200,100.50,103.00,True
1789839337.0865,86.60,46.6600,43.2800,44.0200,100.50,103.00,True
1789839337.1882,86.70,46.6350,43.2800,44.0200,100.50,103.00,True
1789839337.2706,86.80,46.6100,46.6800,44.0200,100.50,103.00,True
1789839337.3925,86.90,46.5850,48.9500,44.0200,100.50,103.00,True
1789839337.4714,87.00,46.5600,48.9500,44.0200,100.50,103.00,True
1789839337.5694,87.10,46.5350,43.2100,44.0200,100.50,103.00,True
1789839337.7365,87.20,46.5100,48.8800,44.0200,100.50,103.00,True
1789839337.8555,87.30,46.4850,43.1800,44.0200,100.50,103.00,True
1789839337.9966,87.40,46.4600,43.1800,44.0200,100.50,103.00,True
1789839338.0694,87.50,46.4350,43.1800,44.0200,100.50,103.00,True
1789839338.1939,87.60,46.4100,43.1400,44.0200,100.50,103.00,True
1789839338.3632,87.70,46.3850,46.4400,44.0200,100.50,103.00,True
1789839338.9235,87.80,46.3600,48.6200,44.0200,100.50,103.00,True
1789839339.0356,87.90,46.3350,48.6200,44.0200,100.50,103.00,True
1789839339.1333,88.00,46.3100,42.9100,44.0200,100.50,103.00,True
1789839339.3124,88.10,46.2850,42.8800,44.0200,100.50,103.00,True
1789839339.4139,88.20,46.2600,42.8600,44.0200,100.50,103.00,True
1789839339.5425,88.30,46.2350,46.2800,44.0200,100.50,103.00,True
1789839339.6734,88.40,46.2100,46.2800,44.0200,100.50,103.00,True
1789839339.8245,88.50,46.1850,46.2400,44.0200,100.50,103.00,True
1789839339.8952,88.60,46.1600,46.2400,44.0200,100.50,103.00,True
1789839340.0061,88.70,46.1350,46.2400,44.0200,100.50,103.00,True
1789839340.1265,88.80,46.1100,46.1800,44.0200,100.50,103.00,True
1789839340.2395,88.90,46.0850,42.6600,44.0200,100.50,103.00,True
1789839340.3535,89.00,46.0600,46.1400,44.0200,100.50,103.00,True
1789839340.4581,89.10,46.0350,46.1400,44.0200,100.50,103.00,True
1789839340.5580,89.20,46.0100,46.1400,44.0200,100.50,103.00,True
1789839341.2290,89.30,45.9850,48.3000,44.0200,100.50,103.00,True
1789839341.3234,89.40,45.9600,46.0100,44.0200,100.50,103.00,True
1789839341.4277,89.50,45.9350,46.0100,44.0200,100.50,103.00,True
1789839341.5308,89.60,45.9100,46.0100,44.0200,100.50,103.00,True
1789839341.6763,89.70,45.8850,48.2200,44.0200,100.50,103.00,True
1789839341.7732,89.80,45.8600,42.4400,44.0200,100.50,103.00,True
1789839341.8642,89.90,45.8350,42.4100,44.0200,100.50,103.00,True
1789839342.0365,90.00,45.8100,42.4100,44.0200,100.50,103.00,True
1789839342.1383,90.10,45.7850,45.8400,44.0200,100.50,103.00,True
1789839342.3648,90.20,45.7600,48.1200,44.0200,100.50,103.00,True
1789839342.4795,90.30,45.7350,48.1200,44.0200,100.50,103.00,True
1789839342.6020,90.40,45.7100,48.1200,44.0200,100.50,103.00,True
1789839343.5189,90.50,45.6850,47.9000,44.0200,100.50,103.00,True
1789839343.6497,90.60,45.6600,42.0400,44.0200,100.50,103.00,True
1789839343.9196,90.70,45.6350,47.7800,44.0200,100.50,103.00,True
1789839344.0027,90.80,45.6100,47.7800,44.0200,100.50,103.00,True
1789839344.1101,90.90,45.5850,47.7800,44.0200,100.50,103.00,True
1789839344.2189,91.00,45.5600,47.6800,44.0200,100.50,103.00,True
1789839344.3368,91.10,45.5350,45.5800,44.0200,100.50,103.00,True
1789839344.4487,91.20,45.5100,45.5800,44.0200,100.50,103.00,True
1789839344.5316,91.30,45.4850,45.5800,44.0200,100.50,103.00,True
1789839344.6118,91.40,45.4600,45.5800,44.0200,100.50,103.00,True
1789839344.7475,91.50,45.4350,47.5800,44.0200,100.50,103.00,True
1789839344.8144,91.60,45.4100,47.5500,44.0200,100.50,103.00,True
1789839344.9498,91.70,45.3850,47.5500,44.0200,100.50,103.00,True
1789839345.0547,91.80,45.3600,47.5500,44.0200,100.50,103.00,True
1789839345.1373,91.90,45.3350,47.5500,44.0200,100.50,103.00,True
1789839345.3162,92.00,45.3100,45.3600,44.0200,100.50,103.00,True
1789839345.4695,92.10,45.2850,41.7800,44.0200,100.50,103.00,True
1789839345.5584,92.20,45.2600,41.7800,44.0200,100.50,103.00,True
1789839345.6805,92.30,45.2350,41.7800,44.0200,100.50,103.00,True
1789839345.9503,92.40,45.2100,41.6800,44.0200,100.50,103.00,True
1789839346.1402,92.50,45.1850,41.6800,44.0200,100.50,103.00,True
1789839346.2353,92.60,45.1600,45.2100,44.0200,100.50,103.00,True
1789839346.3781,92.70,45.1350,47.2000,44.0200,100.50,103.00,True
1789839346.4595,92.80,45.1100,47.2000,44.0200,100.50,103.00,True
1789839346.5380,92.90,45.0850,47.2000,44.0200,100.50,103.00,True
1789839346.6682,93.00,45.0600,41.5100,44.0200,100.50,103.00,True
1789839346.8748,93.10,45.0350,41.4600,44.0200,100.50,103.00,True
1789839346.9805,93.20,45.0100,41.4600,44.0200,100.50,103.00,True
1789839347.1002,93.30,44.9850,41.4600,44.0200,100.50,103.00,True
1789839347.1730,93.40,44.9600,41.4600,44.0200,100.50,103.00,True
1789839347.3157,93.50,44.9350,41.3800,44.0200,100.50,103.00,True
1789839347.4116,93.60,44.9100,47.0800,44.0200,100.50,103.00,True
1789839347.5791,93.70,44.8850,47.0800,44.0200,100.50,103.00,True
1789839347.7375,93.80,44.8600,47.0800,44.0200,100.50,103.00,True
1789839347.8888,93.90,44.8350,44.8800,44.0200,100.50,103.00,True
1789839347.9591,94.00,44.8100,44.8800,44.0200,100.50,103.00,True
1789839348.0783,94.10,44.7850,44.8800,44.0200,100.50,103.00,True
1789839348.2053,94.20,44.7600,44.8800,44.0200,100.50,103.00,True
1789839348.3190,94.30,44.7350,41.2100,44.0200,100.50,103.00,True
1789839348.3955,94.40,44.7100,41.2100,44.0200,100.50,103.00,True
1789839348.4694,94.50,44.6850,41.2100,44.0200,100.50,103.00,True
1789839348.6147,94.60,44.6600,41.2100,44.0200,100.50,103.00,True
1789839348.7770,94.70,44.6350,46.7800,44.0200,100.50,103.00,True
1789839348.8568,94.80,44.6100,46.7800,44.0200,100.50,103.00,True
1789839348.9274,94.90,44.5850,46.7800,44.0200,100.50,103.00,True
1789839349.0615,95.00,44.5600,46.7800,44.0200,100.50,103.00,True
1789839349.2411,95.10,44.5350,41.0600,44.0200,100.50,103.00,True
1789839349.3101,95.20,44.5100,41.0600,44.0200,100.50,103.00,True
1789839349.4156,95.30,44.4850,41.0600,44.0200,100.50,103.00,True
1789839349.6425,95.40,44.4600,46.6000,44.0200,100.50,103.00,True
1789839349.7473,95.50,44.4350,40.9600,44.0200,100.50,103.00,True
1789839349.8605,95.60,44.4100,40.9600,44.0200,100.50,103.00,True
1789839350.0854,95.70,44.3850,46.5000,44.0200,100.50,103.00,True
1789839350.2000,95.80,44.3600,46.4800,44.0200,100.50,103.00,True
1789839350.4909,95.90,44.3350,46.6000,44.0200,100.50,103.00,True
1789839350.5999,96.00,44.3100,46.4000,44.0200,100.50,103.00,True
1789839350.6836,96.10,44.2850,40.7400,44.0200,100.50,103.00,True
1789839350.7997,96.20,44.2600,46.3200,44.0200,100.50,103.00,True
1789839350.9464,96.30,44.2350,46.3200,44.0200,100.50,103.00,True
1789839351.0803,96.40,44.2100,40.6800,44.0200,100.50,103.00,True
1789839351.2386,96.50,44.1850,44.2400,44.0200,100.50,103.00,True
1789839351.3159,96.60,44.1600,40.6400,44.0200,100.50,103.00,True
1789839351.7514,96.70,44.1350,46.1500,44.0200,100.50,103.00,True
1789839351.8348,96.80,44.1100,46.1500,44.0200,100.50,103.00,True
1789839351.9532,96.90,44.0850,46.1500,44.0200,100.50,103.00,True
1789839352.0363,97.00,44.0600,44.1400,44.0200,100.50,103.00,True
1789839352.1533,97.10,44.0350,44.0800,44.0200,100.50,103.00,True
1789839352.2296,97.20,44.0100,44.0800,44.0200,100.50,103.00,True
1789839352.3124,97.30,43.9850,44.0800,44.0200,100.50,103.00,True
1789839352.4044,97.40,43.9600,44.0800,44.0200,100.50,103.00,True
1789839352.5169,97.50,43.9350,44.0100,44.0200,100.50,103.00,True
1789839352.6527,97.60,43.9100,44.0100,44.0200,100.50,103.00,True
1789839352.7946,97.70,43.8850,40.3400,44.0200,100.50,103.00,True
1789839352.9503,97.80,43.8600,40.3400,44.0200,100.50,103.00,True
1789839353.0737,97.90,43.8350,45.9800,44.0200,100.50,103.00,True
1789839353.1512,98.00,43.8100,45.9800,44.0200,100.50,103.00,True
1789839353.2522,98.10,43.7850,45.9200,44.0200,100.50,103.00,True
1789839353.3607,98.20,43.7600,40.1800,44.0200,100.50,103.00,True
1789839353.4824,98.30,43.7350,43.7800,44.0200,100.50,103.00,True
1789839353.5582,98.40,43.7100,43.7800,44.0200,100.50,103.00,True
1789839353.7963,98.50,43.6850,40.1100,44.0200,100.50,103.00,True
1789839353.8904,98.60,43.6600,43.7100,44.0200,100.50,103.00,True
1789839353.9550,98.70,43.6350,45.8000,44.0200,100.50,103.00,True
1789839354.0616,98.80,43.6100,45.8000,44.0200,100.50,103.00,True
1789839354.3037,98.90,43.5850,43.6400,44.0200,100.50,103.00,True
1789839354.4455,99.00,43.5600,45.7200,44.0200,100.50,103.00,True
1789839354.6152,99.10,43.5350,45.7200,44.0200,100.50,103.00,False
1789839354.7151,99.20,43.5100,39.9100,44.0200,100.50,103.00,False
1789839354.8015,99.30,43.4850,39.9100,44.0200,100.50,103.00,False
1789839354.9019,99.40,43.4600,43.5400,44.0200,100.50,103.00,False
1789839354.9990,99.50,43.4350,43.5400,44.0200,100.50,103.00,False
1789839355.1912,99.60,43.4100,45.6200,44.0200,100.50,103.00,False
1789839355.2740,99.70,43.3850,45.6200,44.0200,100.50,103.00,False
1789839355.3905,99.80,43.3600,45.5000,44.0200,100.50,103.00,False
1789839355.4906,99.90,43.3350,45.5000,44.0200,100.50,103.00,False
1789839355.6474,100.00,43.3100,45.5000,44.0200,100.50,103.00,False
1789839355.9109,100.10,43.2850,43.3100,44.0200,100.50,103.00,False
1789839355.9855,100.20,43.2600,43.3100,44.0200,100.50,103.00,False
1789839356.1906,100.30,43.2350,39.6400,44.0200,100.50,103.00,False
1789839356.3596,100.40,43.2100,45.2800,44.0200,100.50,103.00,False
1789839356.4721,100.50,43.1850,45.2800,44.0200,100.50,103.00,False
1789839356.6789,100.60,43.1600,43.1800,44.0200,100.50,103.00,False
1789839356.7753,100.70,43.1350,43.1800,44.0200,100.50,103.00,False
1789839356.8934,100.80,43.1100,39.4800,44.0200,100.50,103.00,False
1789839356.9754,100.90,43.0850,39.4800,44.0200,100.50,103.00,False
1789839357.1279,101.00,43.0600,45.1000,43.4600,100.50,103.00,False
1789839357.2558,101.10,43.0350,45.1000,43.4600,100.50,103.00,False
1789839357.3707,101.20,43.0100,43.0600,43.4600,100.50,103.00,False
1789839357.5001,101.30,42.9850,43.0400,43.4600,100.50,103.00,False
1789839357.6032,101.40,42.9600,43.0400,43.4600,100.50,103.00,False
1789839357.7701,101.50,42.9350,43.0100,43.4600,100.50,103.00,False
1789839357.9055,101.60,42.9100,42.9600,43.4600,100.50,103.00,False
1789839358.0202,101.70,42.8850,42.9600,43.4600,100.50,103.00,False
1789839358.0961,101.80,42.8600,39.2400,43.4600,100.50,103.00,False
1789839358.2019,101.90,42.8350,39.2400,43.4600,100.50,103.00,False
1789839358.3703,102.00,42.8100,42.8600,43.4600,100.50,103.00,False
1789839358.4782,102.10,42.7850,42.8600,43.4600,100.50,103.00,False
1789839358.6739,102.20,42.7600,42.8100,43.4600,100.50,103.00,False
1789839358.8544,102.30,42.7350,44.7800,43.4600,100.50,103.00,False
1789839358.9490,102.40,42.7150,44.7800,43.4600,101.00,103.00,False
1789839359.0954,102.50,42.6950,39.0200,43.4600,101.00,103.00,False
1789839359.3415,102.60,42.6750,39.0200,43.4600,101.00,103.00,False
1789839359.5033,102.70,42.6550,42.7000,43.4600,101.00,103.00,False
1789839359.6036,102.80,42.6350,44.6200,43.4600,101.00,103.00,False
1789839359.7206,102.90,42.6150,44.6200,43.4600,101.00,103.00,False
1789839359.8315,103.00,42.5950,44.5800,43.4600,101.00,103.00,False
1789839359.9429,103.10,42.5750,44.5800,43.4600,101.00,103.00,False
1789839360.1954,103.20,42.5550,42.6000,43.4600,101.00,103.00,False
1789839360.3280,103.30,42.5350,38.8500,43.4600,101.00,103.00,False
1789839360.4436,103.40,42.5150,38.8500,43.4600,101.00,103.00,False
1789839360.5577,103.50,42.4950,38.8200,43.4600,101.00,103.00,False
1789839360.6957,103.60,42.4750,42.5400,43.4600,101.00,103.00,False
1789839360.8018,103.70,42.4550,44.4000,43.4600,101.00,103.00,False
1789839360.8771,103.80,42.4350,44.4000,43.4600,101.00,103.00,False
1789839361.0016,103.90,42.4150,38.7400,43.4600,101.00,103.00,False
1789839361.1229,104.00,42.3950,38.7400,43.4600,101.00,103.00,False
1789839361.2634,104.10,42.3750,44.3600,43.4600,101.00,103.00,False
1789839361.3380,104.20,42.3550,44.3400,43.4600,101.00,103.00,False
1789839361.4441,104.30,42.3350,44.3400,43.4600,101.00,103.00,False
1789839361.5564,104.40,42.3150,44.3200,43.4600,101.00,103.00,False
1789839361.6777,104.50,42.2950,42.3400,43.4600,101.00,103.00,False
1789839361.8113,104.60,42.2750,42.3200,43.4600,101.00,103.00,False
1789839361.9376,104.70,42.2550,42.3200,43.4600,101.00,103.00,False
1789839362.0447,104.80,42.2350,44.2200,43.4600,101.00,103.00,False
1789839362.2257,104.90,42.2150,42.2600,43.4600,101.00,103.00,False
1789839362.3312,105.00,42.1950,42.2400,43.4600,101.00,103.00,False
1789839362.4651,105.10,42.1750,42.2400,43.4600,101.00,103.00,False
1789839362.5633,105.20,42.1550,38.5200,43.4600,101.00,103.00,False
1789839362.6647,105.30,42.1350,38.5200,43.4600,101.00,103.00,False
1789839362.7732,105.40,42.1150,38.5200,43.4600,101.00,103.00,False
1789839363.0344,105.50,42.0950,44.0400,43.4600,101.00,103.00,False
1789839363.1370,105.60,42.0750,44.0400,43.4600,101.00,103.00,False
1789839363.2367,105.70,42.0550,44.0400,43.4600,101.00,103.00,False
1789839363.3612,105.80,42.0350,44.0000,43.4600,101.00,103.00,False
1789839363.5637,105.90,42.0150,42.0600,43.4600,101.00,103.00,False
1789839363.6636,106.00,41.9950,42.0600,43.4600,101.00,103.00,False
1789839363.8077,106.10,41.9750,38.3200,43.4600,101.00,103.00,False
1789839363.9265,106.20,41.9550,43.9000,43.4600,101.00,103.00,False
1789839364.0060,106.30,41.9350,38.2800,43.4600,101.00,103.00,False
1789839364.0794,106.40,41.9150,38.2800,43.4600,101.00,103.00,False
1789839364.1992,106.50,41.8950,38.2800,43.4600,101.00,103.00,False
1789839364.3149,106.60,41.8750,41.9200,43.4600,101.00,103.00,False
1789839364.4052,106.70,41.8550,41.9200,43.4600,101.00,103.00,False
1789839364.4816,106.80,41.8350,41.9000,43.4600,101.00,103.00,False
1789839364.5914,106.90,41.8150,41.9000,43.4600,101.00,103.00,False
1789839364.7203,107.00,41.7950,43.7400,43.4600,101.00,103.00,False
1789839364.8240,107.10,41.7750,43.7200,43.4600,101.00,103.00,False
1789839364.9231,107.20,41.7550,43.7000,43.4600,101.00,103.00,False
1789839365.1457,107.30,41.7350,43.7000,43.4600,101.00,103.00,False
1789839365.3287,107.40,41.7150,43.6200,43.4600,101.00,103.00,False
1789839365.5126,107.50,41.6950,41.7400,43.4600,101.00,103.00,False
1789839365.6123,107.60,41.6750,41.7400,43.4600,101.00,103.00,False
1789839365.7496,107.70,41.6550,41.7000,43.4600,101.00,103.00,False
1789839365.8666,107.80,41.6350,41.6800,43.4600,101.00,103.00,False
1789839365.9835,107.90,41.6150,41.6800,43.4600,101.00,103.00,False
1789839366.7765,108.00,41.5950,43.3800,43.4600,101.00,103.00,False
1789839366.8535,108.10,41.5750,43.3600,43.4600,101.00,103.00,False
1789839366.9764,108.20,41.5550,43.3600,43.4600,101.00,103.00,False
1789839367.0646,108.30,41.5350,43.3600,43.4600,101.00,103.00,False
1789839367.1663,108.40,41.5150,43.3600,43.4600,101.00,103.00,False
1789839367.2678,108.50,41.4950,37.8400,43.4600,101.00,103.00,False
1789839367.4517,108.60,41.4750,41.5400,43.4600,101.00,103.00,False
1789839367.5738,108.70,41.4550,41.5800,43.4600,101.00,103.00,False
1789839367.8158,108.80,41.4350,43.2200,43.4600,101.00,103.00,False
1789839368.0775,108.90,41.4150,43.1600,43.4600,101.00,103.00,False
1789839368.1946,109.00,41.3950,43.1600,43.4600,101.00,103.00,False
1789839368.3754,109.10,41.3750,41.4200,43.4600,101.00,103.00,False
1789839368.7018,109.20,41.3550,43.0800,43.4600,101.00,103.00,False
1789839368.7772,109.30,41.3350,43.0800,43.4600,101.00,103.00,False
1789839368.9079,109.40,41.3150,43.0800,43.4600,101.00,103.00,False
1789839369.0150,109.50,41.2950,41.3400,43.4600,101.00,103.00,False
1789839369.1304,109.60,41.2750,41.3400,43.4600,101.00,103.00,False
1789839369.2181,109.70,41.2550,41.3400,43.4600,101.00,103.00,False
1789839369.2907,109.80,41.2350,41.3400,43.4600,101.00,103.00,False
1789839369.4175,109.90,41.2150,41.3400,43.4600,101.00,103.00,False
1789839369.5396,110.00,41.1950,41.2400,43.4600,101.00,103.00,False
1789839369.6531,110.10,41.1750,41.2400,43.4600,101.00,103.00,False
1789839369.7784,110.20,41.1550,42.9200,43.4600,101.00,103.00,False
1789839369.8869,110.30,41.1350,42.9200,43.4600,101.00,103.00,False
1789839369.9882,110.40,41.1150,42.8800,43.4600,101.00,103.00,False
1789839370.1234,110.50,41.0950,37.4000,43.4600,101.00,103.00,False
1789839370.1997,110.60,41.0750,37.4000,43.4600,101.00,103.00,False
1789839370.3118,110.70,41.0550,41.1200,43.4600,101.00,103.00,False
1789839370.5052,110.80,41.0350,37.3400,43.4600,101.00,103.00,False
1789839370.6071,110.90,41.0150,41.0600,43.4600,101.00,103.00,False
1789839370.7157,111.00,40.9950,41.0600,43.4600,101.00,103.00,False
1789839370.8202,111.10,40.9750,42.7600,43.4600,101.00,103.00,False
1789839370.9295,111.20,40.9550,41.0000,43.4600,101.00,103.00,False
1789839371.3251,111.30,40.9350,42.6800,43.4600,101.00,103.00,False
1789839371.4223,111.40,40.9150,42.6800,43.4600,101.00,103.00,False
1789839371.5460,111.50,40.8950,42.6200,43.4600,101.00,103.00,False
1789839371.6622,111.60,40.8750,42.6200,43.4600,101.00,103.00,False
1789839371.7988,111.70,40.8550,37.1400,43.4600,101.00,103.00,False
1789839371.8960,111.80,40.8350,37.1400,43.4600,101.00,103.00,False
1789839372.0155,111.90,40.8150,40.8500,43.4600,101.00,103.00,False
1789839372.1351,112.00,40.7950,42.5600,43.4600,101.00,103.00,False
1789839372.3499,112.10,40.7750,42.5200,43.4600,101.00,103.00,False
1789839372.4814,112.20,40.7550,36.9900,43.4600,101.00,103.00,False
1789839372.6015,112.30,40.7350,40.7800,43.4600,101.00,103.00,False
1789839372.7305,112.40,40.7150,40.7600,43.4600,101.00,103.00,False
1789839372.8348,112.50,40.6950,40.7600,43.4600,101.00,103.00,False
1789839372.9311,112.60,40.6750,40.7600,43.4600,101.00,103.00,False
1789839373.0798,112.70,40.6550,40.7000,43.4600,101.00,103.00,False
1789839373.1969,112.80,40.6350,36.8800,43.4600,101.00,103.00,False
1789839373.2713,112.90,40.6150,36.8800,43.4600,101.00,103.00,False
1789839373.9595,113.00,40.5950,36.8800,43.4600,101.00,103.00,False
1789839374.1695,113.10,40.5750,40.6200,43.4600,101.00,103.00,False
1789839374.2655,113.20,40.5550,40.6200,43.4600,101.00,103.00,False
1789839375.0991,113.30,40.5350,36.6600,43.4600,101.00,103.00,False
1789839375.1948,113.40,40.5150,36.6600,43.4600,101.00,103.00,False
1789839375.3139,113.50,40.4950,42.0600,43.4600,101.00,103.00,False
1789839375.3978,113.60,40.4750,42.0600,43.4600,101.00,103.00,False
1789839375.5209,113.70,40.4550,42.0400,43.4600,101.00,103.00,False
1789839375.6165,113.80,40.4350,42.0400,43.4600,101.00,103.00,False
1789839375.6948,113.90,40.4150,42.0400,43.4600,101.00,103.00,False
1789839375.7958,114.00,40.3950,42.0400,43.4600,101.00,103.00,False
1789839375.8984,114.10,40.3750,42.0400,43.4600,101.00,103.00,False
1789839375.9708,114.20,40.3550,41.9400,43.4600,101.00,103.00,False
1789839376.0998,114.30,40.3350,41.9400,43.4600,101.00,103.00,False
1789839376.2051,114.40,40.3150,41.9400,43.4600,101.00,103.00,False
1789839376.3444,114.50,40.2950,41.9400,43.4600,101.00,103.00,False
1789839376.6382,114.60,40.2750,42.0400,43.4600,101.00,103.00,False
1789839376.7188,114.70,40.2550,42.0400,43.4600,101.00,103.00,False
1789839376.8189,114.80,40.2350,42.0400,43.4600,101.00,103.00,False
1789839376.9521,114.90,40.2150,42.0400,43.4600,101.00,103.00,False
1789839377.0639,115.00,40.1950,40.2600,43.4600,101.00,103.00,False
1789839377.1820,115.10,40.1750,36.3400,43.4600,101.00,103.00,False
1789839377.2586,115.20,40.1550,36.3400,43.4600,101.00,103.00,False
1789839377.6835,115.30,40.1350,41.6600,43.4600,101.00,103.00,False
1789839377.7659,115.40,40.1150,41.6600,43.4600,101.00,103.00,False
1789839377.8407,115.50,40.0950,41.6600,43.4600,101.00,103.00,False
1789839377.9617,115.60,40.0750,41.6000,43.4600,101.00,103.00,False
1789839378.2751,115.70,40.0550,40.1000,43.4600,101.00,103.00,False
1789839378.3763,115.80,40.0350,40.1000,43.4600,101.00,103.00,False
1789839378.5871,115.90,40.0150,41.4800,43.4600,101.00,103.00,False
1789839378.7699,116.00,39.9950,41.4800,43.4600,101.00,103.00,False
1789839378.9131,116.10,39.9750,41.4800,43.4600,101.00,103.00,False
1789839379.0677,116.20,39.9550,39.9900,43.4600,101.00,103.00,False
1789839379.1682,116.30,39.9350,36.0300,43.4600,101.00,103.00,False
1789839379.2988,116.40,39.9150,36.0300,43.4600,101.00,103.00,False
1789839379.5207,116.50,39.8950,35.9900,43.4600,101.00,103.00,False
1789839379.6274,116.60,39.8750,35.9600,43.4600,101.00,103.00,False
1789839379.7068,116.70,39.8550,35.9600,43.4600,101.00,103.00,False
1789839379.7873,116.80,39.8350,35.9600,43.4600,101.00,103.00,False
1789839379.9094,116.90,39.8150,39.8800,43.4600,101.00,103.00,False
1789839379.9814,117.00,39.7950,39.8800,43.4600,101.00,103.00,False
1789839380.1079,117.10,39.7750,35.9000,43.4600,101.00,103.00,False
1789839380.2353,117.20,39.7550,35.9000,43.4600,101.00,103.00,False
1789839380.4339,117.30,39.7350,39.7800,43.4600,101.00,103.00,False
1789839380.5590,117.40,39.7150,35.8200,43.4600,101.00,103.00,False
1789839380.6153,117.50,39.6950,35.8200,43.4600,101.00,103.00,False
1789839380.7099,117.60,39.6750,35.8200,43.4600,101.00,103.00,False
1789839380.8395,117.70,39.6550,41.1400,43.4600,101.00,103.00,False
1789839380.9899,117.80,39.6350,39.6700,43.4600,101.00,103.00,False
1789839381.0802,117.90,39.6150,39.6700,43.4600,101.00,103.00,False
1789839381.1470,118.00,39.5950,39.6700,43.4600,101.00,103.00,False
1789839381.2633,118.10,39.5750,39.6700,43.4600,101.00,103.00,False
1789839381.3620,118.20,39.5550,39.6200,43.4600,101.00,103.00,False
1789839381.4427,118.30,39.5350,41.0200,43.4600,101.00,103.00,False
1789839381.5360,118.40,39.5150,41.0200,43.4600,101.00,103.00,False
1789839381.6441,118.50,39.4950,40.9800,43.4600,101.00,103.00,False
1789839381.7513,118.60,39.4750,39.5200,43.4600,101.00,103.00,False
1789839381.8372,118.70,39.4550,40.9400,43.4600,101.00,103.00,False
1789839381.9367,118.80,39.4350,40.9400,43.4600,101.00,103.00,False
1789839382.0595,118.90,39.4150,39.4600,43.4600,101.00,103.00,False
1789839382.1844,119.00,39.3950,40.8600,43.4600,101.00,103.00,False
1789839382.3279,119.10,39.3750,39.4200,43.4600,101.00,103.00,False
1789839382.4281,119.20,39.3550,39.4200,43.4600,101.00,103.00,False
1789839382.5498,119.30,39.3350,40.8300,43.4600,101.00,103.00,False
1789839382.7380,119.40,39.3150,39.3500,43.4600,101.00,103.00,False
1789839382.8362,119.50,39.2950,40.7800,43.4600,101.00,103.00,False
1789839382.9367,119.60,39.2750,40.7400,43.4600,101.00,103.00,False
1789839383.0765,119.70,39.2550,40.7400,43.4600,101.00,103.00,False
1789839383.9750,119.80,39.2350,40.5600,43.4600,101.00,103.00,False
1789839384.0615,119.90,39.2150,40.5600,43.4600,101.00,103.00,False
1789839384.1682,120.00,39.1950,40.5200,43.4600,101.00,103.00,False
1789839384.2992,120.10,39.1750,35.3400,43.4600,101.00,103.00,False
1789839384.4213,120.20,39.1550,39.2000,43.4600,101.00,103.00,False
1789839384.6452,120.30,39.1350,39.1600,43.4600,101.00,103.00,False
1789839384.7470,120.40,39.1150,39.1600,43.4600,101.00,103.00,False
1789839384.8635,120.50,39.0950,35.2600,43.4600,101.00,103.00,False
1789839384.9680,120.60,39.0750,35.2400,43.4600,101.00,103.00,False
1789839385.0781,120.70,39.0550,35.2400,43.4600,101.00,103.00,False
1789839385.1612,120.80,39.0350,35.2400,43.4600,101.00,103.00,False
1789839385.3004,120.90,39.0150,39.1000,43.4600,101.00,103.00,False
1789839385.4022,121.00,38.9950,35.1600,43.4600,101.00,103.00,False
1789839385.5824,121.10,38.9750,35.1600,43.4600,101.00,103.00,False
1789839385.6543,121.20,38.9550,35.1600,43.4600,101.00,103.00,False
1789839385.8024,121.30,38.9350,35.1200,43.4600,101.00,103.00,False
1789839385.9001,121.40,38.9150,38.9800,43.4600,101.00,103.00,False
1789839386.0004,121.50,38.8950,38.9800,43.4600,101.00,103.00,False
1789839386.1013,121.60,38.8750,38.9800,43.4600,101.00,103.00,False
1789839386.2215,121.70,38.8550,40.1800,43.4600,101.00,103.00,False
1789839386.3415,121.80,38.8350,38.8800,43.4600,101.00,103.00,False
1789839386.4539,121.90,38.8150,38.8800,43.4600,101.00,103.00,False
1789839386.5540,122.00,38.7950,38.8800,43.4600,101.00,103.00,False
1789839386.7103,122.10,38.7750,40.1000,43.4600,101.00,103.00,False
1789839386.8067,122.20,38.7550,38.8000,43.4600,101.00,103.00,False
1789839386.9742,122.30,38.7350,38.8000,43.4600,101.00,103.00,False
1789839387.1059,122.40,38.7150,38.8000,43.4600,101.00,103.00,False
1789839387.2409,122.50,38.6950,34.8800,43.4600,101.00,103.00,False
1789839387.3197,122.60,38.6750,34.8800,43.4600,101.00,103.00,False
1789839387.4287,122.70,38.6550,34.8800,43.4600,101.00,103.00,False
1789839387.5286,122.80,38.6350,34.8800,43.4600,101.00,103.00,False
1789839387.6538,122.90,38.6150,39.9700,43.4600,101.00,103.00,False
1789839387.9464,123.00,38.5950,38.6600,43.4600,101.00,103.00,False
1789839388.0647,123.10,38.5750,38.6600,43.4600,101.00,103.00,False
1789839388.2468,123.20,38.5550,38.6000,43.4600,101.00,103.00,False
1789839388.3265,123.30,38.5350,38.6000,43.4600,101.00,103.00,False
1789839388.4491,123.40,38.5150,38.6000,43.4600,101.00,103.00,False
1789839388.6996,123.50,38.4950,34.6400,43.4600,101.00,103.00,False
1789839388.8274,123.60,38.4750,34.6400,43.4600,101.00,103.00,False
1789839388.9592,123.70,38.4550,34.6400,43.4600,101.00,103.00,False
1789839389.1662,123.80,38.4350,39.6800,43.4600,101.00,103.00,False
1789839389.2397,123.90,38.4150,39.6800,43.4600,101.00,103.00,False
1789839389.3439,124.00,38.3950,39.6800,43.4600,101.00,103.00,False
1789839389.4256,124.10,38.3750,39.6800,43.4600,101.00,103.00,False
1789839389.5637,124.20,38.3550,38.4200,43.4600,101.00,103.00,False
1789839389.7477,124.30,38.3350,38.4000,43.4600,101.00,103.00,False
1789839389.8857,124.40,38.3150,38.4000,43.4600,101.00,103.00,False
1789839390.0911,124.50,38.2950,39.5600,43.4600,101.00,103.00,False
1789839390.1671,124.60,38.2750,39.5600,43.4600,101.00,103.00,False
1789839390.2657,124.70,38.2550,39.5600,43.4600,101.00,103.00,False
1789839390.3860,124.80,38.2350,39.5600,43.4600,101.00,103.00,False
1789839390.5290,124.90,38.2150,38.2600,43.4600,101.00,103.00,False
1789839390.5816,125.00,38.1950,38.2600,43.4600,101.00,103.00,False
1789839390.7057,125.10,38.1750,38.2600,43.4600,101.00,103.00,False
1789839390.8162,125.20,38.1550,38.2600,43.4600,101.00,103.00,False
1789839390.9344,125.30,38.1350,39.3800,43.4600,101.00,103.00,False
1789839391.0856,125.40,38.1150,39.3800,43.4600,101.00,103.00,False
1789839391.1871,125.50,38.0950,39.3800,43.4600,101.00,103.00,False
1789839391.3083,125.60,38.0750,39.3800,43.4600,101.00,103.00,False
1789839391.4784,125.70,38.0550,34.2200,43.4600,101.00,103.00,False
1789839391.6064,125.80,38.0350,39.3300,43.4600,101.00,103.00,False
1789839391.7126,125.90,38.0150,39.3300,43.4600,101.00,103.00,False
1789839391.8437,126.00,37.9950,38.0300,43.4600,101.00,103.00,False
1789839392.0246,126.10,37.9750,39.2200,43.4600,101.00,103.00,False
1789839392.1065,126.20,37.9550,39.2000,43.4600,101.00,103.00,False
1789839392.1992,126.30,37.9350,39.2000,43.4600,101.00,103.00,False
1789839392.3287,126.40,37.9150,34.0600,43.4600,101.00,103.00,False
1789839392.4510,126.50,37.8950,37.9400,43.4600,101.00,103.00,False
1789839392.5997,126.60,37.8750,34.0200,43.4600,101.00,103.00,False
1789839392.6969,126.70,37.8550,34.0200,43.4600,101.00,103.00,False
1789839392.9570,126.80,37.8350,33.9600,43.4600,101.00,103.00,False
1789839393.0686,126.90,37.8150,39.1000,43.4600,101.00,103.00,False
1789839393.1653,127.00,37.7950,39.1000,43.4600,101.00,103.00,False
1789839393.2661,127.10,37.7750,39.1000,43.4600,101.00,103.00,False
1789839393.3876,127.20,37.7550,33.8800,43.4600,101.00,103.00,False
1789839393.5324,127.30,37.7350,33.8500,43.4600,101.00,103.00,False
1789839393.6080,127.40,37.7150,33.8500,43.4600,101.00,103.00,False
1789839393.7187,127.50,37.6950,33.8500,43.4600,101.00,103.00,False
1789839393.8126,127.60,37.6750,38.9700,43.4600,101.00,103.00,False
1789839393.9320,127.70,37.6550,38.9400,43.4600,101.00,103.00,False
1789839394.0895,127.80,37.6350,38.9200,43.4600,101.00,103.00,False
1789839394.2283,127.90,37.6150,38.9200,43.4600,101.00,103.00,False
1789839394.3444,128.00,37.5950,38.8800,43.4600,101.00,103.00,False
1789839394.4870,128.10,37.5750,38.8600,43.4600,101.00,103.00,False
1789839394.6025,128.20,37.5550,33.7400,43.4600,101.00,103.00,False
1789839394.7366,128.30,37.5350,33.7400,43.4600,101.00,103.00,False
1789839394.8712,128.40,37.5150,37.5600,43.4600,101.00,103.00,False
1789839394.9678,128.50,37.4950,37.5300,43.4600,101.00,103.00,False
1789839395.5683,128.60,37.4750,38.6800,43.4600,101.00,103.00,False
1789839395.6690,128.70,37.4550,38.6800,43.4600,101.00,103.00,False
1789839395.8168,128.80,37.4350,33.5300,43.4600,101.00,103.00,False
1789839396.0132,128.90,37.4150,37.4600,43.4600,101.00,103.00,False
1789839396.1546,129.00,37.3950,37.4600,43.4600,101.00,103.00,False
1789839396.2506,129.10,37.3750,38.5400,43.4600,101.00,103.00,False
1789839396.3704,129.20,37.3550,33.4400,43.4600,101.00,103.00,False
1789839396.4469,129.30,37.3350,33.4400,43.4600,101.00,103.00,False
1789839396.5528,129.40,37.3150,33.4400,43.4600,101.00,103.00,False
1789839396.6869,129.50,37.2950,33.3800,43.4600,101.00,103.00,False
1789839396.8429,129.60,37.2750,38.4700,43.4600,101.00,103.00,False
1789839396.9540,129.70,37.2550,38.4700,43.4600,101.00,103.00,False
1789839397.0524,129.80,37.2350,38.4700,43.4600,101.00,103.00,False
1789839397.1661,129.90,37.2150,33.3000,43.4600,101.00,103.00,False
1789839397.2840,130.00,37.1950,33.2800,43.4600,101.00,103.00,False
1789839397.3981,130.10,37.1750,33.2600,43.4600,101.00,103.00,False
1789839397.4694,130.20,37.1550,33.2600,43.4600,101.00,103.00,False
1789839397.5739,130.30,37.1350,33.2600,43.4600,101.00,103.00,False
1789839397.6741,130.40,37.1150,37.1600,43.4600,101.00,103.00,False
1789839397.7772,130.50,37.0950,37.1400,43.4600,101.00,103.00,False
1789839397.8806,130.60,37.0750,37.1400,43.4600,101.00,103.00,False
1789839397.9885,130.70,37.0550,37.1400,43.4600,101.00,103.00,False
1789839398.0957,130.80,37.0350,38.3400,43.4600,101.00,103.00,False
1789839398.1768,130.90,37.0150,33.1000,43.4600,101.00,103.00,False
1789839398.2782,131.00,36.9950,33.0800,43.4600,101.00,103.00,False
1789839398.3841,131.10,36.9750,33.0800,43.4600,101.00,103.00,False
1789839398.4527,131.20,36.9550,33.0800,43.4600,101.00,103.00,False
1789839398.6879,131.30,36.9350,36.9800,43.4600,101.00,103.00,False
1789839398.7641,131.40,36.9150,36.9600,43.4600,101.00,103.00,False
1789839398.8690,131.50,36.8950,36.9600,43.4600,101.00,103.00,False
1789839398.9659,131.60,36.8750,36.9600,43.4600,101.00,103.00,False
1789839399.1571,131.70,36.8550,36.9000,43.4600,101.00,103.00,False
1789839399.2617,131.80,36.8350,36.8800,43.4600,101.00,103.00,False
1789839399.3600,131.90,36.8150,36.8800,43.4600,101.00,103.00,False
1789839399.4517,132.00,36.7950,36.8800,43.4600,101.00,103.00,False
1789839399.6910,132.10,36.7750,36.8200,43.4600,101.00,103.00,False
1789839399.7706,132.20,36.7550,36.8000,43.4600,101.00,103.00,False
1789839399.8731,132.30,36.7350,36.8000,43.4600,101.00,103.00,False
1789839399.9764,132.40,36.7150,36.8000,43.4600,101.00,103.00,False
1789839400.0979,132.50,36.6950,36.8000,43.4600,101.00,103.00,False
1789839400.3572,132.60,36.6750,36.7200,43.4600,101.00,103.00,False
1789839400.4540,132.70,36.6550,36.7200,43.4600,101.00,103.00,False
1789839400.5612,132.80,36.6350,36.7200,43.4600,101.00,103.00,False
1789839400.6416,132.90,36.6150,36.7200,43.4600,101.00,103.00,False
1789839400.7621,133.00,36.5950,32.6700,43.4600,101.00,103.00,False
1789839400.9210,133.10,36.5750,32.6600,43.4600,101.00,103.00,False
1789839401.0158,133.20,36.5550,32.6600,43.4600,101.00,103.00,False
1789839401.0990,133.30,36.5350,32.6600,43.4600,101.00,103.00,False
1789839401.5825,133.40,36.5150,32.6000,43.4600,101.00,103.00,False
1789839401.7209,133.50,36.4950,37.8000,43.4600,101.00,103.00,False
1789839401.7968,133.60,36.4750,37.8000,43.4600,101.00,103.00,False
1789839401.9530,133.70,36.4550,32.4800,43.4600,101.00,103.00,False
1789839402.0785,133.80,36.4350,32.4800,43.4600,101.00,103.00,False
1789839402.1544,133.90,36.4150,32.4800,43.4600,101.00,103.00,False
1789839402.2363,134.00,36.3950,32.4800,43.4600,101.00,103.00,False
1789839402.3571,134.10,36.3750,36.4600,43.4600,101.00,103.00,False
1789839402.4584,134.20,36.3550,36.4200,43.4600,101.00,103.00,False
1789839402.5392,134.30,36.3350,36.4200,43.4600,101.00,103.00,False
1789839402.6309,134.40,36.3150,36.4200,43.4600,101.00,103.00,False
1789839402.7639,134.50,36.2950,36.4200,43.4600,101.00,103.00,False
1789839402.9752,134.60,36.2750,37.6800,43.4600,101.00,103.00,False
1789839403.1212,134.70,36.2550,37.6800,43.4600,101.00,103.00,False
1789839403.1994,134.80,36.2350,37.6800,43.4600,101.00,103.00,False
1789839403.3496,134.90,36.2150,37.6000,43.4600,101.00,103.00,False
1789839403.4500,135.00,36.1950,37.6000,43.4600,101.00,103.00,False
1789839403.5236,135.10,36.1750,37.6000,43.4600,101.00,103.00,False
1789839403.6109,135.20,36.1550,37.6000,43.4600,101.00,103.00,False
1789839403.7647,135.30,36.1350,37.6000,43.4600,101.00,103.00,False
1789839403.8974,135.40,36.1150,36.1600,43.4600,101.00,103.00,False
1789839403.9798,135.50,36.0950,36.1600,43.4600,101.00,103.00,False
1789839404.0987,135.60,36.0750,36.1600,43.4600,101.00,103.00,False
1789839404.3000,135.70,36.0550,32.0600,37.6000,101.00,103.00,False
1789839404.4016,135.80,36.0350,36.0800,37.6000,101.00,103.00,False
1789839404.5022,135.90,36.0150,36.0800,37.6000,101.00,103.00,False
1789839404.5782,136.00,35.9950,36.0800,37.6000,101.00,103.00,False
1789839404.6990,136.10,35.9750,36.0800,37.6000,101.00,103.00,False
1789839404.9534,136.20,35.9550,37.4700,37.6000,101.00,103.00,False
1789839405.0351,136.30,35.9350,37.4700,37.6000,101.00,103.00,False
1789839405.1322,136.40,35.9150,37.4700,37.6000,101.00,103.00,False
1789839405.2359,136.50,35.8950,37.3600,37.6000,101.00,103.00,False
1789839405.3542,136.60,35.8750,35.9200,37.6000,101.00,103.00,False
1789839405.4076,136.70,35.8550,35.9200,37.6000,101.00,103.00,False
1789839405.5052,136.80,35.8350,35.9200,37.6000,101.00,103.00,False
1789839405.6469,136.90,35.8150,35.9200,37.6000,101.00,103.00,False
1789839405.7442,137.00,35.7950,31.8600,37.6000,101.00,103.00,False
1789839405.8171,137.10,35.7750,31.8400,37.6000,101.00,103.00,False
1789839405.9836,137.20,35.7550,31.8400,37.6000,101.00,103.00,False
1789839406.0679,137.30,35.7350,31.8400,37.6000,101.00,103.00,False
1789839406.1908,137.40,35.7150,37.3300,37.6000,101.00,103.00,False
1789839406.3806,137.50,35.6950,37.3000,37.6000,101.00,103.00,False
1789839406.4900,137.60,35.6750,37.2800,37.6000,101.00,103.00,False
1789839406.5978,137.70,35.6600,37.2800,37.6000,101.50,103.00,False
1789839406.6990,137.80,35.6450,37.2400,37.6000,101.50,103.00,False
1789839406.7539,137.90,35.6300,37.2400,37.6000,101.50,103.00,False
1789839406.9186,138.00,35.6150,35.6500,37.6000,101.50,103.00,False
1789839406.9985,138.10,35.6000,35.6500,37.6000,101.50,103.00,False
1789839407.1234,138.20,35.5850,35.6500,37.6000,101.50,103.00,False
1789839407.2092,138.30,35.5700,35.6500,37.6000,101.50,103.00,False
1789839407.3594,138.40,35.5550,35.6200,37.6000,101.50,103.00,False
1789839407.4685,138.50,35.5400,37.1600,37.6000,101.50,103.00,False
1789839407.5832,138.60,35.5250,37.1600,37.6000,101.50,103.00,False
1789839407.7139,138.70,35.5100,37.1600,37.6000,101.50,103.00,False
1789839407.8142,138.80,35.4950,37.1400,37.6000,101.50,103.00,False
1789839407.9170,138.90,35.4800,37.1400,37.6000,101.50,103.00,False
1789839408.0082,139.00,35.4650,37.1000,37.6000,101.50,103.00,False
1789839408.0818,139.10,35.4500,37.1000,37.6000,101.50,103.00,False
1789839408.1765,139.20,35.4350,37.1000,37.6000,101.50,103.00,False
1789839408.2926,139.30,35.4200,37.1000,37.6000,101.50,103.00,False
1789839408.3724,139.40,35.4050,37.1000,37.6000,101.50,103.00,False
1789839408.4729,139.50,35.3900,37.1000,37.6000,101.50,103.00,False
1789839408.5803,139.60,35.3750,37.1000,37.6000,101.50,103.00,False
1789839408.7366,139.70,35.3600,37.1000,37.6000,101.50,103.00,False
1789839408.8521,139.80,35.3450,31.4400,37.6000,101.50,103.00,False
1789839408.9565,139.90,35.3300,31.4400,37.6000,101.50,103.00,False
1789839409.0632,140.00,35.3150,37.0300,37.6000,101.50,103.00,False
1789839409.2082,140.10,35.3000,37.0300,37.6000,101.50,103.00,False
1789839409.3699,140.20,35.2850,37.0300,37.6000,101.50,103.00,False
1789839409.4501,140.30,35.2700,36.9800,37.6000,101.50,103.00,False
1789839409.6414,140.40,35.2550,35.2800,37.6000,101.50,103.00,False
1789839409.7527,140.50,35.2400,35.2800,37.6000,101.50,103.00,False
1789839409.8734,140.60,35.2250,35.2600,37.6000,101.50,103.00,False
1789839410.0056,140.70,35.2100,31.3000,37.6000,101.50,103.00,False
1789839410.0818,140.80,35.1950,31.3000,37.6000,101.50,103.00,False
1789839410.1620,140.90,35.1800,31.2700,37.6000,101.50,103.00,False
1789839410.3692,141.00,35.1650,35.2000,37.6000,101.50,103.00,False
1789839410.6527,141.10,35.1500,31.2100,37.6000,101.50,103.00,False
1789839410.7636,141.20,35.1350,31.2100,37.6000,101.50,103.00,False
1789839410.9488,141.30,35.1200,35.1500,37.6000,101.50,103.00,False
1789839411.0277,141.40,35.1050,35.1500,37.6000,101.50,103.00,False
1789839411.1485,141.50,35.0900,35.1500,37.6000,101.50,103.00,False
1789839411.2688,141.60,35.0750,35.1500,37.6000,101.50,103.00,False
1789839411.4535,141.70,35.0600,31.1200,37.6000,101.50,103.00,False
1789839411.5509,141.80,35.0450,31.1200,37.6000,101.50,103.00,False
1789839411.6478,141.90,35.0300,31.1200,37.6000,101.50,103.00,False
1789839411.7314,142.00,35.0150,31.1200,37.6000,101.50,103.00,False
1789839411.8583,142.10,35.0000,35.0300,37.6000,101.50,103.00,False
1789839411.9376,142.20,34.9850,35.0300,37.6000,101.50,103.00,False
1789839412.0378,142.30,34.9700,31.1200,37.6000,101.50,103.00,False
1789839412.1361,142.40,34.9550,31.1200,37.6000,101.50,103.00,False
1789839412.2254,142.50,34.9400,31.1200,37.6000,101.50,103.00,False
1789839412.3752,142.60,34.9250,34.9600,37.6000,101.50,103.00,False
1789839412.5186,142.70,34.9100,34.9600,37.6000,101.50,103.00,False
1789839412.6492,142.80,34.8950,30.9600,37.6000,101.50,103.00,False
1789839412.8137,142.90,34.8800,30.9600,37.6000,101.50,103.00,False
1789839412.9346,143.00,34.8650,30.9100,37.6000,101.50,103.00,False
1789839413.0788,143.10,34.8500,34.8800,37.6000,101.50,103.00,False
1789839413.1825,143.20,34.8350,34.8800,37.6000,101.50,103.00,False
1789839413.2923,143.30,34.8200,34.8800,37.6000,101.50,103.00,False
1789839413.4201,143.40,34.8050,30.8600,37.6000,101.50,103.00,False
1789839413.5412,143.50,34.7900,34.8200,37.6000,101.50,103.00,False
1789839413.6579,143.60,34.7750,30.8400,37.6000,101.50,103.00,False
1789839413.7711,143.70,34.7600,30.8400,37.6000,101.50,103.00,False
1789839413.8736,143.80,34.7450,36.4900,37.6000,101.50,103.00,False
1789839414.0170,143.90,34.7300,30.7900,37.6000,101.50,103.00,False
1789839414.1435,144.00,34.7150,36.4600,37.6000,101.50,103.00,False
1789839414.2597,144.10,34.7000,36.4600,37.6000,101.50,103.00,False
1789839414.3814,144.20,34.6850,36.4600,37.6000,101.50,103.00,False
1789839414.4780,144.30,34.6700,34.7200,37.6000,101.50,103.00,False
1789839414.6079,144.40,34.6550,30.7300,37.6000,101.50,103.00,False
1789839414.7090,144.50,34.6400,30.7300,37.6000,101.50,103.00,False
1789839414.7842,144.60,34.6250,30.7300,37.6000,101.50,103.00,False
1789839414.8699,144.70,34.6100,30.7300,37.6000,101.50,103.00,False
1789839415.0089,144.80,34.5950,34.6200,37.6000,101.50,103.00,False
1789839415.1974,144.90,34.5800,36.3400,37.6000,101.50,103.00,False
1789839415.2908,145.00,34.5650,36.3400,37.6000,101.50,103.00,False
1789839415.3632,145.10,34.5500,36.3400,37.6000,101.50,103.00,False
1789839415.4655,145.20,34.5350,34.5800,37.6000,101.50,103.00,False
1789839415.5910,145.30,34.5200,34.5500,37.6000,101.50,103.00,False
1789839415.6721,145.40,34.5050,34.5500,37.6000,101.50,103.00,False
1789839415.7999,145.50,34.4900,34.5500,37.6000,101.50,103.00,False
1789839415.9471,145.60,34.4750,36.2600,37.6000,101.50,103.00,False
1789839416.0719,145.70,34.4600,30.5600,37.6000,101.50,103.00,False
1789839416.2152,145.80,34.4450,30.5600,37.6000,101.50,103.00,False
1789839416.2958,145.90,34.4300,30.5600,37.6000,101.50,103.00,False
1789839416.4014,146.00,34.4150,30.5600,37.6000,101.50,103.00,False
1789839416.6181,146.10,34.4000,36.1700,37.6000,101.50,103.00,False
1789839416.7144,146.20,34.3850,36.1700,37.6000,101.50,103.00,False
1789839416.8164,146.30,34.3700,34.4400,37.6000,101.50,103.00,False
1789839416.9313,146.40,34.3550,34.4400,37.6000,101.50,103.00,False
1789839417.3186,146.50,34.3400,36.1200,37.6000,101.50,103.00,False
1789839417.4359,146.60,34.3250,36.1200,37.6000,101.50,103.00,False
1789839417.5166,146.70,34.3100,36.1200,37.6000,101.50,103.00,False
1789839417.6200,146.80,34.2950,36.0600,37.6000,101.50,103.00,False
1789839417.7140,146.90,34.2800,34.3300,37.6000,101.50,103.00,False
1789839417.8108,147.00,34.2650,30.3800,37.6000,101.50,103.00,False
1789839417.8904,147.10,34.2500,30.3800,37.6000,101.50,103.00,False
1789839417.9931,147.20,34.2350,30.3800,37.6000,101.50,103.00,False
1789839418.1257,147.30,34.2200,35.9800,37.6000,101.50,103.00,False
1789839418.2137,147.40,34.2050,35.9700,37.6000,101.50,103.00,False
1789839418.3296,147.50,34.1900,35.9500,37.6000,101.50,103.00,False
1789839418.4378,147.60,34.1750,35.9500,37.6000,101.50,103.00,False
1789839418.5568,147.70,34.1600,35.9500,37.6000,101.50,103.00,False
1789839418.8638,147.80,34.1450,34.1600,37.6000,101.50,103.00,False
1789839419.0030,147.90,34.1300,34.1600,37.6000,101.50,103.00,False
1789839419.1488,148.00,34.1150,30.3100,37.6000,101.50,103.00,False
1789839419.3349,148.10,34.1000,35.8200,37.6000,101.50,103.00,False
1789839419.4112,148.20,34.0850,35.8200,37.6000,101.50,103.00,False
1789839419.5414,148.30,34.0700,35.8200,37.6000,101.50,103.00,False
1789839419.6430,148.40,34.0550,34.1000,37.6000,101.50,103.00,False
1789839419.7859,148.50,34.0400,34.0700,37.6000,101.50,103.00,False
1789839419.8981,148.60,34.0250,34.0700,37.6000,101.50,103.00,False
1789839420.0079,148.70,34.0100,34.0700,37.6000,101.50,103.00,False
1789839420.1591,148.80,33.9950,34.0700,37.6000,101.50,103.00,False
1789839420.2849,148.90,33.9800,30.1800,37.6000,101.50,103.00,False
1789839420.4087,149.00,33.9650,34.0100,37.6000,101.50,103.00,False
1789839420.4958,149.10,33.9500,34.0100,37.6000,101.50,103.00,False
1789839420.6226,149.20,33.9350,35.6600,37.6000,101.50,103.00,False
1789839420.8039,149.30,33.9200,33.9500,37.6000,101.50,103.00,False
1789839420.9314,149.40,33.9050,35.6200,37.6000,101.50,103.00,False
1789839421.0552,149.50,33.8900,35.6200,37.6000,101.50,103.00,False
1789839421.1685,149.60,33.8750,35.5900,37.6000,101.50,103.00,False
1789839421.2819,149.70,33.8600,30.0700,37.6000,101.50,103.00,False
1789839421.3841,149.80,33.8450,35.5600,37.6000,101.50,103.00,False
1789839421.9091,149.90,33.8300,35.5600,37.6000,101.50,103.00,False
1789839422.0402,150.00,33.8150,35.5600,37.6000,101.50,103.00,False
1789839422.1253,150.10,33.8000,33.8400,37.6000,101.50,103.00,False
1789839422.2570,150.20,33.7850,35.5300,37.6000,101.50,103.00,False
1789839422.4668,150.30,33.7700,35.5200,37.6000,101.50,103.00,False
1789839422.5222,150.40,33.7550,35.5200,37.6000,101.50,103.00,False
1789839422.6783,150.50,33.7400,35.4800,37.6000,101.50,103.00,False
1789839422.7852,150.60,33.7250,35.4800,37.6000,101.50,103.00,False
1789839422.8845,150.70,33.7100,33.7600,37.6000,101.50,103.00,False
1789839422.9929,150.80,33.6950,33.7600,37.6000,101.50,103.00,False
1789839423.0827,150.90,33.6800,35.4600,37.6000,101.50,103.00,False
1789839423.2143,151.00,33.6650,35.4100,37.6000,101.50,103.00,False
1789839423.2954,151.10,33.6500,35.4100,37.6000,101.50,103.00,False
1789839423.4009,151.20,33.6350,35.4100,37.6000,101.50,103.00,False
1789839423.6193,151.30,33.6200,33.6500,37.6000,101.50,103.00,False
1789839423.7755,151.40,33.6050,35.3500,37.6000,101.50,103.00,False
1789839423.9035,151.50,33.5900,35.3500,37.6000,101.50,103.00,False
1789839424.0542,151.60,33.5750,35.3500,37.6000,101.50,103.00,False
1789839424.1885,151.70,33.5600,29.8300,37.6000,101.50,103.00,False
1789839424.3454,151.80,33.5450,33.5800,37.6000,101.50,103.00,False
1789839424.4518,151.90,33.5300,33.5800,37.6000,101.50,103.00,False
1789839424.6020,152.00,33.5150,33.5800,37.6000,101.50,103.00,False
1789839424.7327,152.10,33.5000,33.5300,37.6000,101.50,103.00,False
1789839424.8361,152.20,33.4850,29.7400,37.6000,101.50,103.00,False
1789839424.9426,152.30,33.4700,29.7400,37.6000,101.50,103.00,False
1789839425.0610,152.40,33.4550,29.7400,37.6000,101.50,103.00,False
1789839425.2781,152.50,33.4400,33.4700,37.6000,101.50,103.00,False
1789839425.3772,152.60,33.4250,29.6800,37.6000,101.50,103.00,False
1789839425.4798,152.70,33.4100,29.6800,37.6000,101.50,103.00,False
1789839425.5664,152.80,33.3950,29.6800,37.6000,101.50,103.00,False
1789839425.7045,152.90,33.3800,33.4200,37.6000,101.50,103.00,False
1789839425.9951,153.00,33.3650,33.4000,37.6000,101.50,103.00,False
1789839426.1055,153.10,33.3500,33.4000,37.6000,101.50,103.00,False
1789839426.2067,153.20,33.3350,29.5900,37.6000,101.50,103.00,False
1789839426.3119,153.30,33.3200,35.0300,37.6000,101.50,103.00,False
1789839426.3875,153.40,33.3050,35.0300,37.6000,101.50,103.00,False
1789839426.4977,153.50,33.2900,35.0300,37.6000,101.50,103.00,False
1789839426.7028,153.60,33.2750,34.9900,37.6000,101.50,103.00,False
1789839426.8307,153.70,33.2600,34.9800,37.6000,101.50,103.00,False
1789839426.9771,153.80,33.2450,34.9800,37.6000,101.50,103.00,False
1789839427.0903,153.90,33.2300,34.9800,37.6000,101.50,103.00,False
1789839427.2243,154.00,33.2150,34.9400,37.6000,101.50,103.00,False
1789839427.3317,154.10,33.2000,34.9400,37.6000,101.50,103.00,False
1789839427.4337,154.20,33.1850,34.9400,37.6000,101.50,103.00,False
1789839427.5326,154.30,33.1700,34.9400,37.6000,101.50,103.00,False
1789839427.6332,154.40,33.1550,34.9400,37.6000,101.50,103.00,False
1789839427.8596,154.50,33.1400,33.2400,37.6000,101.50,103.00,False
1789839427.9699,154.60,33.1250,33.2400,37.6000,101.50,103.00,False
1789839428.0872,154.70,33.1100,33.2400,37.6000,101.50,103.00,False
1789839428.2266,154.80,33.0950,34.8100,37.6000,101.50,103.00,False
1789839428.3352,154.90,33.0800,34.8000,37.6000,101.50,103.00,False
1789839428.5534,155.00,33.0650,29.3600,37.6000,101.50,103.00,False
1789839428.6726,155.10,33.0500,34.7500,37.6000,101.50,103.00,False
1789839428.7744,155.20,33.0350,34.7500,37.6000,101.50,103.00,False
1789839428.9531,155.30,33.0200,34.7200,37.6000,101.50,103.00,False
1789839429.0767,155.40,33.0050,34.7400,37.6000,101.50,103.00,False
1789839429.1894,155.50,32.9900,34.6900,37.6000,101.50,103.00,False
1789839429.2679,155.60,32.9750,34.6900,37.6000,101.50,103.00,False
1789839429.3616,155.70,32.9600,29.2000,37.6000,101.50,103.00,False
1789839429.4558,155.80,32.9450,29.2000,37.6000,101.50,103.00,False
1789839429.6089,155.90,32.9300,29.1800,37.6000,101.50,103.00,False
1789839429.7073,156.00,32.9150,29.1600,37.6000,101.50,103.00,False
1789839429.8463,156.10,32.9000,32.9300,37.6000,101.50,103.00,False
1789839429.9698,156.20,32.8850,32.9300,37.6000,101.50,103.00,False
1789839430.0810,156.30,32.8700,32.9000,37.6000,101.50,103.00,False
1789839430.2166,156.40,32.8550,32.9000,37.6000,101.50,103.00,False
1789839430.3663,156.50,32.8400,34.5600,37.6000,101.50,103.00,False
1789839430.4429,156.60,32.8250,34.5600,37.6000,101.50,103.00,False
1789839430.6076,156.70,32.8100,29.0400,37.6000,101.50,103.00,False
1789839430.7555,156.80,32.7950,29.0200,37.6000,101.50,103.00,False
1789839430.8303,156.90,32.7800,32.8100,37.6000,101.50,103.00,False
1789839430.9391,157.00,32.7650,32.8100,37.6000,101.50,103.00,False
1789839431.0537,157.10,32.7500,34.4700,37.6000,101.50,103.00,False
1789839431.5512,157.20,32.7350,32.7500,37.6000,101.50,103.00,False
1789839431.6936,157.30,32.7200,34.3800,37.6000,101.50,103.00,False
1789839431.7950,157.40,32.7050,34.3600,37.6000,101.50,103.00,False
1789839431.9101,157.50,32.6900,34.3600,37.6000,101.50,103.00,False
1789839431.9671,157.60,32.6750,28.9300,37.6000,101.50,103.00,False
1789839432.0953,157.70,32.6600,28.9300,37.6000,101.50,103.00,False
1789839432.1690,157.80,32.6450,34.3200,37.6000,101.50,103.00,False
1789839432.3039,157.90,32.6300,32.6700,37.6000,101.50,103.00,False
1789839432.3746,158.00,32.6150,32.6700,37.6000,101.50,103.00,False
1789839432.4965,158.10,32.6000,32.6700,37.6000,101.50,103.00,False
1789839432.7436,158.20,32.5850,32.6200,37.6000,101.50,103.00,False
1789839432.8237,158.30,32.5700,34.2400,37.6000,101.50,103.00,False
1789839432.9304,158.40,32.5550,34.2400,37.6000,101.50,103.00,False
1789839433.0109,158.50,32.5400,34.2400,37.6000,101.50,103.00,False
1789839433.1526,158.60,32.5250,32.6500,37.6000,101.50,103.00,False
1789839433.3260,158.70,32.5100,34.1800,37.6000,101.50,103.00,False
1789839433.4780,158.80,32.4950,34.1800,37.6000,101.50,103.00,False
1789839433.5646,158.90,32.4800,34.1800,37.6000,101.50,103.00,False
1789839433.7111,159.00,32.4650,34.1400,37.6000,101.50,103.00,False
1789839433.8358,159.10,32.4500,32.4800,37.6000,101.50,103.00,False
1789839433.9388,159.20,32.4350,32.4800,37.6000,101.50,103.00,False
1789839434.1848,159.30,32.4200,34.0800,37.6000,101.50,103.00,False
1789839434.2849,159.40,32.4050,32.4400,37.6000,101.50,103.00,False
1789839434.3661,159.50,32.3900,34.0400,37.6000,101.50,103.00,False
1789839434.5010,159.60,32.3750,34.0400,37.6000,101.50,103.00,False
1789839434.6083,159.70,32.3600,32.3900,32.4800,101.50,103.00,False
1789839434.7733,159.80,32.3450,32.3800,32.4800,101.50,103.00,False
1789839434.8761,159.90,32.3300,32.3800,32.4800,101.50,103.00,False
1789839434.9751,160.00,32.3150,34.0200,32.4800,101.50,103.00,False
1789839435.0897,160.10,32.3000,34.0200,32.4800,101.50,103.00,False
1789839435.2188,160.20,32.2850,32.3200,32.4800,101.50,103.00,False
1789839435.2972,160.30,32.2700,32.3200,32.4800,101.50,103.00,False
1789839435.3750,160.40,32.2550,32.3200,32.4800,101.50,103.00,False
1789839435.5243,160.50,32.2400,32.2800,32.4800,101.50,103.00,False
1789839435.6418,160.60,32.2250,32.2800,32.4800,101.50,103.00,False
1789839435.7415,160.70,32.2100,28.4400,32.4800,101.50,103.00,False
1789839435.8532,160.80,32.1950,28.4400,32.4800,101.50,103.00,False
1789839435.9523,160.90,32.1800,28.4400,32.4800,101.50,103.00,False
1789839436.0745,161.00,32.1650,32.2100,32.4800,101.50,103.00,False
1789839436.2961,161.10,32.1500,28.3800,32.4800,101.50,103.00,False
1789839436.3941,161.20,32.1350,28.3800,32.4800,101.50,103.00,False
1789839436.4734,161.30,32.1200,28.3800,32.4800,101.50,103.00,False
1789839436.5714,161.40,32.1050,32.1500,32.4800,101.50,103.00,False
1789839436.7317,161.50,32.0900,32.1200,32.4800,101.50,103.00,False
1789839436.8260,161.60,32.0750,32.1200,32.4800,101.50,103.00,False
1789839436.9306,161.70,32.0600,32.1200,32.4800,101.50,103.00,False
1789839437.0372,161.80,32.0450,33.7900,32.4800,101.50,103.00,False
1789839437.1580,161.90,32.0300,32.0600,32.4800,101.50,103.00,False
1789839437.2113,162.00,32.0150,28.2400,32.4800,101.50,103.00,False
1789839437.3841,162.10,32.0000,28.2400,32.4800,101.50,103.00,False
1789839437.5658,162.20,31.9850,33.7400,32.4800,101.50,103.00,False
1789839437.8692,162.30,31.9700,33.7200,32.4800,101.50,103.00,False
1789839438.1390,162.40,31.9550,28.1400,32.4800,101.50,103.00,False
1789839438.2208,162.50,31.9400,33.6600,32.4800,101.50,103.00,False
1789839438.3336,162.60,31.9250,33.6600,32.4800,101.50,103.00,False
1789839438.5043,162.70,31.9100,31.9400,32.4800,101.50,103.00,False
1789839438.6628,162.80,31.8950,28.0800,32.4800,101.50,103.00,False
1789839438.7823,162.90,31.8800,33.6000,32.4800,101.50,103.00,False
1789839438.8807,163.00,31.8650,33.6000,32.4800,101.50,103.00,False
1789839438.9626,163.10,31.8500,33.6000,32.4800,101.50,103.00,False
1789839439.0629,163.20,31.8350,31.8600,32.4800,101.50,103.00,False
1789839439.2273,163.30,31.8200,33.5500,32.4800,101.50,103.00,False
1789839439.3104,163.40,31.8050,33.5500,32.4800,101.50,103.00,False
1789839439.3834,163.50,31.7900,33.5500,32.4800,101.50,103.00,False
1789839439.5099,163.60,31.7750,33.5500,32.4800,101.50,103.00,False
1789839439.6256,163.70,31.7600,31.8000,32.4800,101.50,103.00,False
1789839439.7008,163.80,31.7450,33.4800,32.4800,101.50,103.00,False
1789839439.7857,163.90,31.7300,33.4800,32.4800,101.50,103.00,False
1789839439.9242,164.00,31.7150,33.4800,32.4800,101.50,103.00,False
1789839440.0427,164.10,31.7000,31.7300,32.4800,101.50,103.00,False
1789839440.1448,164.20,31.6850,31.7200,32.4800,101.50,103.00,False
1789839440.2184,164.30,31.6700,31.7200,32.4800,101.50,103.00,False
1789839440.2964,164.40,31.6550,31.7200,32.4800,101.50,103.00,False
1789839440.4220,164.50,31.6400,31.7200,32.4800,101.50,103.00,False
1789839440.5362,164.60,31.6250,27.8600,32.4800,101.50,103.00,False
1789839440.6214,164.70,31.6100,27.8500,32.4800,101.50,103.00,False
1789839440.7231,164.80,31.5950,27.8500,32.4800,101.50,103.00,False
1789839440.8158,164.90,31.5800,27.8500,32.4800,101.50,103.00,False
1789839440.9502,165.00,31.5650,27.8500,32.4800,101.50,103.00,False
1789839441.1346,165.10,31.5500,27.7800,32.4800,101.50,103.00,False
1789839441.2746,165.20,31.5350,27.7800,32.4800,101.50,103.00,False
1789839441.4193,165.30,31.5200,27.7800,32.4800,101.50,103.00,False
1789839441.6169,165.40,31.5050,27.7200,32.4800,101.50,103.00,False
1789839441.6992,165.50,31.4900,27.7200,32.4800,101.50,103.00,False
1789839441.8004,165.60,31.4750,27.7200,32.4800,101.50,103.00,False
1789839441.9986,165.70,31.4600,33.3300,32.4800,101.50,103.00,False
1789839442.1135,165.80,31.4450,27.6600,32.4800,101.50,103.00,False
1789839442.1664,165.90,31.4300,27.6600,32.4800,101.50,103.00,False
1789839442.3137,166.00,31.4150,27.6600,32.4800,101.50,103.00,False
1789839442.6006,166.10,31.4000,33.2500,32.4800,101.50,103.00,False
1789839442.7142,166.20,31.3850,33.2500,32.4800,101.50,103.00,False
1789839442.8181,166.30,31.3700,33.2500,32.4800,101.50,103.00,False
1789839442.9480,166.40,31.3550,33.2000,32.4800,101.50,103.00,False
1789839443.1201,166.50,31.3400,27.5400,32.4800,101.50,103.00,False
1789839443.1919,166.60,31.3250,27.5400,32.4800,101.50,103.00,False
1789839443.2750,166.70,31.3100,27.5400,32.4800,101.50,103.00,False
1789839443.3978,166.80,31.2950,27.5400,32.4800,101.50,103.00,False
1789839443.5393,166.90,31.2800,31.3200,32.4800,101.50,103.00,False
1789839443.6420,167.00,31.2650,31.3100,32.4800,101.50,103.00,False
1789839443.7443,167.10,31.2500,31.3100,32.4800,101.50,103.00,False
1789839443.8654,167.20,31.2350,31.3100,32.4800,101.50,103.00,False
1789839443.9672,167.30,31.2200,33.0700,32.4800,101.50,103.00,False
1789839444.1376,167.40,31.2050,27.4400,32.4800,101.50,103.00,False
1789839444.2094,167.50,31.1900,27.4400,32.4800,101.50,103.00,False
1789839444.2941,167.60,31.1750,27.4400,32.4800,101.50,103.00,False
1789839444.4359,167.70,31.1600,31.1900,32.4800,101.50,103.00,False
1789839444.6497,167.80,31.1450,32.9900,32.4800,101.50,103.00,False
1789839444.7028,167.90,31.1300,32.9900,32.4800,101.50,103.00,False
1789839444.8280,168.00,31.1150,32.9900,32.4800,101.50,103.00,False
1789839444.9552,168.10,31.1000,32.9700,32.4800,101.50,103.00,False
1789839445.0976,168.20,31.0850,27.3600,32.4800,101.50,103.00,False
1789839445.2018,168.30,31.0700,27.3400,32.4800,101.50,103.00,False
1789839445.2745,168.40,31.0550,27.3400,32.4800,101.50,103.00,False
1789839445.3828,168.50,31.0400,27.3400,32.4800,101.50,103.00,False
1789839445.4899,168.60,31.0250,27.3400,32.4800,101.50,103.00,False
1789839445.6824,168.70,31.0100,31.0700,32.4800,101.50,103.00,False
1789839445.8391,168.80,30.9950,31.0700,32.4800,101.50,103.00,False
1789839446.0222,168.90,30.9800,31.0700,32.4800,101.50,103.00,False
1789839446.1226,169.00,30.9650,32.8300,32.4800,101.50,103.00,False
1789839446.2167,169.10,30.9500,32.8300,32.4800,101.50,103.00,False
1789839446.2973,169.20,30.9350,32.8300,32.4800,101.50,103.00,False
1789839446.3832,169.30,30.9200,32.8300,32.4800,101.50,103.00,False
1789839449.0985,169.40,30.9050,26.8300,32.4800,101.50,103.00,False
1789839449.1993,169.50,30.8900,32.4100,32.4800,101.50,103.00,False
1789839449.3239,169.60,30.8750,32.4100,32.4800,101.50,103.00,False
1789839449.4463,169.70,30.8600,32.4100,32.4800,101.50,103.00,False
1789839449.5503,169.80,30.8450,26.7700,32.4800,101.50,103.00,False
1789839449.6468,169.90,30.8300,30.8600,32.4800,101.50,103.00,False
1789839449.7236,170.00,30.8150,30.8600,32.4800,101.50,103.00,False
1789839449.8520,170.10,30.8000,30.8600,32.4800,101.50,103.00,False
1789839450.0225,170.20,30.7850,32.2800,32.4800,101.50,103.00,False
1789839450.1211,170.30,30.7700,32.2600,32.4800,101.50,103.00,False
1789839450.1899,170.40,30.7550,32.2600,32.4800,101.50,103.00,False
1789839450.3399,170.50,30.7400,32.2600,32.4800,101.50,103.00,False
1789839450.4649,170.60,30.7250,30.7600,32.4800,101.50,103.00,False
1789839450.6290,170.70,30.7100,32.2000,32.4800,101.50,103.00,False
1789839450.7218,170.80,30.6950,32.2000,32.4800,101.50,103.00,False
1789839450.8344,170.90,30.6800,32.2000,32.4800,101.50,103.00,False
1789839451.0516,171.00,30.6650,30.6800,32.4800,101.50,103.00,False
1789839451.1274,171.10,30.6500,30.6800,32.4800,101.50,103.00,False
1789839451.2072,171.20,30.6350,30.6800,32.4800,101.50,103.00,False
1789839451.3015,171.30,30.6200,30.6800,32.4800,101.50,103.00,False
1789839451.4261,171.40,30.6050,26.5600,32.4800,101.50,103.00,False
1789839451.5315,171.50,30.5900,30.6200,32.4800,101.50,103.00,False
1789839451.6059,171.60,30.5750,30.6200,32.4800,101.50,103.00,False
1789839451.7018,171.70,30.5600,30.6200,32.4800,101.50,103.00,False
1789839451.8095,171.80,30.5450,30.6200,32.4800,101.50,103.00,False
1789839451.9514,171.90,30.5300,30.5600,32.4800,101.50,103.00,False
1789839452.0435,172.00,30.5150,26.4700,32.4800,101.50,103.00,False
1789839452.1487,172.10,30.5000,26.4700,32.4800,101.50,103.00,False
1789839452.2663,172.20,30.4850,26.4700,32.4800,101.50,103.00,False
1789839452.4382,172.30,30.4700,32.1200,32.4800,101.50,103.00,False
1789839452.6312,172.40,30.4550,30.4800,32.4800,101.50,103.00,False
1789839452.8204,172.50,30.4400,30.4800,32.4800,101.50,103.00,False
1789839453.0594,172.60,30.4250,30.4400,32.4800,101.50,103.00,False
1789839453.2610,172.70,30.4100,30.4400,32.4800,101.50,103.00,False
1789839453.3890,172.80,30.3950,30.4400,32.4800,101.50,103.00,False
1789839453.4701,172.90,30.3800,31.9900,32.4800,101.50,103.00,False
1789839453.6747,173.00,30.3650,26.2600,32.4800,101.50,103.00,False
1789839453.8123,173.10,30.3500,26.2600,32.4800,101.50,103.00,False
1789839453.9132,173.20,30.3350,30.3600,32.4800,101.50,103.00,False
1789839453.9940,173.30,30.3200,30.3600,32.4800,101.50,103.00,False
1789839454.1153,173.40,30.3050,31.9200,32.4800,101.50,103.00,False
1789839454.7747,173.50,30.2900,31.9200,32.4800,101.50,103.00,False
1789839454.9003,173.60,30.2750,31.9200,32.4800,101.50,103.00,False
1789839455.1533,173.70,30.2600,30.2900,32.4800,101.50,103.00,False
1789839455.2559,173.80,30.2450,30.2900,32.4800,101.50,103.00,False
1789839455.3559,173.90,30.2300,30.2900,32.4800,101.50,103.00,False
1789839455.5024,174.00,30.2150,26.0800,32.4800,101.50,103.00,False
1789839455.5930,174.10,30.2000,30.2400,32.4800,101.50,103.00,False
1789839455.6785,174.20,30.1850,30.2400,32.4800,101.50,103.00,False
1789839455.7657,174.30,30.1700,30.2400,32.4800,101.50,103.00,False
1789839455.9845,174.40,30.1550,30.1800,32.4800,101.50,103.00,False
1789839456.0660,174.50,30.1400,30.1700,32.4800,101.50,103.00,False
1789839456.1651,174.60,30.1250,30.1700,32.4800,101.50,103.00,False
1789839456.2473,174.70,30.1100,30.1700,32.4800,101.50,103.00,False
1789839456.4204,174.80,30.0950,31.7200,32.4800,101.50,103.00,False
1789839456.5004,174.90,30.0800,31.7200,32.4800,101.50,103.00,False
1789839456.5897,175.00,30.0650,25.9800,32.4800,101.50,103.00,False
1789839456.7087,175.10,30.0500,25.9800,32.4800,101.50,103.00,False
1789839456.8036,175.20,30.0350,25.9800,32.4800,101.50,103.00,False
1789839456.8995,175.30,30.0200,25.9800,32.4800,101.50,103.00,False
1789839456.9974,175.40,30.0050,30.0500,32.4800,101.50,103.00,False
1789839457.0992,175.50,29.9900,31.6300,32.4800,101.50,103.00,False
1789839457.2245,175.60,29.9750,30.1200,32.4800,101.50,103.00,False
1789839457.3282,175.70,29.9600,30.1200,32.4800,101.50,103.00,False
1789839457.4505,175.80,29.9450,25.9600,32.4800,101.50,103.00,False
1789839457.5548,175.90,29.9300,29.9600,32.4800,101.50,103.00,False
1789839457.7007,176.00,29.9150,29.9600,32.4800,101.50,103.00,False
1789839457.8522,176.10,29.9000,25.9300,32.4800,101.50,103.00,False
1789839458.0076,176.20,29.8850,29.9200,32.4800,101.50,103.00,False
1789839458.1213,176.30,29.8700,29.9000,29.9200,101.50,103.00,False
1789839458.2949,176.40,29.8550,31.4800,29.9200,101.50,103.00,False
1789839458.3810,176.50,29.8400,31.4800,29.9200,101.50,103.00,False
1789839458.5601,176.60,29.8250,31.4600,29.9200,101.50,103.00,False
1789839458.6975,176.70,29.8200,25.8400,31.4600,102.50,103.00,False
1789839458.7751,176.80,29.8150,25.8200,31.4600,102.50,103.00,False
1789839459.5311,176.90,29.8100,25.8000,29.8200,102.50,103.00,False
1789839459.7185,177.00,29.8100,31.3800,31.3800,103.00,103.00,False
1789839459.8457,177.10,29.8100,25.7900,31.3800,103.00,103.00,False
1789839459.9549,177.20,29.8150,25.7900,31.3800,103.50,103.00,False
1789839460.0807,177.30,29.8200,25.7900,31.3800,103.50,103.00,False
1789839460.1949,177.40,29.8250,29.8200,31.3800,103.50,103.00,False
1789839460.3190,177.50,29.8300,31.4000,29.8200,103.50,103.00,False
1789839460.4845,177.60,29.8400,31.4000,29.8200,104.00,103.00,False
1789839460.5596,177.70,29.8500,31.4000,29.8200,104.00,103.00,False
1789839460.6871,177.80,29.8600,31.4000,29.8200,104.00,103.00,False
1789839460.7947,177.90,29.8700,29.8400,29.8200,104.00,103.00,False
1789839460.9500,178.00,29.8800,29.8500,29.8400,104.00,103.00,False
1789839461.1133,178.10,29.8950,29.8500,29.8400,104.50,103.00,False
1789839461.2897,178.20,29.9100,29.8500,29.8400,104.50,103.00,False
1789839461.4086,178.30,29.9250,25.8800,29.8400,104.50,103.00,False
1789839461.5542,178.40,29.9400,31.4200,29.8400,104.50,103.00,False
1789839461.6615,178.50,29.9600,31.4200,25.8800,105.00,103.00,False
1789839461.7971,178.60,29.9800,31.4200,25.8800,105.00,103.00,False
1789839461.9329,178.70,30.0000,31.4400,25.8800,105.00,103.00,False
1789839462.0688,178.80,30.0200,31.4600,25.8800,105.00,103.00,False
1789839462.1671,178.90,30.0400,31.4600,25.8800,105.00,103.00,False
1789839462.2771,179.00,30.0600,31.4600,25.8800,105.00,103.00,False
1789839462.3770,179.10,30.0800,26.0200,25.8800,105.00,103.00,False
1789839462.5813,179.20,30.1000,30.0600,25.8800,105.00,103.00,False
1789839462.6731,179.30,30.1200,29.9600,25.8800,105.00,103.00,False
1789839462.7692,179.40,30.1400,29.9600,29.9600,105.00,103.00,False
1789839463.2356,179.50,30.1600,26.1200,29.9600,105.00,103.00,False
1789839463.3511,179.60,30.1850,26.1200,26.1200,105.50,103.00,False
1789839463.4771,179.70,30.2150,31.6800,26.1200,106.00,103.00,False
1789839463.5941,179.80,30.2450,30.1800,26.1200,106.00,103.00,False
1789839464.6507,179.90,30.2850,26.5200,26.3800,107.00,103.00,False
1789839464.8034,180.00,30.3250,26.5600,26.3800,107.00,103.00,False
1789839464.9260,180.10,30.3650,26.5600,26.3800,107.00,103.00,False
1789839465.0279,180.20,30.4100,32.0500,26.3800,107.50,103.00,False
1789839465.1550,180.30,30.4550,32.0500,26.5600,107.50,103.00,False
1789839465.2555,180.40,30.5000,30.3600,26.5600,107.50,103.00,False
1789839465.3568,180.50,30.5450,32.1300,26.5600,107.50,103.00,False
1789839465.4554,180.60,30.5900,32.1700,26.5600,107.50,103.00,False
1789839465.5559,180.70,30.6400,32.1700,26.5600,108.00,103.00,False
1789839465.6583,180.80,30.6900,32.1700,32.1300,108.00,103.00,False
1789839465.7489,180.90,30.7400,32.3100,32.1300,108.00,103.00,False
1789839465.9060,181.00,30.7900,32.3600,32.1300,108.00,103.00,False
1789839465.9885,181.10,30.8400,32.4100,32.1300,108.00,103.00,False
1789839466.0898,181.20,30.8900,32.4100,32.1300,108.00,103.00,False
1789839466.2101,181.30,30.9450,30.8400,32.3600,108.50,103.00,False
1789839466.3481,181.40,31.0000,30.8400,32.3600,108.50,103.00,False
1789839466.4433,181.50,31.0550,32.6200,32.3600,108.50,103.00,False
1789839466.5583,181.60,31.1100,32.6200,32.3600,108.50,103.00,False
1789839466.7083,181.70,31.1700,32.6200,32.3600,109.00,103.00,False
1789839466.8538,181.80,31.2300,26.8400,32.6200,109.00,103.00,False
1789839466.9518,181.90,31.2900,31.1700,32.6200,109.00,103.00,False
1789839467.0555,182.00,31.3500,31.1700,32.6200,109.00,103.00,False
1789839467.4090,182.10,31.4150,27.0700,31.1700,109.50,103.00,False
1789839467.5608,182.20,31.4800,33.0800,31.1700,109.50,103.00,False
1789839467.7334,182.30,31.5450,33.0800,31.1700,109.50,103.00,False
1789839467.9082,182.40,31.6150,27.3300,31.1700,110.00,103.00,False
1789839468.0419,182.50,31.6850,27.4000,33.0800,110.00,103.00,False
1789839468.1489,182.60,31.7550,27.4000,33.0800,110.00,103.00,False
1789839468.3100,182.70,31.8300,27.4000,33.0800,110.50,103.00,False
1789839468.4318,182.80,31.9050,27.5400,33.0800,110.50,103.00,False
1789839468.6355,182.90,31.9800,31.8300,27.4000,110.50,103.00,False
1789839468.8104,183.00,32.0550,31.8300,27.4000,110.50,103.00,False
1789839468.9130,183.10,32.1350,27.8400,27.4000,111.00,103.00,False
1789839469.0341,183.20,32.2150,27.9200,27.4000,111.00,103.00,False
1789839469.2670,183.30,32.2950,33.7900,33.7900,111.00,103.00,False
1789839469.3713,183.40,32.3750,33.7900,33.7900,111.00,103.00,False
1789839469.5066,183.50,32.4550,33.9500,33.7900,111.00,103.00,False
1789839469.5882,183.60,32.5350,32.3000,33.7900,111.00,103.00,False
1789839469.7129,183.70,32.6150,32.3000,33.7900,111.00,103.00,False
1789839469.8357,183.80,32.6950,28.2300,33.7900,111.00,103.00,False
1789839469.9621,183.90,32.7800,32.6200,28.2300,111.50,103.00,False
1789839470.1094,184.00,32.8650,28.4700,28.2300,111.50,103.00,False
1789839470.2089,184.10,32.9500,28.4700,28.2300,111.50,103.00,False
1789839470.3246,184.20,33.0350,34.3500,28.2300,111.50,103.00,False
1789839470.5615,184.30,33.1200,32.9500,34.3500,111.50,103.00,False
1789839470.6413,184.40,33.2100,34.5200,34.3500,112.00,103.00,False
1789839470.7339,184.50,33.3000,34.5200,34.3500,112.00,103.00,False
1789839470.8477,184.60,33.3900,28.9000,34.3500,112.00,103.00,False
1789839470.9807,184.70,33.4800,28.9000,34.3500,112.00,103.00,False
1789839471.0992,184.80,33.5700,29.0800,28.9000,112.00,103.00,False
1789839471.2516,184.90,33.6600,29.1700,28.9000,112.00,103.00,False
1789839471.3528,185.00,33.7500,29.1700,28.9000,112.00,103.00,False
1789839471.5168,185.10,33.8400,29.1700,28.9000,112.00,103.00,False
1789839471.6482,185.20,33.9350,29.1700,28.9000,112.50,103.00,False
1789839471.7802,185.30,34.0300,34.8800,28.9000,112.50,103.00,False
1789839471.9574,185.40,34.1250,34.9800,28.9000,112.50,103.00,False
1789839472.0766,185.50,34.2250,34.9800,28.9000,113.00,103.00,False
1789839472.1563,185.60,34.3250,34.9800,28.9000,113.00,103.00,False
1789839472.3020,185.70,34.4250,35.2600,28.9000,113.00,103.00,False
1789839472.3841,185.80,34.5250,35.3600,28.9000,113.00,103.00,False
1789839472.4825,185.90,34.6250,35.3600,28.9000,113.00,103.00,False
1789839472.5568,186.00,34.7250,35.3600,28.9000,113.00,103.00,False
1789839472.6807,186.10,34.8250,35.6600,28.9000,113.00,103.00,False
1789839472.8171,186.20,34.9250,34.7200,28.9000,113.00,103.00,False
1789839472.9040,186.30,35.0250,34.7200,28.9000,113.00,103.00,False
1789839473.0006,186.40,35.1250,34.7200,28.9000,113.00,103.00,False
1789839473.1221,186.50,35.2250,34.7200,28.9000,113.00,103.00,False
1789839473.2207,186.60,35.3250,35.0200,28.9000,113.00,103.00,False
1789839473.3101,186.70,35.4250,35.1200,28.9000,113.00,103.00,False
1789839473.5195,186.80,35.5300,36.2600,35.1200,113.50,103.00,False
1789839473.6056,186.90,35.6350,36.2600,35.1200,113.50,103.00,False
1789839473.7076,187.00,35.7400,36.6600,35.1200,113.50,103.00,False
1789839473.8128,187.10,35.8450,36.7600,35.1200,113.50,103.00,False
1789839474.0292,187.20,35.9500,36.8700,35.1200,113.50,103.00,False
1789839474.2421,187.30,36.0600,30.2000,36.7600,114.00,103.00,False
1789839474.3646,187.40,36.1700,37.1800,36.7600,114.00,103.00,False
1789839474.5176,187.50,36.2800,37.1800,36.7600,114.00,103.00,False
1789839474.6502,187.60,36.3950,30.4200,36.7600,114.50,103.00,False
1789839474.7347,187.70,36.5100,37.5200,36.7600,114.50,103.00,False
1789839474.9598,187.80,36.6250,36.4000,37.1800,114.50,103.00,False
1789839475.0704,187.90,36.7400,30.7600,37.1800,114.50,103.00,False
1789839475.2229,188.00,36.8600,37.9800,37.1800,115.00,103.00,False
1789839475.3285,188.10,36.9800,37.9800,37.1800,115.00,103.00,False
1789839475.4220,188.20,37.1000,37.9800,37.1800,115.00,103.00,False
1789839475.5525,188.30,37.2200,31.1100,36.4000,115.00,103.00,False
1789839475.7049,188.40,37.3400,37.1000,36.4000,115.00,103.00,False
1789839475.7823,188.50,37.4650,37.1000,36.4000,115.50,103.00,False
1789839475.8896,188.60,37.5900,37.1000,36.4000,115.50,103.00,False
1789839476.2486,188.70,37.7150,37.4700,31.1100,115.50,103.00,False
1789839476.4024,188.80,37.8400,37.4700,31.1100,115.50,103.00,False
1789839476.5295,188.90,37.9700,37.4700,31.1100,116.00,103.00,False
1789839476.7565,189.00,38.1000,39.0800,37.4700,116.00,103.00,False
1789839476.8404,189.10,38.2300,37.9700,37.4700,116.00,103.00,False
1789839476.9321,189.20,38.3600,37.9700,37.4700,116.00,103.00,False
1789839477.0582,189.30,38.4950,39.3400,37.4700,116.50,103.00,False
1789839477.1698,189.40,38.6300,38.3600,37.4700,116.50,103.00,False
1789839477.2920,189.50,38.7650,38.4900,37.9700,116.50,103.00,False
1789839477.3702,189.60,38.9000,38.4900,37.9700,116.50,103.00,False
1789839477.5204,189.70,39.0400,38.4900,37.9700,117.00,103.00,False
1789839477.7947,189.80,39.1800,33.5300,33.5300,117.00,103.00,False
1789839477.9253,189.90,39.3200,33.5300,33.5300,117.00,103.00,False
1789839478.3620,190.00,39.4600,40.0300,40.0300,117.00,103.00,False
1789839478.4966,190.10,39.6000,40.0300,40.0300,117.00,103.00,False
1789839478.6520,190.20,39.7450,39.4600,40.0300,117.50,103.00,False
1789839478.9191,190.30,39.8900,34.8000,40.0300,117.50,103.00,False
1789839479.0217,190.40,40.0350,34.8000,34.8000,117.50,103.00,False
1789839479.1444,190.50,40.1850,39.8900,34.8000,118.00,103.00,False
1789839479.2415,190.60,40.3350,40.0300,34.8000,118.00,103.00,False
1789839479.7355,190.70,40.4850,41.6300,40.1800,118.00,103.00,False
1789839479.9335,190.80,40.6400,41.6300,40.1800,118.50,103.00,False
1789839480.0589,190.90,40.7950,41.6300,40.1800,118.50,103.00,False
1789839480.2880,191.00,40.9500,42.4000,36.2900,118.50,103.00,False
1789839480.3872,191.10,41.1100,42.4000,36.2900,119.00,103.00,False
1789839480.4942,191.20,41.2700,42.4000,36.2900,119.00,103.00,False
1789839480.6067,191.30,41.4300,36.9200,36.2900,119.00,103.00,False
1789839480.7368,191.40,41.5900,36.9200,36.2900,119.00,103.00,False
1789839480.9692,191.50,41.7550,41.2700,36.9200,119.50,103.00,False
1789839481.0646,191.60,41.9200,41.2700,36.9200,119.50,103.00,False
1789839481.1964,191.70,42.0850,37.5600,36.9200,119.50,103.00,False
1789839481.6609,191.80,42.2500,43.6800,37.5600,119.50,103.00,False
1789839481.9980,191.90,42.4200,42.2500,37.5600,120.00,103.00,False
1789839482.2386,192.00,42.5950,44.8600,44.1800,120.50,103.00,False
1789839482.3652,192.10,42.7700,45.0400,44.1800,120.50,103.00,False
1789839482.5058,192.20,42.9500,39.4200,44.1800,121.00,103.00,False
1789839482.8028,192.30,43.1300,45.5700,44.8600,121.00,103.00,False
1789839482.9169,192.40,43.3100,39.9600,44.8600,121.00,103.00,False
1789839483.0723,192.50,43.4950,39.9600,44.8600,121.50,103.00,False
1789839483.2023,192.60,43.6800,45.9300,45.5700,121.50,103.00,False
1789839483.2981,192.70,43.8650,45.9300,45.5700,121.50,103.00,False
1789839483.3785,192.80,44.0500,45.9300,45.5700,121.50,103.00,False
1789839483.7500,192.90,44.2350,46.8400,45.5700,121.50,103.00,False
1789839483.9375,193.00,44.4250,46.8400,43.8600,122.00,103.00,False
1789839484.0769,193.10,44.6150,47.4000,43.8600,122.00,103.00,False
1789839484.2986,193.20,44.8050,47.7800,43.8600,122.00,103.00,False
1789839484.4019,193.30,45.0000,47.7800,43.8600,122.50,103.00,False
1789839484.5204,193.40,45.1950,47.7800,44.4200,122.50,103.00,False
1789839484.5982,193.50,45.3900,47.7800,44.4200,122.50,103.00,False
1789839484.7113,193.60,45.5850,42.1800,44.4200,122.50,103.00,False
1789839484.8208,193.70,45.7800,48.5400,44.4200,122.50,103.00,False
1789839484.9169,193.80,45.9800,48.5400,44.4200,123.00,103.00,False
1789839485.0274,193.90,46.1800,48.5400,42.1800,123.00,103.00,False
1789839485.2021,194.00,46.3800,49.1300,42.1800,123.00,103.00,False
1789839485.3647,194.10,46.5800,46.1800,42.1800,123.00,103.00,False
1789839485.5116,194.20,46.7850,46.1800,42.1800,123.50,103.00,False
1789839486.1657,194.30,46.9900,46.7800,49.1300,123.50,103.00,False
1789839486.3199,194.40,47.1950,44.8200,49.1300,123.50,103.00,False
1789839486.4294,194.50,47.4000,51.1600,49.1300,123.50,103.00,False
1789839486.5562,194.60,47.6100,51.1600,49.1300,124.00,103.00,False
1789839486.7282,194.70,47.8200,45.6400,50.9600,124.00,103.00,False
1789839486.8387,194.80,48.0300,47.6100,50.9600,124.00,103.00,False
1789839486.9761,194.90,48.2350,47.6100,50.9600,123.50,103.00,False
1789839487.1046,195.00,48.4400,47.6100,50.9600,123.50,103.00,False
1789839487.2700,195.10,48.6450,52.0000,45.6400,123.50,103.00,False
1789839487.3877,195.20,48.8500,48.4400,45.6400,123.50,103.00,False
1789839487.5048,195.30,49.0600,48.4400,45.6400,124.00,103.00,False
1789839487.5958,195.40,49.2700,48.4400,45.6400,124.00,103.00,False
1789839487.6986,195.50,49.4800,48.4400,45.6400,124.00,103.00,False
1789839487.8384,195.60,49.6900,47.5100,52.0000,124.00,103.00,False
1789839487.9890,195.70,49.9000,47.7200,52.0000,124.00,103.00,False
1789839488.0824,195.80,50.1050,47.7200,52.0000,123.50,103.00,False
1789839488.1996,195.90,50.3100,47.7200,52.0000,123.50,103.00,False
1789839488.2994,196.00,50.5150,47.7200,52.0000,123.50,103.00,False
1789839488.4021,196.10,50.7200,50.1000,50.1000,123.50,103.00,False
1789839488.5005,196.20,50.9250,50.3100,50.1000,123.50,103.00,False
1789839488.6032,196.30,51.1300,50.3100,50.1000,123.50,103.00,False
1789839488.6865,196.40,51.3350,50.3100,50.1000,123.50,103.00,False
1789839488.8640,196.50,51.5400,51.1300,50.1000,123.50,103.00,False
1789839488.9931,196.60,51.7450,49.3700,49.1600,123.50,103.00,False
1789839489.1006,196.70,51.9500,49.3700,49.1600,123.50,103.00,False
1789839489.2092,196.80,52.1550,49.3700,49.1600,123.50,103.00,False
1789839489.3353,196.90,52.3600,49.3700,49.1600,123.50,103.00,False
1789839489.4606,197.00,52.5650,51.9500,49.1600,123.50,103.00,False
1789839489.5864,197.10,52.7700,53.8500,52.1600,123.50,103.00,False
1789839489.8053,197.20,52.9800,53.8500,52.1600,124.00,103.00,False
1789839490.0106,197.30,53.1900,54.4700,52.1600,124.00,103.00,False
1789839490.1304,197.40,53.4000,51.0200,54.4700,124.00,103.00,False
1789839490.2104,197.50,53.6050,51.0200,54.4700,123.50,103.00,False
1789839490.2912,197.60,53.8100,51.0200,54.4700,123.50,103.00,False
1789839490.4309,197.70,54.0150,53.4000,54.4700,123.50,103.00,False
1789839490.5582,197.80,54.2200,55.3000,54.4700,123.50,103.00,False
1789839490.7160,197.90,54.4250,53.8100,55.3000,123.50,103.00,False
1789839490.8400,198.00,54.6250,53.8100,55.3000,123.00,103.00,False
1789839490.9450,198.10,54.8250,51.8400,55.3000,123.00,103.00,False
1789839491.0566,198.20,55.0250,51.8400,55.3000,123.00,103.00,False
1789839491.1848,198.30,55.2250,55.9200,55.3000,123.00,103.00,False
1789839491.3053,198.40,55.4250,55.9200,54.6200,123.00,103.00,False
1789839491.3990,198.50,55.6200,55.0200,54.6200,122.50,103.00,False
1789839491.4805,198.60,55.8150,55.0200,54.6200,122.50,103.00,False
1789839491.6123,198.70,56.0100,55.0200,54.6200,122.50,103.00,False
1789839491.7200,198.80,56.2050,56.3200,54.6200,122.50,103.00,False
1789839491.8337,198.90,56.4000,56.3200,56.3200,122.50,103.00,False
1789839492.0305,199.00,56.5900,56.0100,56.3200,122.00,103.00,False
1789839492.1341,199.10,56.7800,56.0100,56.3200,122.00,103.00,False
1789839492.2416,199.20,56.9700,57.1000,56.3200,122.00,103.00,False
1789839492.3258,199.30,57.1600,56.5900,56.3200,122.00,103.00,False
1789839492.6584,199.40,57.3500,57.6600,56.5900,122.00,103.00,False
1789839492.7969,199.50,57.5350,58.2300,56.5900,121.50,103.00,False
1789839492.9637,199.60,57.7200,58.2300,56.5900,121.50,103.00,False
1789839493.1497,199.70,57.9000,57.3500,58.2300,121.00,103.00,False
1789839493.2686,199.80,58.0800,57.7200,58.2300,121.00,103.00,False
1789839493.3698,199.90,58.2600,54.3700,58.2300,121.00,103.00,False
1789839493.4840,200.00,58.4400,59.3300,58.2300,121.00,103.00,False
1789839493.5603,200.10,58.6150,59.3300,58.2300,120.50,103.00,False
1789839493.7179,200.20,58.7900,59.3300,54.3700,120.50,103.00,False
1789839493.8256,200.30,58.9650,55.0800,54.3700,120.50,103.00,False
1789839493.9300,200.40,59.1400,58.7900,54.3700,120.50,103.00,False
1789839494.0290,200.50,59.3100,58.7900,54.3700,120.00,103.00,False
1789839494.1062,200.60,59.4800,58.7900,54.3700,120.00,103.00,False
1789839494.8812,200.70,59.6450,56.2800,59.4800,119.50,103.00,False
1789839494.9687,200.80,59.8100,61.2200,59.4800,119.50,103.00,False
1789839495.0839,200.90,59.9750,61.2200,59.4800,119.50,103.00,False
1789839495.1824,201.00,60.1350,61.2200,59.4800,119.00,103.00,False
1789839495.3492,201.10,60.2950,56.6200,59.4800,119.00,103.00,False
1789839495.5510,201.20,60.4550,60.1400,56.7800,119.00,103.00,False
1789839495.6501,201.30,60.6150,60.1400,56.7800,119.00,103.00,False
1789839495.7878,201.40,60.7750,60.1400,56.7800,119.00,103.00,False
1789839496.5174,201.50,60.9350,60.6200,60.6200,119.00,103.00,False
1789839496.6176,201.60,61.0950,60.6200,60.6200,119.00,103.00,False
1789839496.6976,201.70,61.2450,60.6200,60.6200,118.00,103.00,False
1789839496.8551,201.80,61.3950,63.4800,60.6200,118.00,103.00,False
1789839497.0622,201.90,61.5450,61.2400,60.6200,118.00,103.00,False
1789839497.1908,202.00,61.6950,61.2400,61.2400,118.00,103.00,False
1789839497.6431,202.10,61.8400,64.4000,61.2400,117.50,103.00,False
1789839497.8636,202.20,61.9800,64.8300,64.4000,117.00,103.00,False
1789839497.9810,202.30,62.1200,64.9700,64.4000,117.00,103.00,False
1789839498.0584,202.40,62.2600,60.1900,64.4000,117.00,103.00,False
1789839498.1383,202.50,62.4000,60.1900,64.4000,117.00,103.00,False
1789839498.2844,202.60,62.5350,60.1900,64.4000,116.50,103.00,False
1789839498.4589,202.70,62.6700,62.2600,60.1900,116.50,103.00,False
1789839498.5424,202.80,62.8050,62.2600,60.1900,116.50,103.00,False
1789839498.8097,202.90,62.9400,60.7500,60.1900,116.50,103.00,False
1789839498.8923,203.00,63.0700,61.1600,60.1900,116.00,103.00,False
1789839498.9988,203.10,63.2000,61.1600,60.1900,116.00,103.00,False
1789839499.7404,203.20,63.3300,66.4300,66.3100,116.00,103.00,False
1789839499.8671,203.30,63.4550,66.4300,66.3100,115.50,103.00,False
1789839499.9923,203.40,63.5800,62.1800,66.3100,115.50,103.00,False
1789839500.1019,203.50,63.7050,63.4600,66.3100,115.50,103.00,False
1789839500.3327,203.60,63.8300,66.9300,63.4600,115.50,103.00,False
1789839500.4402,203.70,63.9500,66.9300,63.4600,115.00,103.00,False
1789839500.5546,203.80,64.0700,67.1800,63.4600,115.00,103.00,False
1789839500.6890,203.90,64.1900,63.9500,63.4600,115.00,103.00,False
1789839500.8088,204.00,64.3100,63.9500,63.9500,115.00,103.00,False
1789839501.0031,204.10,64.4250,62.9200,63.9500,114.50,103.00,False
1789839501.1177,204.20,64.5400,63.0400,63.9500,114.50,103.00,False
1789839501.2317,204.30,64.6550,63.0400,63.9500,114.50,103.00,False
1789839501.3408,204.40,64.7700,64.4200,63.9500,114.50,103.00,False
1789839501.4602,204.50,64.8850,63.4000,64.4200,114.50,103.00,False
1789839501.5801,204.60,64.9950,63.4000,64.4200,114.00,103.00,False
1789839501.7165,204.70,65.1050,68.0000,64.4200,114.00,103.00,False
1789839501.8497,204.80,65.2150,68.0000,64.4200,114.00,103.00,False
1789839502.1399,204.90,65.3250,65.2200,65.0000,114.00,103.00,False
1789839502.7545,205.00,65.4300,65.2200,65.0000,113.50,103.00,False
1789839502.9197,205.10,65.5350,65.2200,65.0000,113.50,103.00,False
1789839504.0010,205.20,65.6300,69.6900,64.2400,112.50,103.00,False
1789839504.1428,205.30,65.7250,69.6900,64.2400,112.50,103.00,False
1789839504.2440,205.40,65.8200,64.8300,64.2400,112.50,103.00,False
1789839504.3958,205.50,65.9100,64.8300,69.6900,112.00,103.00,False
1789839504.5270,205.60,66.0000,64.8300,69.6900,112.00,103.00,False
1789839504.6776,205.70,66.0900,65.0300,69.6900,112.00,103.00,False
1789839504.7977,205.80,66.1750,70.1700,69.6900,111.50,103.00,False
1789839504.9089,205.90,66.2600,70.1700,69.6900,111.50,103.00,False
1789839505.0302,206.00,66.3450,70.1700,70.0800,111.50,103.00,False
1789839505.1407,206.10,66.4300,70.3400,70.0800,111.50,103.00,False
1789839505.2530,206.20,66.5150,70.3400,70.0800,111.50,103.00,False
1789839505.3987,206.30,66.6000,65.5600,70.0800,111.50,103.00,False
1789839505.5122,206.40,66.6800,65.5600,70.0800,111.00,103.00,False
1789839505.7110,206.50,66.7600,65.7200,70.3400,111.00,103.00,False
1789839505.8121,206.60,66.8400,65.8100,70.3400,111.00,103.00,False
1789839505.9128,206.70,66.9200,65.8900,70.3400,111.00,103.00,False
1789839505.9960,206.80,66.9950,65.8900,70.3400,110.50,103.00,False
1789839506.1464,206.90,67.0700,65.8900,65.8100,110.50,103.00,False
1789839506.3463,207.00,67.1450,67.0000,65.8100,110.50,103.00,False
1789839506.4510,207.10,67.2200,67.0700,65.8100,110.50,103.00,False
1789839506.5296,207.20,67.2900,67.0700,65.8100,110.00,103.00,False
1789839506.6781,207.30,67.3600,67.0700,65.8100,110.00,103.00,False
1789839506.8114,207.40,67.4300,71.2200,67.0000,110.00,103.00,False
1789839506.9409,207.50,67.5000,67.3600,67.0000,110.00,103.00,False
1789839507.0520,207.60,67.5650,67.3600,67.0000,109.50,103.00,False
1789839507.1529,207.70,67.6300,67.3600,67.0000,109.50,103.00,False
1789839507.4761,207.80,67.6950,67.6300,67.5600,109.50,103.00,False
1789839507.5946,207.90,67.7600,67.6300,67.5600,109.50,103.00,False
1789839507.7191,208.00,67.8250,67.6900,67.5600,109.50,103.00,False
1789839507.9158,208.10,67.8900,66.6600,67.5600,109.50,103.00,False
1789839508.0046,208.20,67.9550,66.6600,67.5600,109.50,103.00,False
1789839508.0969,208.30,68.0200,66.6600,67.5600,109.50,103.00,False
1789839508.2196,208.40,68.0750,66.8500,67.5600,108.50,103.00,False
1789839508.3311,208.50,68.1300,66.8500,67.5600,108.50,103.00,False
1789839508.5722,208.60,68.1850,68.0800,68.0800,108.50,103.00,False
1789839508.6604,208.70,68.2400,68.0800,68.0800,108.50,103.00,False
1789839508.7473,208.80,68.2900,68.0800,68.0800,108.00,103.00,False
1789839508.8343,208.90,68.3400,68.0800,68.0800,108.00,103.00,False
1789839508.9282,209.00,68.3900,68.2400,68.0800,108.00,103.00,False
1789839509.1575,209.10,68.4400,72.2100,68.0800,108.00,103.00,False
1789839509.2521,209.20,68.4900,72.2100,68.0800,108.00,103.00,False
1789839509.3529,209.30,68.5350,72.2100,68.0800,107.50,103.00,False
1789839509.4402,209.40,68.5800,68.4400,68.0800,107.50,103.00,False
1789839509.6352,209.50,68.6250,68.4400,68.5400,107.50,103.00,False
1789839509.7415,209.60,68.6700,67.0300,68.5400,107.50,103.00,False
1789839509.8758,209.70,68.7100,67.0300,68.5400,107.00,103.00,False
1789839509.9587,209.80,68.7500,72.5900,68.5400,107.00,103.00,False
1789839510.0340,209.90,68.7900,72.5900,68.5400,107.00,103.00,False
1789839510.1755,210.00,68.8300,72.6800,68.5400,107.00,103.00,False
1789839510.2857,210.10,68.8700,68.7500,68.5400,107.00,103.00,False
1789839510.4101,210.20,68.9100,72.7600,68.5400,107.00,103.00,False
1789839510.4954,210.30,68.9500,72.7600,68.5400,107.00,103.00,False
1789839510.5915,210.40,68.9900,72.7600,68.5400,107.00,103.00,False
1789839510.6920,210.50,69.0300,67.4400,68.5400,107.00,103.00,False
1789839510.8421,210.60,69.0700,72.9200,68.5400,107.00,103.00,False
1789839510.9378,210.70,69.1050,72.9200,67.4400,106.50,103.00,False
1789839511.0534,210.80,69.1400,72.9200,67.4400,106.50,103.00,False
1789839511.1815,210.90,69.1750,73.0000,67.4400,106.50,103.00,False
1789839511.2583,211.00,69.2100,73.0000,67.4400,106.50,103.00,False
1789839511.4037,211.10,69.2400,69.1400,67.4400,106.00,103.00,False
1789839511.5295,211.20,69.2700,69.1400,73.0000,106.00,103.00,False
1789839511.6546,211.30,69.3000,69.1400,73.0000,106.00,103.00,False
1789839511.8175,211.40,69.3300,69.2700,73.0000,106.00,103.00,False
1789839511.9156,211.50,69.3600,69.2400,73.0000,106.00,103.00,False
1789839512.0134,211.60,69.3900,69.2400,69.2400,106.00,103.00,False
1789839512.2002,211.70,69.4150,67.7600,69.2400,105.50,103.00,False
1789839512.3004,211.80,69.4400,69.3900,69.2400,105.50,103.00,False
1789839512.4249,211.90,69.4650,67.7800,69.2400,105.50,103.00,False
1789839512.5422,212.00,69.4900,67.7800,67.7800,105.50,103.00,False
1789839512.6818,212.10,69.5100,73.3600,67.7800,105.00,103.00,False
1789839512.8012,212.20,69.5300,69.4900,67.7800,105.00,103.00,False
1789839512.9719,212.30,69.5500,67.8600,67.7800,105.00,103.00,False
1789839513.1260,212.40,69.5700,67.8600,67.7800,105.00,103.00,False
1789839513.3439,212.50,69.5900,73.4400,67.8600,105.00,103.00,False
1789839513.4217,212.60,69.6100,73.4600,67.8600,105.00,103.00,False
1789839513.5535,212.70,69.6300,73.4600,67.8600,105.00,103.00,False
1789839513.6825,212.80,69.6500,73.4600,67.8600,105.00,103.00,False
1789839513.8116,212.90,69.6700,67.9800,67.8600,105.00,103.00,False
1789839513.9457,213.00,69.6850,68.0200,67.8600,104.50,103.00,False
1789839514.0535,213.10,69.7000,68.0200,67.8600,104.50,103.00,False
1789839514.1687,213.20,69.7150,69.6800,67.8600,104.50,103.00,False
1789839514.5865,213.30,69.7300,73.5800,69.6800,104.50,103.00,False
1789839514.6691,213.40,69.7350,73.5900,69.6800,103.50,103.00,False
1789839514.7502,213.50,69.7400,68.1000,69.6800,103.50,103.00,False
1789839514.8737,213.60,69.7450,73.6300,69.6800,103.50,103.00,False
1789839515.2582,213.70,69.7450,68.1100,68.1000,103.00,103.00,False
1789839515.4196,213.80,69.7450,73.6400,68.1000,103.00,103.00,False
1789839515.5251,213.90,69.7450,73.6400,68.1000,103.00,103.00,False
1789839515.6765,214.00,69.7450,73.6400,73.6400,103.00,103.00,False
1789839515.8018,214.10,69.7400,73.6400,73.6400,102.50,103.00,False
1789839515.9936,214.20,69.7350,68.1100,73.6400,102.50,103.00,False
1789839516.0986,214.30,69.7300,69.7400,73.6400,102.50,103.00,False
1789839516.2119,214.40,69.7250,69.7400,73.6400,102.50,103.00,False
1789839516.2906,214.50,69.7150,69.7400,73.6400,102.00,103.00,False
1789839516.4577,214.60,69.7050,73.6200,73.6400,102.00,103.00,False
1789839516.6076,214.70,69.6950,68.1000,73.6400,102.00,103.00,False
1789839516.7325,214.80,69.6850,68.1000,69.7200,102.00,103.00,False
1789839516.8271,214.90,69.6750,68.1000,69.7200,102.00,103.00,False
1789839516.9385,215.00,69.6600,68.1000,69.7200,101.50,103.00,False
1789839517.1400,215.10,69.6450,68.0500,69.7200,101.50,103.00,False
1789839517.2668,215.20,69.6300,68.0500,69.7200,101.50,103.00,False
1789839517.4054,215.30,69.6100,68.0500,68.0500,101.00,103.00,False
1789839517.4968,215.40,69.5900,68.0500,68.0500,101.00,103.00,False
1789839517.7179,215.50,69.5700,69.6100,68.0500,101.00,103.00,False
1789839517.8115,215.60,69.5500,69.6100,68.0500,101.00,103.00,False
1789839517.9689,215.70,69.5300,69.6100,69.6100,101.00,103.00,False
1789839518.0780,215.80,69.5050,69.6100,69.6100,100.50,103.00,False
1789839518.1895,215.90,69.4800,73.4400,69.6100,100.50,103.00,False
1789839518.2987,216.00,69.4550,73.4200,69.6100,100.50,103.00,False
1789839518.4050,216.10,69.4300,73.4200,69.6100,100.50,103.00,False
1789839518.5902,216.20,69.4050,73.4200,73.4200,100.50,103.00,False
1789839518.6681,216.30,69.3750,69.4300,73.4200,100.00,103.00,False
1789839518.7825,216.40,69.3450,69.4300,73.4200,100.00,103.00,False
1789839518.8639,216.50,69.3150,69.4000,73.4200,100.00,103.00,False
1789839518.9790,216.60,69.2850,69.4000,73.4200,100.00,103.00,False
1789839519.0909,216.70,69.2500,69.3200,73.4200,99.50,103.00,False
1789839519.2800,216.80,69.2150,69.3200,69.4000,99.50,103.00,False
1789839519.3562,216.90,69.1800,69.2500,69.4000,99.50,103.00,False
1789839519.4717,217.00,69.1450,69.2500,69.4000,99.50,103.00,False
1789839519.5780,217.10,69.1050,73.0500,69.4000,99.00,103.00,False
1789839519.7766,217.20,69.0650,69.1400,69.2500,99.00,103.00,False
1789839519.8534,217.30,69.0250,69.1000,69.2500,99.00,103.00,False
1789839519.9776,217.40,68.9850,69.1000,69.2500,99.00,103.00,False
1789839520.0815,217.50,68.9400,72.8600,69.2500,98.50,103.00,False
1789839520.1885,217.60,68.8950,72.8600,69.2500,98.50,103.00,False
1789839520.2979,217.70,68.8500,72.8200,69.2500,98.50,103.00,False
1789839520.4019,217.80,68.8050,68.9400,69.2500,98.50,103.00,False
1789839520.4822,217.90,68.7600,68.9400,69.2500,98.50,103.00,False
1789839520.5801,218.00,68.7150,68.8500,69.2500,98.50,103.00,False
1789839520.6834,218.10,68.6700,68.8500,69.2500,98.50,103.00,False
1789839520.7961,218.20,68.6250,68.7600,69.2500,98.50,103.00,False
1789839520.8912,218.30,68.5800,67.7600,69.2500,98.50,103.00,False
1789839521.0177,218.40,68.5350,68.6200,69.2500,98.50,103.00,False
1789839521.2059,218.50,68.4900,67.6700,69.1000,98.50,103.00,False
1789839521.3225,218.60,68.4450,67.6200,69.1000,98.50,103.00,False
1789839521.4671,218.70,68.4000,67.6200,69.1000,98.50,103.00,False
1789839521.5937,218.80,68.3550,72.3200,69.1000,98.50,103.00,False
1789839521.6757,218.90,68.3050,72.3200,67.6200,98.00,103.00,False
1789839521.7990,219.00,68.2550,72.2300,67.6200,98.00,103.00,False
1789839521.9160,219.10,68.2050,68.3100,67.6200,98.00,103.00,False
1789839522.0222,219.20,68.1550,68.3100,67.6200,98.00,103.00,False
1789839522.1995,219.30,68.1050,72.0800,67.6200,98.00,103.00,False
1789839522.3408,219.40,68.0500,71.9800,68.3100,97.50,103.00,False
1789839522.4478,219.50,67.9950,71.9800,68.3100,97.50,103.00,False
1789839522.9776,219.60,67.9350,71.7600,68.1000,97.00,103.00,False
1789839523.1912,219.70,67.8750,71.5800,68.1000,97.00,103.00,False
1789839523.3858,219.80,67.8100,67.1000,68.1000,96.50,103.00,False
1789839523.5031,219.90,67.7450,67.1000,71.6400,96.50,103.00,False
1789839523.6454,220.00,67.6800,67.8100,71.6400,96.50,103.00,False
1789839523.8069,220.10,67.6150,67.8100,71.6400,96.50,103.00,False
1789839523.9232,220.20,67.5450,67.8100,71.6400,96.00,103.00,False
1789839524.0048,220.30,67.4750,66.9000,71.6400,96.00,103.00,False
1789839524.1375,220.40,67.4050,71.0100,66.9700,96.00,103.00,False
1789839524.2801,220.50,67.3350,71.0100,66.9700,96.00,103.00,False
1789839524.3572,220.60,67.2600,71.0100,66.9700,95.50,103.00,False
1789839524.4645,220.70,67.1850,71.0100,66.9700,95.50,103.00,False
1789839524.5582,220.80,67.1100,66.7700,66.9700,95.50,103.00,False
1789839524.6845,220.90,67.0350,66.7700,70.7200,95.50,103.00,False
1789839524.7430,221.00,66.9600,70.7200,70.7200,95.50,103.00,False
1789839524.8680,221.10,66.8850,70.7200,70.7200,95.50,103.00,False
1789839525.0344,221.20,66.8050,66.9600,70.7200,95.00,103.00,False
1789839525.1532,221.30,66.7250,66.9600,70.7200,95.00,103.00,False
1789839525.2830,221.40,66.6450,70.3400,70.7200,95.00,103.00,False
1789839525.4017,221.50,66.5650,70.3400,70.7200,95.00,103.00,False
1789839525.7216,221.60,66.4800,66.6400,70.7200,94.50,103.00,False
1789839525.8593,221.70,66.3950,66.3800,70.3400,94.50,103.00,False
1789839525.9747,221.80,66.3100,66.3800,70.3400,94.50,103.00,False
1789839526.0811,221.90,66.2200,69.9300,70.3400,94.00,103.00,False
1789839526.1905,222.00,66.1300,69.9300,70.3400,94.00,103.00,False
1789839526.3428,222.10,66.0400,66.2200,66.2200,94.00,103.00,False
1789839526.4544,222.20,65.9500,66.2200,66.2200,94.00,103.00,False
1789839526.6010,222.30,65.8600,66.2200,66.2200,94.00,103.00,False
1789839526.7208,222.40,65.7700,66.0400,66.2200,94.00,103.00,False
1789839526.8514,222.50,65.6800,69.4000,66.2200,94.00,103.00,False
1789839526.9545,222.60,65.5900,65.9400,65.9400,94.00,103.00,False
1789839527.0637,222.70,65.5000,65.9400,65.9400,94.00,103.00,False
1789839527.1746,222.80,65.4050,65.6800,65.9400,93.50,103.00,False
1789839527.2748,222.90,65.3100,65.6700,65.9400,93.50,103.00,False
1789839527.3494,223.00,65.2150,65.6700,65.9400,93.50,103.00,False
1789839527.4530,223.10,65.1200,65.4000,65.9400,93.50,103.00,False
1789839527.5568,223.20,65.0250,65.4000,65.4000,93.50,103.00,False
1789839527.7343,223.30,64.9250,65.3800,65.4000,93.00,103.00,False
1789839527.8113,223.40,64.8250,65.2800,65.4000,93.00,103.00,False
1789839527.9395,223.50,64.7250,65.0900,65.4000,93.00,103.00,False
1789839528.0742,223.60,64.6250,65.0900,65.0900,93.00,103.00,False
1789839528.2026,223.70,64.5200,64.9900,65.0900,92.50,103.00,False
1789839528.3470,223.80,64.4150,64.8900,65.0900,92.50,103.00,False
1789839528.4094,223.90,64.3100,64.8900,65.0900,92.50,103.00,False
1789839528.6214,224.00,64.2050,64.7800,65.0900,92.50,103.00,False
1789839528.7455,224.10,64.1000,64.6800,64.7800,92.50,103.00,False
1789839528.8338,224.20,63.9900,68.5200,64.7800,92.00,103.00,False
1789839528.9198,224.30,63.8800,68.5200,64.7800,92.00,103.00,False
1789839529.0427,224.40,63.7700,68.5200,64.7800,92.00,103.00,False
1789839529.1517,224.50,63.6600,63.9900,64.7800,92.00,103.00,False
1789839529.4755,224.60,63.5450,63.7700,63.9900,91.50,103.00,False
1789839529.7096,224.70,63.4300,68.2900,63.9900,91.50,103.00,False
1789839529.9751,224.80,63.3100,63.4700,68.4000,91.00,103.00,False
1789839530.0802,224.90,63.1900,63.4700,68.4000,91.00,103.00,False
1789839530.3923,225.00,63.0700,63.0000,68.4000,91.00,103.00,False
1789839530.4731,225.10,62.9450,63.0000,63.2400,90.50,103.00,False
1789839530.5854,225.20,62.8200,63.0000,63.2400,90.50,103.00,False
1789839530.7349,225.30,62.6950,62.9400,63.2400,90.50,103.00,False
1789839530.8996,225.40,62.5700,62.8200,63.2400,90.50,103.00,False
1789839531.0006,225.50,62.4400,62.8200,62.6300,90.00,103.00,False
1789839531.0850,225.60,62.3100,62.8200,62.6300,90.00,103.00,False
1789839531.2116,225.70,62.1800,62.8200,62.6300,90.00,103.00,False
1789839531.3168,225.80,62.0500,67.0900,62.6300,90.00,103.00,False
1789839531.4419,225.90,61.9200,62.3100,62.6300,90.00,103.00,False
1789839531.5459,226.00,61.7850,62.3100,62.6300,89.50,103.00,False
1789839531.6545,226.10,61.6500,62.3100,67.0900,89.50,103.00,False
1789839531.9122,226.20,61.5150,66.3000,67.0900,89.50,103.00,False
1789839532.0797,226.30,61.3750,66.3000,67.0900,89.00,103.00,False
1789839532.2200,226.40,61.2350,66.3000,61.8600,89.00,103.00,False
1789839532.3508,226.50,61.0950,61.3800,61.8600,89.00,103.00,False
1789839532.4310,226.60,60.9550,65.6100,61.8600,89.00,103.00,False
1789839532.5310,226.70,60.8100,65.6100,61.8600,88.50,103.00,False
1789839532.6179,226.80,60.6650,65.6100,61.8600,88.50,103.00,False
1789839532.7597,226.90,60.5200,65.1900,61.3800,88.50,103.00,False
1789839532.9081,227.00,60.3750,64.9000,61.3800,88.50,103.00,False
1789839532.9855,227.10,60.2300,64.9000,61.3800,88.50,103.00,False
1789839533.0656,227.20,60.0800,64.9000,61.3800,88.00,103.00,False
1789839533.1929,227.30,59.9300,64.9000,61.3800,88.00,103.00,False
1789839533.3482,227.40,59.7800,60.2300,65.0500,88.00,103.00,False
1789839533.4232,227.50,59.6300,64.3200,65.0500,88.00,103.00,False
1789839533.5467,227.60,59.4800,64.3200,65.0500,88.00,103.00,False
1789839533.6253,227.70,59.3250,64.3200,65.0500,87.50,103.00,False
1789839533.7578,227.80,59.1700,64.0200,65.0500,87.50,103.00,False
1789839533.9696,227.90,59.0150,59.3200,65.0500,87.50,103.00,False
1789839534.0605,228.00,58.8600,59.3200,64.3200,87.50,103.00,False
1789839534.1754,228.10,58.7050,59.3200,64.3200,87.50,103.00,False
1789839534.2735,228.20,58.5500,59.0200,64.3200,87.50,103.00,False
1789839534.4121,228.30,58.3950,61.1600,64.3200,87.50,103.00,False
1789839534.5152,228.40,58.2400,61.1600,64.3200,87.50,103.00,False
1789839534.7014,228.50,58.0800,61.1600,61.1600,87.00,103.00,False
1789839534.8017,228.60,57.9200,58.2400,61.1600,87.00,103.00,False
1789839534.8896,228.70,57.7600,60.7000,61.1600,87.00,103.00,False
1789839535.4694,228.80,57.6000,60.7000,61.1600,87.00,103.00,False
1789839535.5691,228.90,57.4350,60.7000,61.1600,86.50,103.00,False
1789839535.6940,229.00,57.2700,60.7000,60.7000,86.50,103.00,False
1789839535.8030,229.10,57.1050,61.8400,60.7000,86.50,103.00,False
1789839535.9363,229.20,56.9400,61.6700,60.7000,86.50,103.00,False
1789839536.1553,229.30,56.7750,61.6700,60.7000,86.50,103.00,False
1789839536.3645,229.40,56.6050,60.0400,60.7000,86.00,103.00,False
1789839536.4760,229.50,56.4350,56.7800,60.7000,86.00,103.00,False
1789839537.2897,229.60,56.2650,58.6800,59.1800,86.00,103.00,False
1789839537.4661,229.70,56.0900,59.4700,59.1800,85.50,103.00,False
1789839537.7450,229.80,55.9150,56.0900,59.4700,85.50,103.00,False
1789839537.9345,229.90,55.7350,57.6200,59.4700,85.00,103.00,False
1789839538.0616,230.00,55.5550,57.6200,59.4700,85.00,103.00,False
1789839538.1707,230.10,55.3700,57.6200,59.4700,84.50,103.00,False
1789839538.3027,230.20,55.1850,55.7400,57.6200,84.50,103.00,False
1789839538.4063,230.30,55.0000,56.9000,57.6200,84.50,103.00,False
1789839538.4846,230.40,54.8150,56.9000,57.6200,84.50,103.00,False
1789839538.5887,230.50,54.6300,55.3700,57.6200,84.50,103.00,False
1789839538.7980,230.60,54.4450,54.8200,57.6200,84.50,103.00,False
1789839539.0806,230.70,54.2550,54.4400,55.3700,84.00,103.00,False
1789839539.1873,230.80,54.0650,54.4400,55.3700,84.00,103.00,False
1789839539.3199,230.90,53.8700,57.8400,55.3700,83.50,103.00,False
1789839539.4039,231.00,53.6750,57.8400,55.3700,83.50,103.00,False
1789839539.5191,231.10,53.4800,57.8400,55.3700,83.50,103.00,False
1789839539.6209,231.20,53.2850,57.4600,54.4400,83.50,103.00,False
1789839539.7228,231.30,53.0900,57.4600,54.4400,83.50,103.00,False
1789839539.7978,231.40,52.8950,53.4800,54.4400,83.50,103.00,False
1789839539.9235,231.50,52.7000,53.4800,54.4400,83.50,103.00,False
1789839540.0273,231.60,52.5050,56.8800,54.4400,83.50,103.00,False
1789839540.3216,231.70,52.3100,56.4800,52.9000,83.50,103.00,False
1789839540.4873,231.80,52.1100,56.4800,52.9000,83.00,103.00,False
1789839540.6029,231.90,51.9100,54.2400,52.9000,83.00,103.00,False
1789839540.6880,232.00,51.7100,54.2400,52.9000,83.00,103.00,False
1789839540.8264,232.10,51.5100,55.7000,55.9000,83.00,103.00,False
1789839540.9069,232.20,51.3100,55.9000,55.9000,83.00,103.00,False
1789839541.0199,232.30,51.1100,55.3000,55.9000,83.00,103.00,False
1789839541.1003,232.40,50.9000,55.3000,55.9000,82.00,103.00,False
1789839541.2352,232.50,50.6900,55.3000,55.9000,82.00,103.00,False
1789839541.4138,232.60,50.4800,51.1100,55.9000,82.00,103.00,False
1789839541.5357,232.70,50.2700,53.2200,55.9000,82.00,103.00,False
1789839541.6597,232.80,50.0600,53.2200,55.9000,82.00,103.00,False
1789839541.9291,232.90,49.8450,50.0600,53.4400,81.50,103.00,False
1789839542.0693,233.00,49.6300,52.3800,53.4400,81.50,103.00,False
1789839542.1837,233.10,49.4150,52.3800,53.4400,81.50,103.00,False
1789839542.3036,233.20,49.1950,52.3800,53.4400,81.00,103.00,False
1789839542.4228,233.30,48.9750,51.7400,52.3800,81.00,103.00,False
1789839542.5311,233.40,48.7550,51.5200,52.3800,81.00,103.00,False
1789839542.7216,233.50,48.5350,51.5200,52.3800,81.00,103.00,False
1789839542.8723,233.60,48.3100,52.5500,52.3800,80.50,103.00,False
1789839543.0813,233.70,48.0850,52.1000,52.3200,80.50,103.00,False
1789839543.1815,233.80,47.8600,52.1000,52.3200,80.50,103.00,False
1789839543.3003,233.90,47.6350,52.1000,52.3200,80.50,103.00,False
1789839543.3955,234.00,47.4100,52.3200,52.3200,80.50,103.00,False
1789839543.5303,234.10,47.1850,52.3200,52.3200,80.50,103.00,False
1789839543.6668,234.20,46.9550,47.6400,52.3200,80.00,103.00,False
1789839543.7420,234.30,46.7250,47.6400,52.3200,80.00,103.00,False
1789839543.8600,234.40,46.4950,47.1800,52.3200,80.00,103.00,False
1789839543.9412,234.50,46.2650,46.9600,52.3200,80.00,103.00,False
1789839544.1551,234.60,46.0300,50.0600,46.9600,79.50,103.00,False
1789839544.3692,234.70,45.7950,49.6000,46.9600,79.50,103.00,False
1789839544.5485,234.80,45.5600,46.0300,46.0300,79.50,103.00,False
1789839545.3764,234.90,45.3350,47.1900,47.6500,80.50,103.00,False
1789839545.5941,235.00,45.1100,46.5000,47.6500,80.50,103.00,False
1789839545.6908,235.10,44.8850,45.3400,46.5000,80.50,103.00,False
1789839545.8096,235.20,44.6650,45.3400,46.5000,81.00,103.00,False
1789839545.9081,235.30,44.4450,46.6000,46.5000,81.00,103.00,False
1789839546.0099,235.40,44.2250,46.6000,46.5000,81.00,103.00,False
1789839546.5394,235.50,44.0100,45.5000,44.6600,81.50,103.00,False
1789839546.6492,235.60,43.7950,44.7300,44.6600,81.50,103.00,False
1789839546.7357,235.70,43.5800,44.7300,44.6600,81.50,103.00,False
1789839546.8766,235.80,43.3650,44.3000,44.6600,81.50,103.00,False
1789839547.0476,235.90,43.1550,44.3000,44.7300,82.00,103.00,False
1789839547.1699,236.00,42.9450,44.3000,44.7300,82.00,103.00,False
1789839547.3117,236.10,42.7350,44.2000,44.7300,82.00,103.00,False
1789839547.4170,236.20,42.5250,43.3600,44.7300,82.00,103.00,False
1789839547.5345,236.30,42.3200,43.3600,44.2000,82.50,103.00,False
1789839547.6384,236.40,42.1150,43.3600,44.2000,82.50,103.00,False
1789839547.7151,236.50,41.9100,43.3600,44.2000,82.50,103.00,False
1789839547.8385,236.60,41.7050,42.3200,44.2000,82.50,103.00,False
1789839548.0555,236.70,41.5050,42.1200,44.2000,83.00,103.00,False
1789839548.1372,236.80,41.3050,42.1200,42.3200,83.00,103.00,False
1789839548.2511,236.90,41.1050,42.1200,42.3200,83.00,103.00,False
1789839548.3526,237.00,40.9050,41.5000,42.3200,83.00,103.00,False
1789839548.4707,237.10,40.7050,41.6000,42.3200,83.00,103.00,False
1789839548.5433,237.20,40.5100,41.6000,42.3200,83.50,103.00,False
1789839548.6477,237.30,40.3150,41.6000,41.5000,83.50,103.00,False
1789839548.7433,237.40,40.1200,41.6000,41.5000,83.50,103.00,False
1789839548.8508,237.50,39.9250,40.8100,41.5000,83.50,103.00,False
1789839549.0992,237.60,39.7300,43.4500,41.5000,83.50,103.00,False
1789839549.2150,237.70,39.5400,43.4500,41.5000,84.00,103.00,False
1789839549.3856,237.80,39.3500,39.7300,40.8100,84.00,103.00,False
1789839549.4651,237.90,39.1600,42.3800,40.8100,84.00,103.00,False
1789839549.5905,238.00,38.9700,42.3800,40.8100,84.00,103.00,False
1789839549.6682,238.10,38.7850,42.3800,40.8100,84.50,103.00,False
1789839549.8131,238.20,38.6000,42.3800,40.8100,84.50,103.00,False
1789839549.9715,238.30,38.4150,42.3800,39.7300,84.50,103.00,False
1789839550.2176,238.40,38.2300,41.8200,39.7300,84.50,103.00,False
1789839550.2961,238.50,38.0500,41.8200,39.7300,85.00,103.00,False
1789839550.4244,238.60,37.8700,41.8200,39.7300,85.00,103.00,False
1789839550.5450,238.70,37.6900,38.3500,39.7300,85.00,103.00,False
1789839550.6273,238.80,37.5100,38.3500,39.7300,85.00,103.00,False
1789839550.7172,238.90,37.3300,38.3500,39.7300,85.00,103.00,False
1789839550.8364,239.00,37.1500,38.3500,39.7300,85.00,103.00,False
1789839550.9328,239.10,36.9700,38.3500,39.7300,85.00,103.00,False
1789839551.0582,239.20,36.7900,37.6400,38.7800,85.00,103.00,False
1789839551.1245,239.30,36.6100,37.4600,38.7800,85.00,103.00,False
1789839551.2474,239.40,36.4350,37.4600,38.7800,85.50,103.00,False
1789839551.3192,239.50,36.2600,37.4600,38.7800,85.50,103.00,False
1789839551.4722,239.60,36.0850,37.4600,38.7800,85.50,103.00,False
1789839551.5658,239.70,35.9100,36.2600,40.7300,85.50,103.00,False
1789839551.6331,239.80,35.7350,36.2600,40.7300,85.50,103.00,False
1789839551.7164,239.90,35.5600,36.2600,40.7300,85.50,103.00,False
1789839551.8251,240.00,35.3850,36.2600,40.7300,85.50,103.00,False
1789839551.9485,240.10,35.2100,35.5600,40.7300,85.50,103.00,False
1789839552.1188,240.20,35.0350,36.9200,35.5600,85.50,103.00,False
1789839552.1711,240.30,34.8650,36.9200,35.5600,86.00,103.00,False
1789839552.2905,240.40,34.6950,36.9200,35.5600,86.00,103.00,False
1789839552.4177,240.50,34.5250,36.9200,35.5600,86.00,103.00,False
1789839552.5724,240.60,34.3550,34.7000,35.5600,86.00,103.00,False
1789839552.7734,240.70,34.1900,34.7000,35.5200,86.50,103.00,False
1789839552.9134,240.80,34.0250,40.0400,35.5200,86.50,103.00,False
1789839553.1963,240.90,33.8600,34.5100,35.5200,86.50,103.00,False
1789839553.3805,241.00,33.7000,34.5100,40.0400,87.00,103.00,False
1789839553.4800,241.10,33.5400,34.0200,40.0400,87.00,103.00,False
1789839553.5795,241.20,33.3800,34.0200,40.0400,87.00,103.00,False
1789839553.6885,241.30,33.2250,39.2300,40.0400,87.50,103.00,False
1789839553.7887,241.40,33.0700,39.2300,40.0400,87.50,103.00,False
1789839553.8936,241.50,32.9150,39.2300,33.8600,87.50,103.00,False
1789839554.0415,241.60,32.7600,38.9200,33.8600,87.50,103.00,False
1789839554.1581,241.70,32.6050,32.9200,33.8600,87.50,103.00,False
1789839554.2366,241.80,32.4550,32.9200,33.8600,88.00,103.00,False
1789839554.3514,241.90,32.3050,32.9200,33.8600,88.00,103.00,False
1789839554.4654,242.00,32.1550,32.6000,38.9200,88.00,103.00,False
1789839554.5644,242.10,32.0050,32.6000,38.9200,88.00,103.00,False
1789839554.6649,242.20,31.8550,32.4600,38.9200,88.00,103.00,False
1789839554.7709,242.30,31.7050,32.4600,38.9200,88.00,103.00,False
1789839554.9070,242.40,31.5600,32.4600,38.9200,88.50,103.00,False
1789839554.9927,242.50,31.4150,31.8600,32.4600,88.50,103.00,False
1789839555.1033,242.60,31.2700,31.8600,32.4600,88.50,103.00,False
1789839555.1722,242.70,31.1250,31.5600,32.4600,88.50,103.00,False
1789839555.2821,242.80,30.9800,31.5600,32.4600,88.50,103.00,False
1789839555.4904,242.90,30.8350,31.1200,32.4600,88.50,103.00,False
1789839555.5963,243.00,30.6950,31.1200,31.5600,89.00,103.00,False
1789839555.7226,243.10,30.5550,31.1200,31.5600,89.00,103.00,False
1789839555.8230,243.20,30.4150,30.8400,31.5600,89.00,103.00,False
1789839555.9471,243.30,30.2750,31.0200,31.5600,89.00,103.00,False
1789839556.1708,243.40,30.1400,31.0200,30.8400,89.50,103.00,False
1789839556.3576,243.50,30.0050,37.4800,30.8400,89.50,103.00,False
1789839556.4497,243.60,29.8700,37.4800,30.8400,89.50,103.00,False
1789839556.5550,243.70,29.7400,37.4800,30.8400,90.00,103.00,False
1789839556.8965,243.80,29.6100,29.7400,30.6000,90.00,103.00,False
1789839557.1345,243.90,29.4850,30.0800,30.6000,90.50,103.00,False
1789839557.2509,244.00,29.3600,30.0800,30.6000,90.50,103.00,False
1789839557.3517,244.10,29.2350,36.5600,29.7400,90.50,103.00,False
1789839558.0539,244.20,29.1150,36.0800,29.0700,91.00,103.00,False
1789839558.1987,244.30,28.9950,35.9600,29.0700,91.00,103.00,False
1789839558.3337,244.40,28.8750,29.1200,29.0700,91.00,103.00,False
1789839558.4733,244.50,28.7550,29.1200,29.1200,91.00,103.00,False
1789839558.6216,244.60,28.6350,35.6000,29.1200,91.00,103.00,False
1789839558.7293,244.70,28.5200,35.4800,29.1200,91.50,103.00,False
1789839558.8930,244.80,28.4050,35.4800,29.1200,91.50,103.00,False
1789839559.0616,244.90,28.2900,35.2400,35.2400,91.50,103.00,False
1789839559.2648,245.00,28.1800,35.1200,35.2400,92.00,103.00,False
1789839559.3766,245.10,28.0700,35.1200,35.2400,92.00,103.00,False
1789839559.4428,245.20,27.9600,35.0100,35.2400,92.00,103.00,False
1789839559.5370,245.30,27.8500,34.7800,35.2400,92.00,103.00,False
1789839559.7355,245.40,27.7400,34.6700,35.2400,92.00,103.00,False
1789839559.9129,245.50,27.6350,34.6700,35.2400,92.50,103.00,False
1789839560.0379,245.60,27.5300,27.4300,35.2400,92.50,103.00,False
1789839560.5570,245.70,27.4250,26.8000,35.2400,92.50,103.00,False
1789839560.6525,245.80,27.3200,26.8000,35.2400,92.50,103.00,False
1789839560.8442,245.90,27.2150,26.7000,34.7800,92.50,103.00,False
1789839560.9256,246.00,27.1100,27.3200,34.7800,92.50,103.00,False
1789839561.0509,246.10,27.0050,27.3200,34.7800,92.50,103.00,False
1789839561.1365,246.20,26.9000,27.2200,34.7800,92.50,103.00,False
1789839561.2491,246.30,26.7950,27.2200,34.7800,92.50,103.00,False
1789839561.4116,246.40,26.6950,26.9000,27.2200,93.00,103.00,False
1789839561.4754,246.50,26.5950,26.9000,27.2200,93.00,103.00,False
1789839561.5853,246.60,26.4950,32.6700,27.2200,93.00,103.00,False
1789839561.6669,246.70,26.3950,32.6700,27.2200,93.00,103.00,False
1789839561.7782,246.80,26.3000,32.6700,27.2200,93.50,103.00,False
1789839561.9594,246.90,26.2050,32.3700,32.6700,93.50,103.00,False
1789839562.0583,247.00,26.1100,32.3700,32.6700,93.50,103.00,False
1789839562.1403,247.10,26.0150,32.1700,32.6700,93.50,103.00,False
1789839562.2459,247.20,25.9200,32.1700,32.6700,93.50,103.00,False
1789839562.3586,247.30,25.8300,32.1700,32.6700,94.00,103.00,False
1789839562.4394,247.40,25.7400,26.0200,32.6700,94.00,103.00,False
1789839562.5405,247.50,25.6500,26.0200,32.1700,94.00,103.00,False
1789839562.6378,247.60,25.5600,31.7000,32.1700,94.00,103.00,False
1789839562.7399,247.70,25.4700,31.7000,32.1700,94.00,103.00,False
1789839562.8464,247.80,25.3850,31.7000,32.1700,94.50,103.00,False
1789839562.9365,247.90,25.3000,31.4400,32.1700,94.50,103.00,False
1789839563.0447,248.00,25.2150,31.4400,31.7000,94.50,103.00,False
1789839563.1352,248.10,25.1300,31.2600,31.7000,94.50,103.00,False
1789839563.2153,248.20,25.0450,31.2600,31.7000,94.50,103.00,False
1789839563.3519,248.30,24.9650,31.2600,31.7000,95.00,103.00,False
1789839563.4404,248.40,24.8850,25.1300,31.7000,95.00,103.00,False
1789839563.5415,248.50,24.8050,25.1300,31.7000,95.00,103.00,False
1789839563.6343,248.60,24.7250,24.9600,31.7000,95.00,103.00,False
1789839563.7227,248.70,24.6450,24.9600,24.9600,95.00,103.00,False
1789839563.8355,248.80,24.5650,24.7200,24.9600,95.00,103.00,False
1789839563.9176,248.90,24.4850,24.7200,24.9600,95.00,103.00,False
1789839564.0149,249.00,24.4050,24.7200,24.9600,95.00,103.00,False
1789839564.1293,249.10,24.3250,24.5600,24.9600,95.00,103.00,False
1789839564.2394,249.20,24.2450,24.5600,24.5600,95.00,103.00,False
1789839564.3365,249.30,24.1700,30.2800,24.5600,95.50,103.00,False
1789839564.4166,249.40,24.0950,30.2800,24.5600,95.50,103.00,False
1789839564.5615,249.50,24.0200,30.2800,24.5600,95.50,103.00,False
1789839564.6375,249.60,23.9450,24.1700,24.5600,95.50,103.00,False
1789839564.7598,249.70,23.8700,24.1700,24.1700,95.50,103.00,False
1789839564.8420,249.80,23.8000,24.0200,24.1700,96.00,103.00,False
1789839564.9366,249.90,23.7300,24.0200,24.1700,96.00,103.00,False
1789839565.0184,250.00,23.6600,24.0200,24.1700,96.00,103.00,False
1789839565.1335,250.10,23.5900,23.8000,24.1700,96.00,103.00,False
1789839565.2631,250.20,23.5200,23.8000,24.1700,96.00,103.00,False
1789839565.3565,250.30,23.4550,23.6600,24.1700,96.50,103.00,False
1789839565.4343,250.40,23.3900,23.6600,23.8000,96.50,103.00,False
1789839565.5400,250.50,23.3250,23.6600,23.8000,96.50,103.00,False
1789839565.6250,250.60,23.2600,23.4600,23.8000,96.50,103.00,False
1789839565.7712,250.70,23.2000,23.3200,23.8000,97.00,103.00,False
1789839565.8479,250.80,23.1400,23.3200,23.8000,97.00,103.00,False
1789839565.9463,250.90,23.0800,23.3200,23.8000,97.00,103.00,False
1789839566.0490,251.00,23.0200,29.1600,23.4600,97.00,103.00,False
1789839566.1222,251.10,22.9600,29.1600,23.4600,97.00,103.00,False
1789839566.2416,251.20,22.9000,29.0400,23.4600,97.00,103.00,False
1789839566.3534,251.30,22.8450,29.0400,23.4600,97.50,103.00,False
1789839566.4264,251.40,22.7900,29.0400,23.4600,97.50,103.00,False
1789839566.5219,251.50,22.7350,29.0400,23.4600,97.50,103.00,False
1789839566.6688,251.60,22.6800,28.8200,29.1600,97.50,103.00,False
1789839566.7704,251.70,22.6250,22.7900,29.1600,97.50,103.00,False
1789839566.8433,251.80,22.5750,22.7900,29.1600,98.00,103.00,False
1789839566.9284,251.90,22.5250,22.7900,29.1600,98.00,103.00,False
1789839567.0265,252.00,22.4750,22.7900,29.1600,98.00,103.00,False
1789839567.2324,252.10,22.4250,22.5200,28.5500,98.00,103.00,False
1789839567.2826,252.20,22.3750,22.5200,28.5500,98.00,103.00,False
1789839567.3816,252.30,22.3250,22.5200,28.5500,98.00,103.00,False
1789839567.4930,252.40,22.2750,22.5200,28.5500,98.00,103.00,False
1789839567.5971,252.50,22.2250,28.3500,28.5500,98.00,103.00,False
1789839568.2917,252.60,22.1750,28.3000,28.3500,98.00,103.00,False
1789839568.4228,252.70,22.1300,28.3000,28.3500,98.50,103.00,False
1789839568.4848,252.80,22.0850,28.3000,28.3500,98.50,103.00,False
1789839568.5782,252.90,22.0400,28.3000,28.3500,98.50,103.00,False
1789839568.6835,253.00,21.9950,22.1300,28.3500,98.50,103.00,False
1789839568.8278,253.10,21.9500,28.0600,28.3500,98.50,103.00,False
1789839568.8959,253.20,21.9100,28.0600,22.1300,99.00,103.00,False
1789839568.9818,253.30,21.8700,28.0600,22.1300,99.00,103.00,False
1789839569.1029,253.40,21.8300,28.0600,22.1300,99.00,103.00,False
1789839569.2048,253.50,21.7900,21.9100,22.1300,99.00,103.00,False
1789839569.3042,253.60,21.7500,21.8700,22.1300,99.00,103.00,False
1789839569.4024,253.70,21.7150,21.8700,21.9100,99.50,103.00,False
1789839569.4888,253.80,21.6800,21.8700,21.9100,99.50,103.00,False
1789839569.6090,253.90,21.6450,21.8700,21.9100,99.50,103.00,False
1789839569.7043,254.00,21.6100,21.7200,21.9100,99.50,103.00,False
1789839569.8067,254.10,21.5750,21.6800,21.9100,99.50,103.00,False
1789839569.8878,254.20,21.5450,21.6800,21.9100,100.00,103.00,False
1789839570.0055,254.30,21.5150,21.6800,21.7200,100.00,103.00,False
1789839570.0824,254.40,21.4850,21.6800,21.7200,100.00,103.00,False
1789839570.2037,254.50,21.4550,21.5400,21.7200,100.00,103.00,False
1789839570.2807,254.60,21.4250,21.5200,21.7200,100.00,103.00,False
1789839570.3814,254.70,21.4000,21.5200,21.7200,100.50,103.00,False
1789839570.4817,254.80,21.3750,21.5200,21.7200,100.50,103.00,False
1789839570.6045,254.90,21.3500,21.5200,21.5400,100.50,103.00,False
1789839570.7190,255.00,21.3250,21.3800,21.5400,100.50,103.00,False
1789839570.8071,255.10,21.3000,21.3800,21.5400,100.50,103.00,False
1789839570.8826,255.20,21.2800,21.3800,21.5400,101.00,103.00,False
1789839570.9842,255.30,21.2600,21.3800,21.5400,101.00,103.00,False
1789839571.1247,255.40,21.2400,21.2800,21.4000,101.00,103.00,False
1789839571.2226,255.50,21.2200,27.2800,21.4000,101.00,103.00,False
1789839571.3264,255.60,21.2000,27.2800,21.4000,101.00,103.00,False
1789839571.4038,255.70,21.1850,27.2800,21.4000,101.50,103.00,False
1789839571.4866,255.80,21.1700,27.2800,21.4000,101.50,103.00,False
1789839571.6288,255.90,21.1550,27.2800,21.2800,101.50,103.00,False
1789839571.7310,256.00,21.1400,27.1800,21.2800,101.50,103.00,False
1789839571.8278,256.10,21.1250,27.1800,21.2800,101.50,103.00,False
1789839571.9061,256.20,21.1150,27.1800,21.2800,102.00,103.00,False
1789839571.9858,256.30,21.1050,27.1800,21.2800,102.00,103.00,False
1789839572.1266,256.40,21.0950,27.1800,21.1800,102.00,103.00,False
1789839572.2136,256.50,21.0850,27.1200,21.1800,102.00,103.00,False
1789839572.2934,256.60,21.0750,27.1200,21.1800,102.00,103.00,False
1789839572.3943,256.70,21.0700,27.1200,21.1800,102.50,103.00,False
1789839572.5164,256.80,21.0650,27.1200,21.1800,102.50,103.00,False
1789839572.6171,256.90,21.0600,27.1200,21.1800,102.50,103.00,False
1789839572.7392,257.00,21.0550,21.0700,21.0700,102.50,103.00,False
1789839572.8154,257.10,21.0500,21.0700,21.0700,102.50,103.00,False
1789839572.8948,257.20,21.0450,21.0700,21.0700,102.50,103.00,False
1789839572.9942,257.30,21.0400,21.0700,21.0700,102.50,103.00,False
1789839573.1175,257.40,21.0350,21.0400,21.0700,102.50,103.00,False
1789839573.2034,257.50,21.0300,21.0400,21.0700,102.50,103.00,False
1789839573.3499,257.60,21.0300,21.0400,21.0400,103.00,103.00,False
1789839573.4203,257.70,21.0300,21.0400,21.0400,103.00,103.00,False
1789839573.5046,257.80,21.0300,21.0400,21.0400,103.00,103.00,False
1789839573.6225,257.90,21.0300,21.0300,21.0400,103.00,103.00,False
1789839573.7091,258.00,21.0300,21.0300,21.0400,103.00,103.00,False
1789839573.8839,258.10,21.0350,21.0300,21.0300,103.50,103.00,False
1789839573.9399,258.20,21.0400,21.0300,21.0300,103.50,103.00,False
1789839574.0804,258.30,21.0450,27.0400,21.0300,103.50,103.00,False
1789839574.1345,258.40,21.0500,27.0400,21.0300,103.50,103.00,False
1789839574.2415,258.50,21.0550,27.0400,21.0300,103.50,103.00,False
1789839574.3585,258.60,21.0650,27.0400,21.0300,104.00,103.00,False
1789839574.4425,258.70,21.0750,27.0400,27.0400,104.00,103.00,False
1789839574.5516,258.80,21.0850,27.0600,27.0400,104.00,103.00,False
1789839574.6330,258.90,21.0950,27.0800,27.0400,104.00,103.00,False
1789839574.7535,259.00,21.1050,27.0800,27.0400,104.00,103.00,False
1789839574.8307,259.10,21.1200,27.0800,27.0400,104.50,103.00,False
1789839574.9393,259.20,21.1350,27.0800,27.0800,104.50,103.00,False
1789839575.0576,259.30,21.1500,27.1400,27.0800,104.50,103.00,False
1789839575.1399,259.40,21.1650,27.1400,27.0800,104.50,103.00,False
1789839575.2514,259.50,21.1850,27.1400,27.0800,105.00,103.00,False
1789839575.3442,259.60,21.2050,27.1400,27.0800,105.00,103.00,False
1789839575.5313,259.70,21.2250,27.2000,27.1400,105.00,103.00,False
1789839575.6085,259.80,21.2450,27.2000,27.1400,105.00,103.00,False
1789839575.7185,259.90,21.2700,27.2000,27.1400,105.50,103.00,False
1789839575.8015,260.00,21.2950,27.2000,27.1400,105.50,103.00,False
1789839575.9371,260.10,21.3200,27.2800,27.1400,105.50,103.00,False
1789839576.0302,260.20,21.3450,27.3000,27.2000,105.50,103.00,False
1789839576.1157,260.30,21.3700,27.3000,27.2000,105.50,103.00,False
1789839576.2101,260.40,21.3950,27.3000,27.2000,105.50,103.00,False
1789839576.3275,260.50,21.4200,27.3000,27.2000,105.50,103.00,False
1789839576.4347,260.60,21.4450,21.4000,27.2000,105.50,103.00,False
1789839576.5298,260.70,21.4700,21.4000,27.2000,105.50,103.00,False
1789839576.6183,260.80,21.5000,21.4000,21.4000,106.00,103.00,False
1789839576.7041,260.90,21.5300,21.4000,21.4000,106.00,103.00,False
1789839576.8225,261.00,21.5600,27.5000,21.4000,106.00,103.00,False
1789839576.9263,261.10,21.5900,21.5300,21.4000,106.00,103.00,False
1789839577.0044,261.20,21.6200,21.5300,21.4000,106.00,103.00,False
1789839577.0866,261.30,21.6500,21.5300,21.5300,106.00,103.00,False
1789839577.1921,261.40,21.6850,21.5300,21.5300,106.50,103.00,False
1789839577.2895,261.50,21.7200,21.6200,21.5300,106.50,103.00,False
1789839577.4068,261.60,21.7550,21.6800,21.5300,106.50,103.00,False
1789839577.4956,261.70,21.7900,21.6800,21.5300,106.50,103.00,False
1789839577.5907,261.80,21.8300,21.6800,21.5300,107.00,103.00,False
1789839577.7295,261.90,21.8700,27.7600,21.6800,107.00,103.00,False
1789839577.7874,262.00,21.9100,27.7600,21.6800,107.00,103.00,False
1789839577.8894,262.10,21.9500,27.8400,21.6800,107.00,103.00,False
1789839577.9994,262.20,21.9900,27.8400,21.6800,107.00,103.00,False
1789839578.1153,262.30,22.0350,27.8400,21.6800,107.50,103.00,False
1789839578.2217,262.40,22.0800,27.9600,27.8400,107.50,103.00,False
1789839578.3220,262.50,22.1250,27.9600,27.8400,107.50,103.00,False
1789839578.4161,262.60,22.1700,22.0400,27.8400,107.50,103.00,False
1789839578.5114,262.70,22.2150,22.0400,27.8400,107.50,103.00,False
1789839578.6078,262.80,22.2650,22.0400,27.8400,108.00,103.00,False
1789839578.7006,262.90,22.3150,28.1400,27.8400,108.00,103.00,False
1789839578.8270,263.00,22.3650,22.2600,22.0400,108.00,103.00,False
1789839578.9039,263.10,22.4150,22.2600,22.0400,108.00,103.00,False
1789839579.0201,263.20,22.4650,22.2600,22.0400,108.00,103.00,False
1789839579.1159,263.30,22.5200,22.4200,22.0400,108.50,103.00,False
1789839579.1936,263.40,22.5750,22.4200,22.0400,108.50,103.00,False
1789839579.3194,263.50,22.6300,28.4800,28.4800,108.50,103.00,False
1789839579.3989,263.60,22.6850,28.4800,28.4800,108.50,103.00,False
1789839579.4918,263.70,22.7400,28.4800,28.4800,108.50,103.00,False
1789839579.6127,263.80,22.7950,28.4800,28.4800,108.50,103.00,False
1789839579.6943,263.90,22.8500,22.6800,28.4800,108.50,103.00,False
1789839579.8002,264.00,22.9050,28.7600,28.4800,108.50,103.00,False
1789839579.9162,264.10,22.9600,28.7600,28.7600,108.50,103.00,False
1789839579.9919,264.20,23.0200,28.7600,28.7600,109.00,103.00,False
1789839580.1174,264.30,23.0800,22.9600,28.7600,109.00,103.00,False
1789839580.2172,264.40,23.1400,22.9600,28.7600,109.00,103.00,False
1789839580.2994,264.50,23.2000,23.0200,28.7600,109.00,103.00,False
1789839580.4408,264.60,23.2600,23.0200,28.7600,109.00,103.00,False
1789839580.5256,264.70,23.3250,23.0200,23.0200,109.50,103.00,False
1789839580.6508,264.80,23.3900,29.2200,23.0200,109.50,103.00,False
1789839580.7257,264.90,23.4550,29.2200,23.0200,109.50,103.00,False
1789839580.8245,265.00,23.5200,29.2900,23.0200,109.50,103.00,False
1789839580.9472,265.10,23.5850,29.2900,23.0200,109.50,103.00,False
1789839581.0443,265.20,23.6550,29.2900,29.2900,110.00,103.00,False
1789839581.1481,265.30,23.7250,29.2900,29.2900,110.00,103.00,False
1789839581.2501,265.40,23.7950,23.5800,29.2900,110.00,103.00,False
1789839581.3314,265.50,23.8650,23.6600,29.2900,110.00,103.00,False
1789839581.4467,265.60,23.9350,23.6600,29.2900,110.00,103.00,False
1789839581.5237,265.70,24.0100,23.6600,29.2900,110.50,103.00,False
1789839581.6414,265.80,24.0850,23.6600,23.6600,110.50,103.00,False
1789839581.7771,265.90,24.1600,23.9400,23.6600,110.50,103.00,False
1789839581.8526,266.00,24.2350,24.0100,23.6600,110.50,103.00,False
1789839581.9299,266.10,24.3100,24.0100,23.6600,110.50,103.00,False
1789839582.0313,266.20,24.3900,24.0100,23.6600,111.00,103.00,False
1789839582.1532,266.30,24.4700,24.0100,23.6600,111.00,103.00,False
1789839582.2276,266.40,24.5500,30.2800,24.0100,111.00,103.00,False
1789839582.3563,266.50,24.6300,30.3600,24.0100,111.00,103.00,False
1789839582.4333,266.60,24.7100,30.3600,24.0100,111.00,103.00,False
1789839582.5302,266.70,24.7950,30.3600,24.0100,111.50,103.00,False
1789839582.6313,266.80,24.8800,30.3600,24.0100,111.50,103.00,False
1789839582.8015,266.90,24.9650,24.7100,30.3600,111.50,103.00,False
1789839582.8781,267.00,25.0500,30.6800,30.3600,111.50,103.00,False
1789839582.9898,267.10,25.1350,30.6800,30.3600,111.50,103.00,False
1789839583.0707,267.20,25.2250,30.6800,30.3600,112.00,103.00,False
1789839583.1961,267.30,25.3150,25.1400,30.3600,112.00,103.00,False
1789839583.3191,267.40,25.4050,25.1400,30.6800,112.00,103.00,False
1789839583.3932,267.50,25.4950,25.2200,30.6800,112.00,103.00,False
1789839583.4906,267.60,25.5850,25.2200,30.6800,112.00,103.00,False
1789839583.5887,267.70,25.6800,25.2200,30.6800,112.50,103.00,False
1789839583.6725,267.80,25.7750,31.4700,30.6800,112.50,103.00,False
1789839583.8687,267.90,25.8700,25.6800,25.6800,112.50,103.00,False
1789839583.9232,268.00,25.9650,25.6800,25.6800,112.50,103.00,False
1789839584.0159,268.10,26.0600,25.6800,25.6800,112.50,103.00,False
1789839584.1315,268.20,26.1550,31.8500,25.6800,112.50,103.00,False
1789839584.2511,268.30,26.2500,31.8500,25.6800,112.50,103.00,False
1789839584.3305,268.40,26.3450,32.0400,25.6800,112.50,103.00,False
1789839584.4268,268.50,26.4400,32.0400,32.0400,112.50,103.00,False
1789839584.5429,268.60,26.5400,32.0400,32.0400,113.00,103.00,False
1789839584.6249,268.70,26.6400,26.3400,32.0400,113.00,103.00,False
1789839584.7296,268.80,26.7400,26.3400,32.0400,113.00,103.00,False
1789839584.8250,268.90,26.8400,32.5200,32.0400,113.00,103.00,False
1789839584.9457,269.00,26.9400,32.5200,32.5200,113.00,103.00,False
1789839585.0614,269.10,27.0450,26.8400,32.5200,113.50,103.00,False
1789839585.1343,269.20,27.1500,26.8400,32.5200,113.50,103.00,False
1789839585.2265,269.30,27.2550,26.8400,32.5200,113.50,103.00,False
1789839585.3623,269.40,27.3600,33.0200,32.5200,113.50,103.00,False
1789839585.4380,269.50,27.4650,33.0200,32.5200,113.50,103.00,False
1789839585.5788,269.60,27.5700,33.2400,33.0200,113.50,103.00,False
1789839585.6523,269.70,27.6800,33.2400,33.0200,114.00,103.00,False
1789839585.7479,269.80,27.7900,33.2400,33.0200,114.00,103.00,False
1789839585.8681,269.90,27.9000,33.2400,33.0200,114.00,103.00,False
1789839585.9694,270.00,28.0100,33.5600,33.0200,114.00,103.00,False
1789839586.1018,270.10,28.1200,27.7900,33.5600,114.00,103.00,False
1789839586.1675,270.20,28.2350,27.7900,33.5600,114.50,103.00,False
1789839586.2483,270.30,28.3500,27.7900,33.5600,114.50,103.00,False
1789839586.3774,270.40,28.4650,28.2400,33.5600,114.50,103.00,False
1789839586.4826,270.50,28.5800,28.3500,33.5600,114.50,103.00,False
1789839586.5740,270.60,28.6950,28.3500,33.5600,114.50,103.00,False
1789839586.6686,270.70,28.8150,28.3500,28.2400,115.00,103.00,False
1789839586.7563,270.80,28.9350,28.3500,28.2400,115.00,103.00,False
1789839586.8726,270.90,29.0550,28.3500,28.2400,115.00,103.00,False
1789839586.9556,271.00,29.1750,34.8000,28.2400,115.00,103.00,False
1789839587.1022,271.10,29.2950,34.8000,28.2400,115.00,103.00,False
1789839587.1817,271.20,29.4200,34.8000,34.8000,115.50,103.00,False
1789839587.2587,271.30,29.5450,34.8000,34.8000,115.50,103.00,False
1789839587.3932,271.40,29.6700,34.8000,34.8000,115.50,103.00,False
1789839587.4694,271.50,29.7950,29.4200,34.8000,115.50,103.00,False
1789839587.5590,271.60,29.9200,29.4200,34.8000,115.50,103.00,False
1789839587.6853,271.70,30.0500,29.4200,34.8000,116.00,103.00,False
1789839587.7877,271.80,30.1800,29.4200,29.4200,116.00,103.00,False
1789839587.8806,271.90,30.3100,29.4200,29.4200,116.00,103.00,False
1789839587.9782,272.00,30.4400,30.0500,29.4200,116.00,103.00,False
1789839588.0552,272.10,30.5700,30.0500,29.4200,116.00,103.00,False
1789839588.1544,272.20,30.7050,30.0500,29.4200,116.50,103.00,False
1789839588.2868,272.30,30.8400,30.0500,30.0500,116.50,103.00,False
1789839588.3756,272.40,30.9750,30.0500,30.0500,116.50,103.00,False
1789839588.4606,272.50,31.1100,30.7000,30.0500,116.50,103.00,False
1789839588.5787,272.60,31.2450,30.7000,30.0500,116.50,103.00,False
1789839588.6537,272.70,31.3850,30.7000,30.0500,117.00,103.00,False
1789839588.7552,272.80,31.5250,30.7000,30.0500,117.00,103.00,False
1789839588.8852,272.90,31.6650,31.3800,30.7000,117.00,103.00,False
1789839588.9640,273.00,31.8050,31.3800,30.7000,117.00,103.00,False
1789839589.0782,273.10,31.9500,31.3800,30.7000,117.50,103.00,False
1789839589.1554,273.20,32.0950,31.3800,30.7000,117.50,103.00,False
1789839589.2590,273.30,32.2400,31.3800,30.7000,117.50,103.00,False
1789839589.4037,273.40,32.3850,32.1000,31.3800,117.50,103.00,False
1789839589.5978,273.50,32.5350,32.2400,31.3800,118.00,103.00,False
1789839589.6675,273.60,32.6850,32.2400,31.3800,118.00,103.00,False
1789839589.7478,273.70,32.8350,32.2400,31.3800,118.00,103.00,False
1789839589.8996,273.80,32.9850,32.6800,32.6800,118.00,103.00,False
1789839589.9891,273.90,33.1350,32.8400,32.6800,118.00,103.00,False
1789839590.0682,274.00,33.2850,32.8400,32.6800,118.00,103.00,False
1789839590.1484,274.10,33.4350,32.8400,32.6800,118.00,103.00,False
1789839590.2545,274.20,33.5850,32.8400,32.6800,118.00,103.00,False
1789839590.3972,274.30,33.7350,39.4400,39.4400,118.00,103.00,False
1789839590.5132,274.40,33.8850,39.5900,39.4400,118.00,103.00,False
1789839590.5817,274.50,34.0400,39.5900,39.4400,118.50,103.00,False
1789839590.6647,274.60,34.1950,39.5900,39.4400,118.50,103.00,False
1789839590.7684,274.70,34.3500,39.5900,39.4400,118.50,103.00,False
1789839590.9543,274.80,34.5050,40.2000,39.4400,118.50,103.00,False
1789839591.0489,274.90,34.6650,34.2000,40.2000,119.00,103.00,False
1789839591.1299,275.00,34.8250,34.2000,40.2000,119.00,103.00,False
1789839591.2034,275.10,34.9850,34.2000,40.2000,119.00,103.00,False
1789839591.3311,275.20,35.1450,40.8300,40.2000,119.00,103.00,False
1789839591.4829,275.30,35.3050,40.8300,40.2000,119.00,103.00,False
1789839591.5557,275.40,35.4700,34.9800,40.8300,119.50,103.00,False
1789839591.6389,275.50,35.6350,34.9800,40.8300,119.50,103.00,False
1789839591.7353,275.60,35.8000,34.9800,40.8300,119.50,103.00,False
1789839591.8646,275.70,35.9650,41.6300,40.8300,119.50,103.00,False
1789839591.9964,275.80,36.1300,41.8000,40.8300,119.50,103.00,False
1789839592.0464,275.90,36.3000,41.8000,41.6300,120.00,103.00,False
1789839592.1654,276.00,36.4700,41.8000,41.6300,120.00,103.00,False
1789839592.2883,276.10,36.6400,42.3000,41.6300,120.00,103.00,False
1789839592.3879,276.20,36.8100,42.3000,41.6300,120.00,103.00,False
1789839592.4876,276.30,36.9800,36.4700,41.6300,120.00,103.00,False
1789839592.5900,276.40,37.1550,36.4700,42.3000,120.50,103.00,False
1789839592.6684,276.50,37.3300,36.4700,42.3000,120.50,103.00,False
1789839592.7880,276.60,37.5050,43.1500,42.3000,120.50,103.00,False
1789839592.8842,276.70,37.6800,43.1500,42.3000,120.50,103.00,False
1789839592.9490,276.80,37.8600,37.3300,42.3000,121.00,103.00,False
1789839593.0687,276.90,38.0400,37.3300,42.3000,121.00,103.00,False
1789839593.1696,277.00,38.2200,37.3300,43.1500,121.00,103.00,False
1789839593.2732,277.10,38.4000,43.8600,43.1500,121.00,103.00,False
1789839593.4814,277.20,38.5800,44.2200,43.1500,121.00,103.00,False
1789839593.5563,277.30,38.7650,44.2200,43.1500,121.50,103.00,False
1789839593.6624,277.40,38.9500,44.2200,43.8600,121.50,103.00,False
1789839593.7739,277.50,39.1350,38.5800,43.8600,121.50,103.00,False
1789839593.9236,277.60,39.3200,38.9500,43.8600,121.50,103.00,False
1789839593.9798,277.70,39.5100,38.9500,43.8600,122.00,103.00,False
1789839594.1112,277.80,39.7000,38.9500,43.8600,122.00,103.00,False
1789839594.2033,277.90,39.8900,38.9500,43.8600,122.00,103.00,False
1789839594.3017,278.00,40.0800,45.6900,45.6900,122.00,103.00,False
1789839594.4049,278.10,40.2700,45.8800,45.6900,122.00,103.00,False
1789839594.4861,278.20,40.4600,45.8800,45.6900,122.00,103.00,False
1789839594.5795,278.30,40.6500,45.8800,45.6900,122.00,103.00,False
1789839594.6788,278.40,40.8400,45.8800,45.6900,122.00,103.00,False
1789839594.7789,278.50,41.0300,40.4600,45.6900,122.00,103.00,False
1789839594.9025,278.60,41.2200,46.8300,40.4600,122.00,103.00,False
1789839594.9973,278.70,41.4150,46.8300,40.4600,122.50,103.00,False
1789839595.0750,278.80,41.6100,46.8300,40.4600,122.50,103.00,False
1789839595.1772,278.90,41.8050,46.8300,40.4600,122.50,103.00,False
1789839595.2828,279.00,42.0000,47.6000,40.4600,122.50,103.00,False
1789839595.4777,279.10,42.1950,47.7900,47.6000,122.50,103.00,False
1789839595.5703,279.20,42.3950,47.7900,47.6000,123.00,103.00,False
1789839595.6615,279.30,42.5950,47.7900,47.6000,123.00,103.00,False
1789839595.7550,279.40,42.7950,47.7900,47.6000,123.00,103.00,False
1789839595.8707,279.50,42.9950,42.4000,47.6000,123.00,103.00,False
1789839595.9758,279.60,43.1950,42.6000,42.4000,123.00,103.00,False
1789839596.0739,279.70,43.4000,42.6000,42.4000,123.50,103.00,False
1789839596.1579,279.80,43.6050,42.6000,42.4000,123.50,103.00,False
1789839596.2578,279.90,43.8100,42.6000,42.4000,123.50,103.00,False
1789839596.3895,280.00,44.0150,49.3800,42.4000,123.50,103.00,False
1789839596.4741,280.10,44.2200,43.6000,42.4000,123.50,103.00,False
1789839596.5911,280.20,44.4300,43.6000,49.3800,124.00,103.00,False
1789839596.6786,280.30,44.6400,43.6000,49.3800,124.00,103.00,False
1789839596.7766,280.40,44.8500,43.6000,49.3800,124.00,103.00,False
1789839596.8783,280.50,45.0600,50.4100,49.3800,124.00,103.00,False
1789839596.9632,280.60,45.2700,50.6200,49.3800,124.00,103.00,False
1789839597.0836,280.70,45.4850,50.6200,49.3800,124.50,103.00,False
1789839597.1652,280.80,45.7000,50.6200,50.4100,124.50,103.00,False
1789839597.2468,280.90,45.9150,50.6200,50.4100,124.50,103.00,False
1789839597.3478,281.00,46.1300,51.4600,50.4100,124.50,103.00,False
1789839597.4538,281.10,46.3450,51.6800,50.4100,124.50,103.00,False
1789839597.5873,281.20,46.5550,51.6800,50.4100,124.00,103.00,False
1789839597.6434,281.30,46.7650,51.6800,50.4100,124.00,103.00,False
1789839597.7495,281.40,46.9750,51.6800,51.4600,124.00,103.00,False
1789839597.8546,281.50,47.1850,52.5400,51.4600,124.00,103.00,False
1789839597.9654,281.60,47.3950,52.7400,51.4600,124.00,103.00,False
1789839598.0615,281.70,47.6000,52.7400,51.4600,123.50,103.00,False
1789839598.1407,281.80,47.8050,52.7400,51.4600,123.50,103.00,False
1789839598.2682,281.90,48.0100,52.7400,52.5400,123.50,103.00,False
1789839598.3720,282.00,48.2150,47.8000,52.5400,123.50,103.00,False
1789839598.4649,282.10,48.4200,53.7800,52.5400,123.50,103.00,False
1789839598.5510,282.20,48.6200,53.7800,52.5400,123.00,103.00,False
1789839598.6453,282.30,48.8200,53.7800,52.5400,123.00,103.00,False
1789839598.8005,282.40,49.0200,53.7800,52.5400,123.00,103.00,False
1789839598.8961,282.50,49.2200,54.6000,47.8000,123.00,103.00,False
1789839598.9986,282.60,49.4200,54.8000,47.8000,123.00,103.00,False
1789839599.0776,282.70,49.6250,54.8000,47.8000,123.50,103.00,False
1789839599.1602,282.80,49.8300,54.8000,47.8000,123.50,103.00,False
1789839599.2633,282.90,50.0350,54.8000,47.8000,123.50,103.00,False
1789839599.3828,283.00,50.2400,49.6200,49.6200,123.50,103.00,False
1789839599.4541,283.10,50.4450,49.8300,49.6200,123.50,103.00,False
1789839599.5575,283.20,50.6500,49.8300,49.6200,123.50,103.00,False
1789839599.6612,283.30,50.8550,49.8300,49.6200,123.50,103.00,False
1789839599.7657,283.40,51.0600,49.8300,49.6200,123.50,103.00,False
1789839599.8950,283.50,51.2650,50.6500,49.6200,123.50,103.00,False
1789839599.9728,283.60,51.4700,50.8600,49.6200,123.50,103.00,False
1789839600.0976,283.70,51.6750,50.8600,50.6500,123.50,103.00,False
1789839600.1804,283.80,51.8850,50.8600,50.6500,124.00,103.00,False
1789839600.2622,283.90,52.0950,50.8600,50.6500,124.00,103.00,False
1789839600.3642,284.00,52.3050,50.8600,50.6500,124.00,103.00,False
1789839600.4958,284.10,52.5150,57.6700,50.6500,124.00,103.00,False
1789839600.6576,284.20,52.7200,57.6700,51.8800,123.50,103.00,False
1789839600.7306,284.30,52.9250,57.6700,51.8800,123.50,103.00,False
1789839600.8376,284.40,53.1300,57.6700,51.8800,123.50,103.00,False
1789839600.9795,284.50,53.3350,58.7100,51.8800,123.50,103.00,False
1789839601.0783,284.60,53.5400,58.7100,51.8800,123.50,103.00,False
1789839601.1758,284.70,53.7400,58.7100,52.7200,123.00,103.00,False
1789839601.2621,284.80,53.9400,58.7100,52.7200,123.00,103.00,False
1789839601.3574,284.90,54.1400,58.7100,52.7200,123.00,103.00,False
1789839601.4538,285.00,54.3400,59.5200,52.7200,123.00,103.00,False
1789839601.5443,285.10,54.5400,53.9400,52.7200,123.00,103.00,False
1789839601.6444,285.20,54.7350,53.9400,52.7200,122.50,103.00,False
1789839601.7387,285.30,54.9300,53.9400,59.5200,122.50,103.00,False
1789839601.8387,285.40,55.1250,53.9400,59.5200,122.50,103.00,False
1789839602.0050,285.50,55.3200,54.9300,59.5200,122.50,103.00,False
1789839602.0988,285.60,55.5150,54.9300,59.5200,122.50,103.00,False
1789839602.1837,285.70,55.7050,54.9300,59.5200,122.00,103.00,False
1789839602.2844,285.80,55.8950,54.9300,60.5200,122.00,103.00,False
1789839602.3790,285.90,56.0850,54.9300,60.5200,122.00,103.00,False
1789839602.4760,286.00,56.2750,61.4900,60.5200,122.00,103.00,False
1789839602.6136,286.10,56.4650,61.4900,60.5200,122.00,103.00,False
1789839602.6729,286.20,56.6500,61.4900,60.5200,121.50,103.00,False
1789839602.8336,286.30,56.8350,61.4900,61.4900,121.50,103.00,False
1789839602.9536,286.40,57.0200,56.4600,61.4900,121.50,103.00,False
1789839603.0392,286.50,57.2050,56.4600,61.4900,121.50,103.00,False
1789839603.1090,286.60,57.3850,56.4600,61.4900,121.00,103.00,False
1789839603.2316,286.70,57.5650,56.4600,61.4900,121.00,103.00,False
1789839603.3362,286.80,57.7450,56.4600,61.4900,121.00,103.00,False
1789839603.4612,286.90,57.9250,63.1600,63.1600,121.00,103.00,False
1789839603.5526,287.00,58.1050,63.1600,63.1600,121.00,103.00,False
1789839603.6435,287.10,58.2850,63.1600,63.1600,121.00,103.00,False
1789839603.7403,287.20,58.4650,63.1600,63.1600,121.00,103.00,False
1789839603.8390,287.30,58.6450,63.1600,63.1600,121.00,103.00,False
1789839603.9440,287.40,58.8250,64.0600,63.1600,121.00,103.00,False
1789839604.0494,287.50,59.0050,64.0600,64.0600,121.00,103.00,False
1789839604.1420,287.60,59.1800,64.0600,64.0600,120.50,103.00,False
1789839604.2377,287.70,59.3550,64.0600,64.0600,120.50,103.00,False
1789839604.3427,287.80,59.5300,64.0600,64.0600,120.50,103.00,False
1789839604.4440,287.90,59.7050,64.9600,64.0600,120.50,103.00,False
1789839604.5473,288.00,59.8800,64.9600,64.0600,120.50,103.00,False
1789839604.6595,288.10,60.0500,64.9600,64.9600,120.00,103.00,False
1789839604.7205,288.20,60.2200,64.9600,64.9600,120.00,103.00,False
1789839604.8164,288.30,60.3900,64.9600,64.9600,120.00,103.00,False
1789839604.9184,288.40,60.5600,65.8300,64.9600,120.00,103.00,False
1789839605.0412,288.50,60.7300,65.8300,64.9600,120.00,103.00,False
1789839605.1164,288.60,60.8950,65.8300,64.9600,119.50,103.00,False
1789839605.2218,288.70,61.0600,65.8300,65.8300,119.50,103.00,False
1789839605.3455,288.80,61.2250,65.8300,65.8300,119.50,103.00,False
1789839605.4432,288.90,61.3900,66.6700,65.8300,119.50,103.00,False
1789839605.5127,289.00,61.5550,66.6700,65.8300,119.50,103.00,False
1789839605.6360,289.10,61.7200,66.6700,65.8300,119.50,103.00,False
1789839605.7365,289.20,61.8800,66.6700,65.8300,119.00,103.00,False
1789839605.8396,289.30,62.0400,67.3300,66.6700,119.00,103.00,False
1789839605.9362,289.40,62.2000,67.3300,66.6700,119.00,103.00,False
1789839606.0173,289.50,62.3600,61.8800,66.6700,119.00,103.00,False
1789839606.1218,289.60,62.5200,61.8800,66.6700,119.00,103.00,False
1789839606.2326,289.70,62.6750,61.8800,66.6700,118.50,103.00,False
1789839606.3456,289.80,62.8300,61.8800,61.8800,118.50,103.00,False
1789839606.4373,289.90,62.9850,68.1300,61.8800,118.50,103.00,False
1789839606.5197,290.00,63.1400,62.6800,61.8800,118.50,103.00,False
1789839606.6373,290.10,63.2950,62.6800,61.8800,118.50,103.00,False
1789839606.7143,290.20,63.4450,62.6800,61.8800,118.00,103.00,False
1789839606.8514,290.30,63.5950,62.6800,62.6800,118.00,103.00,False
1789839606.9384,290.40,63.7450,63.4400,62.6800,118.00,103.00,False
1789839607.0197,290.50,63.8950,63.4400,62.6800,118.00,103.00,False
1789839607.1434,290.60,64.0400,63.4400,62.6800,117.50,103.00,False
1789839607.2171,290.70,64.1850,63.4400,62.6800,117.50,103.00,False
1789839607.4218,290.80,64.3300,64.0400,63.4400,117.50,103.00,False
1789839607.5011,290.90,64.4750,64.1800,63.4400,117.50,103.00,False
1789839607.5932,291.00,64.6200,64.1800,63.4400,117.50,103.00,False
1789839607.6931,291.10,64.7600,64.1800,63.4400,117.00,103.00,False
1789839607.8286,291.20,64.9000,64.6200,63.4400,117.00,103.00,False
1789839607.9245,291.30,65.0400,64.6200,63.4400,117.00,103.00,False
1789839608.0063,291.40,65.1800,64.7600,63.4400,117.00,103.00,False
1789839608.1319,291.50,65.3200,64.7600,64.1800,117.00,103.00,False
1789839608.2078,291.60,65.4600,64.7600,64.1800,117.00,103.00,False
1789839608.3323,291.70,65.6000,71.0800,64.1800,117.00,103.00,False
1789839608.4134,291.80,65.7400,71.0800,64.1800,117.00,103.00,False
1789839608.5121,291.90,65.8800,65.4600,64.1800,117.00,103.00,False
1789839608.6340,292.00,66.0200,65.4600,64.1800,117.00,103.00,False
1789839608.7316,292.10,66.1550,65.4600,65.4600,116.50,103.00,False
1789839608.8111,292.20,66.2900,65.4600,65.4600,116.50,103.00,False
1789839608.9133,292.30,66.4250,66.0200,65.4600,116.50,103.00,False
1789839609.0301,292.40,66.5600,72.0600,65.4600,116.50,103.00,False
1789839609.1099,292.50,66.6950,72.0600,65.4600,116.50,103.00,False
1789839609.2256,292.60,66.8300,72.0600,72.0600,116.50,103.00,False
1789839609.3142,292.70,66.9600,72.0600,72.0600,116.00,103.00,False
1789839609.4006,292.80,67.0900,66.6900,72.0600,116.00,103.00,False
1789839609.4892,292.90,67.2200,66.6900,72.0600,116.00,103.00,False
1789839609.5867,293.00,67.3500,72.7200,72.0600,116.00,103.00,False
1789839609.6927,293.10,67.4800,72.7200,72.0600,116.00,103.00,False
1789839609.8672,293.20,67.6050,67.3500,72.7200,115.50,103.00,False
1789839609.9200,293.30,67.7300,67.3500,72.7200,115.50,103.00,False
1789839610.0550,293.40,67.8550,73.2400,72.7200,115.50,103.00,False
1789839610.1239,293.50,67.9800,73.2400,72.7200,115.50,103.00,False
1789839610.2425,293.60,68.1000,73.2400,72.7200,115.00,103.00,False
1789839610.3479,293.70,68.2200,73.6200,73.2400,115.00,103.00,False
1789839610.4219,293.80,68.3400,73.6200,73.2400,115.00,103.00,False
1789839610.5265,293.90,68.4600,73.8600,73.2400,115.00,103.00,False
1789839610.6205,294.00,68.5800,73.8600,73.2400,115.00,103.00,False
1789839610.7405,294.10,68.6950,73.8600,73.2400,114.50,103.00,False
1789839610.8262,294.20,68.8100,68.4600,73.2400,114.50,103.00,False
1789839610.9298,294.30,68.9250,68.4600,73.8600,114.50,103.00,False
1789839611.0288,294.40,69.0400,74.4600,73.8600,114.50,103.00,False
1789839611.1212,294.50,69.1550,74.4600,73.8600,114.50,103.00,False
1789839611.2214,294.60,69.2650,74.4600,73.8600,114.00,103.00,False
1789839611.3245,294.70,69.3750,69.0400,73.8600,114.00,103.00,False
1789839611.4603,294.80,69.4850,69.0400,74.4600,114.00,103.00,False
1789839611.5411,294.90,69.5950,75.0300,74.4600,114.00,103.00,False
1789839611.6467,295.00,69.7050,75.0300,74.4600,114.00,103.00,False
1789839611.7416,295.10,69.8100,75.0300,74.4600,113.50,103.00,False
1789839611.8303,295.20,69.9150,69.6000,74.4600,113.50,103.00,False
1789839611.9510,295.30,70.0200,69.6000,74.4600,113.50,103.00,False
1789839612.0649,295.40,70.1250,69.8100,69.8100,113.50,103.00,False
1789839612.1459,295.50,70.2300,69.8100,69.8100,113.50,103.00,False
1789839612.2441,295.60,70.3350,69.8100,69.8100,113.50,103.00,False
1789839612.3259,295.70,70.4400,75.7800,69.8100,113.50,103.00,False
1789839612.4568,295.80,70.5450,70.3300,69.8100,113.50,103.00,False
1789839612.5557,295.90,70.6500,70.3300,70.3300,113.50,103.00,False
1789839612.6470,296.00,70.7500,70.3300,70.3300,113.00,103.00,False
1789839612.7497,296.10,70.8500,70.3300,70.3300,113.00,103.00,False
1789839612.8265,296.20,70.9500,76.3100,70.3300,113.00,103.00,False
1789839612.9517,296.30,71.0500,76.5100,70.3300,113.00,103.00,False
1789839613.0297,296.40,71.1500,76.5100,70.3300,113.00,103.00,False
1789839613.1191,296.50,71.2450,76.5100,70.3300,112.50,103.00,False
1789839613.2695,296.60,71.3400,76.5100,76.5100,112.50,103.00,False
1789839613.3679,296.70,71.4350,71.1500,76.5100,112.50,103.00,False
1789839613.4546,296.80,71.5300,76.9100,76.5100,112.50,103.00,False
1789839613.5738,296.90,71.6250,76.9100,76.5100,112.50,103.00,False
1789839613.6438,297.00,71.7150,76.9100,76.5100,112.00,103.00,False
1789839613.7911,297.10,71.8050,76.9100,76.9100,112.00,103.00,False
1789839613.8900,297.20,71.8950,71.7200,76.9100,112.00,103.00,False
1789839613.9624,297.30,71.9850,71.7200,76.9100,112.00,103.00,False
1789839614.0804,297.40,72.0750,71.7200,76.9100,112.00,103.00,False
1789839614.1676,297.50,72.1600,71.7200,76.9100,111.50,103.00,False
1789839614.3498,297.60,72.2450,77.7400,71.7200,111.50,103.00,False
1789839614.4235,297.70,72.3300,72.1600,71.7200,111.50,103.00,False
1789839614.4998,297.80,72.4150,72.1600,71.7200,111.50,103.00,False
1789839614.6143,297.90,72.4950,72.1600,71.7200,111.00,103.00,False
1789839614.7090,298.00,72.5750,72.1600,71.7200,111.00,103.00,False
1789839614.8580,298.10,72.6550,78.1700,72.1600,111.00,103.00,False
1789839614.9691,298.20,72.7350,78.2400,72.1600,111.00,103.00,False
1789839615.0252,298.30,72.8150,78.2400,72.1600,111.00,103.00,False
1789839615.1322,298.40,72.8900,78.2400,72.1600,110.50,103.00,False
1789839615.2277,298.50,72.9650,78.2400,72.1600,110.50,103.00,False
1789839615.3558,298.60,73.0400,78.5600,78.2400,110.50,103.00,False
1789839615.4561,298.70,73.1150,78.6400,78.2400,110.50,103.00,False
1789839615.5306,298.80,73.1900,78.6400,78.2400,110.50,103.00,False
1789839615.6289,298.90,73.2600,78.6400,78.2400,110.00,103.00,False
1789839616.2085,299.00,73.3300,78.6400,78.2400,110.00,103.00,False
1789839616.3482,299.10,73.4000,78.9400,78.2400,110.00,103.00,False
1789839616.4534,299.20,73.4700,79.0100,78.6400,110.00,103.00,False
1789839616.5356,299.30,73.5400,79.0100,78.6400,110.00,103.00,False
1789839616.6372,299.40,73.6100,79.0100,78.6400,110.00,103.00,False
1789839616.7130,299.50,73.6750,79.0100,78.6400,109.50,103.00,False
1789839616.8393,299.60,73.7400,79.2900,78.6400,109.50,103.00,False
1789839616.9504,299.70,73.8050,79.2900,79.0100,109.50,103.00,False
1789839617.0959,299.80,73.8700,73.6800,79.0100,109.50,103.00,False
1789839617.1650,299.90,73.9350,73.6800,79.0100,109.50,103.00,False
