timestamp,sim_time_sec,true_frequency,sensor_reading_sent,controller_reading_received,generation_command,load_demand_mw,attack_active
1789839273.8417,0.00,50.0000,50.0000,50.0000,100.00,100.00,False
1789839273.9731,0.10,50.0000,50.0000,50.0000,100.00,100.00,False
1789839274.1049,0.20,50.0000,50.0000,50.0000,100.00,100.00,False
1789839274.2550,0.30,49.9950,50.0000,50.0000,99.50,100.00,False
1789839274.3563,0.40,49.9900,48.2600,50.0000,99.50,100.00,False
1789839274.5101,0.50,49.9850,50.0000,50.0000,99.50,100.00,False
1789839274.6138,0.60,49.9800,50.0000,50.0000,99.50,100.00,False
1789839274.7503,0.70,49.9750,48.1800,50.0000,99.50,100.00,False
1789839275.5399,0.80,49.9700,48.1200,50.0000,99.50,100.00,False
1789839275.6334,0.90,49.9650,48.1200,50.0000,99.50,100.00,False
1789839275.8487,1.00,49.9600,50.9100,50.0000,99.50,100.00,False
1789839275.9811,1.10,49.9550,49.9600,50.0000,99.50,100.00,False
1789839276.0874,1.20,49.9500,49.9600,50.0000,99.50,100.00,False
1789839276.2188,1.30,49.9450,49.9600,48.1200,99.50,100.00,False
1789839276.3365,1.40,49.9400,49.9600,48.1200,99.50,100.00,False
1789839276.4376,1.50,49.9350,47.9400,48.1200,99.50,100.00,False
1789839276.5454,1.60,49.9300,47.9400,48.1200,99.50,100.00,False
1789839276.6600,1.70,49.9250,47.9400,48.1200,99.50,100.00,False
1789839276.8339,1.80,49.9200,50.8400,50.8400,99.50,100.00,False
1789839276.9434,1.90,49.9150,49.9200,50.8400,99.50,100.00,False
1789839277.3840,2.00,49.9100,47.7000,47.7300,99.50,100.00,False
1789839277.4979,2.10,49.9050,47.6600,47.7300,99.50,100.00,False
1789839277.6297,2.20,49.9000,47.6600,47.7300,99.50,100.00,False
1789839277.7627,2.30,49.8950,47.6600,47.7300,99.50,100.00,False
1789839277.9003,2.40,49.8900,47.5900,47.7300,99.50,100.00,False
1789839278.0281,2.50,49.8850,49.9000,47.7300,99.50,100.00,False
1789839278.1613,2.60,49.8800,49.9000,47.7300,99.50,100.00,False
1789839278.3344,2.70,49.8850,49.8800,47.7300,100.50,100.00,False
1789839278.5556,2.80,49.8900,49.9000,49.9000,100.50,100.00,False
1789839278.6446,2.90,49.8950,49.9000,49.9000,100.50,100.00,False
1789839278.7669,3.00,49.9000,49.8900,49.9000,100.50,100.00,False
1789839280.1271,3.10,49.9050,47.3200,50.1800,100.50,100.00,False
1789839280.4175,3.20,49.9100,49.9000,50.1800,100.50,100.00,False
1789839280.5730,3.30,49.9150,49.9000,50.1800,100.50,100.00,False
1789839280.6655,3.40,49.9200,47.1600,47.2000,100.50,100.00,False
1789839280.7611,3.50,49.9250,47.1600,47.2000,100.50,100.00,False
1789839280.8602,3.60,49.9300,49.9200,47.2000,100.50,100.00,False
1789839281.0014,3.70,49.9350,49.9200,47.2000,100.50,100.00,False
1789839281.2293,3.80,49.9450,49.9300,49.9200,101.00,100.00,False
1789839281.3785,3.90,49.9550,49.9000,49.9200,101.00,100.00,False
1789839281.4662,4.00,49.9650,49.9000,49.9200,101.00,100.00,False
1789839281.5824,4.10,49.9750,49.9000,49.9200,101.00,100.00,False
1789839281.6742,4.20,49.9850,49.9600,49.9200,101.00,100.00,False
1789839281.7893,4.30,49.9950,49.9600,49.9000,101.00,100.00,False
1789839282.0554,4.40,50.0050,47.0900,49.9000,101.00,100.00,False
1789839282.1558,4.50,50.0150,47.0900,49.9000,101.00,100.00,False
1789839282.3330,4.60,50.0250,47.0900,49.9800,101.00,100.00,False
1789839282.6179,4.70,50.0350,47.0500,49.9800,101.00,100.00,False
1789839282.7501,4.80,50.0450,47.0500,50.0200,101.00,100.00,False
1789839283.0110,4.90,50.0550,50.0400,50.0200,101.00,100.00,False
1789839283.1401,5.00,50.0650,50.0400,50.0200,101.00,100.00,False
1789839283.2936,5.10,50.0750,50.0400,50.0400,101.00,100.00,False
1789839283.4076,5.20,50.0850,49.6200,50.0400,101.00,100.00,False
1789839283.5023,5.30,50.0950,46.9300,50.0400,101.00,100.00,False
1789839283.6142,5.40,50.1050,46.9300,50.0400,101.00,100.00,False
1789839283.7450,5.50,50.1150,46.9300,50.0400,101.00,100.00,False
1789839284.8277,5.60,50.1250,49.4400,46.8900,101.00,100.00,False
1789839284.9597,5.70,50.1450,46.7600,46.7600,102.00,100.00,False
1789839285.2557,5.80,50.1650,46.7400,46.7600,102.00,100.00,False
1789839285.4689,5.90,50.1850,46.7200,46.7200,102.00,100.00,False
1789839285.5774,6.00,50.2050,46.7200,46.7200,102.00,100.00,False
1789839285.7296,6.10,50.2300,49.3600,46.7200,102.50,100.00,False
1789839286.0403,6.20,50.2550,50.2000,50.2000,102.50,100.00,False
1789839286.1752,6.30,50.2850,50.2000,50.2000,103.00,100.00,False
1789839286.2910,6.40,50.3150,46.7100,50.2000,103.00,100.00,False
1789839286.4890,6.50,50.3450,50.2800,50.2000,103.00,100.00,True
1789839286.6254,6.60,50.3750,50.2800,50.2800,103.00,100.00,True
1789839286.7618,6.70,50.4050,50.3400,50.2800,103.00,100.00,True
1789839286.8798,6.80,50.4350,50.3400,50.2800,103.00,100.00,True
1789839287.0100,6.90,50.4650,50.4000,50.2800,103.00,100.00,True
1789839287.1662,7.00,50.4950,50.4000,50.4000,103.00,100.00,True
1789839287.3606,7.10,50.5200,50.4600,50.4000,102.50,100.00,True
1789839287.5037,7.20,50.5450,50.4600,50.4000,102.50,100.00,True
1789839287.6755,7.30,50.5700,49.3400,49.3400,102.50,100.00,True
1789839287.9215,7.40,50.5900,50.5400,49.3400,102.00,100.00,True
1789839288.1303,7.50,50.6100,46.6800,49.3400,102.00,100.00,True
1789839288.3010,7.60,50.6300,49.3100,46.6800,102.00,100.00,True
1789839288.4096,7.70,50.6500,49.3100,46.6800,102.00,100.00,True
1789839288.5229,7.80,50.6700,49.3100,46.6800,102.00,100.00,True
1789839288.6447,7.90,50.6950,49.2800,46.6800,102.50,100.00,True
1789839288.7394,8.00,50.7200,49.2800,46.6800,102.50,100.00,True
1789839288.8591,8.10,50.7450,50.6700,46.6800,102.50,100.00,True
1789839289.1011,8.20,50.7700,50.6700,46.6800,102.50,100.00,True
1789839289.2294,8.30,50.8000,50.7400,46.6800,103.00,100.00,True
1789839289.3630,8.40,50.8300,46.6400,46.6800,103.00,100.00,True
1789839289.5100,8.50,50.8600,46.6400,46.6800,103.00,100.00,True
1789839289.6648,8.60,50.8900,46.6400,46.6800,103.00,100.00,True
1789839289.8187,8.70,50.9200,49.2800,46.6800,103.00,100.00,True
1789839289.9127,8.80,50.9500,49.2800,46.6800,103.00,100.00,True
1789839290.1631,8.90,50.9850,50.9200,46.6800,103.50,100.00,True
1789839290.2875,9.00,51.0200,50.9500,46.6800,103.50,100.00,True
1789839290.4015,9.10,51.0550,49.2800,49.2800,103.50,100.00,True
1789839290.5107,9.20,51.0900,49.2800,49.2800,103.50,100.00,True
1789839290.6187,9.30,51.1250,51.0200,49.2800,103.50,100.00,True
1789839290.7269,9.40,51.1600,49.3000,49.2800,103.50,100.00,True
1789839290.8800,9.50,51.1950,49.3000,49.3000,103.50,100.00,True
1789839291.0104,9.60,51.2350,46.6400,49.3000,104.00,100.00,True
1789839291.2657,9.70,51.2750,51.2400,49.3000,104.00,100.00,True
1789839291.4754,9.80,51.3150,51.2400,51.2400,104.00,100.00,True
1789839291.6105,9.90,51.3550,51.2800,51.2400,104.00,100.00,True
1789839291.7150,10.00,51.3950,51.2800,51.2400,104.00,100.00,True
1789839291.7704,10.10,51.4050,51.2800,51.2400,104.00,103.00,True
1789839291.8684,10.20,51.4150,51.2800,51.2400,104.00,103.00,True
1789839291.9720,10.30,51.4250,46.7000,51.2400,104.00,103.00,True
1789839292.1066,10.40,51.4350,46.7000,51.2400,104.00,103.00,True
1789839292.2057,10.50,51.4450,46.7000,51.2400,104.00,103.00,True
1789839292.2752,10.60,51.4550,46.7000,51.2400,104.00,103.00,True
1789839292.3866,10.70,51.4650,46.7000,51.2400,104.00,103.00,True
1789839292.5214,10.80,51.4800,46.7500,51.2400,104.50,103.00,True
1789839292.6896,10.90,51.4950,46.6700,51.2400,104.50,103.00,True
1789839292.7903,11.00,51.5100,49.4000,51.2400,104.50,103.00,True
1789839293.0009,11.10,51.5100,51.5000,49.4000,103.00,103.00,True
1789839293.1030,11.20,51.5100,51.5000,49.4000,103.00,103.00,True
1789839293.2204,11.30,51.5100,46.8400,49.4000,103.00,103.00,True
1789839293.3034,11.40,51.5100,51.5100,49.4000,103.00,103.00,True
1789839293.3977,11.50,51.5100,51.5100,49.4000,103.00,103.00,True
1789839293.4701,11.60,51.5150,51.5100,49.4000,103.50,103.00,True
1789839293.6983,11.70,51.5200,51.5100,51.5100,103.50,103.00,True
1789839294.1247,11.80,51.5250,46.8400,51.5100,103.50,103.00,True
1789839294.2018,11.90,51.5250,46.8600,49.4500,103.00,103.00,True
1789839294.4253,12.00,51.5250,49.4700,49.4500,103.00,103.00,True
1789839294.5147,12.10,51.5250,49.4700,49.4500,103.00,103.00,True
1789839294.6104,12.20,51.5300,49.4700,49.4500,103.50,103.00,True
1789839294.7487,12.30,51.5350,49.4700,49.4700,103.50,103.00,True
1789839294.8677,12.40,51.5400,49.4800,49.4700,103.50,103.00,True
1789839294.9672,12.50,51.5450,49.4800,49.4700,103.50,103.00,True
1789839295.0971,12.60,51.5550,46.8800,49.4700,104.00,103.00,True
1789839295.1779,12.70,51.5650,46.8800,49.4700,104.00,103.00,True
1789839295.4640,12.80,51.5750,49.5000,49.4800,104.00,103.00,True
1789839295.6525,12.90,51.5850,46.9100,49.4800,104.00,103.00,True
1789839295.7736,13.00,51.5950,51.5800,49.4800,104.00,103.00,True
1789839295.8927,13.10,51.6050,49.5400,49.4800,104.00,103.00,True
1789839296.0987,13.20,51.6150,46.9500,49.5400,104.00,103.00,True
1789839296.2593,13.30,51.6300,49.5600,49.5400,104.50,103.00,True
1789839296.3638,13.40,51.6450,49.5700,49.5400,104.50,103.00,True
1789839296.5241,13.50,51.6600,51.6300,49.5700,104.50,103.00,True
1789839296.6532,13.60,51.6800,49.6200,49.5700,105.00,103.00,True
1789839296.7515,13.70,51.7000,49.6200,49.5700,105.00,103.00,True
1789839296.8539,13.80,51.7200,49.6400,49.5700,105.00,103.00,True
1789839296.9930,13.90,51.7400,51.7000,49.5700,105.00,103.00,True
1789839297.1040,14.00,51.7650,51.7000,49.6400,105.50,103.00,True
1789839297.1560,14.10,51.7900,49.6800,49.6400,105.50,103.00,True
1789839297.3018,14.20,51.8150,49.6800,49.6400,105.50,103.00,True
1789839297.4015,14.30,51.8400,51.7600,49.6400,105.50,103.00,True
1789839297.5043,14.40,51.8650,49.7200,49.6400,105.50,103.00,True
1789839297.6021,14.50,51.8950,49.7800,51.7600,106.00,103.00,True
1789839297.6884,14.60,51.9250,49.7800,51.7600,106.00,103.00,True
1789839297.7961,14.70,51.9550,49.7800,51.7600,106.00,103.00,True
1789839298.0214,14.80,51.9850,51.9200,51.7600,106.00,103.00,True
1789839298.0967,14.90,52.0100,51.9600,51.7600,105.50,103.00,True
1789839298.2341,15.00,52.0350,51.9600,51.9000,105.50,103.00,True
1789839298.7475,15.10,52.0550,50.0000,52.0100,105.00,103.00,True
1789839298.8645,15.20,52.0750,47.2200,52.0100,105.00,103.00,True
1789839299.0915,15.30,52.0950,47.2600,52.0100,105.00,103.00,True
1789839299.2556,15.40,52.1100,47.2600,47.2200,104.50,103.00,True
1789839299.3525,15.50,52.1250,52.1000,47.2200,104.50,103.00,True
1789839299.4680,15.60,52.1400,50.1400,47.2200,104.50,103.00,True
1789839299.5452,15.70,52.1600,52.1100,47.2200,105.00,103.00,True
1789839299.6342,15.80,52.1800,52.1100,47.2200,105.00,103.00,True
1789839299.8057,15.90,52.2000,47.3600,52.1000,105.00,103.00,True
1789839299.8764,16.00,52.2200,50.1500,52.1000,105.00,103.00,True
1789839300.0319,16.10,52.2350,47.3800,52.1000,104.50,103.00,True
1789839300.1410,16.20,52.2500,47.3800,52.1000,104.50,103.00,True
1789839300.3933,16.30,52.2650,50.1800,52.2400,104.50,103.00,True
1789839300.5268,16.40,52.2800,47.4700,52.2400,104.50,103.00,True
1789839300.6074,16.50,52.2950,47.4700,52.2400,104.50,103.00,True
1789839300.7224,16.60,52.3100,47.4700,52.2400,104.50,103.00,True
1789839300.8123,16.70,52.3250,47.5000,52.2800,104.50,103.00,True
1789839300.9341,16.80,52.3400,47.5000,52.2800,104.50,103.00,True
1789839301.0077,16.90,52.3500,52.3100,52.2800,104.00,103.00,True
1789839301.1198,17.00,52.3600,52.3100,52.2800,104.00,103.00,True
1789839301.3023,17.10,52.3700,47.5400,52.2800,104.00,103.00,True
1789839301.4510,17.20,52.3750,50.2800,52.3500,103.50,103.00,True
1789839301.5594,17.30,52.3800,50.2800,52.3500,103.50,103.00,True
1789839301.7074,17.40,52.3850,47.5600,52.3500,103.50,103.00,True
1789839301.7833,17.50,52.3900,47.5600,52.3500,103.50,103.00,True
1789839301.9446,17.60,52.3900,47.5800,47.5600,103.00,103.00,True
1789839301.9875,17.70,52.3900,47.5800,47.5600,103.00,103.00,True
1789839302.1176,17.80,52.3900,47.5800,47.5600,103.00,103.00,True
1789839302.2483,17.90,52.3900,47.5800,47.5600,103.00,103.00,True
1789839302.4615,18.00,52.3900,50.3200,47.5600,103.00,103.00,True
1789839302.5542,18.10,52.3950,50.3200,47.5800,103.50,103.00,True
1789839302.6687,18.20,52.4000,47.5800,47.5800,103.50,103.00,True
1789839302.7444,18.30,52.4050,47.5900,47.5800,103.50,103.00,True
1789839302.8492,18.40,52.4100,47.6000,47.5800,103.50,103.00,True
1789839302.9456,18.50,52.4200,47.6000,47.5800,104.00,103.00,True
1789839303.1483,18.60,52.4300,52.4100,47.5900,104.00,103.00,True
1789839303.2399,18.70,52.4400,50.3200,47.5900,104.00,103.00,True
1789839303.3709,18.80,52.4500,50.3200,47.5900,104.00,103.00,True
1789839303.4909,18.90,52.4650,50.3200,47.5900,104.50,103.00,True
1789839303.8768,19.00,52.4800,47.6700,50.3200,104.50,103.00,True
1789839303.9643,19.10,52.4900,47.6700,50.3200,104.00,103.00,True
1789839304.7939,19.20,52.5050,47.7700,47.7200,104.50,103.00,True
1789839304.9096,19.30,52.5200,47.7700,47.7200,104.50,103.00,True
1789839305.0533,19.40,52.5350,52.5000,47.7200,104.50,103.00,True
1789839305.4047,19.50,52.5500,47.8200,47.7700,104.50,103.00,True
1789839305.5270,19.60,52.5700,47.8600,47.7700,105.00,103.00,True
1789839305.6372,19.70,52.5900,47.8600,47.7700,105.00,103.00,True
1789839305.7378,19.80,52.6100,50.6300,47.7700,105.00,103.00,True
1789839305.8622,19.90,52.6350,50.6300,47.8600,105.50,103.00,True
1789839305.9723,20.00,52.6600,50.6300,47.8600,105.50,103.00,True
1789839306.0647,20.10,52.6850,52.6400,47.8600,105.50,103.00,True
1789839306.1801,20.20,52.7100,47.9800,47.8600,105.50,103.00,True
1789839306.2765,20.30,52.7350,47.9800,47.8600,105.50,103.00,True
1789839306.3579,20.40,52.7650,47.9800,47.8600,106.00,103.00,True
1789839306.4773,20.50,52.7950,47.9800,52.6400,106.00,103.00,True
1789839306.5977,20.60,52.8250,50.7800,52.6400,106.00,103.00,True
1789839306.6993,20.70,52.8550,52.7600,52.6400,106.00,103.00,True
1789839306.7748,20.80,52.8800,52.7600,52.6400,105.50,103.00,True
1789839306.8606,20.90,52.9050,52.7600,52.6400,105.50,103.00,True
1789839307.2217,21.00,52.9300,52.9000,50.7800,105.50,103.00,True
1789839307.3581,21.10,52.9500,52.9000,50.7800,105.00,103.00,True
1789839307.4957,21.20,52.9700,52.9300,50.7800,105.00,103.00,True
1789839308.3284,21.30,52.9900,48.1200,52.8800,105.00,103.00,True
1789839308.5127,21.40,53.0100,48.1200,52.8800,105.00,103.00,True
1789839308.6168,21.50,53.0300,51.0600,52.8800,105.00,103.00,True
1789839308.7914,21.60,53.0500,51.0800,51.0600,105.00,103.00,True
1789839308.9009,21.70,53.0650,51.0800,51.0600,104.50,103.00,True
1789839309.0338,21.80,53.0800,51.0800,51.0600,104.50,103.00,True
1789839309.1185,21.90,53.0950,51.1400,51.0600,104.50,103.00,True
1789839309.2480,22.00,53.1100,51.1600,51.1400,104.50,103.00,True
1789839309.3271,22.10,53.1200,51.1600,51.1400,104.00,103.00,True
1789839309.4208,22.20,53.1300,51.1600,51.1400,104.00,103.00,True
1789839309.5598,22.30,53.1400,53.1100,51.1400,104.00,103.00,True
1789839309.6573,22.40,53.1500,53.1300,51.1400,104.00,103.00,True
1789839309.7718,22.50,53.1600,53.1300,51.1400,104.00,103.00,True
1789839310.1996,22.60,53.1650,48.3200,48.2700,103.50,103.00,True
1789839310.2973,22.70,53.1700,48.3200,48.2700,103.50,103.00,True
1789839310.3982,22.80,53.1800,48.3200,48.2700,104.00,103.00,True
1789839310.6001,22.90,53.1900,48.3400,48.3200,104.00,103.00,True
1789839310.7931,23.00,53.2000,48.3400,48.3200,104.00,103.00,True
1789839310.9682,23.10,53.2150,48.3400,48.3200,104.50,103.00,True
1789839311.1120,23.20,53.2300,51.2400,48.3200,104.50,103.00,True
1789839311.2661,23.30,53.2450,53.2200,48.3200,104.50,103.00,True
1789839311.3747,23.40,53.2600,53.2200,48.3400,104.50,103.00,True
1789839311.4776,23.50,53.2750,53.2200,48.3400,104.50,103.00,True
1789839311.5974,23.60,53.2900,51.3000,48.3400,104.50,103.00,True
1789839311.7680,23.70,53.3050,53.2800,48.3400,104.50,103.00,True
1789839311.8830,23.80,53.3200,53.2800,53.2800,104.50,103.00,True
1789839311.9618,23.90,53.3400,53.2800,53.2800,105.00,103.00,True
1789839312.0831,24.00,53.3600,53.3200,53.2800,105.00,103.00,True
1789839312.1815,24.10,53.3800,53.3200,53.2800,105.00,103.00,True
1789839312.3305,24.20,53.4000,53.3400,53.2800,105.00,103.00,True
1789839312.4604,24.30,53.4200,53.3400,53.3400,105.00,103.00,True
1789839312.5407,24.40,53.4350,53.3400,53.3400,104.50,103.00,True
1789839312.6699,24.50,53.4500,48.5500,53.3400,104.50,103.00,True
1789839312.8815,24.60,53.4650,53.4400,53.3400,104.50,103.00,True
1789839312.9721,24.70,53.4800,53.4400,53.3400,104.50,103.00,True
1789839313.1331,24.80,53.4950,53.4400,53.4400,104.50,103.00,True
1789839313.2239,24.90,53.5050,51.4300,53.4400,104.00,103.00,True
1789839313.3291,25.00,53.5150,51.4300,53.4400,104.00,103.00,True
1789839313.4543,25.10,53.5250,51.4600,53.4400,104.00,103.00,True
1789839313.7715,25.20,53.5300,51.4900,53.5000,103.50,103.00,True
1789839313.9039,25.30,53.5350,51.5100,53.5000,103.50,103.00,True
1789839313.9872,25.40,53.5400,48.6700,53.5000,103.50,103.00,True
1789839314.1919,25.50,53.5450,53.5400,53.5000,103.50,103.00,True
1789839314.3133,25.60,53.5450,53.5400,53.5000,103.00,103.00,True
1789839314.4603,25.70,53.5450,48.6800,48.6700,103.00,103.00,True
1789839314.5561,25.80,53.5450,53.5400,48.6700,103.00,103.00,True
1789839314.6954,25.90,53.5450,48.6900,48.6700,103.00,103.00,True
1789839315.1309,26.00,53.5500,51.5400,53.5400,103.50,103.00,True
1789839315.2407,26.10,53.5500,51.5400,53.5400,103.00,103.00,True
1789839315.3329,26.20,53.5500,48.7100,53.5400,103.00,103.00,True
1789839315.5244,26.30,53.5500,51.5600,51.5400,103.00,103.00,True
1789839315.6397,26.40,53.5500,53.5500,51.5400,103.00,103.00,True
1789839315.7524,26.50,53.5450,53.5500,51.5400,102.50,103.00,True
1789839315.8279,26.60,53.5400,48.7200,51.5400,102.50,103.00,True
1789839315.9458,26.70,53.5350,48.7200,51.5400,102.50,103.00,True
1789839316.2197,26.80,53.5300,48.7200,51.5400,102.50,103.00,True
1789839316.3284,26.90,53.5250,48.7000,48.7200,102.50,103.00,True
1789839316.4099,27.00,53.5200,48.7000,48.7200,102.50,103.00,True
1789839316.5696,27.10,53.5150,53.5200,48.7200,102.50,103.00,True
1789839316.6992,27.20,53.5100,53.5200,48.7200,102.50,103.00,True
1789839316.7938,27.30,53.5100,51.5200,48.7200,103.00,103.00,True
1789839316.9300,27.40,53.5100,51.5200,48.7200,103.00,103.00,True
1789839317.0439,27.50,53.5100,51.5100,48.7200,103.00,103.00,True
1789839317.1407,27.60,53.5100,48.6800,48.7200,103.00,103.00,True
1789839317.2211,27.70,53.5100,51.5100,48.7200,103.00,103.00,True
1789839317.3214,27.80,53.5100,51.5100,48.7200,103.00,103.00,True
1789839317.4143,27.90,53.5100,51.5100,53.5200,103.00,103.00,True
1789839317.5287,28.00,53.5100,53.5100,53.5200,103.00,103.00,True
1789839317.6863,28.10,53.5050,53.5100,53.5200,102.50,103.00,True
1789839317.7888,28.20,53.5000,53.5100,53.5200,102.50,103.00,True
1789839318.1026,28.30,53.4950,53.5000,53.5100,102.50,103.00,True
1789839318.2701,28.40,53.4850,48.6600,53.5100,102.00,103.00,True
1789839318.3614,28.50,53.4750,48.6600,53.5100,102.00,103.00,True
1789839318.4913,28.60,53.4650,53.4800,53.5100,102.00,103.00,True
1789839318.7036,28.70,53.4550,53.4800,53.4800,102.00,103.00,True
1789839318.8057,28.80,53.4450,51.4800,53.4800,102.00,103.00,True
1789839318.9149,28.90,53.4350,51.4800,53.4800,102.00,103.00,True
1789839318.9957,29.00,53.4250,51.4800,53.4800,102.00,103.00,True
1789839319.2369,29.10,53.4150,53.4200,51.4400,102.00,103.00,True
1789839319.3590,29.20,53.4050,53.4200,51.4400,102.00,103.00,True
1789839319.4603,29.30,53.3850,53.4200,51.4400,101.00,103.00,True
1789839319.9703,29.40,53.3600,53.3800,51.4400,100.50,103.00,True
1789839320.1164,29.50,53.3350,48.4800,51.4400,100.50,103.00,True
1789839320.1917,29.60,53.3100,48.4500,51.4400,100.50,103.00,True
1789839320.2949,29.70,53.2850,48.4500,48.5400,100.50,103.00,True
1789839320.3891,29.80,53.2600,48.4500,48.5400,100.50,103.00,True
1789839320.4918,29.90,53.2350,48.4500,48.5400,100.50,103.00,True
1789839320.5893,30.00,53.2100,51.2000,48.5400,100.50,103.00,True
1789839320.6939,30.10,53.1850,51.1800,48.5400,100.50,103.00,True
1789839320.8170,30.20,53.1600,51.1800,51.1800,100.50,103.00,True
1789839320.8935,30.30,53.1350,51.1800,51.1800,100.50,103.00,True
1789839320.9906,30.40,53.1150,51.1800,51.1800,101.00,103.00,True
1789839321.1343,30.50,53.0950,53.1600,51.1800,101.00,103.00,True
1789839321.2535,30.60,53.0750,53.1200,51.1800,101.00,103.00,True
1789839321.3315,30.70,53.0550,53.1200,53.1200,101.00,103.00,True
1789839321.4073,30.80,53.0350,53.1200,53.1200,101.00,103.00,True
1789839321.5355,30.90,53.0100,48.3600,53.1200,100.50,103.00,True
1789839321.6441,31.00,52.9850,53.0400,53.1200,100.50,103.00,True
1789839321.7195,31.10,52.9600,53.0400,53.1200,100.50,103.00,True
1789839321.8305,31.20,52.9350,53.0100,53.1200,100.50,103.00,True
1789839322.0662,31.30,52.9100,52.9600,53.0100,100.50,103.00,True
1789839322.1581,31.40,52.8800,48.2200,53.0100,100.00,103.00,True
1789839322.2698,31.50,52.8500,48.2200,53.0100,100.00,103.00,True
1789839323.0625,31.60,52.8200,50.7800,50.8500,100.00,103.00,True
1789839323.1366,31.70,52.7800,50.7800,50.8500,99.00,103.00,True
1789839323.2614,31.80,52.7400,50.7800,50.8500,99.00,103.00,True
1789839323.3678,31.90,52.7000,50.7000,50.8500,99.00,103.00,True
1789839323.5632,32.00,52.6600,52.7400,52.8200,99.00,103.00,True
1789839323.6437,32.10,52.6150,52.7400,52.8200,98.50,103.00,True
1789839323.8405,32.20,52.5700,47.7300,52.8200,98.50,103.00,True
1789839324.0778,32.30,52.5250,50.5400,52.8200,98.50,103.00,True
1789839324.1720,32.40,52.4750,50.5400,52.8200,98.00,103.00,True
1789839324.3879,32.50,52.4250,47.5000,47.7300,98.00,103.00,True
1789839324.5169,32.60,52.3750,50.3000,47.7300,98.00,103.00,True
1789839324.6092,32.70,52.3300,50.3500,47.7300,98.50,103.00,True
1789839324.7511,32.80,52.2850,50.3500,47.7300,98.50,103.00,True
1789839324.8907,32.90,52.2400,50.1600,50.1600,98.50,103.00,True
1789839325.0264,33.00,52.1950,50.1100,50.1600,98.50,103.00,True
1789839325.2433,33.10,52.1500,50.0600,50.1600,98.50,103.00,True
1789839325.3445,33.20,52.1050,50.0600,50.1600,98.50,103.00,True
1789839325.6116,33.30,52.0600,49.8800,49.9300,98.50,103.00,True
1789839325.7211,33.40,52.0150,49.8800,49.9300,98.50,103.00,True
1789839325.9523,33.50,51.9700,47.1200,49.9300,98.50,103.00,True
1789839326.0468,33.60,51.9250,52.0200,52.0600,98.50,103.00,True
1789839326.1271,33.70,51.8800,52.0200,52.0600,98.50,103.00,True
1789839326.2236,33.80,51.8350,52.0200,52.0600,98.50,103.00,True
1789839326.4194,33.90,51.7900,46.7200,52.0600,98.50,103.00,True
1789839326.5529,34.00,51.7400,46.7200,52.0600,98.00,103.00,True
1789839326.6294,34.10,51.6900,46.6800,51.8800,98.00,103.00,True
1789839326.7581,34.20,51.6400,46.6800,51.8800,98.00,103.00,True
1789839326.8632,34.30,51.5900,51.6900,51.8800,98.00,103.00,True
1789839327.2450,34.40,51.5350,46.4400,51.7400,97.50,103.00,True
1789839327.3278,34.50,51.4800,49.4200,51.7400,97.50,103.00,True
1789839327.4308,34.60,51.4250,49.4200,51.7400,97.50,103.00,True
1789839327.5456,34.70,51.3650,49.3000,51.7400,97.00,103.00,True
1789839327.6689,34.80,51.3050,49.3000,49.4200,97.00,103.00,True
1789839327.7265,34.90,51.2450,49.3000,49.4200,97.00,103.00,True
1789839327.8836,35.00,51.1850,46.1000,49.4200,97.00,103.00,True
1789839328.0313,35.10,51.1250,46.1000,49.4200,97.00,103.00,True
1789839328.1349,35.20,51.0700,45.9800,49.4200,97.50,103.00,True
1789839328.3136,35.30,51.0150,49.0200,49.1900,97.50,103.00,True
1789839328.4267,35.40,50.9600,45.8600,49.1900,97.50,103.00,True
1789839328.5593,35.50,50.9100,45.8600,49.1900,98.00,103.00,True
1789839328.6468,35.60,50.8600,51.0200,49.1900,98.00,103.00,True
1789839328.8481,35.70,50.8100,48.8600,49.0200,98.00,103.00,True
1789839328.9676,35.80,50.7600,48.8600,49.0200,98.00,103.00,True
1789839329.0625,35.90,50.7150,50.8100,49.0200,98.50,103.00,True
1789839329.1752,36.00,50.6700,50.8100,49.0200,98.50,103.00,True
1789839329.3127,36.10,50.6250,50.7200,50.7200,98.50,103.00,True
1789839329.5189,36.20,50.5800,50.6200,50.7200,98.50,103.00,True
1789839329.6216,36.30,50.5350,50.6200,50.7200,98.50,103.00,True
1789839329.7457,36.40,50.4900,50.6200,50.7200,98.50,103.00,True
1789839329.8758,36.50,50.4450,50.5400,48.4800,98.50,103.00,True
1789839330.1306,36.60,50.4000,50.4900,48.4800,98.50,103.00,True
1789839330.2305,36.70,50.3500,50.4900,48.4800,98.00,103.00,True
1789839330.4711,36.80,50.3000,48.3400,48.3400,98.00,103.00,True
1789839330.5625,36.90,50.2550,45.0400,48.3400,98.50,103.00,True
1789839330.6570,37.00,50.2100,45.0400,48.3400,98.50,103.00,True
1789839330.7462,37.10,50.1650,45.0400,48.3400,98.50,103.00,True
1789839330.8704,37.20,50.1200,45.0400,48.3400,98.50,103.00,True
1789839331.2987,37.30,50.0800,50.2600,50.2100,99.00,103.00,True
1789839332.4437,37.40,50.0350,47.6800,47.6800,98.50,103.00,True
1789839332.5654,37.50,49.9950,47.4600,47.6800,99.00,103.00,True
1789839332.6446,37.60,49.9550,44.2700,47.6800,99.00,103.00,True
1789839332.8355,37.70,49.9150,44.2700,44.2700,99.00,103.00,True
1789839333.0994,37.80,49.8800,49.9200,44.2700,99.50,103.00,True
1789839333.1471,37.90,49.8450,49.9200,44.2700,99.50,103.00,True
1789839333.2496,38.00,49.8150,49.9200,44.2700,100.00,103.00,True
1789839333.3566,38.10,49.7850,49.9200,49.9200,100.00,103.00,True
1789839333.4975,38.20,49.7550,49.8200,49.9200,100.00,103.00,True
1789839333.5728,38.30,49.7250,44.0200,49.9200,100.00,103.00,True
1789839333.6510,38.40,49.6950,44.0200,49.9200,100.00,103.00,True
1789839333.7593,38.50,49.6650,44.0200,49.9200,100.00,103.00,True
1789839333.8824,38.60,49.6350,44.0200,49.9200,100.00,103.00,True
1789839334.0373,38.70,49.6050,49.6600,44.0200,100.00,103.00,True
1789839334.1431,38.80,49.5750,49.6600,44.0200,100.00,103.00,True
1789839334.2376,38.90,49.5500,49.6600,44.0200,100.50,103.00,True
1789839334.3555,39.00,49.5250,49.7000,44.0200,100.50,103.00,True
1789839334.5647,39.10,49.5000,43.7800,44.0200,100.50,103.00,True
1789839334.6582,39.20,49.4750,43.7800,44.0200,100.50,103.00,True
1789839334.7746,39.30,49.4500,49.5000,44.0200,100.50,103.00,True
1789839334.9008,39.40,49.4250,49.4800,44.0200,100.50,103.00,True
1789839335.0937,39.50,49.4000,47.0600,44.0200,100.50,103.00,True
1789839335.1875,39.60,49.3750,47.0600,44.0200,100.50,103.00,True
1789839335.3047,39.70,49.3500,46.9800,44.0200,100.50,103.00,True
1789839335.4325,39.80,49.3250,43.6400,44.0200,100.50,103.00,True
1789839335.5120,39.90,49.3000,43.6400,44.0200,100.50,103.00,True
1789839335.6080,40.00,49.2750,43.6400,44.0200,100.50,103.00,True
1789839335.6927,40.10,49.2500,43.6400,44.0200,100.50,103.00,True
1789839335.8301,40.20,49.2250,49.3000,44.0200,100.50,103.00,True
1789839335.9087,40.30,49.2000,49.2800,44.0200,100.50,103.00,True
1789839336.0080,40.40,49.1750,46.9600,44.0200,100.50,103.00,True
1789839336.1179,40.50,49.1500,46.9600,44.0200,100.50,103.00,True
1789839336.1924,40.60,49.1250,46.9600,44.0200,100.50,103.00,True
1789839336.3162,40.70,49.1000,46.8600,44.0200,100.50,103.00,True
1789839336.4135,40.80,49.0750,49.1500,44.0200,100.50,103.00,True
1789839336.5928,40.90,49.0500,43.4100,44.0200,100.50,103.00,True
1789839336.7327,41.00,49.0250,46.7800,44.0200,100.50,103.00,True
1789839336.9171,41.10,49.0000,46.7600,44.0200,100.50,103.00,True
1789839337.0793,41.20,48.9750,43.2800,44.0200,100.50,103.00,True
1789839337.1583,41.30,48.9500,43.2800,44.0200,100.50,103.00,True
1789839337.2616,41.40,48.9250,46.6800,44.0200,100.50,103.00,True
1789839337.3984,41.50,48.9000,48.9500,44.0200,100.50,103.00,True
1789839337.4973,41.60,48.8750,48.9500,44.0200,100.50,103.00,True
1789839337.5775,41.70,48.8500,43.2100,44.0200,100.50,103.00,True
1789839337.6858,41.80,48.8250,48.8800,44.0200,100.50,103.00,True
1789839337.7971,41.90,48.8000,48.8800,44.0200,100.50,103.00,True
1789839337.9157,42.00,48.7750,43.1800,44.0200,100.50,103.00,True
1789839338.0225,42.10,48.7500,43.1800,44.0200,100.50,103.00,True
1789839338.1365,42.20,48.7250,43.1800,44.0200,100.50,103.00,True
1789839338.2785,42.30,48.7000,43.1400,44.0200,100.50,103.00,True
1789839338.3964,42.40,48.6750,46.4400,44.0200,100.50,103.00,True
1789839338.4713,42.50,48.6500,46.4400,44.0200,100.50,103.00,True
1789839338.5712,42.60,48.6250,43.1600,44.0200,100.50,103.00,True
1789839338.6742,42.70,48.6000,43.0100,44.0200,100.50,103.00,True
1789839338.7747,42.80,48.5750,43.0100,44.0200,100.50,103.00,True
1789839338.8531,42.90,48.5500,48.6200,44.0200,100.50,103.00,True
1789839339.0018,43.00,48.5250,48.6200,44.0200,100.50,103.00,True
1789839339.1394,43.10,48.5000,42.9100,44.0200,100.50,103.00,True
1789839339.2795,43.20,48.4750,42.8800,44.0200,100.50,103.00,True
1789839339.4068,43.30,48.4500,42.8600,44.0200,100.50,103.00,True
1789839339.5339,43.40,48.4250,42.8600,44.0200,100.50,103.00,True
1789839339.6142,43.50,48.4000,46.2800,44.0200,100.50,103.00,True
1789839339.7208,43.60,48.3750,48.4200,44.0200,100.50,103.00,True
1789839339.9653,43.70,48.3500,46.2400,44.0200,100.50,103.00,True
1789839340.1767,43.80,48.3250,42.6600,44.0200,100.50,103.00,True
1789839340.3454,43.90,48.3000,46.1400,44.0200,100.50,103.00,True
1789839340.4485,44.00,48.2750,46.1400,44.0200,100.50,103.00,True
1789839340.5514,44.10,48.2500,46.1400,44.0200,100.50,103.00,True
1789839341.4214,44.20,48.2250,46.0100,44.0200,100.50,103.00,True
1789839341.5234,44.30,48.2000,46.0100,44.0200,100.50,103.00,True
1789839341.6227,44.40,48.1750,46.0100,44.0200,100.50,103.00,True
1789839341.8075,44.50,48.1500,42.4100,44.0200,100.50,103.00,True
1789839342.0662,44.60,48.1250,42.4100,44.0200,100.50,103.00,True
1789839342.1921,44.70,48.1000,45.8400,44.0200,100.50,103.00,True
1789839342.3024,44.80,48.0750,48.1200,44.0200,100.50,103.00,True
1789839342.4199,44.90,48.0500,48.1200,44.0200,100.50,103.00,True
1789839342.5417,45.00,48.0250,48.1200,44.0200,100.50,103.00,True
1789839342.6873,45.10,48.0000,45.7600,44.0200,100.50,103.00,True
1789839342.7887,45.20,47.9750,45.7400,44.0200,100.50,103.00,True
1789839342.8650,45.30,47.9500,48.0200,44.0200,100.50,103.00,True
1789839342.9662,45.40,47.9250,48.0200,44.0200,100.50,103.00,True
1789839343.0622,45.50,47.9000,48.0200,44.0200,100.50,103.00,True
1789839343.1705,45.60,47.8750,47.9500,44.0200,100.50,103.00,True
1789839343.2655,45.70,47.8500,47.9200,44.0200,100.50,103.00,True
1789839343.3526,45.80,47.8250,47.9000,44.0200,100.50,103.00,True
1789839343.4441,45.90,47.8000,47.9000,44.0200,100.50,103.00,True
1789839343.5806,46.00,47.7750,47.9000,44.0200,100.50,103.00,True
1789839343.7094,46.10,47.7500,47.8000,44.0200,100.50,103.00,True
1789839343.8070,46.20,47.7250,47.8000,44.0200,100.50,103.00,True
1789839343.9120,46.30,47.7000,47.7800,44.0200,100.50,103.00,True
1789839343.9911,46.40,47.6750,47.7800,44.0200,100.50,103.00,True
1789839344.1153,46.50,47.6500,47.7800,44.0200,100.50,103.00,True
1789839344.2796,46.60,47.6250,47.6800,44.0200,100.50,103.00,True
1789839344.3785,46.70,47.6000,45.5800,44.0200,100.50,103.00,True
1789839344.4894,46.80,47.5750,45.5800,44.0200,100.50,103.00,True
1789839344.5676,46.90,47.5500,45.5800,44.0200,100.50,103.00,True
1789839344.6473,47.00,47.5250,45.5800,44.0200,100.50,103.00,True
1789839344.8909,47.10,47.5000,47.5500,44.0200,100.50,103.00,True
1789839344.9895,47.20,47.4750,47.5500,44.0200,100.50,103.00,True
1789839345.0985,47.30,47.4500,47.5500,44.0200,100.50,103.00,True
1789839345.1956,47.40,47.4250,47.5500,44.0200,100.50,103.00,True
1789839345.2828,47.50,47.4000,47.4800,44.0200,100.50,103.00,True
1789839345.3772,47.60,47.3750,41.7800,44.0200,100.50,103.00,True
1789839345.4850,47.70,47.3500,41.7800,44.0200,100.50,103.00,True
1789839345.6258,47.80,47.3250,41.7800,44.0200,100.50,103.00,True
1789839345.7712,47.90,47.3000,47.3500,44.0200,100.50,103.00,True
1789839345.8484,48.00,47.2750,45.2600,44.0200,100.50,103.00,True
1789839345.9485,48.10,47.2500,41.6800,44.0200,100.50,103.00,True
1789839346.0246,48.20,47.2250,41.6800,44.0200,100.50,103.00,True
1789839346.2014,48.30,47.2000,41.6800,44.0200,100.50,103.00,True
1789839346.3179,48.40,47.1750,41.5800,44.0200,100.50,103.00,True
1789839346.7729,48.50,47.1500,41.5100,44.0200,100.50,103.00,True
1789839346.9834,48.60,47.1250,41.4600,44.0200,100.50,103.00,True
1789839347.0568,48.70,47.1000,41.4600,44.0200,100.50,103.00,True
1789839347.1339,48.80,47.0750,41.4600,44.0200,100.50,103.00,True
1789839347.3389,48.90,47.0500,47.1000,44.0200,100.50,103.00,True
1789839347.4224,49.00,47.0250,47.0800,44.0200,100.50,103.00,True
1789839347.5028,49.10,47.0000,47.0800,44.0200,100.50,103.00,True
1789839347.6191,49.20,46.9750,47.0800,44.0200,100.50,103.00,True
1789839347.7634,49.30,46.9500,47.0000,44.0200,100.50,103.00,True
1789839347.8919,49.40,46.9250,44.8800,44.0200,100.50,103.00,True
1789839347.9617,49.50,46.9000,44.8800,44.0200,100.50,103.00,True
1789839348.0807,49.60,46.8750,44.8800,44.0200,100.50,103.00,True
1789839348.2166,49.70,46.8500,44.8800,44.0200,100.50,103.00,True
1789839348.3249,49.80,46.8250,41.2100,44.0200,100.50,103.00,True
1789839348.4374,49.90,46.8000,41.2100,44.0200,100.50,103.00,True
1789839348.5032,50.00,46.7750,41.2100,44.0200,100.50,103.00,True
1789839348.6209,50.10,46.7500,41.2100,44.0200,100.50,103.00,True
1789839348.7128,50.20,46.7250,46.7800,44.0200,100.50,103.00,True
1789839348.8223,50.30,46.7000,46.7800,44.0200,100.50,103.00,True
1789839348.8955,50.40,46.6750,46.7800,44.0200,100.50,103.00,True
1789839349.0197,50.50,46.6500,46.7800,44.0200,100.50,103.00,True
1789839349.1659,50.60,46.6250,46.7800,44.0200,100.50,103.00,True
1789839349.3592,50.70,46.6000,41.0600,44.0200,100.50,103.00,True
1789839349.4751,50.80,46.5750,41.0600,44.0200,100.50,103.00,True
1789839349.5954,50.90,46.5500,46.6000,44.0200,100.50,103.00,True
1789839349.7176,51.00,46.5250,40.9600,44.0200,100.50,103.00,True
1789839349.8032,51.10,46.5000,40.9600,44.0200,100.50,103.00,True
1789839349.8932,51.20,46.4750,40.9600,44.0200,100.50,103.00,True
1789839349.9930,51.30,46.4500,40.9600,44.0200,100.50,103.00,True
1789839350.1194,51.40,46.4250,46.4800,44.0200,100.50,103.00,True
1789839350.2574,51.50,46.4000,46.4800,44.0200,100.50,103.00,True
1789839350.3376,51.60,46.3750,46.6000,44.0200,100.50,103.00,True
1789839350.4129,51.70,46.3500,46.6000,44.0200,100.50,103.00,True
1789839350.5409,51.80,46.3250,46.4000,44.0200,100.50,103.00,True
1789839350.6457,51.90,46.3000,40.7400,44.0200,100.50,103.00,True
1789839350.7166,52.00,46.2750,40.7400,44.0200,100.50,103.00,True
1789839350.8524,52.10,46.2500,46.3200,44.0200,100.50,103.00,True
1789839350.9751,52.20,46.2250,46.3200,44.0200,100.50,103.00,True
1789839351.0823,52.30,46.2000,40.6800,44.0200,100.50,103.00,True
1789839351.3724,52.40,46.1750,40.6400,44.0200,100.50,103.00,True
1789839351.4666,52.50,46.1500,40.6400,44.0200,100.50,103.00,True
1789839351.5502,52.60,46.1250,40.5800,44.0200,100.50,103.00,True
1789839351.6758,52.70,46.1000,40.5300,44.0200,100.50,103.00,True
1789839351.7759,52.80,46.0750,46.1500,44.0200,100.50,103.00,True
1789839351.9518,52.90,46.0500,46.1500,44.0200,100.50,103.00,True
1789839352.0369,53.00,46.0250,44.1400,44.0200,100.50,103.00,True
1789839352.5594,53.10,46.0000,44.0100,44.0200,100.50,103.00,True
1789839352.7496,53.20,45.9750,43.9600,44.0200,100.50,103.00,True
1789839352.8528,53.30,45.9500,40.3400,44.0200,100.50,103.00,True
1789839352.9590,53.40,45.9250,40.3400,44.0200,100.50,103.00,True
1789839353.0802,53.50,45.9000,45.9800,44.0200,100.50,103.00,True
1789839353.1810,53.60,45.8750,45.9200,44.0200,100.50,103.00,True
1789839353.3939,53.70,45.8500,40.1800,44.0200,100.50,103.00,True
1789839353.6729,53.80,45.8250,43.7800,44.0200,100.50,103.00,True
1789839353.7476,53.90,45.8000,40.1100,44.0200,100.50,103.00,True
1789839353.8510,54.00,45.7750,43.7100,44.0200,100.50,103.00,True
1789839353.9844,54.10,45.7500,45.8000,44.0200,100.50,103.00,True
1789839354.1678,54.20,45.7250,45.8000,44.0200,100.50,103.00,True
1789839354.2966,54.30,45.7000,43.6400,44.0200,100.50,103.00,True
1789839354.4137,54.40,45.6750,39.9800,44.0200,100.50,103.00,True
1789839354.4948,54.50,45.6500,45.7200,44.0200,100.50,103.00,True
1789839354.6130,54.60,45.6250,45.7200,44.0200,100.50,103.00,False
1789839354.7086,54.70,45.6000,39.9100,44.0200,100.50,103.00,False
1789839354.7894,54.80,45.5750,39.9100,44.0200,100.50,103.00,False
1789839354.9581,54.90,45.5500,43.5400,44.0200,100.50,103.00,False
1789839355.0311,55.00,45.5250,43.5400,44.0200,100.50,103.00,False
1789839355.1388,55.10,45.5000,45.6200,44.0200,100.50,103.00,False
1789839355.2406,55.20,45.4750,45.6200,44.0200,100.50,103.00,False
1789839355.3294,55.30,45.4500,45.6200,44.0200,100.50,103.00,False
1789839355.4227,55.40,45.4250,45.5000,44.0200,100.50,103.00,False
1789839355.5285,55.50,45.4000,45.5000,44.0200,100.50,103.00,False
1789839355.6720,55.60,45.3750,43.3600,44.0200,100.50,103.00,False
1789839355.7671,55.70,45.3500,39.7600,44.0200,100.50,103.00,False
1789839355.8592,55.80,45.3250,43.3100,44.0200,100.50,103.00,False
1789839355.9494,55.90,45.3000,43.3100,44.0200,100.50,103.00,False
1789839356.0715,56.00,45.2750,43.3100,44.0200,100.50,103.00,False
1789839356.1872,56.10,45.2500,39.6400,44.0200,100.50,103.00,False
1789839356.3170,56.20,45.2250,43.2600,44.0200,100.50,103.00,False
1789839356.4212,56.30,45.2000,45.2800,44.0200,100.50,103.00,False
1789839356.5599,56.40,45.1750,39.5300,44.0200,100.50,103.00,False
1789839356.6705,56.50,45.1500,39.5300,44.0200,100.50,103.00,False
1789839356.8030,56.60,45.1250,43.1800,44.0200,100.50,103.00,False
1789839356.8925,56.70,45.1000,39.4800,44.0200,100.50,103.00,False
1789839357.0461,56.80,45.0750,43.1400,44.0200,100.50,103.00,False
1789839357.1659,56.90,45.0500,45.1000,43.4600,100.50,103.00,False
1789839357.3691,57.00,45.0250,43.0600,43.4600,100.50,103.00,False
1789839357.4928,57.10,45.0000,43.0600,43.4600,100.50,103.00,False
1789839357.5959,57.20,44.9750,43.0400,43.4600,100.50,103.00,False
1789839357.7082,57.30,44.9500,43.0100,43.4600,100.50,103.00,False
1789839357.8345,57.40,44.9250,42.9600,43.4600,100.50,103.00,False
1789839357.9415,57.50,44.9000,42.9600,43.4600,100.50,103.00,False
1789839358.1279,57.60,44.8750,39.2400,43.4600,100.50,103.00,False
1789839358.2414,57.70,44.8500,39.2400,43.4600,100.50,103.00,False
1789839358.3551,57.80,44.8250,42.8600,43.4600,100.50,103.00,False
1789839358.4434,57.90,44.8000,42.8600,43.4600,100.50,103.00,False
1789839358.5556,58.00,44.7750,42.8600,43.4600,100.50,103.00,False
1789839358.6570,58.10,44.7500,42.8100,43.4600,100.50,103.00,False
1789839358.7415,58.20,44.7250,42.8100,43.4600,100.50,103.00,False
1789839358.9023,58.30,44.7050,44.7800,43.4600,101.00,103.00,False
1789839359.0913,58.40,44.6850,44.7800,43.4600,101.00,103.00,False
1789839359.1757,58.50,44.6650,39.0200,43.4600,101.00,103.00,False
1789839359.2771,58.60,44.6450,39.0200,43.4600,101.00,103.00,False
1789839359.3751,58.70,44.6250,42.7000,43.4600,101.00,103.00,False
1789839359.5008,58.80,44.6050,42.7000,43.4600,101.00,103.00,False
1789839359.5966,58.90,44.5850,42.6800,43.4600,101.00,103.00,False
1789839359.6840,59.00,44.5650,44.6200,43.4600,101.00,103.00,False
1789839359.7736,59.10,44.5450,44.6200,43.4600,101.00,103.00,False
1789839359.9262,59.20,44.5250,44.5800,43.4600,101.00,103.00,False
1789839360.0259,59.30,44.5050,44.5400,43.4600,101.00,103.00,False
1789839360.1125,59.40,44.4850,42.6000,43.4600,101.00,103.00,False
1789839360.2072,59.50,44.4650,42.6000,43.4600,101.00,103.00,False
1789839360.3235,59.60,44.4450,38.8500,43.4600,101.00,103.00,False
1789839360.4667,59.70,44.4250,38.8500,43.4600,101.00,103.00,False
1789839360.5680,59.80,44.4050,38.8200,43.4600,101.00,103.00,False
1789839360.6888,59.90,44.3850,42.5400,43.4600,101.00,103.00,False
1789839360.9432,60.00,44.3650,44.4000,43.4600,101.00,103.00,False
1789839361.0616,60.10,44.3450,38.7400,43.4600,101.00,103.00,False
1789839361.1994,60.20,44.3250,44.3600,43.4600,101.00,103.00,False
1789839361.3017,60.30,44.3050,44.3400,43.4600,101.00,103.00,False
1789839361.3759,60.40,44.2850,44.3400,43.4600,101.00,103.00,False
1789839361.5117,60.50,44.2650,44.3200,43.4600,101.00,103.00,False
1789839361.6331,60.60,44.2450,44.3200,43.4600,101.00,103.00,False
1789839361.7462,60.70,44.2250,42.3400,43.4600,101.00,103.00,False
1789839361.8696,60.80,44.2050,42.3200,43.4600,101.00,103.00,False
1789839361.9959,60.90,44.1850,44.2200,43.4600,101.00,103.00,False
1789839362.0821,61.00,44.1650,44.2200,43.4600,101.00,103.00,False
1789839362.1966,61.10,44.1450,42.2600,43.4600,101.00,103.00,False
1789839362.3386,61.20,44.1250,42.2400,43.4600,101.00,103.00,False
1789839362.4392,61.30,44.1050,42.2400,43.4600,101.00,103.00,False
1789839362.5328,61.40,44.0850,38.5200,43.4600,101.00,103.00,False
1789839362.6637,61.50,44.0650,38.5200,43.4600,101.00,103.00,False
1789839362.7455,61.60,44.0450,38.5200,43.4600,101.00,103.00,False
1789839362.9536,61.70,44.0250,42.1800,43.4600,101.00,103.00,False
1789839363.0764,61.80,44.0050,44.0400,43.4600,101.00,103.00,False
1789839363.1789,61.90,43.9850,44.0400,43.4600,101.00,103.00,False
1789839363.2991,62.00,43.9650,38.4000,43.4600,101.00,103.00,False
1789839363.4435,62.10,43.9450,44.0000,43.4600,101.00,103.00,False
1789839363.5212,62.20,43.9250,42.0600,43.4600,101.00,103.00,False
1789839363.6229,62.30,43.9050,42.0600,43.4600,101.00,103.00,False
1789839363.7229,62.40,43.8850,42.0600,43.4600,101.00,103.00,False
1789839363.8747,62.50,43.8650,43.9000,43.4600,101.00,103.00,False
1789839363.9629,62.60,43.8450,38.2800,43.4600,101.00,103.00,False
1789839364.0380,62.70,43.8250,38.2800,43.4600,101.00,103.00,False
1789839364.1250,62.80,43.8050,38.2800,43.4600,101.00,103.00,False
1789839364.2710,62.90,43.7850,41.9400,43.4600,101.00,103.00,False
1789839364.3508,63.00,43.7650,41.9200,43.4600,101.00,103.00,False
1789839364.4456,63.10,43.7450,41.9000,43.4600,101.00,103.00,False
1789839364.5561,63.20,43.7250,41.9000,43.4600,101.00,103.00,False
1789839364.6791,63.30,43.7050,43.7400,43.4600,101.00,103.00,False
1789839364.7754,63.40,43.6850,43.7400,43.4600,101.00,103.00,False
1789839364.8816,63.50,43.6650,43.7200,43.4600,101.00,103.00,False
1789839364.9664,63.60,43.6450,43.7000,43.4600,101.00,103.00,False
1789839365.0359,63.70,43.6250,43.7000,43.4600,101.00,103.00,False
1789839365.3013,63.80,43.6050,43.6200,43.4600,101.00,103.00,False
1789839365.4021,63.90,43.5850,41.7400,43.4600,101.00,103.00,False
1789839365.4761,64.00,43.5650,41.7400,43.4600,101.00,103.00,False
1789839365.6051,64.10,43.5450,41.7400,43.4600,101.00,103.00,False
1789839365.7062,64.20,43.5250,43.5800,43.4600,101.00,103.00,False
1789839365.8064,64.30,43.5050,41.7000,43.4600,101.00,103.00,False
1789839365.9026,64.40,43.4850,41.6800,43.4600,101.00,103.00,False
1789839366.0677,64.50,43.4650,41.6800,43.4600,101.00,103.00,False
1789839366.1444,64.60,43.4450,41.6400,43.4600,101.00,103.00,False
1789839366.3021,64.70,43.4250,43.4600,43.4600,101.00,103.00,False
1789839366.3794,64.80,43.4050,38.0200,43.4600,101.00,103.00,False
1789839366.4523,64.90,43.3850,38.0200,43.4600,101.00,103.00,False
1789839366.5849,65.00,43.3650,37.9600,43.4600,101.00,103.00,False
1789839366.6948,65.10,43.3450,37.9600,43.4600,101.00,103.00,False
1789839366.9146,65.20,43.3250,43.3600,43.4600,101.00,103.00,False
1789839367.0547,65.30,43.3050,43.3600,43.4600,101.00,103.00,False
1789839367.1072,65.40,43.2850,43.3600,43.4600,101.00,103.00,False
1789839367.2078,65.50,43.2650,37.8400,43.4600,101.00,103.00,False
1789839367.3392,65.60,43.2450,37.8400,43.4600,101.00,103.00,False
1789839367.4479,65.70,43.2250,41.5400,43.4600,101.00,103.00,False
1789839367.5653,65.80,43.2050,41.5800,43.4600,101.00,103.00,False
1789839367.6764,65.90,43.1850,41.5800,43.4600,101.00,103.00,False
1789839367.7526,66.00,43.1650,43.2200,43.4600,101.00,103.00,False
1789839367.8917,66.10,43.1450,41.4600,43.4600,101.00,103.00,False
1789839367.9851,66.20,43.1250,43.1600,43.4600,101.00,103.00,False
1789839368.1204,66.30,43.1050,43.1600,43.4600,101.00,103.00,False
1789839368.3295,66.40,43.0850,43.1600,43.4600,101.00,103.00,False
1789839368.4723,66.50,43.0650,41.4200,43.4600,101.00,103.00,False
1789839368.5710,66.60,43.0450,43.0800,43.4600,101.00,103.00,False
1789839368.6536,66.70,43.0250,43.0800,43.4600,101.00,103.00,False
1789839368.8475,66.80,43.0050,43.0800,43.4600,101.00,103.00,False
1789839369.0551,66.90,42.9850,41.3400,43.4600,101.00,103.00,False
1789839369.1332,67.00,42.9650,41.3400,43.4600,101.00,103.00,False
1789839369.3495,67.10,42.9450,41.3400,43.4600,101.00,103.00,False
1789839369.5065,67.20,42.9250,41.2600,43.4600,101.00,103.00,False
1789839369.6095,67.30,42.9050,41.2400,43.4600,101.00,103.00,False
1789839369.7219,67.40,42.8850,42.9200,43.4600,101.00,103.00,False
1789839369.8546,67.50,42.8650,42.9200,43.4600,101.00,103.00,False
1789839369.9549,67.60,42.8450,42.8800,43.4600,101.00,103.00,False
1789839370.1354,67.70,42.8250,37.4000,43.4600,101.00,103.00,False
1789839370.3065,67.80,42.8050,41.1200,43.4600,101.00,103.00,False
1789839370.4040,67.90,42.7850,41.1200,43.4600,101.00,103.00,False
1789839370.5123,68.00,42.7650,37.3400,43.4600,101.00,103.00,False
1789839370.6148,68.10,42.7450,41.0600,43.4600,101.00,103.00,False
1789839370.7487,68.20,42.7250,42.7600,43.4600,101.00,103.00,False
1789839370.8597,68.30,42.7050,42.7600,43.4600,101.00,103.00,False
1789839371.0111,68.40,42.6850,41.0000,43.4600,101.00,103.00,False
1789839371.0845,68.50,42.6650,40.9800,43.4600,101.00,103.00,False
1789839371.1947,68.60,42.6450,40.9800,43.4600,101.00,103.00,False
1789839371.2866,68.70,42.6250,42.6800,43.4600,101.00,103.00,False
1789839371.4281,68.80,42.6050,42.6800,43.4600,101.00,103.00,False
1789839371.6622,68.90,42.5850,42.6200,43.4600,101.00,103.00,False
1789839371.7332,69.00,42.5650,37.1400,43.4600,101.00,103.00,False
1789839371.8681,69.10,42.5450,37.1400,43.4600,101.00,103.00,False
1789839371.9905,69.20,42.5250,37.1400,43.4600,101.00,103.00,False
1789839372.0816,69.30,42.5050,42.5600,43.4600,101.00,103.00,False
1789839372.1912,69.40,42.4850,42.5600,43.4600,101.00,103.00,False
1789839372.2830,69.50,42.4650,42.5200,43.4600,101.00,103.00,False
1789839372.4049,69.60,42.4450,42.5200,43.4600,101.00,103.00,False
1789839372.5221,69.70,42.4250,36.9900,43.4600,101.00,103.00,False
1789839372.6348,69.80,42.4050,40.7800,43.4600,101.00,103.00,False
1789839372.7544,69.90,42.3850,40.7600,43.4600,101.00,103.00,False
1789839372.8653,70.00,42.3650,40.7600,43.4600,101.00,103.00,False
1789839372.9619,70.10,42.3450,40.7600,43.4600,101.00,103.00,False
1789839373.0897,70.20,42.3250,40.7000,43.4600,101.00,103.00,False
1789839373.2035,70.30,42.3050,36.8800,43.4600,101.00,103.00,False
1789839373.3388,70.40,42.2850,36.8800,43.4600,101.00,103.00,False
1789839374.0374,70.50,42.2650,36.8800,43.4600,101.00,103.00,False
1789839374.1192,70.60,42.2450,40.6200,43.4600,101.00,103.00,False
1789839374.2603,70.70,42.2250,40.6200,43.4600,101.00,103.00,False
1789839374.3570,70.80,42.2050,42.2600,43.4600,101.00,103.00,False
1789839374.4336,70.90,42.1850,42.2600,43.4600,101.00,103.00,False
1789839374.5339,71.00,42.1650,40.5600,43.4600,101.00,103.00,False
1789839374.6337,71.10,42.1450,40.5600,43.4600,101.00,103.00,False
1789839374.7374,71.20,42.1250,40.5600,43.4600,101.00,103.00,False
1789839374.8396,71.30,42.1050,36.7000,43.4600,101.00,103.00,False
1789839374.9365,71.40,42.0850,36.7000,43.4600,101.00,103.00,False
1789839375.0160,71.50,42.0650,36.6600,43.4600,101.00,103.00,False
1789839375.2234,71.60,42.0450,36.6600,43.4600,101.00,103.00,False
1789839375.3285,71.70,42.0250,42.0600,43.4600,101.00,103.00,False
1789839375.4494,71.80,42.0050,42.0600,43.4600,101.00,103.00,False
1789839375.5681,71.90,41.9850,42.0400,43.4600,101.00,103.00,False
1789839375.6588,72.00,41.9650,42.0400,43.4600,101.00,103.00,False
1789839375.7471,72.10,41.9450,42.0400,43.4600,101.00,103.00,False
1789839375.8355,72.20,41.9250,42.0400,43.4600,101.00,103.00,False
1789839376.0191,72.30,41.9050,41.9400,43.4600,101.00,103.00,False
1789839376.0948,72.40,41.8850,41.9400,43.4600,101.00,103.00,False
1789839376.1976,72.50,41.8650,41.9400,43.4600,101.00,103.00,False
1789839376.3177,72.60,41.8450,41.9400,43.4600,101.00,103.00,False
1789839376.4215,72.70,41.8250,41.9400,43.4600,101.00,103.00,False
1789839376.5218,72.80,41.8050,40.3200,43.4600,101.00,103.00,False
1789839376.5983,72.90,41.7850,42.0400,43.4600,101.00,103.00,False
1789839376.6827,73.00,41.7650,42.0400,43.4600,101.00,103.00,False
1789839376.7788,73.10,41.7450,42.0400,43.4600,101.00,103.00,False
1789839376.9597,73.20,41.7250,42.0400,43.4600,101.00,103.00,False
1789839377.1745,73.30,41.7050,36.3400,43.4600,101.00,103.00,False
1789839377.2948,73.40,41.6850,36.3400,43.4600,101.00,103.00,False
1789839377.3732,73.50,41.6650,36.3400,43.4600,101.00,103.00,False
1789839377.5158,73.60,41.6450,40.1600,43.4600,101.00,103.00,False
1789839377.6154,73.70,41.6250,41.6600,43.4600,101.00,103.00,False
1789839377.7279,73.80,41.6050,41.6600,43.4600,101.00,103.00,False
1789839377.8050,73.90,41.5850,41.6600,43.4600,101.00,103.00,False
1789839377.8822,74.00,41.5650,41.6600,43.4600,101.00,103.00,False
1789839378.0478,74.10,41.5450,41.5800,43.4600,101.00,103.00,False
1789839378.1444,74.20,41.5250,40.1000,43.4600,101.00,103.00,False
1789839378.2018,74.30,41.5050,40.1000,43.4600,101.00,103.00,False
1789839378.3169,74.40,41.4850,40.1000,43.4600,101.00,103.00,False
1789839378.4738,74.50,41.4650,41.5000,43.4600,101.00,103.00,False
1789839378.5948,74.60,41.4450,41.4800,43.4600,101.00,103.00,False
1789839378.7604,74.70,41.4250,41.4800,43.4600,101.00,103.00,False
1789839378.8673,74.80,41.4050,41.4800,43.4600,101.00,103.00,False
1789839378.9450,74.90,41.3850,36.0800,43.4600,101.00,103.00,False
1789839379.0925,75.00,41.3650,39.9900,43.4600,101.00,103.00,False
1789839379.2025,75.10,41.3450,36.0300,43.4600,101.00,103.00,False
1789839379.3092,75.20,41.3250,36.0300,43.4600,101.00,103.00,False
1789839379.4170,75.30,41.3050,35.9900,43.4600,101.00,103.00,False
1789839379.7540,75.40,41.2850,35.9600,43.4600,101.00,103.00,False
1789839379.8701,75.50,41.2650,39.8800,43.4600,101.00,103.00,False
1789839379.9443,75.60,41.2450,39.8800,43.4600,101.00,103.00,False
1789839380.1605,75.70,41.2250,35.9000,43.4600,101.00,103.00,False
1789839380.2947,75.80,41.2050,35.9000,43.4600,101.00,103.00,False
1789839380.3701,75.90,41.1850,39.7800,43.4600,101.00,103.00,False
1789839380.4875,76.00,41.1650,39.7800,43.4600,101.00,103.00,False
1789839380.5646,76.10,41.1450,35.8200,43.4600,101.00,103.00,False
1789839380.7039,76.20,41.1250,35.8200,43.4600,101.00,103.00,False
1789839380.7772,76.30,41.1050,35.8200,43.4600,101.00,103.00,False
1789839380.9204,76.40,41.0850,41.1400,43.4600,101.00,103.00,False
1789839381.0257,76.50,41.0650,39.6700,43.4600,101.00,103.00,False
1789839381.1157,76.60,41.0450,39.6700,43.4600,101.00,103.00,False
1789839381.1772,76.70,41.0250,39.6700,43.4600,101.00,103.00,False
1789839381.3028,76.80,41.0050,39.6200,43.4600,101.00,103.00,False
1789839381.3972,76.90,40.9850,41.0200,43.4600,101.00,103.00,False
1789839381.4731,77.00,40.9650,41.0200,43.4600,101.00,103.00,False
1789839381.5974,77.10,40.9450,41.0200,43.4600,101.00,103.00,False
1789839381.6779,77.20,40.9250,40.9800,43.4600,101.00,103.00,False
1789839381.7799,77.30,40.9050,39.5200,43.4600,101.00,103.00,False
1789839381.8737,77.40,40.8850,40.9400,43.4600,101.00,103.00,False
1789839381.9762,77.50,40.8650,40.9400,43.4600,101.00,103.00,False
1789839382.1548,77.60,40.8450,39.4600,43.4600,101.00,103.00,False
1789839382.2651,77.70,40.8250,39.4200,43.4600,101.00,103.00,False
1789839382.3664,77.80,40.8050,39.4200,43.4600,101.00,103.00,False
1789839382.4875,77.90,40.7850,40.8300,43.4600,101.00,103.00,False
1789839382.6111,78.00,40.7650,40.8300,43.4600,101.00,103.00,False
1789839382.7300,78.10,40.7450,40.7800,43.4600,101.00,103.00,False
1789839382.8288,78.20,40.7250,40.7800,43.4600,101.00,103.00,False
1789839383.0068,78.30,40.7050,40.7400,43.4600,101.00,103.00,False
1789839383.1117,78.40,40.6850,35.5200,43.4600,101.00,103.00,False
1789839383.2088,78.50,40.6650,35.4900,43.4600,101.00,103.00,False
1789839383.2855,78.60,40.6450,35.4900,43.4600,101.00,103.00,False
1789839383.3683,78.70,40.6250,35.4900,43.4600,101.00,103.00,False
1789839383.4670,78.80,40.6050,35.4600,43.4600,101.00,103.00,False
1789839383.5853,78.90,40.5850,40.6200,43.4600,101.00,103.00,False
1789839383.7016,79.00,40.5650,40.6000,43.4600,101.00,103.00,False
1789839383.7817,79.10,40.5450,40.6000,43.4600,101.00,103.00,False
1789839383.9087,79.20,40.5250,40.6000,43.4600,101.00,103.00,False
1789839384.0505,79.30,40.5050,40.5600,43.4600,101.00,103.00,False
1789839384.1301,79.40,40.4850,40.5600,43.4600,101.00,103.00,False
1789839384.2199,79.50,40.4650,40.5200,43.4600,101.00,103.00,False
1789839384.3391,79.60,40.4450,35.3400,43.4600,101.00,103.00,False
1789839384.4315,79.70,40.4250,39.2000,43.4600,101.00,103.00,False
1789839384.5073,79.80,40.4050,39.2000,43.4600,101.00,103.00,False
1789839384.7177,79.90,40.3850,39.1600,43.4600,101.00,103.00,False
1789839384.8740,80.00,40.3650,35.2400,43.4600,101.00,103.00,False
1789839384.9736,80.10,40.3450,35.2400,43.4600,101.00,103.00,False
1789839385.0849,80.20,40.3250,35.2400,43.4600,101.00,103.00,False
1789839385.2202,80.30,40.3050,35.2400,43.4600,101.00,103.00,False
1789839385.3389,80.40,40.2850,35.1600,43.4600,101.00,103.00,False
1789839385.4501,80.50,40.2650,35.1600,43.4600,101.00,103.00,False
1789839385.5842,80.60,40.2450,35.1600,43.4600,101.00,103.00,False
1789839385.7753,80.70,40.2250,35.1200,43.4600,101.00,103.00,False
1789839385.8930,80.80,40.2050,38.9800,43.4600,101.00,103.00,False
1789839385.9937,80.90,40.1850,38.9800,43.4600,101.00,103.00,False
1789839386.0942,81.00,40.1650,38.9800,43.4600,101.00,103.00,False
1789839386.2491,81.10,40.1450,40.1800,43.4600,101.00,103.00,False
1789839386.3647,81.20,40.1250,38.8800,43.4600,101.00,103.00,False
1789839386.4454,81.30,40.1050,38.8800,43.4600,101.00,103.00,False
1789839386.5468,81.40,40.0850,38.8800,43.4600,101.00,103.00,False
1789839386.8619,81.50,40.0650,38.8000,43.4600,101.00,103.00,False
1789839386.9323,81.60,40.0450,38.8000,43.4600,101.00,103.00,False
1789839387.0989,81.70,40.0250,38.8000,43.4600,101.00,103.00,False
1789839387.1957,81.80,40.0050,34.9000,43.4600,101.00,103.00,False
1789839387.2796,81.90,39.9850,34.8800,43.4600,101.00,103.00,False
1789839387.3904,82.00,39.9650,34.8800,43.4600,101.00,103.00,False
1789839387.5581,82.10,39.9450,34.8800,43.4600,101.00,103.00,False
1789839387.6538,82.20,39.9250,39.9700,43.4600,101.00,103.00,False
1789839387.8072,82.30,39.9050,38.6600,43.4600,101.00,103.00,False
1789839387.8526,82.40,39.8850,38.6600,43.4600,101.00,103.00,False
1789839388.0126,82.50,39.8650,38.6600,43.4600,101.00,103.00,False
1789839388.1467,82.60,39.8450,39.8800,43.4600,101.00,103.00,False
1789839388.2428,82.70,39.8250,38.6000,43.4600,101.00,103.00,False
1789839388.3264,82.80,39.8050,38.6000,43.4600,101.00,103.00,False
1789839388.4223,82.90,39.7850,38.6000,43.4600,101.00,103.00,False
1789839388.5263,83.00,39.7650,38.6000,43.4600,101.00,103.00,False
1789839388.6401,83.10,39.7450,39.7800,43.4600,101.00,103.00,False
1789839388.7319,83.20,39.7250,34.6400,43.4600,101.00,103.00,False
1789839388.7991,83.30,39.7050,34.6400,43.4600,101.00,103.00,False
1789839388.8979,83.40,39.6850,34.6400,43.4600,101.00,103.00,False
1789839389.0458,83.50,39.6650,38.4800,43.4600,101.00,103.00,False
1789839389.1953,83.60,39.6450,39.6800,43.4600,101.00,103.00,False
1789839389.3086,83.70,39.6250,39.6800,43.4600,101.00,103.00,False
1789839389.6345,83.80,39.6050,38.4000,43.4600,101.00,103.00,False
1789839389.7040,83.90,39.5850,38.4000,43.4600,101.00,103.00,False
1789839389.8082,84.00,39.5650,38.4000,43.4600,101.00,103.00,False
1789839389.9370,84.10,39.5450,39.5800,43.4600,101.00,103.00,False
1789839390.0382,84.20,39.5250,39.5600,43.4600,101.00,103.00,False
1789839390.1343,84.30,39.5050,39.5600,43.4600,101.00,103.00,False
1789839390.2213,84.40,39.4850,39.5600,43.4600,101.00,103.00,False
1789839390.3142,84.50,39.4650,39.5600,43.4600,101.00,103.00,False
1789839390.4292,84.60,39.4450,39.4800,43.4600,101.00,103.00,False
1789839390.5241,84.70,39.4250,38.2600,43.4600,101.00,103.00,False
1789839390.6328,84.80,39.4050,38.2600,43.4600,101.00,103.00,False
1789839390.7184,84.90,39.3850,38.2600,43.4600,101.00,103.00,False
1789839390.8702,85.00,39.3650,39.4000,43.4600,101.00,103.00,False
1789839391.0200,85.10,39.3450,39.3800,43.4600,101.00,103.00,False
1789839391.1274,85.20,39.3250,39.3800,43.4600,101.00,103.00,False
1789839391.2282,85.30,39.3050,39.3800,43.4600,101.00,103.00,False
1789839391.3397,85.40,39.2850,34.2400,43.4600,101.00,103.00,False
1789839391.4671,85.50,39.2650,34.2200,43.4600,101.00,103.00,False
1789839391.5904,85.60,39.2450,39.3300,43.4600,101.00,103.00,False
1789839391.6975,85.70,39.2250,39.3300,43.4600,101.00,103.00,False
1789839391.8034,85.80,39.2050,39.3300,43.4600,101.00,103.00,False
1789839391.9230,85.90,39.1850,38.0300,43.4600,101.00,103.00,False
1789839392.4404,86.00,39.1650,37.9400,43.4600,101.00,103.00,False
1789839392.5532,86.10,39.1450,34.0200,43.4600,101.00,103.00,False
1789839392.6507,86.20,39.1250,34.0200,43.4600,101.00,103.00,False
1789839392.7578,86.30,39.1050,34.0200,43.4600,101.00,103.00,False
1789839392.8578,86.40,39.0850,39.1500,43.4600,101.00,103.00,False
1789839392.9575,86.50,39.0650,33.9600,43.4600,101.00,103.00,False
1789839393.1018,86.60,39.0450,39.1000,43.4600,101.00,103.00,False
1789839393.2414,86.70,39.0250,39.1000,43.4600,101.00,103.00,False
1789839393.3804,86.80,39.0050,33.9000,43.4600,101.00,103.00,False
1789839393.4912,86.90,38.9850,33.8800,43.4600,101.00,103.00,False
1789839393.5689,87.00,38.9650,33.8500,43.4600,101.00,103.00,False
1789839393.6683,87.10,38.9450,33.8500,43.4600,101.00,103.00,False
1789839393.7712,87.20,38.9250,33.8500,43.4600,101.00,103.00,False
1789839393.9446,87.30,38.9050,38.9400,43.4600,101.00,103.00,False
1789839394.0487,87.40,38.8850,38.9200,43.4600,101.00,103.00,False
1789839394.1517,87.50,38.8650,38.9200,43.4600,101.00,103.00,False
1789839394.2692,87.60,38.8450,38.9200,43.4600,101.00,103.00,False
1789839394.4357,87.70,38.8250,38.8600,43.4600,101.00,103.00,False
1789839394.5415,87.80,38.8050,33.7400,43.4600,101.00,103.00,False
1789839394.7042,87.90,38.7850,33.7400,43.4600,101.00,103.00,False
1789839394.8082,88.00,38.7650,38.8000,43.4600,101.00,103.00,False
1789839394.9329,88.10,38.7450,37.5600,43.4600,101.00,103.00,False
1789839395.0087,88.20,38.7250,37.5300,43.4600,101.00,103.00,False
1789839395.0933,88.30,38.7050,37.5300,43.4600,101.00,103.00,False
1789839395.2062,88.40,38.6850,37.5300,43.4600,101.00,103.00,False
1789839395.2879,88.50,38.6650,38.7200,43.4600,101.00,103.00,False
1789839395.4287,88.60,38.6450,38.6800,43.4600,101.00,103.00,False
1789839395.4915,88.70,38.6250,38.6800,43.4600,101.00,103.00,False
1789839395.6108,88.80,38.6050,38.6800,43.4600,101.00,103.00,False
1789839395.7397,88.90,38.5850,33.5300,43.4600,101.00,103.00,False
1789839395.8752,89.00,38.5650,38.6000,43.4600,101.00,103.00,False
1789839395.9763,89.10,38.5450,37.4600,43.4600,101.00,103.00,False
1789839396.0872,89.20,38.5250,37.4600,43.4600,101.00,103.00,False
1789839396.1885,89.30,38.5050,38.5400,43.4600,101.00,103.00,False
1789839396.4903,89.40,38.4850,33.4400,43.4600,101.00,103.00,False
1789839396.6230,89.50,38.4650,33.4400,43.4600,101.00,103.00,False
1789839396.7855,89.60,38.4450,37.3200,43.4600,101.00,103.00,False
1789839396.9794,89.70,38.4250,38.4700,43.4600,101.00,103.00,False
1789839397.0957,89.80,38.4050,38.4700,43.4600,101.00,103.00,False
1789839397.2322,89.90,38.3850,33.3000,43.4600,101.00,103.00,False
1789839397.3494,90.00,38.3650,33.2600,43.4600,101.00,103.00,False
1789839397.8664,90.10,38.3450,37.1400,43.4600,101.00,103.00,False
1789839397.9798,90.20,38.3250,37.1400,43.4600,101.00,103.00,False
1789839398.3409,90.30,38.3050,33.0800,43.4600,101.00,103.00,False
1789839398.5321,90.40,38.2850,33.0800,43.4600,101.00,103.00,False
1789839398.6377,90.50,38.2650,36.9800,43.4600,101.00,103.00,False
1789839398.8613,90.60,38.2450,36.9600,43.4600,101.00,103.00,False
1789839398.9586,90.70,38.2250,36.9600,43.4600,101.00,103.00,False
1789839399.0735,90.80,38.2050,36.9600,43.4600,101.00,103.00,False
1789839399.2545,90.90,38.1850,36.8800,43.4600,101.00,103.00,False
1789839399.3282,91.00,38.1650,36.8800,43.4600,101.00,103.00,False
1789839399.4409,91.10,38.1450,36.8800,43.4600,101.00,103.00,False
1789839399.5559,91.20,38.1250,36.8800,43.4600,101.00,103.00,False
1789839399.6890,91.30,38.1050,36.8200,43.4600,101.00,103.00,False
1789839399.8070,91.40,38.0850,36.8000,43.4600,101.00,103.00,False
1789839399.9172,91.50,38.0650,36.8000,43.4600,101.00,103.00,False
1789839400.0380,91.60,38.0450,36.8000,43.4600,101.00,103.00,False
1789839400.2536,91.70,38.0250,32.7400,43.4600,101.00,103.00,False
1789839400.3519,91.80,38.0050,36.7200,43.4600,101.00,103.00,False
1789839400.4307,91.90,37.9850,36.7200,43.4600,101.00,103.00,False
1789839400.5347,92.00,37.9650,36.7200,43.4600,101.00,103.00,False
1789839400.7044,92.10,37.9450,32.6700,43.4600,101.00,103.00,False
1789839400.8023,92.20,37.9250,32.6600,43.4600,101.00,103.00,False
1789839400.8814,92.30,37.9050,32.6600,43.4600,101.00,103.00,False
1789839400.9593,92.40,37.8850,32.6600,43.4600,101.00,103.00,False
1789839401.0628,92.50,37.8650,32.6600,43.4600,101.00,103.00,False
1789839401.2701,92.60,37.8450,32.6000,43.4600,101.00,103.00,False
1789839401.3439,92.70,37.8250,32.6000,43.4600,101.00,103.00,False
1789839401.4442,92.80,37.8050,32.6000,43.4600,101.00,103.00,False
1789839401.5767,92.90,37.7850,32.6000,43.4600,101.00,103.00,False
1789839401.7147,93.00,37.7650,37.8000,43.4600,101.00,103.00,False
1789839401.7907,93.10,37.7450,37.8000,43.4600,101.00,103.00,False
1789839401.9522,93.20,37.7250,32.4800,43.4600,101.00,103.00,False
1789839402.0443,93.30,37.7050,32.4800,43.4600,101.00,103.00,False
1789839402.6916,93.40,37.6850,36.4200,43.4600,101.00,103.00,False
1789839402.7951,93.50,37.6650,36.4200,43.4600,101.00,103.00,False
1789839402.9335,93.60,37.6450,37.6800,43.4600,101.00,103.00,False
1789839403.0131,93.70,37.6250,37.6800,43.4600,101.00,103.00,False
1789839403.1211,93.80,37.6050,37.6800,43.4600,101.00,103.00,False
1789839403.4629,93.90,37.5850,37.6000,43.4600,101.00,103.00,False
1789839403.6549,94.00,37.5650,37.6000,43.4600,101.00,103.00,False
1789839403.9752,94.10,37.5450,36.1600,43.4600,101.00,103.00,False
1789839404.0565,94.20,37.5250,36.1600,43.4600,101.00,103.00,False
1789839404.1578,94.30,37.5050,36.1600,43.4600,101.00,103.00,False
1789839404.3707,94.40,37.4850,36.0800,37.6000,101.00,103.00,False
1789839404.4735,94.50,37.4650,36.0800,37.6000,101.00,103.00,False
1789839404.5726,94.60,37.4450,36.0800,37.6000,101.00,103.00,False
1789839404.6292,94.70,37.4250,36.0800,37.6000,101.00,103.00,False
1789839404.7409,94.80,37.4050,36.0200,37.6000,101.00,103.00,False
1789839404.8520,94.90,37.3850,37.4700,37.6000,101.00,103.00,False
1789839404.9608,95.00,37.3650,37.4700,37.6000,101.00,103.00,False
1789839405.0741,95.10,37.3450,37.4700,37.6000,101.00,103.00,False
1789839405.8879,95.20,37.3250,31.8400,37.6000,101.00,103.00,False
1789839405.9966,95.30,37.3050,31.8400,37.6000,101.00,103.00,False
1789839406.1279,95.40,37.2850,31.8400,37.6000,101.00,103.00,False
1789839406.2544,95.50,37.2650,37.3300,37.6000,101.00,103.00,False
1789839406.3894,95.60,37.2450,37.3000,37.6000,101.00,103.00,False
1789839406.5358,95.70,37.2250,37.2800,37.6000,101.00,103.00,False
1789839406.9064,95.80,37.2100,31.6600,37.6000,101.50,103.00,False
1789839406.9897,95.90,37.1950,35.6500,37.6000,101.50,103.00,False
1789839407.0654,96.00,37.1800,35.6500,37.6000,101.50,103.00,False
1789839407.1695,96.10,37.1650,35.6500,37.6000,101.50,103.00,False
1789839407.3867,96.20,37.1500,35.5800,37.6000,101.50,103.00,False
1789839407.5018,96.30,37.1350,37.1600,37.6000,101.50,103.00,False
1789839407.6263,96.40,37.1200,37.1600,37.6000,101.50,103.00,False
1789839407.7399,96.50,37.1050,37.1600,37.6000,101.50,103.00,False
1789839407.8480,96.60,37.0900,37.1400,37.6000,101.50,103.00,False
1789839408.0367,96.70,37.0750,37.1000,37.6000,101.50,103.00,False
1789839408.1704,96.80,37.0600,37.1000,37.6000,101.50,103.00,False
1789839408.6709,96.90,37.0450,37.1000,37.6000,101.50,103.00,False
1789839408.7966,97.00,37.0300,31.4400,37.6000,101.50,103.00,False
1789839408.8942,97.10,37.0150,31.4400,37.6000,101.50,103.00,False
1789839409.0280,97.20,37.0000,37.0300,37.6000,101.50,103.00,False
1789839409.1309,97.30,36.9850,37.0300,37.6000,101.50,103.00,False
1789839409.2494,97.40,36.9700,37.0300,37.6000,101.50,103.00,False
1789839409.5411,97.50,36.9550,36.9800,37.6000,101.50,103.00,False
1789839409.6195,97.60,36.9400,35.2800,37.6000,101.50,103.00,False
1789839409.7249,97.70,36.9250,35.2800,37.6000,101.50,103.00,False
1789839409.8424,97.80,36.9100,35.2800,37.6000,101.50,103.00,False
1789839409.9477,97.90,36.8950,31.3000,37.6000,101.50,103.00,False
1789839410.2466,98.00,36.8800,31.2700,37.6000,101.50,103.00,False
1789839410.3466,98.10,36.8650,35.2000,37.6000,101.50,103.00,False
1789839410.4453,98.20,36.8500,35.1800,37.6000,101.50,103.00,False
1789839410.5187,98.30,36.8350,35.1800,37.6000,101.50,103.00,False
1789839410.6454,98.40,36.8200,35.1800,37.6000,101.50,103.00,False
1789839410.8191,98.50,36.8050,31.1800,37.6000,101.50,103.00,False
1789839410.9146,98.60,36.7900,35.1500,37.6000,101.50,103.00,False
1789839411.0202,98.70,36.7750,35.1500,37.6000,101.50,103.00,False
1789839411.1191,98.80,36.7600,35.1500,37.6000,101.50,103.00,False
1789839411.2051,98.90,36.7450,35.1500,37.6000,101.50,103.00,False
1789839411.3214,99.00,36.7300,35.1500,37.6000,101.50,103.00,False
1789839411.4201,99.10,36.7150,31.1200,37.6000,101.50,103.00,False
1789839411.5207,99.20,36.7000,31.1200,37.6000,101.50,103.00,False
1789839411.5911,99.30,36.6850,31.1200,37.6000,101.50,103.00,False
1789839411.7269,99.40,36.6700,31.1200,37.6000,101.50,103.00,False
1789839412.1511,99.50,36.6550,31.1200,37.6000,101.50,103.00,False
1789839412.4494,99.60,36.6400,34.9600,37.6000,101.50,103.00,False
1789839412.5528,99.70,36.6250,30.9600,37.6000,101.50,103.00,False
1789839412.6845,99.80,36.6100,30.9600,37.6000,101.50,103.00,False
1789839412.8079,99.90,36.5950,30.9600,37.6000,101.50,103.00,False
1789839412.8952,100.00,36.5800,30.9100,37.6000,101.50,103.00,False
1789839413.0207,100.10,36.5650,36.6200,37.6000,101.50,103.00,False
1789839413.1810,100.20,36.5500,34.8800,37.6000,101.50,103.00,False
1789839413.2620,100.30,36.5350,34.8800,37.6000,101.50,103.00,False
1789839413.3892,100.40,36.5200,30.8600,37.6000,101.50,103.00,False
1789839413.5384,100.50,36.5050,34.8200,37.6000,101.50,103.00,False
1789839413.6013,100.60,36.4900,30.8400,37.6000,101.50,103.00,False
1789839413.7082,100.70,36.4750,30.8400,37.6000,101.50,103.00,False
1789839413.8386,100.80,36.4600,30.8400,37.6000,101.50,103.00,False
1789839413.9627,100.90,36.4450,36.4900,37.6000,101.50,103.00,False
1789839414.1053,101.00,36.4300,36.4600,37.6000,101.50,103.00,False
1789839414.2552,101.10,36.4150,36.4600,37.6000,101.50,103.00,False
1789839414.3760,101.20,36.4000,36.4600,37.6000,101.50,103.00,False
1789839414.4763,101.30,36.3850,34.7200,37.6000,101.50,103.00,False
1789839414.5823,101.40,36.3700,30.7300,37.6000,101.50,103.00,False
1789839414.7182,101.50,36.3550,30.7300,37.6000,101.50,103.00,False
1789839414.8163,101.60,36.3400,30.7300,37.6000,101.50,103.00,False
1789839414.9573,101.70,36.3250,30.7300,37.6000,101.50,103.00,False
1789839415.0740,101.80,36.3100,36.3400,37.6000,101.50,103.00,False
1789839415.1478,101.90,36.2950,36.3400,37.6000,101.50,103.00,False
1789839415.2369,102.00,36.2800,36.3400,37.6000,101.50,103.00,False
1789839415.6721,102.10,36.2650,34.5500,37.6000,101.50,103.00,False
1789839415.7934,102.20,36.2500,34.5500,37.6000,101.50,103.00,False
1789839415.9056,102.30,36.2350,34.5500,37.6000,101.50,103.00,False
1789839416.0286,102.40,36.2200,36.2600,37.6000,101.50,103.00,False
1789839416.1314,102.50,36.2050,30.5600,37.6000,101.50,103.00,False
1789839416.2206,102.60,36.1900,30.5600,37.6000,101.50,103.00,False
1789839416.3306,102.70,36.1750,30.5600,37.6000,101.50,103.00,False
1789839416.4761,102.80,36.1600,30.5600,37.6000,101.50,103.00,False
1789839416.6592,102.90,36.1450,36.1700,37.6000,101.50,103.00,False
1789839416.8427,103.00,36.1300,34.4400,37.6000,101.50,103.00,False
1789839416.9918,103.10,36.1150,34.4400,37.6000,101.50,103.00,False
1789839417.0898,103.20,36.1000,30.4400,37.6000,101.50,103.00,False
1789839417.1634,103.30,36.0850,30.4400,37.6000,101.50,103.00,False
1789839417.2649,103.40,36.0700,36.1200,37.6000,101.50,103.00,False
1789839417.3597,103.50,36.0550,36.1200,37.6000,101.50,103.00,False
1789839417.4770,103.60,36.0400,36.1200,37.6000,101.50,103.00,False
1789839417.5510,103.70,36.0250,36.1200,37.6000,101.50,103.00,False
1789839417.6753,103.80,36.0100,36.0600,37.6000,101.50,103.00,False
1789839417.7502,103.90,35.9950,34.3300,37.6000,101.50,103.00,False
1789839417.8488,104.00,35.9800,30.3800,37.6000,101.50,103.00,False
1789839417.9513,104.10,35.9650,30.3800,37.6000,101.50,103.00,False
1789839418.0802,104.20,35.9500,35.9800,37.6000,101.50,103.00,False
1789839418.2192,104.30,35.9350,35.9700,37.6000,101.50,103.00,False
1789839418.2926,104.40,35.9200,35.9500,37.6000,101.50,103.00,False
1789839418.3764,104.50,35.9050,35.9500,37.6000,101.50,103.00,False
1789839418.5279,104.60,35.8900,35.9500,37.6000,101.50,103.00,False
1789839418.6296,104.70,35.8750,34.1900,37.6000,101.50,103.00,False
1789839418.7318,104.80,35.8600,30.3600,37.6000,101.50,103.00,False
1789839418.8104,104.90,35.8450,34.1600,37.6000,101.50,103.00,False
1789839418.8982,105.00,35.8300,34.1600,37.6000,101.50,103.00,False
1789839419.0299,105.10,35.8150,34.1600,37.6000,101.50,103.00,False
1789839419.1494,105.20,35.8000,30.3100,37.6000,101.50,103.00,False
1789839419.2764,105.30,35.7850,35.8200,37.6000,101.50,103.00,False
1789839419.4034,105.40,35.7700,35.8200,37.6000,101.50,103.00,False
1789839419.5087,105.50,35.7550,35.8200,37.6000,101.50,103.00,False
1789839419.6312,105.60,35.7400,34.1000,37.6000,101.50,103.00,False
1789839419.7758,105.70,35.7250,30.2400,37.6000,101.50,103.00,False
1789839419.8650,105.80,35.7100,34.0700,37.6000,101.50,103.00,False
1789839419.9590,105.90,35.6950,34.0700,37.6000,101.50,103.00,False
1789839420.0553,106.00,35.6800,34.0700,37.6000,101.50,103.00,False
1789839420.1865,106.10,35.6650,34.0700,37.6000,101.50,103.00,False
1789839420.2998,106.20,35.6500,34.0100,37.6000,101.50,103.00,False
1789839420.4201,106.30,35.6350,34.0100,37.6000,101.50,103.00,False
1789839420.5872,106.40,35.6200,35.6600,37.6000,101.50,103.00,False
1789839420.6749,106.50,35.6050,35.6600,37.6000,101.50,103.00,False
1789839420.9181,106.60,35.5900,35.6200,37.6000,101.50,103.00,False
1789839421.0026,106.70,35.5750,35.6200,37.6000,101.50,103.00,False
1789839421.1531,106.80,35.5600,35.5900,37.6000,101.50,103.00,False
1789839421.4257,106.90,35.5450,35.5600,37.6000,101.50,103.00,False
1789839421.9778,107.00,35.5300,35.5600,37.6000,101.50,103.00,False
1789839422.0824,107.10,35.5150,33.8400,37.6000,101.50,103.00,False
1789839422.2234,107.20,35.5000,33.8400,37.6000,101.50,103.00,False
1789839422.3774,107.30,35.4850,35.5200,37.6000,101.50,103.00,False
1789839422.4741,107.40,35.4700,35.5200,37.6000,101.50,103.00,False
1789839422.5992,107.50,35.4550,35.5200,37.6000,101.50,103.00,False
1789839422.6858,107.60,35.4400,35.4800,37.6000,101.50,103.00,False
1789839422.8232,107.70,35.4250,33.7600,37.6000,101.50,103.00,False
1789839422.9246,107.80,35.4100,33.7600,37.6000,101.50,103.00,False
1789839423.1720,107.90,35.3950,35.4100,37.6000,101.50,103.00,False
1789839423.2554,108.00,35.3800,35.4100,37.6000,101.50,103.00,False
1789839423.3388,108.10,35.3650,35.4100,37.6000,101.50,103.00,False
1789839423.4888,108.20,35.3500,33.6800,37.6000,101.50,103.00,False
1789839423.6253,108.30,35.3350,33.6500,37.6000,101.50,103.00,False
1789839423.7238,108.40,35.3200,35.3500,37.6000,101.50,103.00,False
1789839423.8300,108.50,35.3050,35.3500,37.6000,101.50,103.00,False
1789839423.9224,108.60,35.2900,35.3500,37.6000,101.50,103.00,False
1789839424.0607,108.70,35.2750,35.3500,37.6000,101.50,103.00,False
1789839424.2608,108.80,35.2600,29.8300,37.6000,101.50,103.00,False
1789839424.3887,108.90,35.2450,33.5800,37.6000,101.50,103.00,False
1789839424.4932,109.00,35.2300,33.5800,37.6000,101.50,103.00,False
1789839424.6294,109.10,35.2150,33.5800,37.6000,101.50,103.00,False
1789839424.7363,109.20,35.2000,33.5300,37.6000,101.50,103.00,False
1789839424.9081,109.30,35.1850,29.7400,37.6000,101.50,103.00,False
1789839425.0113,109.40,35.1700,29.7400,37.6000,101.50,103.00,False
1789839425.2098,109.50,35.1550,33.4700,37.6000,101.50,103.00,False
1789839425.3412,109.60,35.1400,29.6800,37.6000,101.50,103.00,False
1789839425.4167,109.70,35.1250,29.6800,37.6000,101.50,103.00,False
1789839425.5306,109.80,35.1100,29.6800,37.6000,101.50,103.00,False
1789839425.6792,109.90,35.0950,29.6800,37.6000,101.50,103.00,False
1789839425.7780,110.00,35.0800,33.4100,37.6000,101.50,103.00,False
1789839425.8565,110.10,35.0650,33.4000,37.6000,101.50,103.00,False
1789839425.9347,110.20,35.0500,33.4000,37.6000,101.50,103.00,False
1789839426.0467,110.30,35.0350,33.4000,37.6000,101.50,103.00,False
1789839426.3043,110.40,35.0200,35.0300,37.6000,101.50,103.00,False
1789839426.3816,110.50,35.0050,35.0300,37.6000,101.50,103.00,False
1789839426.4862,110.60,34.9900,35.0300,37.6000,101.50,103.00,False
1789839426.5816,110.70,34.9750,35.0300,37.6000,101.50,103.00,False
1789839426.8268,110.80,34.9600,34.9800,37.6000,101.50,103.00,False
1789839426.9058,110.90,34.9450,34.9800,37.6000,101.50,103.00,False
1789839427.0401,111.00,34.9300,34.9800,37.6000,101.50,103.00,False
1789839427.1499,111.10,34.9150,34.9400,37.6000,101.50,103.00,False
1789839427.3191,111.20,34.9000,34.9400,37.6000,101.50,103.00,False
1789839427.4005,111.30,34.8850,34.9400,37.6000,101.50,103.00,False
1789839427.5000,111.40,34.8700,34.9400,37.6000,101.50,103.00,False
1789839427.5779,111.50,34.8550,34.9400,37.6000,101.50,103.00,False
1789839427.7361,111.60,34.8400,33.1800,37.6000,101.50,103.00,False
1789839427.8174,111.70,34.8250,33.2400,37.6000,101.50,103.00,False
1789839427.9347,111.80,34.8100,33.2400,37.6000,101.50,103.00,False
1789839428.0395,111.90,34.7950,33.2400,37.6000,101.50,103.00,False
1789839428.1996,112.00,34.7800,34.8100,37.6000,101.50,103.00,False
1789839428.2973,112.10,34.7650,34.8000,37.6000,101.50,103.00,False
1789839428.4478,112.20,34.7500,29.3600,37.6000,101.50,103.00,False
1789839428.5223,112.30,34.7350,29.3600,37.6000,101.50,103.00,False
1789839428.6677,112.40,34.7200,34.7500,37.6000,101.50,103.00,False
1789839428.7734,112.50,34.7050,34.7500,37.6000,101.50,103.00,False
1789839428.8676,112.60,34.6900,34.7200,37.6000,101.50,103.00,False
1789839429.0389,112.70,34.6750,34.7400,37.6000,101.50,103.00,False
1789839429.2169,112.80,34.6600,34.6900,37.6000,101.50,103.00,False
1789839429.4151,112.90,34.6450,29.2000,37.6000,101.50,103.00,False
1789839429.4892,113.00,34.6300,29.2000,37.6000,101.50,103.00,False
1789839429.6366,113.10,34.6150,29.1800,37.6000,101.50,103.00,False
1789839429.7753,113.20,34.6000,29.1600,37.6000,101.50,103.00,False
1789839429.8749,113.30,34.5850,32.9300,37.6000,101.50,103.00,False
1789839429.9738,113.40,34.5700,32.9300,37.6000,101.50,103.00,False
1789839430.1256,113.50,34.5550,32.9000,37.6000,101.50,103.00,False
1789839430.2427,113.60,34.5400,32.9000,37.6000,101.50,103.00,False
1789839430.3615,113.70,34.5250,34.5600,37.6000,101.50,103.00,False
1789839430.4376,113.80,34.5100,34.5600,37.6000,101.50,103.00,False
1789839430.5428,113.90,34.4950,29.0400,37.6000,101.50,103.00,False
1789839430.6417,114.00,34.4800,29.0400,37.6000,101.50,103.00,False
1789839430.7790,114.10,34.4650,29.0200,37.6000,101.50,103.00,False
1789839430.9147,114.20,34.4500,32.8100,37.6000,101.50,103.00,False
1789839430.9856,114.30,34.4350,34.4700,37.6000,101.50,103.00,False
1789839431.1510,114.40,34.4200,34.4700,37.6000,101.50,103.00,False
1789839431.2527,114.50,34.4050,32.7600,37.6000,101.50,103.00,False
1789839431.3266,114.60,34.3900,32.7500,37.6000,101.50,103.00,False
1789839431.4146,114.70,34.3750,32.7500,37.6000,101.50,103.00,False
1789839431.5140,114.80,34.3600,32.7500,37.6000,101.50,103.00,False
1789839431.7230,114.90,34.3450,34.3800,37.6000,101.50,103.00,False
1789839431.8023,115.00,34.3300,34.3600,37.6000,101.50,103.00,False
1789839431.9164,115.10,34.3150,34.3600,37.6000,101.50,103.00,False
1789839432.0227,115.20,34.3000,28.9300,37.6000,101.50,103.00,False
1789839432.2438,115.30,34.2850,32.6700,37.6000,101.50,103.00,False
1789839432.3359,115.40,34.2700,32.6700,37.6000,101.50,103.00,False
1789839432.4397,115.50,34.2550,32.6700,37.6000,101.50,103.00,False
1789839432.5494,115.60,34.2400,32.6700,37.6000,101.50,103.00,False
1789839432.6675,115.70,34.2250,32.6200,37.6000,101.50,103.00,False
1789839432.8533,115.80,34.2100,34.2400,37.6000,101.50,103.00,False
1789839432.9619,115.90,34.1950,34.2400,37.6000,101.50,103.00,False
1789839433.0876,116.00,34.1800,34.2400,37.6000,101.50,103.00,False
1789839433.2193,116.10,34.1650,32.6500,37.6000,101.50,103.00,False
1789839433.3213,116.20,34.1500,34.1800,37.6000,101.50,103.00,False
1789839433.4071,116.30,34.1350,34.1800,37.6000,101.50,103.00,False
1789839433.5216,116.40,34.1200,34.1800,37.6000,101.50,103.00,False
1789839433.6510,116.50,34.1050,28.6600,37.6000,101.50,103.00,False
1789839433.7745,116.60,34.0900,34.1400,37.6000,101.50,103.00,False
1789839433.8776,116.70,34.0750,32.4800,37.6000,101.50,103.00,False
1789839433.9820,116.80,34.0600,32.4800,37.6000,101.50,103.00,False
1789839434.0837,116.90,34.0450,32.4800,37.6000,101.50,103.00,False
1789839434.5040,117.00,34.0300,34.0400,37.6000,101.50,103.00,False
1789839434.6695,117.10,34.0150,32.3900,32.4800,101.50,103.00,False
1789839434.7724,117.20,34.0000,32.3800,32.4800,101.50,103.00,False
1789839434.9027,117.30,33.9850,32.3800,32.4800,101.50,103.00,False
1789839435.0052,117.40,33.9700,34.0200,32.4800,101.50,103.00,False
1789839435.0915,117.50,33.9550,34.0200,32.4800,101.50,103.00,False
1789839435.2252,117.60,33.9400,32.3200,32.4800,101.50,103.00,False
1789839435.3023,117.70,33.9250,32.3200,32.4800,101.50,103.00,False
1789839435.4244,117.80,33.9100,32.3200,32.4800,101.50,103.00,False
1789839435.5720,117.90,33.8950,32.2800,32.4800,101.50,103.00,False
1789839435.8360,118.00,33.8800,28.4400,32.4800,101.50,103.00,False
1789839435.8990,118.10,33.8650,28.4400,32.4800,101.50,103.00,False
1789839436.0438,118.20,33.8500,28.4400,32.4800,101.50,103.00,False
1789839436.1620,118.30,33.8350,32.2100,32.4800,101.50,103.00,False
1789839436.2498,118.40,33.8200,28.3800,32.4800,101.50,103.00,False
1789839436.3470,118.50,33.8050,28.3800,32.4800,101.50,103.00,False
1789839436.8008,118.60,33.7900,32.1200,32.4800,101.50,103.00,False
1789839436.8763,118.70,33.7750,32.1200,32.4800,101.50,103.00,False
1789839437.0444,118.80,33.7600,33.7900,32.4800,101.50,103.00,False
1789839437.2562,118.90,33.7450,28.2400,32.4800,101.50,103.00,False
1789839437.3366,119.00,33.7300,28.2400,32.4800,101.50,103.00,False
1789839437.4698,119.10,33.7150,28.2400,32.4800,101.50,103.00,False
1789839437.5728,119.20,33.7000,33.7400,32.4800,101.50,103.00,False
1789839437.7464,119.30,33.6850,33.7200,32.4800,101.50,103.00,False
1789839437.8401,119.40,33.6700,33.7200,32.4800,101.50,103.00,False
1789839437.9670,119.50,33.6550,33.7200,32.4800,101.50,103.00,False
1789839438.0503,119.60,33.6400,33.6800,32.4800,101.50,103.00,False
1789839438.1812,119.70,33.6250,33.6600,32.4800,101.50,103.00,False
1789839438.2862,119.80,33.6100,33.6600,32.4800,101.50,103.00,False
1789839438.3995,119.90,33.5950,33.6600,32.4800,101.50,103.00,False
1789839438.5471,120.00,33.5800,31.9400,32.4800,101.50,103.00,False
1789839438.6619,120.10,33.5650,33.6000,32.4800,101.50,103.00,False
1789839438.7398,120.20,33.5500,33.6000,32.4800,101.50,103.00,False
1789839438.8881,120.30,33.5350,33.6000,32.4800,101.50,103.00,False
1789839439.1492,120.40,33.5200,31.8600,32.4800,101.50,103.00,False
1789839439.2715,120.50,33.5050,33.5500,32.4800,101.50,103.00,False
1789839439.3467,120.60,33.4900,33.5500,32.4800,101.50,103.00,False
1789839439.4475,120.70,33.4750,33.5500,32.4800,101.50,103.00,False
1789839439.5533,120.80,33.4600,31.8000,32.4800,101.50,103.00,False
1789839439.7056,120.90,33.4450,33.4800,32.4800,101.50,103.00,False
1789839439.8649,121.00,33.4300,33.4800,32.4800,101.50,103.00,False
1789839441.0263,121.10,33.4150,27.7900,32.4800,101.50,103.00,False
1789839441.1289,121.20,33.4000,27.7800,32.4800,101.50,103.00,False
1789839441.2488,121.30,33.3850,27.7800,32.4800,101.50,103.00,False
1789839441.3307,121.40,33.3700,27.7800,32.4800,101.50,103.00,False
1789839441.5195,121.50,33.3550,31.5400,32.4800,101.50,103.00,False
1789839441.6238,121.60,33.3400,27.7200,32.4800,101.50,103.00,False
1789839441.7432,121.70,33.3250,27.7200,32.4800,101.50,103.00,False
1789839441.8847,121.80,33.3100,27.7200,32.4800,101.50,103.00,False
1789839442.0430,121.90,33.2950,33.3300,32.4800,101.50,103.00,False
1789839442.1184,122.00,33.2800,27.6600,32.4800,101.50,103.00,False
1789839442.2013,122.10,33.2650,27.6600,32.4800,101.50,103.00,False
1789839442.3243,122.20,33.2500,27.6600,32.4800,101.50,103.00,False
1789839442.4636,122.30,33.2350,33.2600,32.4800,101.50,103.00,False
1789839442.5626,122.40,33.2200,33.2500,32.4800,101.50,103.00,False
1789839442.6792,122.50,33.2050,33.2500,32.4800,101.50,103.00,False
1789839442.7848,122.60,33.1900,33.2500,32.4800,101.50,103.00,False
1789839442.9828,122.70,33.1750,33.2000,32.4800,101.50,103.00,False
1789839443.0821,122.80,33.1600,27.5400,32.4800,101.50,103.00,False
1789839443.1566,122.90,33.1450,27.5400,32.4800,101.50,103.00,False
1789839443.2380,123.00,33.1300,27.5400,32.4800,101.50,103.00,False
1789839443.3411,123.10,33.1150,27.5400,32.4800,101.50,103.00,False
1789839443.4604,123.20,33.1000,33.1300,32.4800,101.50,103.00,False
1789839443.5744,123.30,33.0850,31.3100,32.4800,101.50,103.00,False
1789839443.6809,123.40,33.0700,31.3100,32.4800,101.50,103.00,False
1789839443.8020,123.50,33.0550,31.3100,32.4800,101.50,103.00,False
1789839443.9594,123.60,33.0400,33.0700,32.4800,101.50,103.00,False
1789839444.0662,123.70,33.0250,27.4400,32.4800,101.50,103.00,False
1789839444.2572,123.80,33.0100,27.4400,32.4800,101.50,103.00,False
1789839444.3531,123.90,32.9950,27.4400,32.4800,101.50,103.00,False
1789839444.5781,124.00,32.9800,32.9900,32.4800,101.50,103.00,False
1789839444.6536,124.10,32.9650,32.9900,32.4800,101.50,103.00,False
1789839444.7407,124.20,32.9500,32.9900,32.4800,101.50,103.00,False
1789839444.9849,124.30,32.9350,32.9700,32.4800,101.50,103.00,False
1789839445.1130,124.40,32.9200,27.3400,32.4800,101.50,103.00,False
1789839445.2086,124.50,32.9050,27.3400,32.4800,101.50,103.00,False
1789839445.3282,124.60,32.8900,27.3400,32.4800,101.50,103.00,False
1789839445.4302,124.70,32.8750,27.3400,32.4800,101.50,103.00,False
1789839445.6738,124.80,32.8600,31.0700,32.4800,101.50,103.00,False
1789839445.7722,124.90,32.8450,31.0700,32.4800,101.50,103.00,False
1789839445.8759,125.00,32.8300,31.0700,32.4800,101.50,103.00,False
1789839445.9776,125.10,32.8150,31.0700,32.4800,101.50,103.00,False
1789839446.0912,125.20,32.8000,27.2200,32.4800,101.50,103.00,False
1789839446.1676,125.30,32.7850,32.8300,32.4800,101.50,103.00,False
1789839446.2542,125.40,32.7700,32.8300,32.4800,101.50,103.00,False
1789839446.4632,125.50,32.7550,32.8300,32.4800,101.50,103.00,False
1789839446.5852,125.60,32.7400,32.7700,32.4800,101.50,103.00,False
1789839446.6812,125.70,32.7250,30.9400,32.4800,101.50,103.00,False
1789839446.7623,125.80,32.7100,30.9400,32.4800,101.50,103.00,False
1789839446.8595,125.90,32.6950,30.9400,32.4800,101.50,103.00,False
1789839446.9880,126.00,32.6800,30.9400,32.4800,101.50,103.00,False
1789839447.0673,126.10,32.6650,27.1300,32.4800,101.50,103.00,False
1789839447.1668,126.20,32.6500,27.1200,32.4800,101.50,103.00,False
1789839447.2597,126.30,32.6350,27.1200,32.4800,101.50,103.00,False
1789839447.3655,126.40,32.6200,27.1200,32.4800,101.50,103.00,False
1789839447.4718,126.50,32.6050,27.1200,32.4800,101.50,103.00,False
1789839447.5667,126.60,32.5900,27.0600,32.4800,101.50,103.00,False
1789839447.6517,126.70,32.5750,27.0400,32.4800,101.50,103.00,False
1789839447.7409,126.80,32.5600,27.0400,32.4800,101.50,103.00,False
1789839447.8387,126.90,32.5450,27.0400,32.4800,101.50,103.00,False
1789839447.9505,127.00,32.5300,27.0400,32.4800,101.50,103.00,False
1789839448.0748,127.10,32.5150,32.5400,32.4800,101.50,103.00,False
1789839448.1579,127.20,32.5000,32.5400,32.4800,101.50,103.00,False
1789839448.2434,127.30,32.4850,32.5400,32.4800,101.50,103.00,False
1789839448.3461,127.40,32.4700,32.5400,32.4800,101.50,103.00,False
1789839448.4678,127.50,32.4550,32.5400,32.4800,101.50,103.00,False
1789839448.5743,127.60,32.4400,26.9000,32.4800,101.50,103.00,False
1789839448.6455,127.70,32.4250,26.9000,32.4800,101.50,103.00,False
1789839448.7421,127.80,32.4100,26.9000,32.4800,101.50,103.00,False
1789839448.8520,127.90,32.3950,26.9000,32.4800,101.50,103.00,False
1789839448.9689,128.00,32.3800,32.4100,32.4800,101.50,103.00,False
1789839449.1053,128.10,32.3650,32.4100,32.4800,101.50,103.00,False
1789839449.2133,128.20,32.3500,32.4100,32.4800,101.50,103.00,False
1789839449.3501,128.30,32.3350,32.4100,32.4800,101.50,103.00,False
1789839449.4461,128.40,32.3200,32.4100,32.4800,101.50,103.00,False
1789839449.5524,128.50,32.3050,26.7700,32.4800,101.50,103.00,False
1789839449.6521,128.60,32.2900,30.8600,32.4800,101.50,103.00,False
1789839449.7349,128.70,32.2750,30.8600,32.4800,101.50,103.00,False
1789839449.8595,128.80,32.2600,30.8600,32.4800,101.50,103.00,False
1789839449.9895,128.90,32.2450,32.2800,32.4800,101.50,103.00,False
1789839450.1434,129.00,32.2300,32.2600,32.4800,101.50,103.00,False
1789839450.2331,129.10,32.2150,32.2600,32.4800,101.50,103.00,False
1789839450.3333,129.20,32.2000,32.2600,32.4800,101.50,103.00,False
1789839450.4923,129.30,32.1850,30.7600,32.4800,101.50,103.00,False
1789839450.5903,129.40,32.1700,32.2000,32.4800,101.50,103.00,False
1789839450.6748,129.50,32.1550,32.2000,32.4800,101.50,103.00,False
1789839450.7903,129.60,32.1400,32.2000,32.4800,101.50,103.00,False
1789839452.1423,129.70,32.1250,26.4700,32.4800,101.50,103.00,False
1789839452.2518,129.80,32.1100,26.4700,32.4800,101.50,103.00,False
1789839452.3425,129.90,32.0950,26.4700,32.4800,101.50,103.00,False
1789839452.5907,130.00,32.0800,30.4800,32.4800,101.50,103.00,False
1789839452.6886,130.10,32.0650,30.4800,32.4800,101.50,103.00,False
1789839452.7453,130.20,32.0500,30.4800,32.4800,101.50,103.00,False
1789839452.8825,130.30,32.0350,30.4800,32.4800,101.50,103.00,False
1789839452.9875,130.40,32.0200,32.0600,32.4800,101.50,103.00,False
1789839453.1248,130.50,32.0050,30.4400,32.4800,101.50,103.00,False
1789839453.1984,130.60,31.9900,30.4400,32.4800,101.50,103.00,False
1789839453.3294,130.70,31.9750,30.4400,32.4800,101.50,103.00,False
1789839453.5080,130.80,31.9600,31.9900,32.4800,101.50,103.00,False
1789839453.6102,130.90,31.9450,26.2600,32.4800,101.50,103.00,False
1789839453.7389,131.00,31.9300,26.2600,32.4800,101.50,103.00,False
1789839453.8485,131.10,31.9150,26.2600,32.4800,101.50,103.00,False
1789839454.6913,131.20,31.9000,31.9200,32.4800,101.50,103.00,False
1789839454.7960,131.30,31.8850,31.9200,32.4800,101.50,103.00,False
1789839454.9245,131.40,31.8700,31.9200,32.4800,101.50,103.00,False
1789839455.0037,131.50,31.8550,30.2900,32.4800,101.50,103.00,False
1789839455.0825,131.60,31.8400,30.2900,32.4800,101.50,103.00,False
1789839455.2187,131.70,31.8250,30.2900,32.4800,101.50,103.00,False
1789839455.2965,131.80,31.8100,30.2900,32.4800,101.50,103.00,False
1789839455.5176,131.90,31.7950,30.2400,32.4800,101.50,103.00,False
1789839455.5952,132.00,31.7800,30.2400,32.4800,101.50,103.00,False
1789839455.8163,132.10,31.7650,30.2400,32.4800,101.50,103.00,False
1789839455.9582,132.20,31.7500,30.1800,32.4800,101.50,103.00,False
1789839456.0623,132.30,31.7350,30.1700,32.4800,101.50,103.00,False
1789839456.1929,132.40,31.7200,30.1700,32.4800,101.50,103.00,False
1789839456.3166,132.50,31.7050,30.1700,32.4800,101.50,103.00,False
1789839456.4318,132.60,31.6900,31.7200,32.4800,101.50,103.00,False
1789839456.5315,132.70,31.6750,31.7200,32.4800,101.50,103.00,False
1789839456.6267,132.80,31.6600,25.9800,32.4800,101.50,103.00,False
1789839456.7174,132.90,31.6450,25.9800,32.4800,101.50,103.00,False
1789839456.8123,133.00,31.6300,25.9800,32.4800,101.50,103.00,False
1789839456.9325,133.10,31.6150,30.0500,32.4800,101.50,103.00,False
1789839457.0069,133.20,31.6000,30.0500,32.4800,101.50,103.00,False
1789839457.1560,133.30,31.5850,31.6300,32.4800,101.50,103.00,False
1789839457.3145,133.40,31.5700,30.1200,32.4800,101.50,103.00,False
1789839457.4166,133.50,31.5550,25.9600,32.4800,101.50,103.00,False
1789839457.5467,133.60,31.5400,25.9600,32.4800,101.50,103.00,False
1789839457.6366,133.70,31.5250,29.9600,32.4800,101.50,103.00,False
1789839457.7680,133.80,31.5100,25.9300,32.4800,101.50,103.00,False
1789839457.9101,133.90,31.4950,25.9300,32.4800,101.50,103.00,False
1789839458.0788,134.00,31.4800,29.9200,29.9200,101.50,103.00,False
1789839458.2184,134.10,31.4650,29.9000,29.9200,101.50,103.00,False
1789839458.3034,134.20,31.4500,31.4800,29.9200,101.50,103.00,False
1789839458.4738,134.30,31.4350,31.4600,29.9200,101.50,103.00,False
1789839458.6708,134.40,31.4200,25.8400,31.4600,101.50,103.00,False
1789839458.7686,134.50,31.4150,25.8200,31.4600,102.50,103.00,False
1789839458.8529,134.60,31.4100,25.8200,31.4600,102.50,103.00,False
1789839458.9516,134.70,31.4050,29.8200,31.4600,102.50,103.00,False
1789839459.0601,134.80,31.4000,25.8100,31.4600,102.50,103.00,False
1789839459.1879,134.90,31.3950,25.8100,29.8200,102.50,103.00,False
1789839459.2408,135.00,31.3900,25.8000,29.8200,102.50,103.00,False
1789839459.3622,135.10,31.3850,25.8000,29.8200,102.50,103.00,False
1789839459.4616,135.20,31.3850,25.8000,29.8200,103.00,103.00,False
1789839459.5931,135.30,31.3850,25.7900,29.8200,103.00,103.00,False
1789839459.8137,135.40,31.3850,25.7900,31.3800,103.00,103.00,False
1789839459.9393,135.50,31.3900,25.7900,31.3800,103.50,103.00,False
1789839460.0659,135.60,31.3950,25.7900,31.3800,103.50,103.00,False
1789839461.0112,135.70,31.4000,29.8500,29.8400,103.50,103.00,False
1789839461.1079,135.80,31.4150,29.8500,29.8400,104.50,103.00,False
1789839461.2207,135.90,31.4300,29.8500,29.8400,104.50,103.00,False
1789839461.5984,136.00,31.4450,31.4200,25.8800,104.50,103.00,False
1789839461.7417,136.10,31.4650,31.4200,25.8800,105.00,103.00,False
1789839461.9623,136.20,31.4850,31.4400,25.8800,105.00,103.00,False
1789839462.0734,136.30,31.5050,31.4600,25.8800,105.00,103.00,False
1789839462.2691,136.40,31.5250,31.4600,25.8800,105.00,103.00,False
1789839462.4505,136.50,31.5450,26.0200,25.8800,105.00,103.00,False
1789839462.5864,136.60,31.5650,30.0600,25.8800,105.00,103.00,False
1789839462.7773,136.70,31.5850,29.9600,29.9600,105.00,103.00,False
1789839462.8816,136.80,31.6050,29.9600,29.9600,105.00,103.00,False
1789839462.9864,136.90,31.6300,30.1200,29.9600,105.50,103.00,False
1789839463.0936,137.00,31.6550,31.5800,29.9600,105.50,103.00,False
1789839463.2019,137.10,31.6800,26.1200,29.9600,105.50,103.00,False
1789839463.5456,137.20,31.7050,31.6800,26.1200,105.50,103.00,False
1789839463.6597,137.30,31.7350,30.1800,26.1200,106.00,103.00,False
1789839463.7655,137.40,31.7650,26.2600,26.1200,106.00,103.00,False
1789839463.8496,137.50,31.7950,26.2600,26.1200,106.00,103.00,False
1789839463.9877,137.60,31.8300,26.2800,26.2600,106.50,103.00,False
1789839464.0709,137.70,31.8650,26.2800,26.2600,106.50,103.00,False
1789839464.1705,137.80,31.9000,26.3400,26.2600,106.50,103.00,False
1789839464.2704,137.90,31.9350,26.3800,26.2600,106.50,103.00,False
1789839464.3719,138.00,31.9700,26.3800,26.2600,106.50,103.00,False
1789839464.5453,138.10,32.0100,26.4500,26.3800,107.00,103.00,False
1789839464.7383,138.20,32.0500,26.5200,26.3800,107.00,103.00,False
1789839464.8662,138.30,32.0900,26.5600,26.3800,107.00,103.00,False
1789839465.0591,138.40,32.1300,32.0500,26.5600,107.00,103.00,False
1789839465.1572,138.50,32.1750,32.0500,26.5600,107.50,103.00,False
1789839465.2564,138.60,32.2200,30.3600,26.5600,107.50,103.00,False
1789839465.3500,138.70,32.2650,32.1300,26.5600,107.50,103.00,False
1789839465.4836,138.80,32.3100,32.1700,26.5600,107.50,103.00,False
1789839465.5616,138.90,32.3600,32.1700,26.5600,108.00,103.00,False
1789839465.6912,139.00,32.4100,32.1700,32.1300,108.00,103.00,False
1789839465.8064,139.10,32.4600,32.3100,32.1300,108.00,103.00,False
1789839465.9452,139.20,32.5100,32.4100,32.1300,108.00,103.00,False
1789839466.0535,139.30,32.5600,32.4100,32.1300,108.00,103.00,False
1789839466.1725,139.40,32.6150,32.4100,32.3600,108.50,103.00,False
1789839466.2504,139.50,32.6700,30.8400,32.3600,108.50,103.00,False
1789839466.3739,139.60,32.7250,30.8400,32.3600,108.50,103.00,False
1789839466.4905,139.70,32.7800,32.6200,32.3600,108.50,103.00,False
1789839466.6615,139.80,32.8400,32.6200,32.3600,109.00,103.00,False
1789839466.8098,139.90,32.9000,26.8400,32.6200,109.00,103.00,False
1789839466.9269,140.00,32.9600,31.1700,32.6200,109.00,103.00,False
1789839467.0296,140.10,33.0200,31.1700,32.6200,109.00,103.00,False
1789839467.1412,140.20,33.0850,31.1700,32.6200,109.50,103.00,False
1789839467.3453,140.30,33.1500,31.3500,31.1700,109.50,103.00,False
1789839467.4865,140.40,33.2150,33.0800,31.1700,109.50,103.00,False
1789839467.6366,140.50,33.2800,33.0800,31.1700,109.50,103.00,False
1789839467.7669,140.60,33.3500,33.0800,31.1700,110.00,103.00,False
1789839467.8993,140.70,33.4200,31.4800,31.1700,110.00,103.00,False
1789839468.0849,140.80,33.4900,27.4000,33.0800,110.00,103.00,False
1789839468.2099,140.90,33.5600,27.4000,33.0800,110.00,103.00,False
1789839468.6342,141.00,33.6350,31.8300,27.4000,110.50,103.00,False
1789839468.7250,141.10,33.7100,31.8300,27.4000,110.50,103.00,False
1789839468.8514,141.20,33.7900,27.8400,27.4000,111.00,103.00,False
1789839469.0270,141.30,33.8700,27.9200,27.4000,111.00,103.00,False
1789839469.1370,141.40,33.9500,33.7900,27.4000,111.00,103.00,False
1789839469.3078,141.50,34.0300,33.7900,33.7900,111.00,103.00,False
1789839469.6455,141.60,34.1100,32.3000,33.7900,111.00,103.00,False
1789839469.7451,141.70,34.1900,28.2300,33.7900,111.00,103.00,False
1789839469.8940,141.80,34.2700,28.2300,28.2300,111.00,103.00,False
1789839470.0196,141.90,34.3550,32.6200,28.2300,111.50,103.00,False
1789839470.1375,142.00,34.4400,28.4700,28.2300,111.50,103.00,False
1789839470.3618,142.10,34.5250,34.3500,28.2300,111.50,103.00,False
1789839470.4793,142.20,34.6100,34.3500,34.3500,111.50,103.00,False
1789839471.2443,142.30,34.7000,29.1700,28.9000,112.00,103.00,False
1789839471.3258,142.40,34.7900,29.1700,28.9000,112.00,103.00,False
1789839471.4319,142.50,34.8800,29.1700,28.9000,112.00,103.00,False
1789839471.5810,142.60,34.9750,29.1700,28.9000,112.50,103.00,False
1789839471.7503,142.70,35.0700,34.8800,28.9000,112.50,103.00,False
1789839471.8635,142.80,35.1650,34.9800,28.9000,112.50,103.00,False
1789839471.9885,142.90,35.2600,34.9800,28.9000,112.50,103.00,False
1789839472.0816,143.00,35.3600,34.9800,28.9000,113.00,103.00,False
1789839472.2109,143.10,35.4600,34.1200,28.9000,113.00,103.00,False
1789839472.3150,143.20,35.5600,35.3600,28.9000,113.00,103.00,False
1789839472.3914,143.30,35.6600,35.3600,28.9000,113.00,103.00,False
1789839472.4889,143.40,35.7600,35.3600,28.9000,113.00,103.00,False
1789839472.6160,143.50,35.8600,35.3600,28.9000,113.00,103.00,False
1789839472.7120,143.60,35.9600,35.7600,28.9000,113.00,103.00,False
1789839472.8122,143.70,36.0600,34.7200,28.9000,113.00,103.00,False
1789839472.9000,143.80,36.1600,34.7200,28.9000,113.00,103.00,False
1789839472.9946,143.90,36.2600,34.7200,28.9000,113.00,103.00,False
1789839473.1147,144.00,36.3600,34.7200,28.9000,113.00,103.00,False
1789839473.1936,144.10,36.4600,35.0200,28.9000,113.00,103.00,False
1789839473.3044,144.20,36.5600,35.1200,28.9000,113.00,103.00,False
1789839473.4161,144.30,36.6600,36.2600,28.9000,113.00,103.00,False
1789839473.5250,144.40,36.7650,36.2600,35.1200,113.50,103.00,False
1789839473.6299,144.50,36.8700,36.2600,35.1200,113.50,103.00,False
1789839473.7387,144.60,36.9750,36.6600,35.1200,113.50,103.00,False
1789839473.8817,144.70,37.0800,36.7600,35.1200,113.50,103.00,False
1789839474.0501,144.80,37.1850,36.8700,36.7600,113.50,103.00,False
1789839474.1962,144.90,37.2950,30.2000,36.7600,114.00,103.00,False
1789839474.3088,145.00,37.4050,37.1800,36.7600,114.00,103.00,False
1789839474.4422,145.10,37.5150,37.1800,36.7600,114.00,103.00,False
1789839474.6446,145.20,37.6300,30.4200,36.7600,114.50,103.00,False
1789839474.7265,145.30,37.7450,37.5200,36.7600,114.50,103.00,False
1789839474.8412,145.40,37.8600,37.5200,36.7600,114.50,103.00,False
1789839474.9599,145.50,37.9750,36.4000,37.1800,114.50,103.00,False
1789839475.1548,145.60,38.0900,30.7600,37.1800,114.50,103.00,False
1789839475.2632,145.70,38.2100,37.9800,37.1800,115.00,103.00,False
1789839475.7760,145.80,38.3350,37.1000,36.4000,115.50,103.00,False
1789839475.8325,145.90,38.4600,37.1000,36.4000,115.50,103.00,False
1789839475.9395,146.00,38.5850,37.1000,36.4000,115.50,103.00,False
1789839476.0665,146.10,38.7100,38.4600,31.1100,115.50,103.00,False
1789839476.1909,146.20,38.8350,38.5800,31.1100,115.50,103.00,False
1789839476.3075,146.30,38.9600,37.4700,31.1100,115.50,103.00,False
1789839476.4284,146.40,39.0850,37.4700,31.1100,115.50,103.00,False
1789839476.6416,146.50,39.2150,32.2100,37.4700,116.00,103.00,False
1789839476.7699,146.60,39.3450,37.9700,37.4700,116.00,103.00,False
1789839476.8778,146.70,39.4750,37.9700,37.4700,116.00,103.00,False
1789839477.6067,146.80,39.6150,38.7600,37.9700,117.00,103.00,False
1789839477.6591,146.90,39.7550,38.7600,37.9700,117.00,103.00,False
1789839477.8672,147.00,39.8950,33.5300,33.5300,117.00,103.00,False
1789839478.0402,147.10,40.0350,33.4000,33.5300,117.00,103.00,False
1789839478.1227,147.20,40.1750,39.1800,33.5300,117.00,103.00,False
1789839478.2506,147.30,40.3150,39.1800,33.5300,117.00,103.00,False
1789839478.4080,147.40,40.4550,40.0300,40.0300,117.00,103.00,False
1789839478.5951,147.50,40.6000,40.0300,40.0300,117.50,103.00,False
1789839478.7136,147.60,40.7450,39.4600,40.0300,117.50,103.00,False
1789839478.8182,147.70,40.8900,40.3200,40.0300,117.50,103.00,False
1789839478.9270,147.80,41.0350,34.8000,40.0300,117.50,103.00,False
1789839479.0765,147.90,41.1800,34.8000,34.8000,117.50,103.00,False
1789839479.2936,148.00,41.3300,40.0300,34.8000,118.00,103.00,False
1789839479.3937,148.10,41.4800,40.1800,34.8000,118.00,103.00,False
1789839479.4564,148.20,41.6300,40.1800,34.8000,118.00,103.00,False
1789839479.5604,148.30,41.7800,40.1800,40.1800,118.00,103.00,False
1789839479.6712,148.40,41.9300,41.4800,40.1800,118.00,103.00,False
1789839479.8044,148.50,42.0850,41.6300,40.1800,118.50,103.00,False
1789839479.8761,148.60,42.2400,41.6300,40.1800,118.50,103.00,False
1789839479.9876,148.70,42.3950,41.6300,40.1800,118.50,103.00,False
1789839480.1876,148.80,42.5500,36.2900,36.2900,118.50,103.00,False
1789839480.3751,148.90,42.7100,42.4000,36.2900,119.00,103.00,False
1789839480.4910,149.00,42.8700,42.4000,36.2900,119.00,103.00,False
1789839480.6345,149.10,43.0300,36.9200,36.2900,119.00,103.00,False
1789839480.7673,149.20,43.1900,36.9200,36.2900,119.00,103.00,False
1789839480.8522,149.30,43.3550,41.2700,36.2900,119.50,103.00,False
1789839481.0193,149.40,43.5200,41.2700,36.9200,119.50,103.00,False
1789839481.1139,149.50,43.6850,41.2700,36.9200,119.50,103.00,False
1789839481.2130,149.60,43.8500,37.5600,36.9200,119.50,103.00,False
1789839481.3268,149.70,44.0150,37.5600,36.9200,119.50,103.00,False
1789839481.4248,149.80,44.1850,43.6800,36.9200,120.00,103.00,False
1789839481.5280,149.90,44.3550,43.6800,37.5600,120.00,103.00,False
1789839481.6325,150.00,44.5250,43.6800,37.5600,120.00,103.00,False
1789839481.7459,150.10,44.6950,44.1800,37.5600,120.00,103.00,False
1789839481.9941,150.20,44.8650,42.2500,37.5600,120.00,103.00,False
1789839482.0835,150.30,45.0400,42.2500,44.1800,120.50,103.00,False
1789839482.2372,150.40,45.2150,42.2500,44.1800,120.50,103.00,False
1789839482.3437,150.50,45.3900,45.0400,44.1800,120.50,103.00,False
1789839482.5046,150.60,45.5700,39.4200,44.1800,121.00,103.00,False
1789839482.6193,150.70,45.7500,39.4200,44.8600,121.00,103.00,False
1789839482.7041,150.80,45.9300,39.4200,44.8600,121.00,103.00,False
1789839482.8477,150.90,46.1100,45.5700,44.8600,121.00,103.00,False
1789839482.9954,151.00,46.2900,39.9600,44.8600,121.00,103.00,False
1789839483.1050,151.10,46.4750,39.9600,44.8600,121.50,103.00,False
1789839483.3309,151.20,46.6600,45.9300,45.5700,121.50,103.00,False
1789839483.4385,151.30,46.8450,45.9300,45.5700,121.50,103.00,False
1789839483.5445,151.40,47.0300,43.8600,45.5700,121.50,103.00,False
1789839483.6468,151.50,47.2150,46.8400,45.5700,121.50,103.00,False
1789839483.7507,151.60,47.4000,46.8400,45.5700,121.50,103.00,False
1789839483.8802,151.70,47.5850,46.8400,43.8600,121.50,103.00,False
1789839484.0251,151.80,47.7750,47.4000,43.8600,122.00,103.00,False
1789839484.1105,151.90,47.9650,47.4000,43.8600,122.00,103.00,False
1789839484.2573,152.00,48.1550,44.4200,43.8600,122.00,103.00,False
1789839484.4248,152.10,48.3450,47.7800,43.8600,122.00,103.00,False
1789839484.5233,152.20,48.5400,47.7800,44.4200,122.50,103.00,False
1789839484.6237,152.30,48.7350,47.7800,44.4200,122.50,103.00,False
1789839484.7426,152.40,48.9300,42.1800,44.4200,122.50,103.00,False
1789839484.9285,152.50,49.1300,48.5400,44.4200,123.00,103.00,False
1789839485.1441,152.60,49.3300,48.5400,42.1800,123.00,103.00,False
1789839485.2679,152.70,49.5300,46.1800,42.1800,123.00,103.00,False
1789839485.3969,152.80,49.7300,46.1800,42.1800,123.00,103.00,False
1789839485.5050,152.90,49.9350,46.1800,42.1800,123.50,103.00,False
1789839485.5925,153.00,50.1400,46.1800,42.1800,123.50,103.00,False
1789839485.6662,153.10,50.3450,46.1800,42.1800,123.50,103.00,False
1789839485.8032,153.20,50.5500,44.8000,42.1800,123.50,103.00,False
1789839485.8835,153.30,50.7550,46.7800,42.1800,123.50,103.00,False
1789839485.9567,153.40,50.9600,46.7800,42.1800,123.50,103.00,False
1789839486.0789,153.50,51.1650,46.7800,49.1300,123.50,103.00,False
1789839486.3129,153.60,51.3700,44.8200,49.1300,123.50,103.00,False
1789839486.4971,153.70,51.5750,51.1600,49.1300,123.50,103.00,False
1789839486.7202,153.80,51.7850,51.1600,50.9600,124.00,103.00,False
1789839487.0174,153.90,51.9950,47.6100,50.9600,124.00,103.00,False
1789839487.1409,154.00,52.2000,47.6100,50.9600,123.50,103.00,False
1789839487.8965,154.10,52.4100,47.5100,52.0000,124.00,103.00,False
1789839488.0336,154.20,52.6200,47.7200,52.0000,124.00,103.00,False
1789839488.1524,154.30,52.8250,47.7200,52.0000,123.50,103.00,False
1789839488.6791,154.40,53.0300,50.3100,50.1000,123.50,103.00,False
1789839488.7921,154.50,53.2350,50.3100,50.1000,123.50,103.00,False
1789839489.0930,154.60,53.4400,49.3700,49.1600,123.50,103.00,False
1789839489.2018,154.70,53.6450,49.3700,49.1600,123.50,103.00,False
1789839489.2847,154.80,53.8500,49.3700,49.1600,123.50,103.00,False
1789839489.4366,154.90,54.0550,51.9500,49.1600,123.50,103.00,False
1789839489.6590,155.00,54.2600,53.8500,52.1600,123.50,103.00,False
1789839489.7372,155.10,54.4700,53.8500,52.1600,124.00,103.00,False
1789839489.9193,155.20,54.6800,54.2600,52.1600,124.00,103.00,False
1789839490.0619,155.30,54.8900,51.0200,52.1600,124.00,103.00,False
1789839490.1601,155.40,55.1000,51.0200,54.4700,124.00,103.00,False
1789839490.2406,155.50,55.3050,51.0200,54.4700,123.50,103.00,False
1789839490.3442,155.60,55.5100,51.0200,54.4700,123.50,103.00,False
1789839490.8328,155.70,55.7150,53.8100,55.3000,123.50,103.00,False
1789839490.9104,155.80,55.9150,51.8400,55.3000,123.00,103.00,False
1789839491.0183,155.90,56.1150,51.8400,55.3000,123.00,103.00,False
1789839491.4353,156.00,56.3150,55.0200,54.6200,123.00,103.00,False
1789839491.5375,156.10,56.5100,55.0200,54.6200,122.50,103.00,False
1789839491.6515,156.20,56.7050,53.2400,54.6200,122.50,103.00,False
1789839491.7692,156.30,56.9000,56.3200,54.6200,122.50,103.00,False
1789839491.9163,156.40,57.0950,56.3200,56.3200,122.50,103.00,False
1789839491.9714,156.50,57.2850,56.0100,56.3200,122.00,103.00,False
1789839492.1003,156.60,57.4750,56.0100,56.3200,122.00,103.00,False
1789839492.2099,156.70,57.6650,57.1000,56.3200,122.00,103.00,False
1789839492.3139,156.80,57.8550,56.5900,56.3200,122.00,103.00,False
1789839492.3976,156.90,58.0450,56.5900,56.3200,122.00,103.00,False
1789839492.5155,157.00,58.2300,57.6600,56.3200,121.50,103.00,False
1789839492.6302,157.10,58.4150,57.6600,56.5900,121.50,103.00,False
1789839492.7807,157.20,58.6000,58.0400,56.5900,121.50,103.00,False
1789839492.8659,157.30,58.7850,58.2300,56.5900,121.50,103.00,False
1789839492.9951,157.40,58.9700,57.3500,56.5900,121.50,103.00,False
1789839493.1203,157.50,59.1500,57.3500,58.2300,121.00,103.00,False
1789839493.2440,157.60,59.3300,57.7200,58.2300,121.00,103.00,False
1789839493.3195,157.70,59.5100,54.3700,58.2300,121.00,103.00,False
1789839493.6175,157.80,59.6900,59.3300,58.2300,121.00,103.00,False
1789839493.8816,157.90,59.8650,55.0800,54.3700,120.50,103.00,False
1789839493.9818,158.00,60.0400,58.7900,54.3700,120.50,103.00,False
1789839494.0615,158.10,60.2100,58.7900,54.3700,120.00,103.00,False
1789839494.1636,158.20,60.3800,58.7900,54.3700,120.00,103.00,False
1789839494.2851,158.30,60.5500,60.0400,55.0800,120.00,103.00,False
1789839494.4073,158.40,60.7200,59.4800,55.0800,120.00,103.00,False
1789839494.4679,158.50,60.8900,55.6100,55.0800,120.00,103.00,False
1789839494.5883,158.60,61.0550,55.6100,55.0800,119.50,103.00,False
1789839494.6926,158.70,61.2200,55.6100,55.0800,119.50,103.00,False
1789839494.7995,158.80,61.3850,56.1200,59.4800,119.50,103.00,False
1789839494.9208,158.90,61.5500,61.2200,59.4800,119.50,103.00,False
1789839495.1176,159.00,61.7150,61.2200,59.4800,119.50,103.00,False
1789839495.2620,159.10,61.8750,61.2200,59.4800,119.00,103.00,False
1789839495.4791,159.20,62.0350,60.1400,56.7800,119.00,103.00,False
1789839495.5906,159.30,62.1950,60.1400,56.7800,119.00,103.00,False
1789839495.6903,159.40,62.3550,60.1400,56.7800,119.00,103.00,False
1789839495.8026,159.50,62.5150,60.4600,56.7800,119.00,103.00,False
1789839495.8857,159.60,62.6750,60.4600,56.7800,119.00,103.00,False
1789839495.9990,159.70,62.8350,60.4600,60.6200,119.00,103.00,False
1789839496.0822,159.80,62.9950,60.4600,60.6200,119.00,103.00,False
1789839496.1771,159.90,63.1550,57.5800,60.6200,119.00,103.00,False
1789839496.2825,160.00,63.3150,58.0600,60.6200,119.00,103.00,False
1789839496.3584,160.10,63.4750,58.0600,60.6200,119.00,103.00,False
1789839496.4672,160.20,63.6350,60.6200,60.6200,119.00,103.00,False
1789839496.5928,160.30,63.7950,60.6200,60.6200,119.00,103.00,False
1789839496.6627,160.40,63.9450,60.6200,60.6200,118.00,103.00,False
1789839496.8492,160.50,64.0950,63.4800,60.6200,118.00,103.00,False
1789839497.0086,160.60,64.2450,61.2400,60.6200,118.00,103.00,False
1789839497.2640,160.70,64.3950,61.2400,61.2400,118.00,103.00,False
1789839497.3527,160.80,64.5400,59.3200,61.2400,117.50,103.00,False
1789839497.4548,160.90,64.6850,59.4600,61.2400,117.50,103.00,False
1789839497.5556,161.00,64.8300,64.4000,61.2400,117.50,103.00,False
1789839497.6511,161.10,64.9750,64.4000,61.2400,117.50,103.00,False
1789839497.7510,161.20,65.1150,64.4000,61.2400,117.00,103.00,False
1789839498.1881,161.30,65.2550,60.1900,64.4000,117.00,103.00,False
1789839498.3501,161.40,65.3900,62.2600,64.4000,116.50,103.00,False
1789839498.6347,161.50,65.5250,65.3900,60.1900,116.50,103.00,False
1789839498.7196,161.60,65.6600,60.7500,60.1900,116.50,103.00,False
1789839498.8510,161.70,65.7900,61.1600,60.1900,116.00,103.00,False
1789839498.9599,161.80,65.9200,61.1600,60.1900,116.00,103.00,False
1789839499.1424,161.90,66.0500,65.7900,65.3900,116.00,103.00,False
1789839499.2493,162.00,66.1800,61.4200,65.3900,116.00,103.00,False
1789839499.3532,162.10,66.3050,61.5600,65.3900,115.50,103.00,False
1789839499.4297,162.20,66.4300,61.5600,65.3900,115.50,103.00,False
1789839499.5418,162.30,66.5550,61.5600,65.3900,115.50,103.00,False
1789839499.6762,162.40,66.6800,66.4300,66.3100,115.50,103.00,False
1789839499.8129,162.50,66.8050,66.4300,66.3100,115.50,103.00,False
1789839499.9666,162.60,66.9300,62.1800,66.3100,115.50,103.00,False
1789839500.0940,162.70,67.0550,63.4600,66.3100,115.50,103.00,False
1789839500.2159,162.80,67.1800,63.4600,63.4600,115.50,103.00,False
1789839500.3376,162.90,67.3000,66.9300,63.4600,115.00,103.00,False
1789839500.5053,163.00,67.4200,67.1800,63.4600,115.00,103.00,False
1789839500.6219,163.10,67.5400,67.1800,63.4600,115.00,103.00,False
1789839500.7942,163.20,67.6600,63.9500,63.9500,115.00,103.00,False
1789839500.9956,163.30,67.7750,62.9200,63.9500,114.50,103.00,False
1789839501.1519,163.40,67.8900,63.0400,63.9500,114.50,103.00,False
1789839501.2429,163.50,68.0050,63.0400,63.9500,114.50,103.00,False
1789839501.4105,163.60,68.1200,64.4200,64.4200,114.50,103.00,False
1789839501.5203,163.70,68.2350,63.4000,64.4200,114.50,103.00,False
1789839501.6468,163.80,68.3450,68.0000,64.4200,114.00,103.00,False
1789839501.7622,163.90,68.4550,68.0000,64.4200,114.00,103.00,False
1789839501.9311,164.00,68.5650,65.0000,64.4200,114.00,103.00,False
1789839502.0216,164.10,68.6750,65.1000,64.4200,114.00,103.00,False
1789839502.1891,164.20,68.7800,65.2200,65.0000,113.50,103.00,False
1789839502.8234,164.30,68.8850,65.2200,65.0000,113.50,103.00,False
1789839502.9753,164.40,68.9900,65.2200,65.0000,113.50,103.00,False
1789839503.0648,164.50,69.0950,65.4300,65.0000,113.50,103.00,False
1789839503.2449,164.60,69.2000,68.9900,68.7800,113.50,103.00,False
1789839503.3362,164.70,69.3000,68.9900,68.7800,113.00,103.00,False
1789839503.4079,164.80,69.4000,68.9900,68.7800,113.00,103.00,False
1789839503.5675,164.90,69.5000,64.2400,68.7800,113.00,103.00,False
1789839503.6512,165.00,69.6000,64.2400,68.7800,113.00,103.00,False
1789839503.7704,165.10,69.6950,64.4400,64.2400,112.50,103.00,False
1789839503.8591,165.20,69.7900,64.4400,64.2400,112.50,103.00,False
1789839503.9938,165.30,69.8850,69.6900,64.2400,112.50,103.00,False
1789839504.1081,165.40,69.9800,69.6900,64.2400,112.50,103.00,False
1789839504.3436,165.50,70.0750,64.8300,64.2400,112.50,103.00,False
1789839504.4403,165.60,70.1650,64.8300,69.6900,112.00,103.00,False
1789839504.7028,165.70,70.2550,65.0300,69.6900,112.00,103.00,False
1789839504.8657,165.80,70.3400,70.1700,69.6900,111.50,103.00,False
1789839504.9726,165.90,70.4250,70.1700,70.0800,111.50,103.00,False
1789839505.1734,166.00,70.5100,70.3400,70.0800,111.50,103.00,False
1789839505.3008,166.10,70.5950,70.3400,70.0800,111.50,103.00,False
1789839505.4136,166.20,70.6750,65.5600,70.0800,111.00,103.00,False
1789839505.5413,166.30,70.7550,65.5600,70.3400,111.00,103.00,False
1789839505.7825,166.40,70.8350,65.8100,70.3400,111.00,103.00,False
1789839505.8841,166.50,70.9150,65.8900,70.3400,111.00,103.00,False
1789839505.9851,166.60,70.9900,65.8900,70.3400,110.50,103.00,False
1789839506.0504,166.70,71.0650,65.8900,70.3400,110.50,103.00,False
1789839506.2556,166.80,71.1400,70.9900,65.8100,110.50,103.00,False
1789839506.5894,166.90,71.2150,67.0700,65.8100,110.50,103.00,False
1789839506.6910,167.00,71.2850,67.2200,65.8100,110.00,103.00,False
1789839506.9147,167.10,71.3550,67.3600,67.0000,110.00,103.00,False
1789839507.0085,167.20,71.4200,67.3600,67.0000,109.50,103.00,False
1789839507.0940,167.30,71.4850,67.3600,67.0000,109.50,103.00,False
1789839507.2356,167.40,71.5500,67.5000,67.0000,109.50,103.00,False
1789839507.3576,167.50,71.6150,67.5600,67.5600,109.50,103.00,False
1789839507.4632,167.60,71.6800,67.6300,67.5600,109.50,103.00,False
1789839507.5507,167.70,71.7450,67.6300,67.5600,109.50,103.00,False
1789839507.6836,167.80,71.8100,67.6300,67.5600,109.50,103.00,False
1789839507.7974,167.90,71.8750,67.6900,67.5600,109.50,103.00,False
1789839508.1423,168.00,71.9400,66.6600,67.5600,109.50,103.00,False
1789839508.2846,168.10,71.9950,66.8500,67.5600,108.50,103.00,False
1789839508.4188,168.20,72.0500,71.9400,67.5600,108.50,103.00,False
1789839508.5588,168.30,72.1050,68.0800,68.0800,108.50,103.00,False
1789839508.7130,168.40,72.1600,68.0800,68.0800,108.50,103.00,False
1789839508.7881,168.50,72.2100,68.0800,68.0800,108.00,103.00,False
1789839508.8922,168.60,72.2600,68.2400,68.0800,108.00,103.00,False
1789839508.9684,168.70,72.3100,68.2400,68.0800,108.00,103.00,False
1789839509.0814,168.80,72.3600,72.2100,68.0800,108.00,103.00,False
1789839509.2176,168.90,72.4100,72.2100,68.0800,108.00,103.00,False
1789839509.2924,169.00,72.4550,72.2100,68.0800,107.50,103.00,False
1789839509.4011,169.10,72.5000,68.4400,68.0800,107.50,103.00,False
1789839509.4970,169.20,72.5450,68.4400,68.0800,107.50,103.00,False
1789839509.6351,169.30,72.5900,68.4400,68.5400,107.50,103.00,False
1789839509.7414,169.40,72.6350,67.0300,68.5400,107.50,103.00,False
1789839509.9157,169.50,72.6800,72.5900,68.5400,107.50,103.00,False
1789839509.9944,169.60,72.7200,72.5900,68.5400,107.00,103.00,False
1789839510.1220,169.70,72.7600,72.5900,68.5400,107.00,103.00,False
1789839510.2499,169.80,72.8000,68.7500,68.5400,107.00,103.00,False
1789839510.4170,169.90,72.8400,72.7600,68.5400,107.00,103.00,False
1789839510.5227,170.00,72.8800,72.7600,68.5400,107.00,103.00,False
1789839510.6565,170.10,72.9200,72.7600,68.5400,107.00,103.00,False
1789839510.7793,170.20,72.9600,67.4400,68.5400,107.00,103.00,False
1789839510.8953,170.30,72.9950,72.9200,67.4400,106.50,103.00,False
1789839510.9752,170.40,73.0300,72.9200,67.4400,106.50,103.00,False
1789839511.1058,170.50,73.0650,72.9200,67.4400,106.50,103.00,False
1789839511.1898,170.60,73.1000,73.0000,67.4400,106.50,103.00,False
1789839511.3501,170.70,73.1350,69.1400,67.4400,106.50,103.00,False
1789839511.4577,170.80,73.1650,69.1400,73.0000,106.00,103.00,False
1789839511.6271,170.90,73.1950,69.1400,73.0000,106.00,103.00,False
1789839511.7242,171.00,73.2250,69.2400,73.0000,106.00,103.00,False
1789839511.8415,171.10,73.2550,69.2700,73.0000,106.00,103.00,False
1789839512.0024,171.20,73.2850,69.2400,69.2400,106.00,103.00,False
1789839512.0979,171.30,73.3100,69.2400,69.2400,105.50,103.00,False
1789839512.1655,171.40,73.3350,67.7600,69.2400,105.50,103.00,False
1789839512.3615,171.50,73.3600,67.7800,69.2400,105.50,103.00,False
1789839512.5221,171.60,73.3850,67.7800,69.2400,105.50,103.00,False
1789839512.6340,171.70,73.4050,73.3600,67.7800,105.00,103.00,False
1789839512.7610,171.80,73.4250,69.4900,67.7800,105.00,103.00,False
1789839512.8682,171.90,73.4450,69.4900,67.7800,105.00,103.00,False
1789839513.0490,172.00,73.4650,67.8600,67.7800,105.00,103.00,False
1789839513.2682,172.10,73.4850,73.4400,67.7800,105.00,103.00,False
1789839513.4914,172.20,73.5050,73.4600,67.8600,105.00,103.00,False
1789839513.6285,172.30,73.5250,73.4600,67.8600,105.00,103.00,False
1789839513.7789,172.40,73.5450,67.9800,67.8600,105.00,103.00,False
1789839513.9109,172.50,73.5600,68.0200,67.8600,104.50,103.00,False
1789839513.9936,172.60,73.5750,68.0200,67.8600,104.50,103.00,False
1789839514.1198,172.70,73.5900,68.0200,67.8600,104.50,103.00,False
1789839514.2555,172.80,73.6050,69.6800,67.8600,104.50,103.00,False
1789839514.3948,172.90,73.6200,73.5800,67.8600,104.50,103.00,False
1789839514.4927,173.00,73.6250,73.5800,69.6800,103.50,103.00,False
1789839514.5996,173.10,73.6300,73.5900,69.6800,103.50,103.00,False
1789839514.7012,173.20,73.6350,73.5900,69.6800,103.50,103.00,False
1789839514.8065,173.30,73.6400,68.1000,69.6800,103.50,103.00,False
1789839514.9369,173.40,73.6450,73.6300,69.6800,103.50,103.00,False
1789839515.0478,173.50,73.6450,73.6300,68.1000,103.00,103.00,False
1789839515.1600,173.60,73.6450,68.1100,68.1000,103.00,103.00,False
1789839515.2883,173.70,73.6450,68.1100,68.1000,103.00,103.00,False
1789839515.3877,173.80,73.6450,73.6400,68.1000,103.00,103.00,False
1789839515.4915,173.90,73.6450,73.6400,68.1000,103.00,103.00,False
1789839515.6843,174.00,73.6450,73.6400,73.6400,103.00,103.00,False
1789839515.7959,174.10,73.6400,73.6400,73.6400,102.50,103.00,False
1789839515.8986,174.20,73.6350,68.1100,73.6400,102.50,103.00,False
1789839516.0006,174.30,73.6300,73.6400,73.6400,102.50,103.00,False
1789839516.1095,174.40,73.6250,69.7400,73.6400,102.50,103.00,False
1789839516.2154,174.50,73.6200,69.7400,73.6400,102.50,103.00,False
1789839516.3302,174.60,73.6100,69.7400,73.6400,102.00,103.00,False
1789839516.4314,174.70,73.6000,73.6200,73.6400,102.00,103.00,False
1789839516.5448,174.80,73.5900,69.7200,73.6400,102.00,103.00,False
1789839516.6553,174.90,73.5800,68.1000,73.6400,102.00,103.00,False
1789839516.8375,175.00,73.5650,68.1000,69.7200,101.50,103.00,False
1789839516.9389,175.10,73.5500,68.1000,69.7200,101.50,103.00,False
1789839517.0751,175.20,73.5350,68.1000,69.7200,101.50,103.00,False
1789839517.1908,175.30,73.5200,68.0500,69.7200,101.50,103.00,False
1789839517.4156,175.40,73.5000,68.0500,68.0500,101.00,103.00,False
1789839517.5776,175.50,73.4800,68.0500,68.0500,101.00,103.00,False
1789839517.7037,175.60,73.4600,69.6100,68.0500,101.00,103.00,False
1789839517.8801,175.70,73.4400,69.6100,68.0500,101.00,103.00,False
1789839518.0869,175.80,73.4150,69.6100,69.6100,100.50,103.00,False
1789839518.1993,175.90,73.3900,73.4400,69.6100,100.50,103.00,False
1789839518.3239,176.00,73.3650,73.4200,69.6100,100.50,103.00,False
1789839518.4384,176.10,73.3400,73.4200,69.6100,100.50,103.00,False
1789839518.5646,176.20,73.3100,73.4200,69.6100,100.00,103.00,False
1789839518.6624,176.30,73.2800,69.4300,73.4200,100.00,103.00,False
1789839518.7210,176.40,73.2500,69.4300,73.4200,100.00,103.00,False
1789839518.8269,176.50,73.2200,69.4000,73.4200,100.00,103.00,False
1789839518.9203,176.60,73.1900,69.4000,73.4200,100.00,103.00,False
1789839519.0449,176.70,73.1550,69.4000,73.4200,99.50,103.00,False
1789839519.1478,176.80,73.1200,69.3200,73.4200,99.50,103.00,False
1789839519.2458,176.90,73.0850,69.3200,69.4000,99.50,103.00,False
1789839519.3464,177.00,73.0500,69.2500,69.4000,99.50,103.00,False
1789839519.4186,177.10,73.0150,69.2500,69.4000,99.50,103.00,False
1789839519.5404,177.20,72.9750,69.2500,69.4000,99.00,103.00,False
1789839519.6490,177.30,72.9350,73.0500,69.4000,99.00,103.00,False
1789839519.7480,177.40,72.8950,69.1400,69.2500,99.00,103.00,False
1789839519.8450,177.50,72.8550,69.1000,69.2500,99.00,103.00,False
1789839519.9183,177.60,72.8150,69.1000,69.2500,99.00,103.00,False
1789839520.0636,177.70,72.7700,69.1000,69.2500,98.50,103.00,False
1789839520.1811,177.80,72.7250,72.8600,69.2500,98.50,103.00,False
1789839520.2907,177.90,72.6800,72.8200,69.2500,98.50,103.00,False
1789839520.3723,178.00,72.6350,68.9400,69.2500,98.50,103.00,False
1789839520.4746,178.10,72.5900,68.9400,69.2500,98.50,103.00,False
1789839520.6254,178.20,72.5450,68.8500,69.2500,98.50,103.00,False
1789839520.7397,178.30,72.5000,68.7600,69.2500,98.50,103.00,False
1789839520.8543,178.40,72.4550,67.7600,69.2500,98.50,103.00,False
1789839520.9254,178.50,72.4100,67.7600,69.2500,98.50,103.00,False
1789839521.0688,178.60,72.3650,68.6200,69.2500,98.50,103.00,False
1789839521.2483,178.70,72.3200,67.6700,69.1000,98.50,103.00,False
1789839521.3646,178.80,72.2750,67.6200,69.1000,98.50,103.00,False
1789839521.4944,178.90,72.2300,67.6200,69.1000,98.50,103.00,False
1789839521.6077,179.00,72.1800,72.3200,69.1000,98.00,103.00,False
1789839521.7289,179.10,72.1300,72.3200,67.6200,98.00,103.00,False
1789839521.8157,179.20,72.0800,72.2300,67.6200,98.00,103.00,False
1789839521.9491,179.30,72.0300,68.3100,67.6200,98.00,103.00,False
1789839522.0763,179.40,71.9800,68.3100,67.6200,98.00,103.00,False
1789839522.1900,179.50,71.9250,72.0800,67.6200,97.50,103.00,False
1789839522.3116,179.60,71.8700,71.9800,68.3100,97.50,103.00,False
1789839522.4245,179.70,71.8150,71.9800,68.3100,97.50,103.00,False
1789839522.5269,179.80,71.7600,68.1000,68.3100,97.50,103.00,False
1789839522.6492,179.90,71.7050,67.3800,68.3100,97.50,103.00,False
1789839522.7383,180.00,71.6450,67.3800,68.3100,97.00,103.00,False
1789839522.8489,180.10,71.5850,71.7600,68.3100,97.00,103.00,False
1789839522.9025,180.20,71.5250,71.7600,68.1000,97.00,103.00,False
1789839523.0391,180.30,71.4650,71.6400,68.1000,97.00,103.00,False
1789839523.1431,180.40,71.4050,71.5800,68.1000,97.00,103.00,False
1789839523.2593,180.50,71.3400,71.5800,68.1000,96.50,103.00,False
1789839523.3619,180.60,71.2750,67.1000,68.1000,96.50,103.00,False
1789839523.4757,180.70,71.2100,67.1000,71.6400,96.50,103.00,False
1789839523.6329,180.80,71.1450,67.8100,71.6400,96.50,103.00,False
1789839523.7285,180.90,71.0800,67.8100,71.6400,96.50,103.00,False
1789839523.8885,181.00,71.0100,67.8100,71.6400,96.00,103.00,False
1789839524.0331,181.10,70.9400,66.9000,71.6400,96.00,103.00,False
1789839524.1957,181.20,70.8700,71.0100,66.9700,96.00,103.00,False
1789839524.3215,181.30,70.8000,71.0100,66.9700,96.00,103.00,False
1789839524.3991,181.40,70.7250,71.0100,66.9700,95.50,103.00,False
1789839524.5151,181.50,70.6500,66.7700,66.9700,95.50,103.00,False
1789839524.6260,181.60,70.5750,66.7700,70.7200,95.50,103.00,False
1789839524.7979,181.70,70.5000,70.7200,70.7200,95.50,103.00,False
1789839524.8963,181.80,70.4250,70.7200,70.7200,95.50,103.00,False
1789839525.0276,181.90,70.3450,66.9600,70.7200,95.00,103.00,False
1789839525.1374,182.00,70.2650,66.9600,70.7200,95.00,103.00,False
1789839525.3284,182.10,70.1850,70.3400,70.7200,95.00,103.00,False
1789839525.5257,182.20,70.1000,70.3400,70.7200,94.50,103.00,False
1789839525.6129,182.30,70.0150,66.6400,70.7200,94.50,103.00,False
1789839525.8278,182.40,69.9300,66.3800,70.3400,94.50,103.00,False
1789839525.9430,182.50,69.8450,66.3800,70.3400,94.50,103.00,False
1789839526.0445,182.60,69.7550,66.3800,70.3400,94.00,103.00,False
1789839526.1524,182.70,69.6650,69.9300,70.3400,94.00,103.00,False
1789839526.2854,182.80,69.5750,66.3100,70.3400,94.00,103.00,False
1789839526.3886,182.90,69.4850,66.2200,66.2200,94.00,103.00,False
1789839526.5324,183.00,69.3950,66.2200,66.2200,94.00,103.00,False
1789839526.6384,183.10,69.3050,66.0400,66.2200,94.00,103.00,False
1789839526.7929,183.20,69.2150,69.4000,66.2200,94.00,103.00,False
1789839526.9614,183.30,69.1250,65.9400,65.9400,94.00,103.00,False
1789839527.7730,183.40,69.0350,65.2800,65.4000,94.00,103.00,False
1789839527.9077,183.50,68.9350,65.2800,65.4000,93.00,103.00,False
1789839528.1098,183.60,68.8350,65.0900,65.0900,93.00,103.00,False
1789839528.2243,183.70,68.7300,64.9900,65.0900,92.50,103.00,False
1789839528.3532,183.80,68.6250,64.8900,65.0900,92.50,103.00,False
1789839528.4803,183.90,68.5200,64.8900,65.0900,92.50,103.00,False
1789839529.3400,184.00,68.4050,63.7700,63.9900,91.50,103.00,False
1789839529.4195,184.10,68.2900,63.7700,63.9900,91.50,103.00,False
1789839529.5539,184.20,68.1750,63.7700,63.9900,91.50,103.00,False
1789839529.6420,184.30,68.0600,68.4000,63.9900,91.50,103.00,False
1789839529.8461,184.40,67.9450,63.4700,63.9900,91.50,103.00,False
1789839529.9313,184.50,67.8250,63.4700,68.4000,91.00,103.00,False
1789839530.0344,184.60,67.7050,63.4700,68.4000,91.00,103.00,False
1789839530.1584,184.70,67.5850,63.4700,68.4000,91.00,103.00,False
1789839530.2907,184.80,67.4650,63.1200,68.4000,91.00,103.00,False
1789839530.5456,184.90,67.3400,63.0000,63.2400,90.50,103.00,False
1789839530.7638,185.00,67.2150,62.9400,63.2400,90.50,103.00,False
1789839530.9323,185.10,67.0900,62.8200,63.2400,90.50,103.00,False
1789839531.0731,185.20,66.9600,62.8200,62.6300,90.00,103.00,False
1789839531.2045,185.30,66.8300,62.8200,62.6300,90.00,103.00,False
1789839531.2847,185.40,66.7000,67.0900,62.6300,90.00,103.00,False
1789839531.3916,185.50,66.5700,62.3100,62.6300,90.00,103.00,False
1789839531.4924,185.60,66.4350,62.3100,62.6300,89.50,103.00,False
1789839531.6078,185.70,66.3000,62.3100,67.0900,89.50,103.00,False
1789839531.7133,185.80,66.1650,62.3100,67.0900,89.50,103.00,False
1789839531.8395,185.90,66.0300,61.8600,67.0900,89.50,103.00,False
1789839531.9419,186.00,65.8950,66.3000,67.0900,89.50,103.00,False
1789839532.0624,186.10,65.7550,66.3000,67.0900,89.00,103.00,False
1789839532.1584,186.20,65.6150,66.3000,67.0900,89.00,103.00,False
1789839532.2757,186.30,65.4750,61.6000,61.8600,89.00,103.00,False
1789839532.3876,186.40,65.3350,65.6100,61.8600,89.00,103.00,False
1789839532.4899,186.50,65.1950,65.6100,61.8600,89.00,103.00,False
1789839532.5730,186.60,65.0500,65.6100,61.8600,88.50,103.00,False
1789839532.6470,186.70,64.9050,65.6100,61.8600,88.50,103.00,False
1789839532.8181,186.80,64.7600,65.1900,61.3800,88.50,103.00,False
1789839532.9150,186.90,64.6150,64.9000,61.3800,88.50,103.00,False
1789839533.0153,187.00,64.4700,64.9000,61.3800,88.50,103.00,False
1789839533.0964,187.10,64.3200,64.9000,61.3800,88.00,103.00,False
1789839533.2284,187.20,64.1700,60.2300,61.3800,88.00,103.00,False
1789839533.4286,187.30,64.0200,64.3200,65.0500,88.00,103.00,False
1789839533.4893,187.40,63.8700,64.3200,65.0500,88.00,103.00,False
1789839533.5879,187.50,63.7150,64.3200,65.0500,87.50,103.00,False
1789839533.7225,187.60,63.5600,64.0200,65.0500,87.50,103.00,False
1789839533.8120,187.70,63.4050,64.0200,65.0500,87.50,103.00,False
1789839533.9101,187.80,63.2500,59.3200,65.0500,87.50,103.00,False
1789839534.0163,187.90,63.0950,59.3200,64.3200,87.50,103.00,False
1789839534.1354,188.00,62.9400,59.3200,64.3200,87.50,103.00,False
1789839534.2664,188.10,62.7850,59.0200,64.3200,87.50,103.00,False
1789839534.4528,188.20,62.6300,61.1600,64.3200,87.50,103.00,False
1789839534.5711,188.30,62.4750,61.1600,64.3200,87.50,103.00,False
1789839534.6758,188.40,62.3150,61.1600,61.1600,87.00,103.00,False
1789839534.7748,188.50,62.1550,58.2400,61.1600,87.00,103.00,False
1789839534.8858,188.60,61.9950,60.7000,61.1600,87.00,103.00,False
1789839535.4922,188.70,61.8350,60.7000,61.1600,87.00,103.00,False
1789839535.5780,188.80,61.6700,60.7000,61.1600,86.50,103.00,False
1789839535.7391,188.90,61.5050,61.8400,60.7000,86.50,103.00,False
1789839535.8652,189.00,61.3400,61.6700,60.7000,86.50,103.00,False
1789839536.0280,189.10,61.1750,61.6700,60.7000,86.50,103.00,False
1789839536.1041,189.20,61.0050,61.6700,60.7000,86.00,103.00,False
1789839536.2529,189.30,60.8350,61.1800,60.7000,86.00,103.00,False
1789839536.3991,189.40,60.6650,56.7800,60.7000,86.00,103.00,False
1789839536.5487,189.50,60.4950,56.7800,60.7000,86.00,103.00,False
1789839536.6262,189.60,60.3250,56.7800,61.6700,86.00,103.00,False
1789839536.7311,189.70,60.1550,59.5200,61.6700,86.00,103.00,False
1789839536.8514,189.80,59.9850,59.3600,61.6700,86.00,103.00,False
1789839536.9220,189.90,59.8150,59.1800,61.6700,86.00,103.00,False
1789839537.0374,190.00,59.6450,59.1800,61.6700,86.00,103.00,False
1789839537.1630,190.10,59.4700,59.1800,59.1800,85.50,103.00,False
1789839537.2917,190.20,59.2950,58.6800,59.1800,85.50,103.00,False
1789839537.4024,190.30,59.1200,59.4700,59.1800,85.50,103.00,False
1789839537.5117,190.40,58.9450,59.4700,59.1800,85.50,103.00,False
1789839537.6233,190.50,58.7650,59.4700,59.1800,85.00,103.00,False
1789839537.8099,190.60,58.5850,56.0900,59.4700,85.00,103.00,False
1789839538.0277,190.70,58.4050,57.6200,59.4700,85.00,103.00,False
1789839538.1572,190.80,58.2200,57.6200,59.4700,84.50,103.00,False
1789839538.7057,190.90,58.0350,55.3700,57.6200,84.50,103.00,False
1789839538.9750,191.00,57.8450,54.8200,55.3700,84.00,103.00,False
1789839539.1279,191.10,57.6550,54.4400,55.3700,84.00,103.00,False
1789839539.3465,191.20,57.4600,57.8400,55.3700,83.50,103.00,False
1789839539.6147,191.30,57.2650,57.4600,54.4400,83.50,103.00,False
1789839539.6956,191.40,57.0700,57.4600,54.4400,83.50,103.00,False
1789839539.7923,191.50,56.8750,53.4800,54.4400,83.50,103.00,False
1789839539.9149,191.60,56.6800,53.4800,54.4400,83.50,103.00,False
1789839540.0179,191.70,56.4850,56.8800,54.4400,83.50,103.00,False
1789839540.1427,191.80,56.2900,52.9000,54.4400,83.50,103.00,False
1789839540.2461,191.90,56.0950,52.9000,52.9000,83.50,103.00,False
1789839540.3875,192.00,55.8950,56.4800,52.9000,83.00,103.00,False
1789839540.5396,192.10,55.6950,54.2400,52.9000,83.00,103.00,False
1789839540.6439,192.20,55.4950,54.2400,52.9000,83.00,103.00,False
1789839540.7685,192.30,55.2950,54.2400,55.9000,83.00,103.00,False
1789839540.8673,192.40,55.0950,55.9000,55.9000,83.00,103.00,False
1789839540.9450,192.50,54.8950,55.9000,55.9000,83.00,103.00,False
1789839541.0627,192.60,54.6850,55.3000,55.9000,82.00,103.00,False
1789839541.1695,192.70,54.4750,55.3000,55.9000,82.00,103.00,False
1789839541.2957,192.80,54.2650,55.3000,55.9000,82.00,103.00,False
1789839541.4583,192.90,54.0550,51.1100,55.9000,82.00,103.00,False
1789839541.5618,193.00,53.8450,53.2200,55.9000,82.00,103.00,False
1789839541.7131,193.10,53.6350,53.2200,55.9000,82.00,103.00,False
1789839541.8142,193.20,53.4200,53.2200,55.9000,81.50,103.00,False
1789839541.9890,193.30,53.2050,52.3800,53.4400,81.50,103.00,False
1789839542.1877,193.40,52.9900,52.3800,53.4400,81.50,103.00,False
1789839542.3114,193.50,52.7700,52.3800,53.4400,81.00,103.00,False
1789839542.6105,193.60,52.5500,51.5200,52.3800,81.00,103.00,False
1789839542.7273,193.70,52.3250,51.5200,52.3800,80.50,103.00,False
1789839542.8246,193.80,52.1000,51.5200,52.3800,80.50,103.00,False
1789839542.9486,193.90,51.8750,52.5500,52.3800,80.50,103.00,False
1789839543.0441,194.00,51.6500,52.5500,52.3200,80.50,103.00,False
1789839543.1482,194.10,51.4250,52.1000,52.3200,80.50,103.00,False
1789839543.2490,194.20,51.2000,52.1000,52.3200,80.50,103.00,False
1789839543.3872,194.30,50.9750,48.0800,52.3200,80.50,103.00,False
1789839543.4489,194.40,50.7500,52.3200,52.3200,80.50,103.00,False
1789839543.6243,194.50,50.5250,47.6400,52.3200,80.50,103.00,False
1789839543.7061,194.60,50.2950,47.6400,52.3200,80.00,103.00,False
1789839543.7957,194.70,50.0650,47.1800,52.3200,80.00,103.00,False
1789839543.9064,194.80,49.8350,46.9600,52.3200,80.00,103.00,False
1789839543.9929,194.90,49.6050,46.9600,52.3200,80.00,103.00,False
1789839544.0810,195.00,49.3700,50.0600,46.9600,79.50,103.00,False
1789839544.2213,195.10,49.1350,50.0600,46.9600,79.50,103.00,False
1789839544.3058,195.20,48.9000,49.6000,46.9600,79.50,103.00,False
1789839544.4255,195.30,48.6650,49.6000,46.9600,79.50,103.00,False
1789839544.5585,195.40,48.4300,46.0300,46.0300,79.50,103.00,False
1789839544.7059,195.50,48.2000,48.5800,46.0300,80.00,103.00,False
1789839544.7745,195.60,47.9700,45.5600,46.0300,80.00,103.00,False
1789839544.8539,195.70,47.7400,45.5600,46.0300,80.00,103.00,False
1789839544.9796,195.80,47.5100,47.6500,46.0300,80.00,103.00,False
1789839545.0899,195.90,47.2800,47.6500,47.6500,80.00,103.00,False
1789839545.2264,196.00,47.0550,47.1900,47.6500,80.50,103.00,False
1789839545.3135,196.10,46.8300,47.1900,47.6500,80.50,103.00,False
1789839545.4105,196.20,46.6050,47.1900,47.6500,80.50,103.00,False
1789839545.5115,196.30,46.3800,46.5000,47.6500,80.50,103.00,False
1789839545.7475,196.40,46.1550,45.3400,46.5000,80.50,103.00,False
1789839545.8465,196.50,45.9350,46.6000,46.5000,81.00,103.00,False
1789839545.9486,196.60,45.7150,46.6000,46.5000,81.00,103.00,False
1789839546.0929,196.70,45.4950,46.6000,46.5000,81.00,103.00,False
1789839546.1597,196.80,45.2750,45.3800,46.5000,81.00,103.00,False
1789839546.3381,196.90,45.0550,45.5000,44.6600,81.00,103.00,False
1789839546.4371,197.00,44.8400,45.5000,44.6600,81.50,103.00,False
1789839546.5429,197.10,44.6250,45.5000,44.6600,81.50,103.00,False
1789839546.8411,197.20,44.4100,44.7300,44.6600,81.50,103.00,False
1789839546.9461,197.30,44.2000,44.3000,44.7300,82.00,103.00,False
1789839547.0549,197.40,43.9900,44.3000,44.7300,82.00,103.00,False
1789839547.1960,197.50,43.7800,44.3000,44.7300,82.00,103.00,False
1789839547.4744,197.60,43.5700,43.3600,44.2000,82.00,103.00,False
1789839547.5988,197.70,43.3650,43.3600,44.2000,82.50,103.00,False
1789839547.8272,197.80,43.1600,42.3200,44.2000,82.50,103.00,False
1789839548.2505,197.90,42.9550,42.1200,42.3200,82.50,103.00,False
1789839548.9616,198.00,42.7600,40.6200,41.5000,83.50,103.00,False
1789839549.0995,198.10,42.5700,43.4500,41.5000,84.00,103.00,False
1789839549.2210,198.20,42.3800,43.4500,41.5000,84.00,103.00,False
1789839549.5842,198.30,42.1900,42.3800,40.8100,84.00,103.00,False
1789839549.6618,198.40,42.0050,42.3800,40.8100,84.50,103.00,False
1789839549.7625,198.50,41.8200,42.3800,40.8100,84.50,103.00,False
1789839549.9361,198.60,41.6350,42.3800,39.7300,84.50,103.00,False
1789839550.0416,198.70,41.4500,41.8200,39.7300,84.50,103.00,False
1789839550.1295,198.80,41.2650,41.8200,39.7300,84.50,103.00,False
1789839550.3610,198.90,41.0850,41.8200,39.7300,85.00,103.00,False
1789839551.2082,199.00,40.9050,37.4600,38.7800,85.00,103.00,False
1789839551.2818,199.10,40.7300,37.4600,38.7800,85.50,103.00,False
1789839551.3890,199.20,40.5550,37.4600,38.7800,85.50,103.00,False
1789839552.3341,199.30,40.3800,36.9200,35.5600,85.50,103.00,False
1789839552.5268,199.40,40.2100,35.5200,35.5600,86.00,103.00,False
1789839552.7279,199.50,40.0450,34.7000,35.5200,86.50,103.00,False
1789839552.8488,199.60,39.8800,34.7000,35.5200,86.50,103.00,False
1789839552.9877,199.70,39.7150,40.0400,35.5200,86.50,103.00,False
1789839553.1304,199.80,39.5500,34.5100,35.5200,86.50,103.00,False
1789839553.2589,199.90,39.3900,34.5100,40.0400,87.00,103.00,False
1789839553.4062,200.00,39.2300,34.5100,40.0400,87.00,103.00,False
1789839553.4865,200.10,39.0700,34.0200,40.0400,87.00,103.00,False
1789839553.7369,200.20,38.9150,39.2300,40.0400,87.50,103.00,False
1789839553.9578,200.30,38.7600,33.5400,33.8600,87.50,103.00,False
1789839554.7981,200.40,38.6050,32.4600,38.9200,87.50,103.00,False
1789839555.0451,200.50,38.4600,31.8600,32.4600,88.50,103.00,False
1789839555.2260,200.60,38.3150,31.5600,32.4600,88.50,103.00,False
1789839555.3623,200.70,38.1700,31.5600,32.4600,88.50,103.00,False
1789839555.5884,200.80,38.0300,31.1200,31.5600,89.00,103.00,False
1789839555.7157,200.90,37.8900,31.1200,31.5600,89.00,103.00,False
1789839555.8160,201.00,37.7500,30.8400,31.5600,89.00,103.00,False
1789839555.9865,201.10,37.6100,31.0200,31.5600,89.00,103.00,False
1789839556.1238,201.20,37.4750,31.0200,31.5600,89.50,103.00,False
1789839556.4220,201.30,37.3400,37.4800,30.8400,89.50,103.00,False
1789839556.5169,201.40,37.2100,37.4800,30.8400,90.00,103.00,False
1789839556.6450,201.50,37.0800,37.4800,30.8400,90.00,103.00,False
1789839556.7684,201.60,36.9500,37.2100,30.6000,90.00,103.00,False
1789839556.8366,201.70,36.8200,29.7400,30.6000,90.00,103.00,False
1789839556.9464,201.80,36.6900,29.7400,30.6000,90.00,103.00,False
1789839557.0526,201.90,36.5650,30.0800,30.6000,90.50,103.00,False
1789839557.1930,202.00,36.4400,30.0800,30.6000,90.50,103.00,False
1789839557.4883,202.10,36.3150,36.6900,29.7400,90.50,103.00,False
1789839557.5643,202.20,36.1950,29.3600,29.7400,91.00,103.00,False
1789839557.6687,202.30,36.0750,29.3600,29.7400,91.00,103.00,False
1789839557.8158,202.40,35.9550,29.0700,29.7400,91.00,103.00,False
1789839557.9263,202.50,35.8350,29.0700,29.0700,91.00,103.00,False
1789839558.0212,202.60,35.7150,36.0800,29.0700,91.00,103.00,False
1789839558.2523,202.70,35.5950,35.9600,29.0700,91.00,103.00,False
1789839558.4343,202.80,35.4750,29.1200,29.1200,91.00,103.00,False
1789839558.5887,202.90,35.3550,35.6000,29.1200,91.00,103.00,False
1789839558.7034,203.00,35.2400,35.4800,29.1200,91.50,103.00,False
1789839558.7903,203.10,35.1250,35.4800,29.1200,91.50,103.00,False
1789839558.9283,203.20,35.0100,35.4800,29.1200,91.50,103.00,False
1789839559.1563,203.30,34.8950,35.1200,35.2400,91.50,103.00,False
1789839559.2733,203.40,34.7850,35.1200,35.2400,92.00,103.00,False
1789839559.3845,203.50,34.6750,35.1200,35.2400,92.00,103.00,False
1789839559.4962,203.60,34.5650,35.0100,35.2400,92.00,103.00,False
1789839559.6000,203.70,34.4550,34.7800,35.2400,92.00,103.00,False
1789839559.7000,203.80,34.3450,34.6700,35.2400,92.00,103.00,False
1789839559.7836,203.90,34.2400,34.6700,35.2400,92.50,103.00,False
1789839559.9055,204.00,34.1350,27.4300,35.2400,92.50,103.00,False
1789839560.0115,204.10,34.0300,27.4300,35.2400,92.50,103.00,False
1789839560.1360,204.20,33.9250,27.6400,35.2400,92.50,103.00,False
1789839560.2258,204.30,33.8200,34.1400,35.2400,92.50,103.00,False
1789839560.3009,204.40,33.7150,34.1400,35.2400,92.50,103.00,False
1789839560.4082,204.50,33.6100,33.9200,35.2400,92.50,103.00,False
1789839560.4909,204.60,33.5050,33.9200,35.2400,92.50,103.00,False
1789839560.5946,204.70,33.4000,26.8000,35.2400,92.50,103.00,False
1789839560.7406,204.80,33.2950,26.7000,35.2400,92.50,103.00,False
1789839560.8188,204.90,33.1900,26.7000,34.7800,92.50,103.00,False
1789839560.9213,205.00,33.0850,27.3200,34.7800,92.50,103.00,False
1789839561.0450,205.10,32.9800,27.3200,34.7800,92.50,103.00,False
1789839561.1244,205.20,32.8750,27.2200,34.7800,92.50,103.00,False
1789839561.2442,205.30,32.7700,27.2200,34.7800,92.50,103.00,False
1789839561.3446,205.40,32.6700,27.2200,27.2200,93.00,103.00,False
1789839561.4199,205.50,32.5700,26.9000,27.2200,93.00,103.00,False
1789839561.5349,205.60,32.4700,26.9000,27.2200,93.00,103.00,False
1789839561.6244,205.70,32.3700,32.6700,27.2200,93.00,103.00,False
1789839561.7035,205.80,32.2700,32.6700,27.2200,93.00,103.00,False
1789839561.8237,205.90,32.1750,32.6700,27.2200,93.50,103.00,False
1789839561.9458,206.00,32.0800,32.3700,32.6700,93.50,103.00,False
1789839562.0312,206.10,31.9850,32.3700,32.6700,93.50,103.00,False
1789839562.1279,206.20,31.8900,32.1700,32.6700,93.50,103.00,False
1789839562.2095,206.30,31.7950,32.1700,32.6700,93.50,103.00,False
1789839562.3642,206.40,31.7050,32.1700,32.6700,94.00,103.00,False
1789839562.4451,206.50,31.6150,26.0200,32.6700,94.00,103.00,False
1789839562.5430,206.60,31.5250,26.0200,32.1700,94.00,103.00,False
1789839562.6426,206.70,31.4350,31.7000,32.1700,94.00,103.00,False
1789839562.7622,206.80,31.3450,31.7000,32.1700,94.00,103.00,False
1789839562.8555,206.90,31.2600,31.7000,32.1700,94.50,103.00,False
1789839562.9525,207.00,31.1750,31.4400,32.1700,94.50,103.00,False
1789839563.1290,207.10,31.0900,31.2600,31.7000,94.50,103.00,False
1789839563.1836,207.20,31.0050,31.2600,31.7000,94.50,103.00,False
1789839563.2968,207.30,30.9250,31.2600,31.7000,95.00,103.00,False
1789839563.4065,207.40,30.8450,25.1300,31.7000,95.00,103.00,False
1789839563.4863,207.50,30.7650,25.1300,31.7000,95.00,103.00,False
1789839563.5793,207.60,30.6850,24.9600,31.7000,95.00,103.00,False
1789839563.6838,207.70,30.6050,24.9600,24.9600,95.00,103.00,False
1789839563.8025,207.80,30.5250,24.9600,24.9600,95.00,103.00,False
1789839563.8848,207.90,30.4450,24.7200,24.9600,95.00,103.00,False
1789839563.9816,208.00,30.3650,24.7200,24.9600,95.00,103.00,False
1789839564.0868,208.10,30.2850,24.5600,24.9600,95.00,103.00,False
1789839564.2906,208.20,30.2050,24.5600,24.5600,95.00,103.00,False
1789839564.3681,208.30,30.1300,30.2800,24.5600,95.50,103.00,False
1789839564.4545,208.40,30.0550,30.2800,24.5600,95.50,103.00,False
1789839564.5986,208.50,29.9800,24.1700,24.5600,95.50,103.00,False
1789839564.6788,208.60,29.9050,24.1700,24.5600,95.50,103.00,False
1789839564.8355,208.70,29.8300,24.0200,24.1700,95.50,103.00,False
1789839564.8912,208.80,29.7600,24.0200,24.1700,96.00,103.00,False
1789839564.9868,208.90,29.6900,24.0200,24.1700,96.00,103.00,False
1789839565.0925,209.00,29.6200,23.8000,24.1700,96.00,103.00,False
1789839565.1907,209.10,29.5500,23.8000,24.1700,96.00,103.00,False
1789839565.3269,209.20,29.4850,23.6600,24.1700,96.50,103.00,False
1789839565.3986,209.30,29.4200,23.6600,23.8000,96.50,103.00,False
1789839565.4873,209.40,29.3550,23.6600,23.8000,96.50,103.00,False
1789839565.5901,209.50,29.2900,23.4600,23.8000,96.50,103.00,False
1789839565.7299,209.60,29.2250,23.4600,23.8000,96.50,103.00,False
1789839565.8101,209.70,29.1650,23.3200,23.8000,97.00,103.00,False
1789839565.8885,209.80,29.1050,23.3200,23.8000,97.00,103.00,False
1789839566.0153,209.90,29.0450,23.3200,23.4600,97.00,103.00,False
1789839566.0890,210.00,28.9850,29.1600,23.4600,97.00,103.00,False
1789839566.2071,210.10,28.9250,29.0400,23.4600,97.00,103.00,False
1789839566.3118,210.20,28.8700,29.0400,23.4600,97.50,103.00,False
1789839566.3897,210.30,28.8150,29.0400,23.4600,97.50,103.00,False
1789839566.4890,210.40,28.7600,29.0400,23.4600,97.50,103.00,False
1789839566.6166,210.50,28.7050,28.8200,29.1600,97.50,103.00,False
1789839566.7180,210.60,28.6500,22.7900,29.1600,97.50,103.00,False
1789839566.8145,210.70,28.6000,22.7900,29.1600,98.00,103.00,False
1789839566.8884,210.80,28.5500,22.7900,29.1600,98.00,103.00,False
1789839566.9951,210.90,28.5000,22.7900,29.1600,98.00,103.00,False
1789839567.1533,211.00,28.4500,28.5500,28.5500,98.00,103.00,False
1789839567.2277,211.10,28.4000,22.5200,28.5500,98.00,103.00,False
1789839567.3228,211.20,28.3500,22.5200,28.5500,98.00,103.00,False
1789839567.4145,211.30,28.3000,22.5200,28.5500,98.00,103.00,False
1789839567.5551,211.40,28.2500,28.3500,28.5500,98.00,103.00,False
1789839567.6613,211.50,28.2000,28.3500,28.5500,98.00,103.00,False
1789839568.3399,211.60,28.1500,28.3000,28.3500,98.00,103.00,False
1789839568.4271,211.70,28.1050,28.3000,28.3500,98.50,103.00,False
1789839568.5144,211.80,28.0600,28.3000,28.3500,98.50,103.00,False
1789839568.6361,211.90,28.0150,22.1300,28.3500,98.50,103.00,False
1789839568.7393,212.00,27.9700,22.1300,28.3500,98.50,103.00,False
1789839568.8904,212.10,27.9250,28.0600,22.1300,98.50,103.00,False
1789839568.9447,212.20,27.8850,28.0600,22.1300,99.00,103.00,False
1789839569.0444,212.30,27.8450,28.0600,22.1300,99.00,103.00,False
1789839569.1461,212.40,27.8050,21.9100,22.1300,99.00,103.00,False
1789839569.2491,212.50,27.7650,21.8700,22.1300,99.00,103.00,False
1789839569.3439,212.60,27.7300,21.8700,22.1300,99.50,103.00,False
1789839569.4488,212.70,27.6950,21.8700,21.9100,99.50,103.00,False
1789839569.5491,212.80,27.6600,21.8700,21.9100,99.50,103.00,False
1789839569.6476,212.90,27.6250,21.7200,21.9100,99.50,103.00,False
1789839569.7487,213.00,27.5900,21.6800,21.9100,99.50,103.00,False
1789839569.8483,213.10,27.5600,21.6800,21.9100,100.00,103.00,False
1789839569.9682,213.20,27.5300,21.6800,21.7200,100.00,103.00,False
1789839570.0489,213.30,27.5000,21.6800,21.7200,100.00,103.00,False
1789839570.1480,213.40,27.4700,21.5400,21.7200,100.00,103.00,False
1789839570.2469,213.50,27.4400,21.5200,21.7200,100.00,103.00,False
1789839570.3470,213.60,27.4150,21.5200,21.7200,100.50,103.00,False
1789839570.4459,213.70,27.3900,21.5200,21.7200,100.50,103.00,False
1789839570.5496,213.80,27.3650,21.5200,21.5400,100.50,103.00,False
1789839570.6855,213.90,27.3400,21.4000,21.5400,100.50,103.00,False
1789839570.7543,214.00,27.3150,21.3800,21.5400,100.50,103.00,False
1789839570.8423,214.10,27.2950,21.3800,21.5400,101.00,103.00,False
1789839570.9472,214.20,27.2750,21.3800,21.5400,101.00,103.00,False
1789839571.0873,214.30,27.2550,21.3800,21.4000,101.00,103.00,False
1789839571.1888,214.40,27.2350,27.2800,21.4000,101.00,103.00,False
1789839571.2678,214.50,27.2150,27.2800,21.4000,101.00,103.00,False
1789839571.3661,214.60,27.2000,27.2800,21.4000,101.50,103.00,False
1789839571.4457,214.70,27.1850,27.2800,21.4000,101.50,103.00,False
1789839571.5671,214.80,27.1700,27.2800,21.2800,101.50,103.00,False
1789839571.6956,214.90,27.1550,27.1800,21.2800,101.50,103.00,False
1789839571.7784,215.00,27.1400,27.1800,21.2800,101.50,103.00,False
1789839571.8741,215.10,27.1300,27.1800,21.2800,102.00,103.00,False
1789839571.9491,215.20,27.1200,27.1800,21.2800,102.00,103.00,False
1789839572.0521,215.30,27.1100,27.1800,21.2800,102.00,103.00,False
1789839572.2035,215.40,27.1000,27.1200,21.1800,102.00,103.00,False
1789839572.2568,215.50,27.0900,27.1200,21.1800,102.00,103.00,False
1789839572.3549,215.60,27.0850,27.1200,21.1800,102.50,103.00,False
1789839572.4643,215.70,27.0800,27.1200,21.1800,102.50,103.00,False
1789839572.5666,215.80,27.0750,27.1200,21.1800,102.50,103.00,False
1789839572.6852,215.90,27.0700,21.0700,21.1800,102.50,103.00,False
1789839572.8082,216.00,27.0650,21.0700,21.0700,102.50,103.00,False
1789839572.8610,216.10,27.0600,21.0700,21.0700,102.50,103.00,False
1789839572.9650,216.20,27.0550,21.0700,21.0700,102.50,103.00,False
1789839573.0853,216.30,27.0500,21.0700,21.0700,102.50,103.00,False
1789839573.1665,216.40,27.0450,21.0400,21.0700,102.50,103.00,False
1789839573.2736,216.50,27.0400,21.0400,21.0400,102.50,103.00,False
1789839573.3781,216.60,27.0400,21.0400,21.0400,103.00,103.00,False
1789839573.4625,216.70,27.0400,21.0400,21.0400,103.00,103.00,False
1789839573.5798,216.80,27.0400,21.0300,21.0400,103.00,103.00,False
1789839573.6688,216.90,27.0400,21.0300,21.0400,103.00,103.00,False
1789839573.7991,217.00,27.0400,21.0300,21.0400,103.00,103.00,False
1789839573.8937,217.10,27.0450,21.0300,21.0300,103.50,103.00,False
1789839573.9842,217.20,27.0500,21.0300,21.0300,103.50,103.00,False
1789839574.0843,217.30,27.0550,27.0400,21.0300,103.50,103.00,False
1789839574.1703,217.40,27.0600,27.0400,21.0300,103.50,103.00,False
1789839574.2912,217.50,27.0650,27.0400,21.0300,103.50,103.00,False
1789839574.4124,217.60,27.0750,27.0400,27.0400,104.00,103.00,False
1789839574.4840,217.70,27.0850,27.0400,27.0400,104.00,103.00,False
1789839574.5981,217.80,27.0950,27.0600,27.0400,104.00,103.00,False
1789839574.6675,217.90,27.1050,27.0800,27.0400,104.00,103.00,False
1789839574.7897,218.00,27.1200,27.0800,27.0400,104.50,103.00,False
1789839574.8633,218.10,27.1350,27.0800,27.0400,104.50,103.00,False
1789839574.9980,218.20,27.1500,21.1000,27.0800,104.50,103.00,False
1789839575.0888,218.30,27.1650,27.1400,27.0800,104.50,103.00,False
1789839575.1721,218.40,27.1800,27.1400,27.0800,104.50,103.00,False
1789839575.2796,218.50,27.2000,27.1400,27.0800,105.00,103.00,False
1789839575.3747,218.60,27.2200,27.1400,27.0800,105.00,103.00,False
1789839575.4911,218.70,27.2400,21.1800,27.1400,105.00,103.00,False
1789839575.5623,218.80,27.2600,27.2000,27.1400,105.00,103.00,False
1789839575.6805,218.90,27.2800,27.2000,27.1400,105.00,103.00,False
1789839575.7645,219.00,27.3050,27.2000,27.1400,105.50,103.00,False
1789839575.8851,219.10,27.3300,27.2800,27.1400,105.50,103.00,False
1789839575.9696,219.20,27.3550,27.3000,27.1400,105.50,103.00,False
1789839576.0688,219.30,27.3800,27.3000,27.2000,105.50,103.00,False
1789839576.1735,219.40,27.4050,27.3000,27.2000,105.50,103.00,False
1789839576.2663,219.50,27.4300,27.3000,27.2000,105.50,103.00,False
1789839576.3707,219.60,27.4550,21.3700,27.2000,105.50,103.00,False
1789839576.4740,219.70,27.4800,21.4000,27.2000,105.50,103.00,False
1789839576.6194,219.80,27.5050,21.4000,21.4000,105.50,103.00,False
1789839576.6673,219.90,27.5350,21.4000,21.4000,106.00,103.00,False
1789839576.7889,220.00,27.5650,21.4000,21.4000,106.00,103.00,False
1789839576.8682,220.10,27.5950,27.5000,21.4000,106.00,103.00,False
1789839576.9722,220.20,27.6250,21.5300,21.4000,106.00,103.00,False
1789839577.1542,220.30,27.6600,21.5300,21.5300,106.50,103.00,False
1789839577.2496,220.40,27.6950,21.6200,21.5300,106.50,103.00,False
1789839577.3241,220.50,27.7300,21.6200,21.5300,106.50,103.00,False
1789839577.4498,220.60,27.7650,21.6800,21.5300,106.50,103.00,False
1789839577.5495,220.70,27.8000,21.6800,21.5300,106.50,103.00,False
1789839577.6647,220.80,27.8400,21.6800,21.6800,107.00,103.00,False
1789839577.7344,220.90,27.8800,27.7600,21.6800,107.00,103.00,False
1789839577.8206,221.00,27.9200,27.7600,21.6800,107.00,103.00,False
1789839577.9271,221.10,27.9600,27.8400,21.6800,107.00,103.00,False
1789839578.0635,221.20,28.0000,27.8400,21.6800,107.00,103.00,False
1789839578.1680,221.30,28.0450,27.9600,21.6800,107.50,103.00,False
1789839578.2667,221.40,28.0900,27.9600,27.8400,107.50,103.00,False
1789839578.3856,221.50,28.1350,22.0400,27.8400,107.50,103.00,False
1789839578.4579,221.60,28.1800,22.0400,27.8400,107.50,103.00,False
1789839578.5555,221.70,28.2300,22.0400,27.8400,108.00,103.00,False
1789839578.6632,221.80,28.2800,28.1400,27.8400,108.00,103.00,False
1789839578.7636,221.90,28.3300,28.1400,22.0400,108.00,103.00,False
1789839578.8646,222.00,28.3800,22.2600,22.0400,108.00,103.00,False
1789839578.9415,222.10,28.4300,22.2600,22.0400,108.00,103.00,False
1789839579.0523,222.20,28.4850,22.2600,22.0400,108.50,103.00,False
1789839579.1530,222.30,28.5400,22.4200,22.0400,108.50,103.00,False
1789839579.2618,222.40,28.5950,22.4200,22.0400,108.50,103.00,False
1789839579.3637,222.50,28.6500,28.4800,28.4800,108.50,103.00,False
1789839579.4427,222.60,28.7050,28.4800,28.4800,108.50,103.00,False
1789839579.5366,222.70,28.7600,28.4800,28.4800,108.50,103.00,False
1789839579.6578,222.80,28.8150,22.6800,28.4800,108.50,103.00,False
1789839579.7624,222.90,28.8700,28.7600,28.4800,108.50,103.00,False
1789839579.8612,223.00,28.9250,28.7600,28.4800,108.50,103.00,False
1789839579.9576,223.10,28.9850,28.7600,28.7600,109.00,103.00,False
1789839580.0457,223.20,29.0450,28.7600,28.7600,109.00,103.00,False
1789839580.1624,223.30,29.1050,22.9600,28.7600,109.00,103.00,False
1789839580.2666,223.40,29.1650,23.0200,28.7600,109.00,103.00,False
1789839580.3481,223.50,29.2250,23.0200,28.7600,109.00,103.00,False
1789839580.5335,223.60,29.2900,23.0200,23.0200,109.50,103.00,False
1789839580.6429,223.70,29.3550,23.0200,23.0200,109.50,103.00,False
1789839580.7213,223.80,29.4200,29.2200,23.0200,109.50,103.00,False
1789839580.8181,223.90,29.4850,29.2900,23.0200,109.50,103.00,False
1789839580.9208,224.00,29.5500,29.2900,23.0200,109.50,103.00,False
1789839581.0129,224.10,29.6200,29.2900,23.0200,110.00,103.00,False
1789839581.1179,224.20,29.6900,29.2900,29.2900,110.00,103.00,False
1789839581.2414,224.30,29.7600,23.5800,29.2900,110.00,103.00,False
1789839581.3235,224.40,29.8300,23.6600,29.2900,110.00,103.00,False
1789839581.4214,224.50,29.9000,23.6600,29.2900,110.00,103.00,False
1789839581.5174,224.60,29.9750,23.6600,29.2900,110.50,103.00,False
1789839581.6860,224.70,30.0500,23.9400,23.6600,110.50,103.00,False
1789839581.7876,224.80,30.1250,24.0100,23.6600,110.50,103.00,False
1789839581.8624,224.90,30.2000,24.0100,23.6600,110.50,103.00,False
1789839581.9800,225.00,30.2750,24.0100,23.6600,110.50,103.00,False
1789839582.0619,225.10,30.3550,24.0100,23.6600,111.00,103.00,False
1789839582.2918,225.20,30.4350,30.2800,24.0100,111.00,103.00,False
1789839582.3663,225.30,30.5150,30.3600,24.0100,111.00,103.00,False
1789839582.4836,225.40,30.5950,30.3600,24.0100,111.00,103.00,False
1789839582.5644,225.50,30.6800,30.3600,24.0100,111.50,103.00,False
1789839582.6851,225.60,30.7650,30.3600,24.0100,111.50,103.00,False
1789839582.7916,225.70,30.8500,24.7100,30.3600,111.50,103.00,False
1789839582.8715,225.80,30.9350,30.6800,30.3600,111.50,103.00,False
1789839582.9446,225.90,31.0200,30.6800,30.3600,111.50,103.00,False
1789839583.0710,226.00,31.1100,30.6800,30.3600,112.00,103.00,False
1789839583.1887,226.10,31.2000,30.6800,30.3600,112.00,103.00,False
1789839583.2684,226.20,31.2900,25.1400,30.3600,112.00,103.00,False
1789839583.3554,226.30,31.3800,25.2200,30.6800,112.00,103.00,False
1789839583.4485,226.40,31.4700,25.2200,30.6800,112.00,103.00,False
1789839583.5599,226.50,31.5650,25.2200,30.6800,112.50,103.00,False
1789839583.7008,226.60,31.6600,31.4700,30.6800,112.50,103.00,False
1789839583.7578,226.70,31.7550,31.4700,30.6800,112.50,103.00,False
1789839583.8733,226.80,31.8500,25.6800,25.6800,112.50,103.00,False
1789839583.9548,226.90,31.9450,25.6800,25.6800,112.50,103.00,False
1789839584.0473,227.00,32.0400,25.6800,25.6800,112.50,103.00,False
1789839584.1817,227.10,32.1350,31.8500,25.6800,112.50,103.00,False
1789839584.2927,227.20,32.2300,32.0400,25.6800,112.50,103.00,False
1789839584.3896,227.30,32.3250,32.0400,32.0400,112.50,103.00,False
1789839584.4805,227.40,32.4200,32.0400,32.0400,112.50,103.00,False
1789839584.5814,227.50,32.5200,26.3400,32.0400,113.00,103.00,False
1789839584.6599,227.60,32.6200,26.3400,32.0400,113.00,103.00,False
1789839584.7791,227.70,32.7200,26.3400,32.0400,113.00,103.00,False
1789839584.8574,227.80,32.8200,32.5200,32.0400,113.00,103.00,False
1789839585.0236,227.90,32.9200,32.5200,32.5200,113.00,103.00,False
1789839585.1003,228.00,33.0250,26.8400,32.5200,113.50,103.00,False
1789839585.1806,228.10,33.1300,26.8400,32.5200,113.50,103.00,False
1789839585.3131,228.20,33.2350,26.8400,32.5200,113.50,103.00,False
1789839585.4011,228.30,33.3400,33.0200,32.5200,113.50,103.00,False
1789839585.5225,228.40,33.4450,33.0200,33.0200,113.50,103.00,False
1789839585.6581,228.50,33.5550,33.2400,33.0200,114.00,103.00,False
1789839585.7106,228.60,33.6650,33.2400,33.0200,114.00,103.00,False
1789839585.8095,228.70,33.7750,33.2400,33.0200,114.00,103.00,False
1789839585.9137,228.80,33.8850,33.5600,33.0200,114.00,103.00,False
1789839586.0380,228.90,33.9950,27.7900,33.5600,114.00,103.00,False
1789839586.1362,229.00,34.1100,27.7900,33.5600,114.50,103.00,False
1789839586.2073,229.10,34.2250,27.7900,33.5600,114.50,103.00,False
1789839586.3089,229.20,34.3400,27.7900,33.5600,114.50,103.00,False
1789839586.4351,229.30,34.4550,28.2400,33.5600,114.50,103.00,False
1789839586.5190,229.40,34.5700,28.3500,33.5600,114.50,103.00,False
1789839586.6303,229.50,34.6850,28.3500,28.2400,114.50,103.00,False
1789839586.7096,229.60,34.8050,28.3500,28.2400,115.00,103.00,False
1789839586.8122,229.70,34.9250,28.3500,28.2400,115.00,103.00,False
1789839586.9081,229.80,35.0450,34.8000,28.2400,115.00,103.00,False
1789839587.0136,229.90,35.1650,34.8000,28.2400,115.00,103.00,False
1789839587.1447,230.00,35.2900,34.8000,34.8000,115.50,103.00,False
1789839587.2233,230.10,35.4150,34.8000,34.8000,115.50,103.00,False
1789839587.3130,230.20,35.5400,34.8000,34.8000,115.50,103.00,False
1789839587.4264,230.30,35.6650,29.4200,34.8000,115.50,103.00,False
1789839587.5233,230.40,35.7900,29.4200,34.8000,115.50,103.00,False
1789839587.6335,230.50,35.9200,29.4200,34.8000,116.00,103.00,False
1789839587.7406,230.60,36.0500,29.4200,29.4200,116.00,103.00,False
1789839587.8259,230.70,36.1800,29.4200,29.4200,116.00,103.00,False
1789839587.9350,230.80,36.3100,30.0500,29.4200,116.00,103.00,False
1789839588.0132,230.90,36.4400,30.0500,29.4200,116.00,103.00,False
1789839588.1222,231.00,36.5750,30.0500,29.4200,116.50,103.00,False
1789839588.2381,231.10,36.7100,30.0500,29.4200,116.50,103.00,False
1789839588.3224,231.20,36.8450,30.0500,30.0500,116.50,103.00,False
1789839588.4155,231.30,36.9800,30.7000,30.0500,116.50,103.00,False
1789839588.5158,231.40,37.1150,30.7000,30.0500,116.50,103.00,False
1789839588.6201,231.50,37.2550,30.7000,30.0500,117.00,103.00,False
1789839588.7151,231.60,37.3950,30.7000,30.0500,117.00,103.00,False
1789839588.8325,231.70,37.5350,30.7000,30.7000,117.00,103.00,False
1789839588.9321,231.80,37.6750,31.3800,30.7000,117.00,103.00,False
1789839589.0151,231.90,37.8150,31.3800,30.7000,117.00,103.00,False
1789839589.1126,232.00,37.9600,31.3800,30.7000,117.50,103.00,False
1789839589.2152,232.10,38.1050,31.3800,30.7000,117.50,103.00,False
1789839589.3345,232.20,38.2500,31.3800,30.7000,117.50,103.00,False
1789839589.4586,232.30,38.3950,32.1000,31.3800,117.50,103.00,False
1789839589.5090,232.40,38.5400,32.2400,31.3800,117.50,103.00,False
1789839589.6344,232.50,38.6900,32.2400,31.3800,118.00,103.00,False
1789839589.7128,232.60,38.8400,32.2400,31.3800,118.00,103.00,False
1789839589.8478,232.70,38.9900,32.2400,31.3800,118.00,103.00,False
1789839589.9522,232.80,39.1400,32.6800,32.6800,118.00,103.00,False
1789839590.0250,232.90,39.2900,32.8400,32.6800,118.00,103.00,False
1789839590.1151,233.00,39.4400,32.8400,32.6800,118.00,103.00,False
1789839590.2121,233.10,39.5900,32.8400,32.6800,118.00,103.00,False
1789839590.3359,233.20,39.7400,32.8400,32.6800,118.00,103.00,False
1789839590.4582,233.30,39.8900,39.5900,39.4400,118.00,103.00,False
1789839590.5760,233.40,40.0450,39.5900,39.4400,118.50,103.00,False
1789839590.6246,233.50,40.2000,39.5900,39.4400,118.50,103.00,False
1789839590.7268,233.60,40.3550,39.5900,39.4400,118.50,103.00,False
1789839590.8907,233.70,40.5100,40.2000,39.4400,118.50,103.00,False
1789839591.0198,233.80,40.6650,34.2000,40.2000,118.50,103.00,False
1789839591.0924,233.90,40.8250,34.2000,40.2000,119.00,103.00,False
1789839591.1702,234.00,40.9850,34.2000,40.2000,119.00,103.00,False
1789839591.2893,234.10,41.1450,34.2000,40.2000,119.00,103.00,False
1789839591.3740,234.20,41.3050,40.8300,40.2000,119.00,103.00,False
1789839591.5456,234.30,41.4650,34.9800,40.8300,119.00,103.00,False
1789839591.6003,234.40,41.6300,34.9800,40.8300,119.50,103.00,False
1789839591.7000,234.50,41.7950,34.9800,40.8300,119.50,103.00,False
1789839591.8201,234.60,41.9600,41.6300,40.8300,119.50,103.00,False
1789839591.9207,234.70,42.1250,41.6300,40.8300,119.50,103.00,False
1789839592.0766,234.80,42.2950,41.8000,41.6300,120.00,103.00,False
1789839592.1245,234.90,42.4650,41.8000,41.6300,120.00,103.00,False
1789839592.2274,235.00,42.6350,41.8000,41.6300,120.00,103.00,False
1789839592.3271,235.10,42.8050,42.3000,41.6300,120.00,103.00,False
1789839592.4305,235.20,42.9750,36.4700,41.6300,120.00,103.00,False
1789839592.5502,235.30,43.1500,36.4700,41.6300,120.50,103.00,False
1789839592.6297,235.40,43.3250,36.4700,42.3000,120.50,103.00,False
1789839592.7525,235.50,43.5000,43.1500,42.3000,120.50,103.00,False
1789839592.8257,235.60,43.6750,43.1500,42.3000,120.50,103.00,False
1789839592.9881,235.70,43.8550,37.3300,42.3000,121.00,103.00,False
1789839593.0635,235.80,44.0350,37.3300,42.3000,121.00,103.00,False
1789839593.1404,235.90,44.2150,37.3300,43.1500,121.00,103.00,False
1789839593.2627,236.00,44.3950,43.8600,43.1500,121.00,103.00,False
1789839593.3864,236.10,44.5750,44.2200,43.1500,121.00,103.00,False
1789839593.4470,236.20,44.7600,44.2200,43.1500,121.50,103.00,False
1789839593.5628,236.30,44.9450,44.2200,43.1500,121.50,103.00,False
1789839593.7375,236.40,45.1300,38.5800,43.8600,121.50,103.00,False
1789839593.8319,236.50,45.3150,38.5800,43.8600,121.50,103.00,False
1789839593.9352,236.60,45.5000,38.9500,43.8600,121.50,103.00,False
1789839594.0130,236.70,45.6900,38.9500,43.8600,122.00,103.00,False
1789839594.1166,236.80,45.8800,38.9500,43.8600,122.00,103.00,False
1789839594.2581,236.90,46.0700,45.6900,45.6900,122.00,103.00,False
1789839594.3507,237.00,46.2600,45.6900,45.6900,122.00,103.00,False
1789839594.4385,237.10,46.4500,45.8800,45.6900,122.00,103.00,False
1789839594.5271,237.20,46.6400,45.8800,45.6900,122.00,103.00,False
1789839594.6098,237.30,46.8300,45.8800,45.6900,122.00,103.00,False
1789839594.7360,237.40,47.0200,45.8800,45.6900,122.00,103.00,False
1789839594.8351,237.50,47.2100,40.4600,45.6900,122.00,103.00,False
1789839594.9557,237.60,47.4000,46.8300,40.4600,122.00,103.00,False
1789839595.0344,237.70,47.5950,46.8300,40.4600,122.50,103.00,False
1789839595.1075,237.80,47.7900,46.8300,40.4600,122.50,103.00,False
1789839595.2324,237.90,47.9850,46.8300,40.4600,122.50,103.00,False
1789839595.3148,238.00,48.1800,47.6000,40.4600,122.50,103.00,False
1789839595.4673,238.10,48.3750,47.7900,47.6000,122.50,103.00,False
1789839595.5597,238.20,48.5750,47.7900,47.6000,123.00,103.00,False
1789839595.6527,238.30,48.7750,47.7900,47.6000,123.00,103.00,False
1789839595.7487,238.40,48.9750,47.7900,47.6000,123.00,103.00,False
1789839595.9171,238.50,49.1750,42.6000,47.6000,123.00,103.00,False
1789839596.0786,238.60,49.3800,42.6000,42.4000,123.50,103.00,False
1789839596.1535,238.70,49.5850,42.6000,42.4000,123.50,103.00,False
1789839596.2608,238.80,49.7900,42.6000,42.4000,123.50,103.00,False
1789839596.3994,238.90,49.9950,49.3800,42.4000,123.50,103.00,False
1789839596.4968,239.00,50.2000,43.6000,42.4000,123.50,103.00,False
1789839596.6062,239.10,50.4100,43.6000,49.3800,124.00,103.00,False
1789839596.6941,239.20,50.6200,43.6000,49.3800,124.00,103.00,False
1789839596.7857,239.30,50.8300,43.6000,49.3800,124.00,103.00,False
1789839596.8857,239.40,51.0400,50.4100,49.3800,124.00,103.00,False
1789839597.0175,239.50,51.2500,50.6200,49.3800,124.00,103.00,False
1789839597.0907,239.60,51.4650,50.6200,49.3800,124.50,103.00,False
1789839597.2036,239.70,51.6800,50.6200,50.4100,124.50,103.00,False
1789839597.3083,239.80,51.8950,50.6200,50.4100,124.50,103.00,False
1789839597.4131,239.90,52.1100,51.4600,50.4100,124.50,103.00,False
1789839597.4959,240.00,52.3250,51.6800,50.4100,124.50,103.00,False
1789839597.5959,240.10,52.5350,51.6800,50.4100,124.00,103.00,False
1789839597.6793,240.20,52.7450,51.6800,50.4100,124.00,103.00,False
1789839597.8471,240.30,52.9550,51.6800,51.4600,124.00,103.00,False
1789839597.9225,240.40,53.1650,52.5400,51.4600,124.00,103.00,False
1789839598.0241,240.50,53.3750,52.7400,51.4600,124.00,103.00,False
1789839598.0983,240.60,53.5800,52.7400,51.4600,123.50,103.00,False
1789839598.2072,240.70,53.7850,52.7400,51.4600,123.50,103.00,False
1789839598.3238,240.80,53.9900,52.7400,52.5400,123.50,103.00,False
1789839598.4234,240.90,54.1950,47.8000,52.5400,123.50,103.00,False
1789839598.5175,241.00,54.4000,53.7800,52.5400,123.50,103.00,False
1789839598.5987,241.10,54.6000,53.7800,52.5400,123.00,103.00,False
1789839598.6999,241.20,54.8000,53.7800,52.5400,123.00,103.00,False
1789839598.8295,241.30,55.0000,54.6000,47.8000,123.00,103.00,False
1789839598.9422,241.40,55.2000,54.8000,47.8000,123.00,103.00,False
1789839599.0447,241.50,55.4050,54.8000,47.8000,123.50,103.00,False
1789839599.1207,241.60,55.6100,54.8000,47.8000,123.50,103.00,False
1789839599.2065,241.70,55.8150,54.8000,47.8000,123.50,103.00,False
1789839599.4180,241.80,56.0200,49.8300,49.6200,123.50,103.00,False
1789839599.5091,241.90,56.2250,49.8300,49.6200,123.50,103.00,False
1789839599.5940,242.00,56.4300,49.8300,49.6200,123.50,103.00,False
1789839599.7022,242.10,56.6350,49.8300,49.6200,123.50,103.00,False
1789839599.8248,242.20,56.8400,49.8300,49.6200,123.50,103.00,False
1789839599.9302,242.30,57.0450,50.8600,49.6200,123.50,103.00,False
1789839600.0546,242.40,57.2500,50.8600,50.6500,123.50,103.00,False
1789839600.1371,242.50,57.4600,50.8600,50.6500,124.00,103.00,False
1789839600.2221,242.60,57.6700,50.8600,50.6500,124.00,103.00,False
1789839600.3155,242.70,57.8800,50.8600,50.6500,124.00,103.00,False
1789839600.4573,242.80,58.0900,51.8800,50.6500,124.00,103.00,False
1789839600.5515,242.90,58.3000,57.6700,50.6500,124.00,103.00,False
1789839600.6126,243.00,58.5050,57.6700,51.8800,123.50,103.00,False
1789839600.7376,243.10,58.7100,57.6700,51.8800,123.50,103.00,False
1789839600.8336,243.20,58.9150,57.6700,51.8800,123.50,103.00,False
1789839600.9316,243.30,59.1200,52.7200,51.8800,123.50,103.00,False
1789839601.0226,243.40,59.3250,58.7100,51.8800,123.50,103.00,False
1789839601.1853,243.50,59.5250,58.7100,52.7200,123.00,103.00,False
1789839601.2758,243.60,59.7250,58.7100,52.7200,123.00,103.00,False
1789839601.3650,243.70,59.9250,58.7100,52.7200,123.00,103.00,False
1789839601.5029,243.80,60.1250,53.9400,52.7200,123.00,103.00,False
1789839601.6050,243.90,60.3250,53.9400,52.7200,123.00,103.00,False
1789839601.6959,244.00,60.5200,53.9400,52.7200,122.50,103.00,False
1789839601.7785,244.10,60.7150,53.9400,59.5200,122.50,103.00,False
1789839601.8897,244.20,60.9100,53.9400,59.5200,122.50,103.00,False
1789839601.9669,244.30,61.1050,54.9300,59.5200,122.50,103.00,False
1789839602.1043,244.40,61.3000,54.9300,59.5200,122.50,103.00,False
1789839602.1870,244.50,61.4900,54.9300,59.5200,122.00,103.00,False
1789839602.3250,244.60,61.6800,54.9300,60.5200,122.00,103.00,False
1789839602.4349,244.70,61.8700,61.4900,60.5200,122.00,103.00,False
1789839602.5057,244.80,62.0600,61.4900,60.5200,122.00,103.00,False
1789839602.5778,244.90,62.2450,61.4900,60.5200,121.50,103.00,False
1789839602.7142,245.00,62.4300,61.4900,60.5200,121.50,103.00,False
1789839602.8622,245.10,62.6150,61.4900,61.4900,121.50,103.00,False
1789839602.9433,245.20,62.8000,56.4600,61.4900,121.50,103.00,False
1789839603.0647,245.30,62.9850,56.4600,61.4900,121.50,103.00,False
1789839603.1405,245.40,63.1650,56.4600,61.4900,121.00,103.00,False
1789839603.2431,245.50,63.3450,56.4600,61.4900,121.00,103.00,False
1789839603.3694,245.60,63.5250,56.4600,61.4900,121.00,103.00,False
1789839603.4706,245.70,63.7050,63.1600,63.1600,121.00,103.00,False
1789839603.5592,245.80,63.8850,63.1600,63.1600,121.00,103.00,False
1789839603.6487,245.90,64.0650,63.1600,63.1600,121.00,103.00,False
1789839603.7512,246.00,64.2450,63.1600,63.1600,121.00,103.00,False
1789839603.8675,246.10,64.4250,63.1600,63.1600,121.00,103.00,False
1789839603.9511,246.20,64.6050,64.0600,63.1600,121.00,103.00,False
1789839604.0554,246.30,64.7850,64.0600,64.0600,121.00,103.00,False
1789839604.1458,246.40,64.9600,64.0600,64.0600,120.50,103.00,False
1789839604.2467,246.50,65.1350,64.0600,64.0600,120.50,103.00,False
1789839604.3682,246.60,65.3100,64.0600,64.0600,120.50,103.00,False
1789839604.4535,246.70,65.4850,64.9600,64.0600,120.50,103.00,False
1789839604.5905,246.80,65.6600,64.9600,64.0600,120.50,103.00,False
1789839604.6653,246.90,65.8300,64.9600,64.9600,120.00,103.00,False
1789839604.7680,247.00,66.0000,64.9600,64.9600,120.00,103.00,False
1789839604.8704,247.10,66.1700,64.9600,64.9600,120.00,103.00,False
1789839604.9512,247.20,66.3400,65.8300,64.9600,120.00,103.00,False
1789839605.0804,247.30,66.5050,65.8300,64.9600,119.50,103.00,False
1789839605.1506,247.40,66.6700,65.8300,64.9600,119.50,103.00,False
1789839605.2633,247.50,66.8350,65.8300,65.8300,119.50,103.00,False
1789839605.4060,247.60,67.0000,60.9000,65.8300,119.50,103.00,False
1789839605.4792,247.70,67.1650,66.6700,65.8300,119.50,103.00,False
1789839605.5595,247.80,67.3300,66.6700,65.8300,119.50,103.00,False
1789839605.6749,247.90,67.4900,66.6700,65.8300,119.00,103.00,False
1789839605.8030,248.00,67.6500,66.6700,66.6700,119.00,103.00,False
1789839605.8812,248.10,67.8100,67.3300,66.6700,119.00,103.00,False
1789839605.9820,248.20,67.9700,61.8800,66.6700,119.00,103.00,False
1789839606.0596,248.30,68.1300,61.8800,66.6700,119.00,103.00,False
1789839606.1988,248.40,68.2850,61.8800,66.6700,118.50,103.00,False
1789839606.2882,248.50,68.4400,61.8800,61.8800,118.50,103.00,False
1789839606.3828,248.60,68.5950,68.1300,61.8800,118.50,103.00,False
1789839606.4829,248.70,68.7500,62.6800,61.8800,118.50,103.00,False
1789839606.5613,248.80,68.9050,62.6800,61.8800,118.50,103.00,False
1789839606.6791,248.90,69.0550,62.6800,61.8800,118.00,103.00,False
1789839606.7816,249.00,69.2050,62.6800,61.8800,118.00,103.00,False
1789839606.9092,249.10,69.3550,63.3000,62.6800,118.00,103.00,False
1789839606.9839,249.20,69.5050,63.4400,62.6800,118.00,103.00,False
1789839607.0560,249.30,69.6550,63.4400,62.6800,118.00,103.00,False
1789839607.1763,249.40,69.8000,63.4400,62.6800,117.50,103.00,False
1789839607.2684,249.50,69.9450,63.4400,62.6800,117.50,103.00,False
1789839607.3712,249.60,70.0900,64.0400,63.4400,117.50,103.00,False
1789839607.4652,249.70,70.2350,64.1800,63.4400,117.50,103.00,False
1789839607.5615,249.80,70.3800,64.1800,63.4400,117.50,103.00,False
1789839607.6635,249.90,70.5200,64.1800,63.4400,117.00,103.00,False
1789839607.7679,250.00,70.6600,64.1800,63.4400,117.00,103.00,False
1789839607.8674,250.10,70.8000,64.6200,63.4400,117.00,103.00,False
1789839607.9708,250.20,70.9400,64.7600,63.4400,117.00,103.00,False
1789839608.0911,250.30,71.0800,64.7600,64.1800,117.00,103.00,False
1789839608.1762,250.40,71.2200,64.7600,64.1800,117.00,103.00,False
1789839608.2704,250.50,71.3600,64.7600,64.1800,117.00,103.00,False
1789839608.3747,250.60,71.5000,71.0800,64.1800,117.00,103.00,False
1789839608.5129,250.70,71.6400,65.4600,64.1800,117.00,103.00,False
1789839608.5713,250.80,71.7800,65.4600,64.1800,117.00,103.00,False
1789839608.7235,250.90,71.9200,65.4600,65.4600,117.00,103.00,False
1789839608.8063,251.00,72.0550,65.4600,65.4600,116.50,103.00,False
1789839608.9066,251.10,72.1900,66.0200,65.4600,116.50,103.00,False
1789839608.9980,251.20,72.3250,66.0200,65.4600,116.50,103.00,False
1789839609.0795,251.30,72.4600,72.0600,65.4600,116.50,103.00,False
1789839609.2215,251.40,72.5950,72.0600,72.0600,116.50,103.00,False
1789839609.3630,251.50,72.7250,66.6900,72.0600,116.00,103.00,False
1789839609.4328,251.60,72.8550,66.6900,72.0600,116.00,103.00,False
1789839609.5402,251.70,72.9850,66.6900,72.0600,116.00,103.00,False
1789839609.6224,251.80,73.1150,72.7200,72.0600,116.00,103.00,False
1789839609.7915,251.90,73.2450,72.7200,72.7200,116.00,103.00,False
1789839609.8631,252.00,73.3700,67.3500,72.7200,115.50,103.00,False
1789839609.9523,252.10,73.4950,67.3500,72.7200,115.50,103.00,False
1789839610.0614,252.20,73.6200,73.2400,72.7200,115.50,103.00,False
1789839610.1860,252.30,73.7450,73.2400,72.7200,115.50,103.00,False
1789839610.3032,252.40,73.8650,73.6200,73.2400,115.00,103.00,False
1789839610.3782,252.50,73.9850,73.6200,73.2400,115.00,103.00,False
1789839610.4569,252.60,74.1050,73.6200,73.2400,115.00,103.00,False
1789839610.5640,252.70,74.2250,73.8600,73.2400,115.00,103.00,False
1789839610.6743,252.80,74.3450,73.8600,73.2400,115.00,103.00,False
1789839610.7824,252.90,74.4600,68.4600,73.2400,114.50,103.00,False
1789839610.8834,253.00,74.5750,68.4600,73.8600,114.50,103.00,False
1789839610.9844,253.10,74.6900,68.4600,73.8600,114.50,103.00,False
1789839611.0643,253.20,74.8050,74.4600,73.8600,114.50,103.00,False
1789839611.1751,253.30,74.9200,74.4600,73.8600,114.50,103.00,False
1789839611.2560,253.40,75.0300,74.4600,73.8600,114.00,103.00,False
1789839611.3590,253.50,75.1400,69.0400,73.8600,114.00,103.00,False
1789839611.5338,253.60,75.2500,75.0300,74.4600,114.00,103.00,False
1789839611.5922,253.70,75.3600,75.0300,74.4600,114.00,103.00,False
1789839611.6875,253.80,75.4650,75.0300,74.4600,113.50,103.00,False
1789839611.7922,253.90,75.5700,69.6000,74.4600,113.50,103.00,False
1789839611.8909,254.00,75.6750,69.6000,74.4600,113.50,103.00,False
1789839612.0246,254.10,75.7800,69.8100,69.8100,113.50,103.00,False
1789839612.1083,254.20,75.8850,69.8100,69.8100,113.50,103.00,False
1789839612.1874,254.30,75.9900,69.8100,69.8100,113.50,103.00,False
1789839612.2901,254.40,76.0950,75.7800,69.8100,113.50,103.00,False
1789839612.4154,254.50,76.2000,75.7800,69.8100,113.50,103.00,False
1789839612.4960,254.60,76.3050,70.3300,69.8100,113.50,103.00,False
1789839612.6102,254.70,76.4100,70.3300,70.3300,113.50,103.00,False
1789839612.6926,254.80,76.5100,70.3300,70.3300,113.00,103.00,False
1789839612.7898,254.90,76.6100,76.3100,70.3300,113.00,103.00,False
1789839612.9101,255.00,76.7100,76.3100,70.3300,113.00,103.00,False
1789839612.9913,255.10,76.8100,76.5100,70.3300,113.00,103.00,False
1789839613.1677,255.20,76.9100,76.5100,70.3300,113.00,103.00,False
1789839613.2454,255.30,77.0050,76.5100,76.5100,112.50,103.00,False
1789839613.3445,255.40,77.1000,71.1500,76.5100,112.50,103.00,False
1789839613.4504,255.50,77.1950,76.9100,76.5100,112.50,103.00,False
1789839613.5496,255.60,77.2900,76.9100,76.5100,112.50,103.00,False
1789839613.6381,255.70,77.3800,76.9100,76.5100,112.00,103.00,False
1789839613.7654,255.80,77.4700,76.9100,76.9100,112.00,103.00,False
1789839613.8866,255.90,77.5600,71.6200,76.9100,112.00,103.00,False
1789839613.9595,256.00,77.6500,71.7200,76.9100,112.00,103.00,False
1789839614.0736,256.10,77.7400,71.7200,76.9100,112.00,103.00,False
1789839614.1621,256.20,77.8250,71.7200,76.9100,111.50,103.00,False
1789839614.2825,256.30,77.9100,77.7400,71.7200,111.50,103.00,False
1789839614.3805,256.40,77.9950,72.1600,71.7200,111.50,103.00,False
1789839614.4550,256.50,78.0800,72.1600,71.7200,111.50,103.00,False
1789839614.5582,256.60,78.1650,72.1600,71.7200,111.50,103.00,False
1789839614.6500,256.70,78.2450,72.1600,71.7200,111.00,103.00,False
1789839614.7881,256.80,78.3250,72.1600,72.1600,111.00,103.00,False
1789839614.8883,256.90,78.4050,78.1700,72.1600,111.00,103.00,False
1789839614.9725,257.00,78.4850,78.2400,72.1600,111.00,103.00,False
1789839615.0639,257.10,78.5650,78.2400,72.1600,111.00,103.00,False
1789839615.1666,257.20,78.6400,78.2400,72.1600,110.50,103.00,False
1789839615.2922,257.30,78.7150,78.2400,72.1600,110.50,103.00,False
1789839615.4170,257.40,78.7900,78.6400,78.2400,110.50,103.00,False
1789839615.4933,257.50,78.8650,78.6400,78.2400,110.50,103.00,False
1789839615.6301,257.60,78.9400,78.6400,78.2400,110.50,103.00,False
1789839615.6872,257.70,79.0100,78.6400,78.2400,110.00,103.00,False
1789839616.2815,257.80,79.0800,78.6400,78.2400,110.00,103.00,False
1789839616.4148,257.90,79.1500,79.0100,78.6400,110.00,103.00,False
1789839616.4955,258.00,79.2200,79.0100,78.6400,110.00,103.00,False
1789839616.5937,258.10,79.2900,79.0100,78.6400,110.00,103.00,False
1789839616.6741,258.20,79.3550,79.0100,78.6400,109.50,103.00,False
1789839616.8013,258.30,79.4200,79.0100,78.6400,109.50,103.00,False
1789839616.8838,258.40,79.4850,79.2900,78.6400,109.50,103.00,False
1789839617.0247,258.50,79.5500,73.6800,79.0100,109.50,103.00,False
1789839617.1104,258.60,79.6150,73.6800,79.0100,109.50,103.00,False
1789839617.2235,258.70,79.6800,73.6800,79.0100,109.50,103.00,False
1789839617.2819,258.80,79.7400,73.6800,79.0100,109.00,103.00,False
1789839617.4123,258.90,79.8000,79.6100,79.0100,109.00,103.00,False
1789839617.4930,259.00,79.8600,79.6100,79.0100,109.00,103.00,False
1789839617.5875,259.10,79.9200,79.7400,73.6800,109.00,103.00,False
1789839617.6885,259.20,79.9800,79.7400,73.6800,109.00,103.00,False
1789839617.7870,259.30,80.0400,79.7400,73.6800,109.00,103.00,False
1789839617.8992,259.40,80.1000,79.9200,73.6800,109.00,103.00,False
1789839618.0006,259.50,80.1600,79.9200,73.6800,109.00,103.00,False
1789839618.0988,259.60,80.2200,80.0400,73.6800,109.00,103.00,False
1789839618.2193,259.70,80.2800,80.0400,80.0400,109.00,103.00,False
1789839618.2832,259.80,80.3350,80.0400,80.0400,108.50,103.00,False
1789839618.3782,259.90,80.3900,80.2200,80.0400,108.50,103.00,False
1789839618.5018,260.00,80.4450,80.3300,80.0400,108.50,103.00,False
1789839618.5806,260.10,80.5000,80.3300,80.0400,108.50,103.00,False
1789839618.6846,260.20,80.5500,80.3300,80.3300,108.00,103.00,False
1789839618.8033,260.30,80.6000,80.5000,80.3300,108.00,103.00,False
1789839618.8820,260.40,80.6500,80.5000,80.3300,108.00,103.00,False
1789839618.9767,260.50,80.7000,80.5500,80.3300,108.00,103.00,False
1789839619.0833,260.60,80.7500,80.5500,80.3300,108.00,103.00,False
1789839619.2102,260.70,80.7950,80.5500,80.5500,107.50,103.00,False
1789839619.2885,260.80,80.8400,80.7000,80.5500,107.50,103.00,False
1789839619.3993,260.90,80.8850,80.7000,80.5500,107.50,103.00,False
1789839619.4787,261.00,80.9300,80.8000,80.5500,107.50,103.00,False
1789839619.6037,261.10,80.9750,80.8000,80.5500,107.50,103.00,False
1789839619.7197,261.20,81.0150,80.9300,80.8000,107.00,103.00,False
1789839619.7810,261.30,81.0550,80.9300,80.8000,107.00,103.00,False
1789839619.9005,261.40,81.0950,80.9300,80.8000,107.00,103.00,False
1789839619.9811,261.50,81.1350,81.0200,80.8000,107.00,103.00,False
1789839620.1161,261.60,81.1750,81.0200,80.8000,107.00,103.00,False
1789839620.1806,261.70,81.2100,81.1000,80.8000,106.50,103.00,False
1789839620.2901,261.80,81.2450,81.1000,81.0200,106.50,103.00,False
1789839620.4020,261.90,81.2800,81.2100,81.0200,106.50,103.00,False
1789839620.4827,262.00,81.3150,81.2100,81.0200,106.50,103.00,False
1789839620.6024,262.10,81.3450,81.2400,81.0200,106.00,103.00,False
1789839620.6885,262.20,81.3750,81.2400,81.0200,106.00,103.00,False
1789839620.7835,262.30,81.4050,81.2400,81.2100,106.00,103.00,False
1789839620.8845,262.40,81.4350,81.3400,81.2100,106.00,103.00,False
1789839621.0199,262.50,81.4650,81.3400,81.2100,106.00,103.00,False
1789839621.0838,262.60,81.4900,81.4000,81.2100,105.50,103.00,False
1789839621.1847,262.70,81.5150,81.4000,81.2100,105.50,103.00,False
1789839621.3059,262.80,81.5400,81.4000,81.3400,105.50,103.00,False
1789839621.3840,262.90,81.5650,81.4900,81.3400,105.50,103.00,False
1789839621.5102,263.00,81.5900,81.5400,81.3400,105.50,103.00,False
1789839621.5801,263.10,81.6100,81.5400,81.3400,105.00,103.00,False
1789839621.6830,263.20,81.6300,81.5400,81.3400,105.00,103.00,False
1789839621.8289,263.30,81.6500,81.6100,81.6100,105.00,103.00,False
1789839621.8829,263.40,81.6700,81.6100,81.6100,105.00,103.00,False
1789839621.9830,263.50,81.6900,81.6300,81.6100,105.00,103.00,False
1789839622.0876,263.60,81.7100,81.6300,81.6100,105.00,103.00,False
1789839622.2045,263.70,81.7300,81.6300,81.6100,105.00,103.00,False
1789839622.2824,263.80,81.7500,81.6900,81.6100,105.00,103.00,False
1789839622.4423,263.90,81.7650,81.7300,81.6900,104.50,103.00,False
1789839622.4966,264.00,81.7800,81.7300,81.6900,104.50,103.00,False
1789839622.5950,264.10,81.7950,81.7300,81.6900,104.50,103.00,False
1789839622.7154,264.20,81.8100,81.7800,81.6900,104.50,103.00,False
1789839622.8170,264.30,81.8250,81.7800,81.6900,104.50,103.00,False
1789839622.9139,264.40,81.8350,81.8000,81.7800,104.00,103.00,False
1789839622.9963,264.50,81.8450,81.8000,81.7800,104.00,103.00,False
1789839623.0926,264.60,81.8550,81.8000,81.7800,104.00,103.00,False
1789839623.2040,264.70,81.8650,81.8300,81.7800,104.00,103.00,False
1789839623.3098,264.80,81.8750,81.8600,81.7800,104.00,103.00,False
1789839623.3933,264.90,81.8800,81.8600,81.8300,103.50,103.00,False
1789839623.5045,265.00,81.8850,81.8600,81.8300,103.50,103.00,False
1789839623.6144,265.10,81.8900,81.8800,81.8300,103.50,103.00,False
1789839623.7135,265.20,81.8950,81.8800,81.8300,103.50,103.00,False
1789839623.7910,265.30,81.8950,81.8900,81.8300,103.00,103.00,False
1789839623.8996,265.40,81.8950,81.8900,81.8800,103.00,103.00,False
1789839623.9775,265.50,81.8950,81.8900,81.8800,103.00,103.00,False
1789839624.0767,265.60,81.8950,81.9000,81.8800,103.00,103.00,False
1789839624.1793,265.70,81.8950,81.9000,81.8800,103.00,103.00,False
1789839624.2995,265.80,81.8900,81.9000,81.8800,102.50,103.00,False
1789839624.4159,265.90,81.8850,81.9000,81.9000,102.50,103.00,False
1789839624.5163,266.00,81.8800,81.8900,81.9000,102.50,103.00,False
1789839624.5984,266.10,81.8750,81.8900,81.9000,102.50,103.00,False
1789839624.6947,266.20,81.8650,81.8900,81.9000,102.00,103.00,False
1789839624.7958,266.30,81.8550,81.8900,81.9000,102.00,103.00,False
1789839624.9364,266.40,81.8450,81.8900,81.8900,102.00,103.00,False
1789839624.9976,266.50,81.8350,81.8600,81.8900,102.00,103.00,False
1789839625.1157,266.60,81.8250,81.8600,81.8900,102.00,103.00,False
1789839625.1953,266.70,81.8100,81.8600,81.8900,101.50,103.00,False
1789839625.2986,266.80,81.7950,81.8600,81.8900,101.50,103.00,False
1789839625.4235,266.90,81.7800,81.8100,81.8100,101.50,103.00,False
1789839625.4940,267.00,81.7650,81.8100,81.8100,101.50,103.00,False
1789839625.5967,267.10,81.7500,81.8100,81.8100,101.50,103.00,False
1789839625.6945,267.20,81.7350,81.8100,81.8100,101.50,103.00,False
1789839625.8184,267.30,81.7200,81.7500,81.8100,101.50,103.00,False
1789839625.9167,267.40,81.7050,81.7500,81.8100,101.50,103.00,False
1789839625.9991,267.50,81.6850,81.7500,81.7500,101.00,103.00,False
1789839626.0934,267.60,81.6650,81.7500,81.7500,101.00,103.00,False
1789839626.2132,267.70,81.6450,81.7500,81.7500,101.00,103.00,False
1789839626.3075,267.80,81.6250,81.6700,81.7500,101.00,103.00,False
1789839626.4334,267.90,81.6000,81.6700,81.6800,100.50,103.00,False
1789839626.4965,268.00,81.5750,81.6700,81.6800,100.50,103.00,False
1789839626.5979,268.10,81.5500,81.6700,81.6800,100.50,103.00,False
1789839626.7168,268.20,81.5250,81.5800,81.6800,100.50,103.00,False
1789839626.8188,268.30,81.5000,81.5800,81.6800,100.50,103.00,False
1789839626.8946,268.40,81.4700,81.5800,81.6800,100.00,103.00,False
1789839627.0043,268.50,81.4400,81.5800,81.6000,100.00,103.00,False
1789839627.1145,268.60,81.4100,81.4700,81.6000,100.00,103.00,False
1789839627.1987,268.70,81.3800,81.4700,81.6000,100.00,103.00,False
1789839627.2961,268.80,81.3450,81.4700,81.6000,99.50,103.00,False
1789839627.4016,268.90,81.3100,81.4700,81.6000,99.50,103.00,False
1789839627.5164,269.00,81.2750,81.4700,81.4700,99.50,103.00,False
1789839627.6005,269.10,81.2400,81.3400,81.4700,99.50,103.00,False
1789839627.7167,269.20,81.2050,81.3400,81.4700,99.50,103.00,False
1789839627.8016,269.30,81.1650,81.3400,81.4700,99.00,103.00,False
1789839627.9012,269.40,81.1250,81.3400,81.4700,99.00,103.00,False
1789839628.0460,269.50,81.0850,81.1700,81.3400,99.00,103.00,False
1789839628.1042,269.60,81.0450,81.1700,81.3400,99.00,103.00,False
1789839628.1954,269.70,81.0000,81.1700,81.3400,98.50,103.00,False
1789839628.3035,269.80,80.9550,81.1700,81.3400,98.50,103.00,False
1789839628.4243,269.90,80.9100,81.1700,81.3400,98.50,103.00,False
1789839628.5223,270.00,80.8650,81.0000,81.0000,98.50,103.00,False
1789839628.6033,270.10,80.8200,81.0000,81.0000,98.50,103.00,False
1789839628.7011,270.20,80.7750,81.0000,81.0000,98.50,103.00,False
1789839628.8079,270.30,80.7300,81.0000,81.0000,98.50,103.00,False
1789839628.9063,270.40,80.6850,80.7800,81.0000,98.50,103.00,False
1789839629.0233,270.50,80.6400,80.7800,81.0000,98.50,103.00,False
1789839629.1018,270.60,80.5900,80.7800,80.7800,98.00,103.00,False
1789839629.2091,270.70,80.5400,80.7800,80.7800,98.00,103.00,False
1789839629.3240,270.80,80.4900,80.7800,80.7800,98.00,103.00,False
1789839629.4023,270.90,80.4400,80.5900,80.7800,98.00,103.00,False
1789839629.5219,271.00,80.3850,80.5900,80.7800,97.50,103.00,False
1789839629.6006,271.10,80.3300,80.5900,80.5900,97.50,103.00,False
1789839629.7009,271.20,80.2750,80.5900,80.5900,97.50,103.00,False
1789839629.8242,271.30,80.2200,80.3300,80.5900,97.50,103.00,False
1789839629.9040,271.40,80.1650,80.3300,80.5900,97.50,103.00,False
1789839629.9983,271.50,80.1050,80.3300,80.5900,97.00,103.00,False
1789839630.1284,271.60,80.0450,80.3300,80.3300,97.00,103.00,False
1789839630.2243,271.70,79.9850,80.3300,80.3300,97.00,103.00,False
1789839630.3067,271.80,79.9250,80.1000,80.3300,97.00,103.00,False
1789839630.4245,271.90,79.8650,80.1000,80.3300,97.00,103.00,False
1789839630.5002,272.00,79.8000,80.1000,80.3300,96.50,103.00,False
1789839630.6250,272.10,79.7350,80.1000,80.3300,96.50,103.00,False
1789839630.7390,272.20,79.6700,79.8000,80.1000,96.50,103.00,False
1789839630.8049,272.30,79.6050,79.8000,80.1000,96.50,103.00,False
1789839630.9246,272.40,79.5350,79.8000,80.1000,96.00,103.00,False
1789839631.0115,272.50,79.4650,79.8000,80.1000,96.00,103.00,False
1789839631.1284,272.60,79.3950,79.8000,80.1000,96.00,103.00,False
1789839631.2046,272.70,79.3250,79.5400,79.8000,96.00,103.00,False
1789839631.3106,272.80,79.2550,79.5400,79.8000,96.00,103.00,False
1789839631.3986,272.90,79.1850,79.5400,79.8000,96.00,103.00,False
1789839631.5033,273.00,79.1150,79.5400,79.8000,96.00,103.00,False
1789839631.6236,273.10,79.0450,79.1800,79.8000,96.00,103.00,False
1789839631.7150,273.20,78.9750,79.1800,79.1800,96.00,103.00,False
1789839631.8036,273.30,78.9000,79.1800,79.1800,95.50,103.00,False
1789839631.9035,273.40,78.8250,79.1800,79.1800,95.50,103.00,False
1789839632.0267,273.50,78.7500,78.9000,79.1800,95.50,103.00,False
1789839632.1108,273.60,78.6750,78.9000,79.1800,95.50,103.00,False
1789839632.2438,273.70,78.6000,78.9000,78.9000,95.50,103.00,False
1789839632.3077,273.80,78.5200,78.9000,78.9000,95.00,103.00,False
1789839632.4084,273.90,78.4400,78.9000,78.9000,95.00,103.00,False
1789839632.5222,274.00,78.3600,78.6000,78.9000,95.00,103.00,False
1789839632.6071,274.10,78.2800,78.5200,78.9000,95.00,103.00,False
1789839632.7271,274.20,78.2000,78.5200,78.9000,95.00,103.00,False
1789839632.8083,274.30,78.1150,78.5200,78.5200,94.50,103.00,False
1789839632.9254,274.40,78.0300,78.2800,78.5200,94.50,103.00,False
1789839633.0217,274.50,77.9450,78.1100,78.5200,94.50,103.00,False
1789839633.1079,274.60,77.8600,78.1100,78.5200,94.50,103.00,False
1789839633.2061,274.70,77.7700,78.1100,78.5200,94.00,103.00,False
1789839633.3442,274.80,77.6800,78.1100,78.1100,94.00,103.00,False
1789839633.4056,274.90,77.5900,77.8600,78.1100,94.00,103.00,False
1789839633.5063,275.00,77.5000,77.7700,78.1100,94.00,103.00,False
1789839633.6230,275.10,77.4100,77.7700,78.1100,94.00,103.00,False
1789839633.7075,275.20,77.3150,77.7700,78.1100,93.50,103.00,False
1789839633.8447,275.30,77.2200,77.4100,77.7700,93.50,103.00,False
1789839633.9254,275.40,77.1250,77.3200,77.7700,93.50,103.00,False
1789839634.0015,275.50,77.0300,77.3200,77.7700,93.50,103.00,False
1789839634.1108,275.60,76.9300,77.3200,77.7700,93.00,103.00,False
1789839634.2279,275.70,76.8300,77.3200,77.7700,93.00,103.00,False
1789839634.3054,275.80,76.7300,77.0300,77.7700,93.00,103.00,False
1789839634.4067,275.90,76.6300,76.9300,77.3200,93.00,103.00,False
1789839634.5252,276.00,76.5300,76.9300,77.3200,93.00,103.00,False
1789839634.6054,276.10,76.4250,76.9300,77.3200,92.50,103.00,False
1789839634.7097,276.20,76.3200,76.9300,77.3200,92.50,103.00,False
1789839634.8325,276.30,76.2150,76.4200,77.3200,92.50,103.00,False
1789839634.9099,276.40,76.1100,76.4200,76.4200,92.50,103.00,False
1789839635.0064,276.50,76.0050,76.4200,76.4200,92.50,103.00,False
1789839635.1056,276.60,75.9000,76.4200,76.4200,92.50,103.00,False
1789839635.2295,276.70,75.7950,76.0000,76.4200,92.50,103.00,False
1789839635.3108,276.80,75.6900,76.0000,76.4200,92.50,103.00,False
1789839635.4427,276.90,75.5850,76.0000,76.0000,92.50,103.00,False
1789839635.5058,277.00,75.4750,76.0000,76.0000,92.00,103.00,False
1789839635.6269,277.10,75.3650,76.0000,76.0000,92.00,103.00,False
1789839635.7241,277.20,75.2550,75.4700,76.0000,92.00,103.00,False
1789839635.8114,277.30,75.1450,75.4700,76.0000,92.00,103.00,False
1789839635.9289,277.40,75.0300,75.4700,75.4700,91.50,103.00,False
1789839636.0132,277.50,74.9150,75.4700,75.4700,91.50,103.00,False
1789839636.1155,277.60,74.8000,75.0300,75.4700,91.50,103.00,False
1789839636.2080,277.70,74.6850,75.0300,75.4700,91.50,103.00,False
1789839636.3265,277.80,74.5700,75.0300,75.4700,91.50,103.00,False
1789839636.4096,277.90,74.4500,75.0300,75.4700,91.00,103.00,False
1789839636.5270,278.00,74.3300,75.0300,75.0300,91.00,103.00,False
1789839636.6275,278.10,74.2100,74.4500,75.0300,91.00,103.00,False
1789839636.7063,278.20,74.0900,74.4500,75.0300,91.00,103.00,False
1789839636.8064,278.30,73.9650,74.4500,75.0300,90.50,103.00,False
1789839636.9108,278.40,73.8400,74.4500,75.0300,90.50,103.00,False
1789839637.0360,278.50,73.7150,74.0900,74.4500,90.50,103.00,False
1789839637.1120,278.60,73.5900,73.9600,74.4500,90.50,103.00,False
1789839637.2063,278.70,73.4650,73.9600,74.4500,90.50,103.00,False
1789839637.3072,278.80,73.3350,73.9600,74.4500,90.00,103.00,False
1789839637.4308,278.90,73.2050,73.9600,74.4500,90.00,103.00,False
1789839637.5285,279.00,73.0750,73.4600,73.9600,90.00,103.00,False
1789839637.6173,279.10,72.9450,73.3300,73.9600,90.00,103.00,False
1789839637.7072,279.20,72.8150,73.3300,73.9600,90.00,103.00,False
1789839637.8115,279.30,72.6800,73.3300,73.9600,89.50,103.00,False
1789839637.9336,279.40,72.5450,72.8200,73.9600,89.50,103.00,False
1789839638.0489,279.50,72.4100,72.6800,73.3300,89.50,103.00,False
1789839638.1103,279.60,72.2750,72.6800,73.3300,89.50,103.00,False
1789839638.2164,279.70,72.1350,72.6800,73.3300,89.00,103.00,False
1789839638.3093,279.80,71.9950,72.6800,73.3300,89.00,103.00,False
1789839638.4134,279.90,71.8550,72.2800,73.3300,89.00,103.00,False
1789839638.5350,280.00,71.7150,72.1400,72.1400,89.00,103.00,False
1789839638.6075,280.10,71.5750,72.1400,72.1400,89.00,103.00,False
1789839638.7080,280.20,71.4350,72.1400,72.1400,89.00,103.00,False
1789839638.8296,280.30,71.2950,71.5800,72.1400,89.00,103.00,False
1789839638.9130,280.40,71.1550,71.4400,72.1400,89.00,103.00,False
1789839639.0119,280.50,71.0150,71.4400,72.1400,89.00,103.00,False
1789839639.1138,280.60,70.8700,71.4400,71.4400,88.50,103.00,False
1789839639.2328,280.70,70.7250,71.4400,71.4400,88.50,103.00,False
1789839639.3109,280.80,70.5800,71.0200,71.4400,88.50,103.00,False
1789839639.4136,280.90,70.4350,70.8700,71.4400,88.50,103.00,False
1789839639.5313,281.00,70.2900,70.8700,71.4400,88.50,103.00,False
1789839639.6129,281.10,70.1400,70.8700,70.8700,88.00,103.00,False
1789839639.7329,281.20,69.9900,70.2900,70.8700,88.00,103.00,False
1789839639.8310,281.30,69.8400,70.2900,70.8700,88.00,103.00,False
1789839639.9136,281.40,69.6900,70.1400,70.8700,88.00,103.00,False
1789839640.0329,281.50,69.5400,70.1400,70.8700,88.00,103.00,False
1789839640.1529,281.60,69.3850,70.1400,70.1400,87.50,103.00,False
1789839640.2132,281.70,69.2300,69.6900,70.1400,87.50,103.00,False
1789839640.3202,281.80,69.0750,69.5400,70.1400,87.50,103.00,False
1789839640.4095,281.90,68.9200,69.5400,70.1400,87.50,103.00,False
1789839640.5099,282.00,68.7600,69.5400,70.1400,87.00,103.00,False
1789839640.6305,282.10,68.6000,69.5400,69.5400,87.00,103.00,False
1789839640.7316,282.20,68.4400,68.9200,69.5400,87.00,103.00,False
1789839640.8086,282.30,68.2800,68.7600,69.5400,87.00,103.00,False
1789839640.9319,282.40,68.1200,68.7600,69.5400,87.00,103.00,False
1789839641.0135,282.50,67.9550,68.7600,69.5400,86.50,103.00,False
1789839641.1515,282.60,67.7900,68.1200,68.7600,86.50,103.00,False
1789839641.2339,282.70,67.6250,67.9600,68.7600,86.50,103.00,False
1789839641.3122,282.80,67.4600,67.9600,68.7600,86.50,103.00,False
1789839641.4093,282.90,67.2900,67.9600,68.7600,86.00,103.00,False
1789839641.5146,283.00,67.1200,67.9600,68.7600,86.00,103.00,False
1789839641.6337,283.10,66.9500,67.4600,68.7600,86.00,103.00,False
1789839641.7172,283.20,66.7800,67.2900,67.9600,86.00,103.00,False
1789839641.8270,283.30,66.6100,67.2900,67.9600,86.00,103.00,False
1789839641.9098,283.40,66.4350,67.2900,67.9600,85.50,103.00,False
1789839642.0186,283.50,66.2600,67.2900,67.9600,85.50,103.00,False
1789839642.1539,283.60,66.0850,66.4400,67.9600,85.50,103.00,False
1789839642.2168,283.70,65.9100,66.4400,66.4400,85.50,103.00,False
1789839642.3120,283.80,65.7350,66.4400,66.4400,85.50,103.00,False
1789839642.4149,283.90,65.5600,66.4400,66.4400,85.50,103.00,False
1789839642.5265,284.00,65.3850,65.7400,66.4400,85.50,103.00,False
1789839642.6138,284.10,65.2100,65.7400,66.4400,85.50,103.00,False
1789839642.7344,284.20,65.0350,65.7400,65.7400,85.50,103.00,False
1789839642.8134,284.30,64.8550,65.7400,65.7400,85.00,103.00,False
1789839642.9336,284.40,64.6750,65.7400,65.7400,85.00,103.00,False
1789839643.0323,284.50,64.4950,64.8600,65.7400,85.00,103.00,False
1789839643.1137,284.60,64.3150,64.8600,65.7400,85.00,103.00,False
1789839643.2331,284.70,64.1300,64.8600,64.8600,84.50,103.00,False
1789839643.3146,284.80,63.9450,64.8600,64.8600,84.50,103.00,False
1789839643.4355,284.90,63.7600,64.3200,64.8600,84.50,103.00,False
1789839643.5181,285.00,63.5750,64.1300,64.8600,84.50,103.00,False
1789839643.6333,285.10,63.3900,64.1300,64.8600,84.50,103.00,False
1789839643.7338,285.20,63.2000,64.1300,64.8600,84.00,103.00,False
1789839643.8159,285.30,63.0100,64.1300,64.1300,84.00,103.00,False
1789839643.9328,285.40,62.8200,63.2000,64.1300,84.00,103.00,False
1789839644.0137,285.50,62.6300,63.2000,64.1300,84.00,103.00,False
1789839644.1141,285.60,62.4350,63.2000,64.1300,83.50,103.00,False
1789839644.2219,285.70,62.2400,63.2000,64.1300,83.50,103.00,False
1789839644.3357,285.80,62.0450,62.4400,63.2000,83.50,103.00,False
1789839644.4178,285.90,61.8500,62.4400,63.2000,83.50,103.00,False
1789839644.5349,286.00,61.6550,62.4400,63.2000,83.50,103.00,False
1789839644.6155,286.10,61.4550,62.4400,63.2000,83.00,103.00,False
1789839644.7359,286.20,61.2550,62.4400,63.2000,83.00,103.00,False
1789839644.8341,286.30,61.0550,61.6600,62.4400,83.00,103.00,False
1789839644.9187,286.40,60.8550,61.4600,62.4400,83.00,103.00,False
1789839645.0124,286.50,60.6550,61.4600,62.4400,83.00,103.00,False
1789839645.1122,286.60,60.4500,61.4600,62.4400,82.50,103.00,False
1789839645.2367,286.70,60.2450,60.6600,62.4400,82.50,103.00,False
1789839645.3502,286.80,60.0400,60.4500,61.4600,82.50,103.00,False
1789839645.4135,286.90,59.8350,60.4500,61.4600,82.50,103.00,False
1789839645.5167,287.00,59.6250,60.4500,61.4600,82.00,103.00,False
1789839645.6200,287.10,59.4150,60.4500,61.4600,82.00,103.00,False
1789839645.7211,287.20,59.2050,59.8400,61.4600,82.00,103.00,False
1789839645.8396,287.30,58.9950,59.6200,59.6200,82.00,103.00,False
1789839645.9230,287.40,58.7850,59.6200,59.6200,82.00,103.00,False
1789839646.0166,287.50,58.5750,59.6200,59.6200,82.00,103.00,False
1789839646.1340,287.60,58.3650,59.6200,59.6200,82.00,103.00,False
1789839646.2361,287.70,58.1550,58.5800,59.6200,82.00,103.00,False
1789839646.3378,287.80,57.9450,58.5800,59.6200,82.00,103.00,False
1789839646.4141,287.90,57.7300,58.5800,58.5800,81.50,103.00,False
1789839646.5172,288.00,57.5150,58.5800,58.5800,81.50,103.00,False
1789839646.6188,288.10,57.3000,57.9400,58.5800,81.50,103.00,False
1789839646.7198,288.20,57.0850,57.7300,58.5800,81.50,103.00,False
1789839646.8341,288.30,56.8700,57.7300,58.5800,81.50,103.00,False
1789839646.9159,288.40,56.6500,57.7300,57.7300,81.00,103.00,False
1789839647.0572,288.50,56.4300,56.8700,57.7300,81.00,103.00,False
1789839647.1340,288.60,56.2100,56.8700,57.7300,81.00,103.00,False
1789839647.2147,288.70,55.9900,56.6500,57.7300,81.00,103.00,False
1789839647.3412,288.80,55.7700,56.6500,57.7300,81.00,103.00,False
1789839647.4175,288.90,55.5450,56.6500,56.6500,80.50,103.00,False
1789839647.5185,289.00,55.3200,55.9900,56.6500,80.50,103.00,False
1789839647.6252,289.10,55.0950,55.5400,56.6500,80.50,103.00,False
1789839647.7182,289.20,54.8700,55.5400,56.6500,80.50,103.00,False
1789839647.8178,289.30,54.6400,55.5400,56.6500,80.00,103.00,False
1789839647.9608,289.40,54.4100,54.8700,55.5400,80.00,103.00,False
1789839648.0245,289.50,54.1800,54.8700,55.5400,80.00,103.00,False
1789839648.1173,289.60,53.9500,54.6400,55.5400,80.00,103.00,False
1789839648.2375,289.70,53.7200,54.6400,55.5400,80.00,103.00,False
1789839648.3171,289.80,53.4850,54.6400,55.5400,79.50,103.00,False
1789839648.9161,289.90,53.2500,53.9500,54.6400,79.50,103.00,False
1789839648.9920,290.00,53.0150,53.9500,54.6400,79.50,103.00,False
1789839649.0672,290.10,52.7800,53.4800,54.6400,79.50,103.00,False
1789839649.1896,290.20,52.5450,53.4800,54.6400,79.50,103.00,False
1789839649.2674,290.30,52.3050,53.4800,54.6400,79.00,103.00,False
1789839649.3730,290.40,52.0650,52.7800,54.6400,79.00,103.00,False
1789839649.4896,290.50,51.8250,52.7800,53.4800,79.00,103.00,False
1789839649.5734,290.60,51.5850,52.3000,53.4800,79.00,103.00,False
1789839649.6903,290.70,51.3450,52.3000,53.4800,79.00,103.00,False
1789839649.7674,290.80,51.1000,51.8200,53.4800,78.50,103.00,False
1789839649.8715,290.90,50.8550,51.8200,53.4800,78.50,103.00,False
1789839649.9938,291.00,50.6100,51.1000,51.1000,78.50,103.00,False
1789839650.0755,291.10,50.3650,51.1000,51.1000,78.50,103.00,False
1789839650.1858,291.20,50.1200,51.1000,51.1000,78.50,103.00,False
1789839650.2708,291.30,49.8750,50.6100,51.1000,78.50,103.00,False
1789839650.3927,291.40,49.6300,50.1200,51.1000,78.50,103.00,False
1789839650.4939,291.50,49.3850,50.1200,51.1000,78.50,103.00,False
1789839650.5694,291.60,49.1350,50.1200,50.1200,78.00,103.00,False
1789839650.6711,291.70,48.8850,49.6300,50.1200,78.00,103.00,False
1789839650.7930,291.80,48.6350,49.6300,50.1200,78.00,103.00,False
1789839650.8696,291.90,48.3850,49.1400,50.1200,78.00,103.00,False
1789839650.9712,292.00,48.1350,49.1400,50.1200,78.00,103.00,False
1789839651.0929,292.10,47.8850,48.3800,49.1400,78.00,103.00,False
1789839651.1722,292.20,47.6350,48.3800,49.1400,78.00,103.00,False
1789839651.2740,292.30,47.3850,48.1400,49.1400,78.00,103.00,False
1789839651.3740,292.40,47.1350,48.1400,49.1400,78.00,103.00,False
1789839651.4920,292.50,46.8900,48.1400,49.1400,78.50,103.00,False
1789839651.5822,292.60,46.6450,47.3800,48.1400,78.50,103.00,False
1789839651.6702,292.70,46.4000,47.3800,48.1400,78.50,103.00,False
1789839651.7757,292.80,46.1550,46.8900,48.1400,78.50,103.00,False
1789839651.8905,292.90,45.9100,46.8900,48.1400,78.50,103.00,False
1789839651.9753,293.00,45.6700,46.4000,48.1400,79.00,103.00,False
1789839652.0962,293.10,45.4300,46.4000,46.8900,79.00,103.00,False
1789839652.1817,293.20,45.1900,45.6700,46.8900,79.00,103.00,False
1789839652.2706,293.30,44.9500,45.6700,46.8900,79.00,103.00,False
1789839652.3677,293.40,44.7150,45.6700,46.8900,79.50,103.00,False
1789839652.4824,293.50,44.4800,45.1900,46.8900,79.50,103.00,False
1789839652.6153,293.60,44.2450,45.1900,44.7200,79.50,103.00,False
1789839652.6757,293.70,44.0100,44.7200,44.7200,79.50,103.00,False
1789839652.7974,293.80,43.7750,44.7200,44.7200,79.50,103.00,False
1789839652.8715,293.90,43.5450,44.2400,44.7200,80.00,103.00,False
1789839652.9734,294.00,43.3150,44.2400,44.7200,80.00,103.00,False
1789839653.0947,294.10,43.0850,44.2400,44.7200,80.00,103.00,False
1789839653.1761,294.20,42.8550,43.5400,43.5400,80.00,103.00,False
1789839653.3050,294.30,42.6250,43.0800,43.5400,80.00,103.00,False
1789839653.3712,294.40,42.3950,43.0800,43.5400,80.00,103.00,False
1789839653.4778,294.50,42.1650,43.0800,43.5400,80.00,103.00,False
1789839653.5804,294.60,41.9350,42.6200,43.5400,80.00,103.00,False
1789839653.6952,294.70,41.7050,42.6200,42.6200,80.00,103.00,False
1789839653.7700,294.80,41.4800,42.1600,42.6200,80.50,103.00,False
1789839653.8759,294.90,41.2550,42.1600,42.6200,80.50,103.00,False
1789839653.9908,295.00,41.0300,41.4800,42.6200,80.50,103.00,False
1789839654.0752,295.10,40.8050,41.4800,42.6200,80.50,103.00,False
1789839654.1993,295.20,40.5850,41.4800,41.4800,81.00,103.00,False
1789839654.2749,295.30,40.3650,41.0300,41.4800,81.00,103.00,False
1789839654.3736,295.40,40.1450,41.0300,41.4800,81.00,103.00,False
1789839654.4728,295.50,39.9250,40.5800,41.4800,81.00,103.00,False
1789839654.5965,295.60,39.7050,40.5800,41.4800,81.00,103.00,False
1789839654.7081,295.70,39.4900,39.9200,40.5800,81.50,103.00,False
1789839654.7748,295.80,39.2750,39.9200,40.5800,81.50,103.00,False
1789839654.8734,295.90,39.0600,39.9200,40.5800,81.50,103.00,False
1789839654.9748,296.00,38.8450,39.4900,40.5800,81.50,103.00,False
1789839655.1121,296.10,38.6300,39.0600,40.5800,81.50,103.00,False
1789839655.1910,296.20,38.4200,39.0600,39.4900,82.00,103.00,False
1789839655.2777,296.30,38.2100,39.0600,39.4900,82.00,103.00,False
1789839655.3880,296.40,38.0000,38.4200,39.4900,82.00,103.00,False
1789839655.4796,296.50,37.7900,38.4200,39.4900,82.00,103.00,False
1789839655.5923,296.60,37.5850,38.2100,39.4900,82.50,103.00,False
1789839655.6737,296.70,37.3800,38.2100,39.4900,82.50,103.00,False
1789839655.7890,296.80,37.1750,38.2100,38.4200,82.50,103.00,False
1789839655.8782,296.90,36.9700,37.5800,38.4200,82.50,103.00,False
1789839656.0145,297.00,36.7700,37.1700,38.4200,83.00,103.00,False
1789839656.0743,297.10,36.5700,37.1700,38.4200,83.00,103.00,False
1789839656.1735,297.20,36.3700,37.1700,38.4200,83.00,103.00,False
1789839656.2798,297.30,36.1700,36.5700,37.5800,83.00,103.00,False
1789839656.3961,297.40,35.9700,36.5700,37.5800,83.00,103.00,False
1789839656.4744,297.50,35.7750,36.3700,37.5800,83.50,103.00,False
1789839656.5799,297.60,35.5800,36.3700,37.5800,83.50,103.00,False
1789839656.6937,297.70,35.3850,36.3700,37.5800,83.50,103.00,False
1789839656.7737,297.80,35.1900,35.7800,35.7800,83.50,103.00,False
1789839656.8785,297.90,34.9950,35.3800,35.7800,83.50,103.00,False
1789839656.9715,298.00,34.8000,35.3800,35.7800,83.50,103.00,False
1789839657.0733,298.10,34.6050,35.3800,35.7800,83.50,103.00,False
1789839657.1750,298.20,34.4100,34.8000,35.7800,83.50,103.00,False
1789839657.3108,298.30,34.2150,34.8000,34.8000,83.50,103.00,False
1789839657.3720,298.40,34.0250,34.6000,34.8000,84.00,103.00,False
1789839657.4757,298.50,33.8350,34.6000,34.8000,84.00,103.00,False
1789839657.5935,298.60,33.6450,34.6000,34.8000,84.00,103.00,False
1789839657.6727,298.70,33.4550,34.0200,34.8000,84.00,103.00,False
1789839657.7927,298.80,33.2650,33.8400,34.0200,84.00,103.00,False
1789839657.8712,298.90,33.0800,33.8400,34.0200,84.50,103.00,False
1789839657.9740,299.00,32.8950,33.8400,34.0200,84.50,103.00,False
1789839658.0789,299.10,32.7100,33.0800,34.0200,84.50,103.00,False
1789839658.1744,299.20,32.5250,33.0800,34.0200,84.50,103.00,False
1789839658.2733,299.30,32.3450,33.0800,33.0800,85.00,103.00,False
1789839658.3722,299.40,32.1650,33.0800,33.0800,85.00,103.00,False
1789839658.4923,299.50,31.9850,32.3400,33.0800,85.00,103.00,False
1789839658.5716,299.60,31.8050,32.1600,33.0800,85.00,103.00,False
1789839658.6704,299.70,31.6300,32.1600,33.0800,85.50,103.00,False
1789839658.7795,299.80,31.4550,32.1600,32.3400,85.50,103.00,False
1789839658.8952,299.90,31.2800,32.1600,32.3400,85.50,103.00,False
