timestamp,sim_time_sec,true_frequency,sensor_reading_sent,controller_reading_received,generation_command,load_demand_mw,attack_active
1789839169.8902,0.00,50.0000,50.0000,50.0000,100.00,100.00,False
1789839169.9858,0.10,50.0000,50.0000,50.0000,100.00,100.00,False
1789839170.0854,0.20,50.0000,50.0000,50.0000,100.00,100.00,False
1789839170.1871,0.30,50.0000,50.0000,50.0000,100.00,100.00,False
1789839170.2854,0.40,50.0000,50.0000,50.0000,100.00,100.00,False
1789839170.3896,0.50,50.0000,50.0000,50.0000,100.00,100.00,False
1789839170.4869,0.60,50.0000,50.0000,50.0000,100.00,100.00,False
1789839170.5835,0.70,50.0000,50.0000,50.0000,100.00,100.00,False
1789839170.6897,0.80,50.0000,50.0000,50.0000,100.00,100.00,False
1789839170.7863,0.90,50.0000,50.0000,50.0000,100.00,100.00,False
1789839170.8912,1.00,50.0000,50.0000,50.0000,100.00,100.00,False
1789839170.9854,1.10,50.0000,50.0000,50.0000,100.00,100.00,False
1789839171.0878,1.20,50.0000,50.0000,50.0000,100.00,100.00,False
1789839171.1864,1.30,50.0000,50.0000,50.0000,100.00,100.00,False
1789839171.2836,1.40,50.0000,50.0000,50.0000,100.00,100.00,False
1789839171.3859,1.50,50.0000,50.0000,50.0000,100.00,100.00,False
1789839171.4836,1.60,50.0000,50.0000,50.0000,100.00,100.00,False
1789839171.5853,1.70,50.0000,50.0000,50.0000,100.00,100.00,False
1789839171.6820,1.80,50.0000,50.0000,50.0000,100.00,100.00,False
1789839171.7824,1.90,50.0000,50.0000,50.0000,100.00,100.00,False
1789839171.8843,2.00,50.0000,50.0000,50.0000,100.00,100.00,False
1789839171.9881,2.10,50.0000,50.0000,50.0000,100.00,100.00,False
1789839172.0848,2.20,50.0000,50.0000,50.0000,100.00,100.00,False
1789839172.1879,2.30,50.0000,50.0000,50.0000,100.00,100.00,False
1789839172.2872,2.40,50.0000,50.0000,50.0000,100.00,100.00,False
1789839172.3883,2.50,50.0000,50.0000,50.0000,100.00,100.00,False
1789839172.4858,2.60,50.0000,50.0000,50.0000,100.00,100.00,False
1789839172.5823,2.70,50.0000,50.0000,50.0000,100.00,100.00,False
1789839172.6851,2.80,50.0000,50.0000,50.0000,100.00,100.00,False
1789839172.7817,2.90,50.0000,50.0000,50.0000,100.00,100.00,False
1789839172.8856,3.00,50.0000,50.0000,50.0000,100.00,100.00,False
1789839172.9838,3.10,50.0000,50.0000,50.0000,100.00,100.00,False
1789839173.0851,3.20,50.0000,50.0000,50.0000,100.00,100.00,False
1789839173.1840,3.30,50.0000,50.0000,50.0000,100.00,100.00,False
1789839173.2859,3.40,50.0000,50.0000,50.0000,100.00,100.00,False
1789839173.3831,3.50,50.0000,50.0000,50.0000,100.00,100.00,False
1789839173.4847,3.60,50.0000,50.0000,50.0000,100.00,100.00,False
1789839173.5847,3.70,50.0000,50.0000,50.0000,100.00,100.00,False
1789839173.6890,3.80,50.0000,50.0000,50.0000,100.00,100.00,False
1789839173.7843,3.90,50.0000,50.0000,50.0000,100.00,100.00,False
1789839173.8856,4.00,50.0000,50.0000,50.0000,100.00,100.00,False
1789839173.9846,4.10,50.0000,50.0000,50.0000,100.00,100.00,False
1789839174.0875,4.20,50.0000,50.0000,50.0000,100.00,100.00,False
1789839174.1893,4.30,50.0000,50.0000,50.0000,100.00,100.00,False
1789839174.2863,4.40,50.0000,50.0000,50.0000,100.00,100.00,False
1789839174.3864,4.50,50.0000,50.0000,50.0000,100.00,100.00,False
1789839174.4878,4.60,50.0000,50.0000,50.0000,100.00,100.00,False
1789839174.5870,4.70,50.0000,50.0000,50.0000,100.00,100.00,False
1789839174.6858,4.80,50.0000,50.0000,50.0000,100.00,100.00,False
1789839174.7878,4.90,50.0000,50.0000,50.0000,100.00,100.00,False
1789839174.8857,5.00,50.0000,50.0000,50.0000,100.00,100.00,False
1789839174.9872,5.10,50.0000,50.0000,50.0000,100.00,100.00,False
1789839175.0884,5.20,50.0000,50.0000,50.0000,100.00,100.00,False
1789839175.1860,5.30,50.0000,50.0000,50.0000,100.00,100.00,False
1789839175.2901,5.40,50.0000,50.0000,50.0000,100.00,100.00,False
1789839175.3851,5.50,50.0000,50.0000,50.0000,100.00,100.00,False
1789839175.4865,5.60,50.0000,50.0000,50.0000,100.00,100.00,False
1789839175.5868,5.70,50.0000,50.0000,50.0000,100.00,100.00,False
1789839175.6888,5.80,50.0000,50.0000,50.0000,100.00,100.00,False
1789839175.7862,5.90,50.0000,50.0000,50.0000,100.00,100.00,False
1789839175.8861,6.00,50.0000,50.0000,50.0000,100.00,100.00,False
1789839175.9852,6.10,50.0000,50.0000,50.0000,100.00,100.00,False
1789839176.0904,6.20,50.0000,50.0000,50.0000,100.00,100.00,False
1789839176.1921,6.30,50.0000,50.0000,50.0000,100.00,100.00,False
1789839176.2906,6.40,50.0000,50.0000,50.0000,100.00,100.00,False
1789839176.3885,6.50,50.0000,50.0000,50.0000,100.00,100.00,False
1789839176.4873,6.60,50.0000,50.0000,50.0000,100.00,100.00,False
1789839177.1475,6.70,50.0000,50.0000,50.0000,100.00,100.00,False
1789839177.2453,6.80,50.0000,50.0000,50.0000,100.00,100.00,False
1789839177.3448,6.90,50.0000,50.0000,50.0000,100.00,100.00,False
1789839177.4442,7.00,50.0000,50.0000,50.0000,100.00,100.00,False
1789839177.5413,7.10,50.0000,50.0000,50.0000,100.00,100.00,False
1789839177.6444,7.20,50.0000,50.0000,50.0000,100.00,100.00,False
1789839177.7451,7.30,50.0000,50.0000,50.0000,100.00,100.00,False
1789839177.8450,7.40,50.0000,50.0000,50.0000,100.00,100.00,False
1789839177.9459,7.50,50.0000,50.0000,50.0000,100.00,100.00,False
1789839178.0502,7.60,50.0000,50.0000,50.0000,100.00,100.00,False
1789839178.1445,7.70,50.0000,50.0000,50.0000,100.00,100.00,False
1789839178.2449,7.80,50.0000,50.0000,50.0000,100.00,100.00,False
1789839178.3449,7.90,50.0000,50.0000,50.0000,100.00,100.00,False
1789839178.4455,8.00,50.0000,50.0000,50.0000,100.00,100.00,False
1789839178.5473,8.10,50.0000,50.0000,50.0000,100.00,100.00,False
1789839178.6453,8.20,50.0000,50.0000,50.0000,100.00,100.00,False
1789839178.7457,8.30,50.0000,50.0000,50.0000,100.00,100.00,False
1789839178.8466,8.40,50.0000,50.0000,50.0000,100.00,100.00,False
1789839178.9478,8.50,50.0000,50.0000,50.0000,100.00,100.00,False
1789839179.0412,8.60,50.0000,50.0000,50.0000,100.00,100.00,False
1789839179.1418,8.70,50.0000,50.0000,50.0000,100.00,100.00,False
1789839179.2478,8.80,50.0000,50.0000,50.0000,100.00,100.00,False
1789839179.3540,8.90,50.0000,50.0000,50.0000,100.00,100.00,False
1789839179.4481,9.00,50.0000,50.0000,50.0000,100.00,100.00,False
1789839179.5419,9.10,50.0000,50.0000,50.0000,100.00,100.00,False
1789839179.6485,9.20,50.0000,50.0000,50.0000,100.00,100.00,False
1789839179.7512,9.30,50.0000,50.0000,50.0000,100.00,100.00,False
1789839179.8532,9.40,50.0000,50.0000,50.0000,100.00,100.00,False
1789839179.9505,9.50,50.0000,50.0000,50.0000,100.00,100.00,False
1789839180.0502,9.60,50.0000,50.0000,50.0000,100.00,100.00,False
1789839180.1514,9.70,50.0000,50.0000,50.0000,100.00,100.00,False
1789839180.2527,9.80,50.0000,50.0000,50.0000,100.00,100.00,False
1789839180.3493,9.90,50.0000,50.0000,50.0000,100.00,100.00,False
1789839180.4528,10.00,50.0000,50.0000,50.0000,100.00,100.00,False
1789839180.5978,10.10,49.9700,50.0000,50.0000,100.00,103.00,False
1789839180.6690,10.20,49.9400,50.0000,50.0000,100.00,103.00,False
1789839180.7707,10.30,49.9100,50.0000,50.0000,100.00,103.00,False
1789839180.8676,10.40,49.8800,50.0000,50.0000,100.00,103.00,False
1789839180.9654,10.50,49.8500,50.0000,50.0000,100.00,103.00,False
1789839181.0660,10.60,49.8200,50.0000,50.0000,100.00,103.00,False
1789839181.1838,10.70,49.7900,50.0000,50.0000,100.00,103.00,False
1789839181.2664,10.80,49.7600,49.8500,50.0000,100.00,103.00,False
1789839181.3672,10.90,49.7300,49.8500,50.0000,100.00,103.00,False
1789839181.4650,11.00,49.7000,49.8500,50.0000,100.00,103.00,False
1789839181.5655,11.10,49.6700,49.8500,49.8500,100.00,103.00,False
1789839181.6837,11.20,49.6400,49.7000,49.8500,100.00,103.00,False
1789839181.7640,11.30,49.6100,49.7000,49.8500,100.00,103.00,False
1789839181.8649,11.40,49.5800,49.7000,49.8500,100.00,103.00,False
1789839181.9654,11.50,49.5500,49.7000,49.8500,100.00,103.00,False
1789839182.1027,11.60,49.5200,49.7000,49.7000,100.00,103.00,False
1789839182.1664,11.70,49.4900,49.5800,49.7000,100.00,103.00,False
1789839182.2810,11.80,49.4600,49.5800,49.7000,100.00,103.00,False
1789839182.3621,11.90,49.4350,49.5800,49.7000,100.50,103.00,False
1789839182.4662,12.00,49.4100,49.5800,49.7000,100.50,103.00,False
1789839182.5886,12.10,49.3850,49.4400,49.7000,100.50,103.00,False
1789839182.6628,12.20,49.3600,49.4400,49.4400,100.50,103.00,False
1789839182.7642,12.30,49.3350,49.4400,49.4400,100.50,103.00,False
1789839182.8636,12.40,49.3100,49.4400,49.4400,100.50,103.00,False
1789839182.9661,12.50,49.2850,49.4400,49.4400,100.50,103.00,False
1789839183.0671,12.60,49.2600,49.3400,49.4400,100.50,103.00,False
1789839183.2089,12.70,49.2350,49.3400,49.3400,100.50,103.00,False
1789839183.2657,12.80,49.2150,49.3400,49.3400,101.00,103.00,False
1789839183.3660,12.90,49.1950,49.3400,49.3400,101.00,103.00,False
1789839183.4667,13.00,49.1750,49.3400,49.3400,101.00,103.00,False
1789839183.5670,13.10,49.1550,49.2200,49.3400,101.00,103.00,False
1789839183.6879,13.20,49.1350,49.2200,49.3400,101.00,103.00,False
1789839183.7686,13.30,49.1200,49.2200,49.2200,101.50,103.00,False
1789839183.8749,13.40,49.1050,49.2200,49.2200,101.50,103.00,False
1789839183.9692,13.50,49.0900,49.2200,49.2200,101.50,103.00,False
1789839184.0663,13.60,49.0750,49.1200,49.2200,101.50,103.00,False
1789839184.1866,13.70,49.0600,49.1200,49.2200,101.50,103.00,False
1789839184.2832,13.80,49.0500,49.1200,49.2200,102.00,103.00,False
1789839184.3683,13.90,49.0400,49.1200,49.1200,102.00,103.00,False
1789839184.4794,14.00,49.0300,49.0500,49.1200,102.00,103.00,False
1789839184.5635,14.10,49.0200,49.0500,49.1200,102.00,103.00,False
1789839184.6623,14.20,49.0150,49.0500,49.1200,102.50,103.00,False
1789839184.7837,14.30,49.0100,49.0500,49.1200,102.50,103.00,False
1789839184.8879,14.40,49.0050,49.0500,49.0500,102.50,103.00,False
1789839184.9682,14.50,49.0000,49.0200,49.0500,102.50,103.00,False
1789839185.0826,14.60,48.9950,49.0200,49.0500,102.50,103.00,False
1789839185.1508,14.70,48.9950,49.0200,49.0500,103.00,103.00,False
1789839185.2522,14.80,48.9950,49.0200,49.0500,103.00,103.00,False
1789839185.3523,14.90,48.9950,49.0000,49.0200,103.00,103.00,False
1789839185.4517,15.00,48.9950,49.0000,49.0200,103.00,103.00,False
1789839185.5648,15.10,49.0000,49.0000,49.0200,103.50,103.00,False
1789839185.6653,15.20,49.0050,49.0000,49.0200,103.50,103.00,False
1789839185.7673,15.30,49.0100,49.0000,49.0200,103.50,103.00,False
1789839185.8781,15.40,49.0150,49.0000,49.0000,103.50,103.00,False
1789839185.9730,15.50,49.0200,49.0000,49.0000,103.50,103.00,False
1789839186.0685,15.60,49.0250,49.0000,49.0000,103.50,103.00,False
1789839186.1881,15.70,49.0300,49.0000,49.0000,103.50,103.00,False
1789839186.2751,15.80,49.0350,49.0200,49.0000,103.50,103.00,False
1789839186.3894,15.90,49.0400,49.0200,49.0200,103.50,103.00,False
1789839186.4628,16.00,49.0500,49.0200,49.0200,104.00,103.00,False
1789839186.5683,16.10,49.0600,49.0200,49.0200,104.00,103.00,False
1789839186.6685,16.20,49.0700,49.0200,49.0200,104.00,103.00,False
1789839186.7725,16.30,49.0800,49.0500,49.0200,104.00,103.00,False
1789839186.9090,16.40,49.0900,49.0500,49.0500,104.00,103.00,False
1789839186.9712,16.50,49.1050,49.0500,49.0500,104.50,103.00,False
1789839187.0743,16.60,49.1200,49.0500,49.0500,104.50,103.00,False
1789839187.1912,16.70,49.1350,49.1000,49.0500,104.50,103.00,False
1789839187.2706,16.80,49.1500,49.1000,49.0500,104.50,103.00,False
1789839187.3875,16.90,49.1700,49.1000,49.0500,105.00,103.00,False
1789839187.4746,17.00,49.1900,49.1000,49.1000,105.00,103.00,False
1789839187.5759,17.10,49.2100,49.1000,49.1000,105.00,103.00,False
1789839187.6916,17.20,49.2300,49.1700,49.1000,105.00,103.00,False
1789839187.7704,17.30,49.2500,49.1700,49.1000,105.00,103.00,False
1789839187.8814,17.40,49.2750,49.1700,49.1000,105.50,103.00,False
1789839187.9746,17.50,49.3000,49.1700,49.1000,105.50,103.00,False
1789839188.0752,17.60,49.3250,49.1700,49.1700,105.50,103.00,False
1789839188.1735,17.70,49.3500,49.2800,49.1700,105.50,103.00,False
1789839188.2710,17.80,49.3750,49.2800,49.1700,105.50,103.00,False
1789839188.3723,17.90,49.4050,49.2800,49.1700,106.00,103.00,False
1789839188.4756,18.00,49.4350,49.2800,49.1700,106.00,103.00,False
1789839188.5816,18.10,49.4650,49.2800,49.2800,106.00,103.00,False
1789839188.6722,18.20,49.4950,49.4000,49.2800,106.00,103.00,False
1789839188.7917,18.30,49.5250,49.4000,49.2800,106.00,103.00,False
1789839188.8683,18.40,49.5600,49.4000,49.2800,106.50,103.00,False
1789839188.9743,18.50,49.5950,49.4000,49.2800,106.50,103.00,False
1789839189.1136,18.60,49.6300,49.5600,49.4000,106.50,103.00,False
1789839189.1732,18.70,49.6650,49.5600,49.4000,106.50,103.00,False
1789839189.2917,18.80,49.7000,49.5600,49.4000,106.50,103.00,False
1789839189.3690,18.90,49.7400,49.5600,49.4000,107.00,103.00,False
1789839189.4723,19.00,49.7800,49.5600,49.4000,107.00,103.00,False
1789839189.5806,19.10,49.8200,49.7400,49.4000,107.00,103.00,False
1789839189.6758,19.20,49.8600,49.7400,49.7400,107.00,103.00,False
1789839189.7752,19.30,49.9000,49.7400,49.7400,107.00,103.00,False
1789839189.8723,19.40,49.9400,49.7400,49.7400,107.00,103.00,False
1789839189.9903,19.50,49.9800,49.7400,49.7400,107.00,103.00,False
1789839190.0741,19.60,50.0200,49.9000,49.7400,107.00,103.00,False
1789839190.1959,19.70,50.0600,49.9000,49.9000,107.00,103.00,False
1789839190.2748,19.80,50.1050,49.9000,49.9000,107.50,103.00,False
1789839190.3785,19.90,50.1500,49.9000,49.9000,107.50,103.00,False
1789839190.4935,20.00,50.1950,50.1000,49.9000,107.50,103.00,False
1789839190.5769,20.10,50.2400,50.1000,49.9000,107.50,103.00,False
1789839190.6692,20.20,50.2850,50.1000,49.9000,107.50,103.00,False
1789839190.7753,20.30,50.3300,50.1000,50.1000,107.50,103.00,False
1789839190.8719,20.40,50.3750,50.1000,50.1000,107.50,103.00,False
1789839190.9717,20.50,50.4200,50.2800,50.1000,107.50,103.00,False
1789839191.0740,20.60,50.4650,50.2800,50.1000,107.50,103.00,False
1789839191.1761,20.70,50.5100,50.2800,50.1000,107.50,103.00,False
1789839191.2790,20.80,50.5550,50.2800,50.2800,107.50,103.00,False
1789839191.3947,20.90,50.6000,50.5100,50.2800,107.50,103.00,False
1789839191.4739,21.00,50.6450,50.5100,50.2800,107.50,103.00,False
1789839191.5891,21.10,50.6850,50.5100,50.2800,107.00,103.00,False
1789839191.6772,21.20,50.7250,50.5100,50.2800,107.00,103.00,False
1789839191.7928,21.30,50.7650,50.5100,50.2800,107.00,103.00,False
1789839191.8771,21.40,50.8050,50.6800,50.5100,107.00,103.00,False
1789839191.9754,21.50,50.8450,50.6800,50.5100,107.00,103.00,False
1789839192.0746,21.60,50.8800,50.6800,50.5100,106.50,103.00,False
1789839192.1827,21.70,50.9150,50.6800,50.5100,106.50,103.00,False
1789839192.2819,21.80,50.9500,50.6800,50.5100,106.50,103.00,False
1789839192.3918,21.90,50.9850,50.8800,50.8800,106.50,103.00,False
1789839192.4815,22.00,51.0200,50.8800,50.8800,106.50,103.00,False
1789839192.5802,22.10,51.0550,50.8800,50.8800,106.50,103.00,False
1789839192.6824,22.20,51.0900,50.8800,50.8800,106.50,103.00,False
1789839192.8033,22.30,51.1250,50.8800,50.8800,106.50,103.00,False
1789839192.8791,22.40,51.1600,51.0600,50.8800,106.50,103.00,False
1789839192.9941,22.50,51.1950,51.0600,51.0600,106.50,103.00,False
1789839193.0752,22.60,51.2250,51.0600,51.0600,106.00,103.00,False
1789839193.1745,22.70,51.2550,51.0600,51.0600,106.00,103.00,False
1789839193.2749,22.80,51.2850,51.0600,51.0600,106.00,103.00,False
1789839193.3758,22.90,51.3150,51.2200,51.0600,106.00,103.00,False
1789839193.5182,23.00,51.3450,51.2200,51.2200,106.00,103.00,False
1789839193.5753,23.10,51.3700,51.2200,51.2200,105.50,103.00,False
1789839193.6750,23.20,51.3950,51.2200,51.2200,105.50,103.00,False
1789839193.7948,23.30,51.4200,51.2200,51.2200,105.50,103.00,False
1789839193.8768,23.40,51.4450,51.3700,51.2200,105.50,103.00,False
1789839194.0143,23.50,51.4700,51.3700,51.3700,105.50,103.00,False
1789839194.0770,23.60,51.4900,51.3700,51.3700,105.00,103.00,False
1789839194.1751,23.70,51.5100,51.3700,51.3700,105.00,103.00,False
1789839194.2916,23.80,51.5300,51.4900,51.3700,105.00,103.00,False
1789839194.3777,23.90,51.5500,51.4900,51.3700,105.00,103.00,False
1789839194.4740,24.00,51.5650,51.4900,51.3700,104.50,103.00,False
1789839194.5792,24.10,51.5800,51.4900,51.4900,104.50,103.00,False
1789839194.6955,24.20,51.5950,51.4900,51.4900,104.50,103.00,False
1789839194.7765,24.30,51.6100,51.5600,51.4900,104.50,103.00,False
1789839194.8946,24.40,51.6250,51.5600,51.4900,104.50,103.00,False
1789839194.9745,24.50,51.6350,51.5600,51.4900,104.00,103.00,False
1789839195.0871,24.60,51.6450,51.5600,51.5600,104.00,103.00,False
1789839195.1991,24.70,51.6550,51.5600,51.5600,104.00,103.00,False
1789839195.2765,24.80,51.6650,51.6400,51.5600,104.00,103.00,False
1789839195.3953,24.90,51.6750,51.6400,51.5600,104.00,103.00,False
1789839195.4777,25.00,51.6800,51.6400,51.5600,103.50,103.00,False
1789839195.5991,25.10,51.6850,51.6400,51.5600,103.50,103.00,False
1789839195.6946,25.20,51.6900,51.6400,51.6400,103.50,103.00,False
1789839195.7782,25.30,51.6950,51.6800,51.6400,103.50,103.00,False
1789839195.8755,25.40,51.7000,51.6800,51.6400,103.50,103.00,False
1789839195.9617,25.50,51.7000,51.6800,51.6400,103.00,103.00,False
1789839196.0640,25.60,51.7000,51.6800,51.6400,103.00,103.00,False
1789839196.1817,25.70,51.7000,51.6800,51.6800,103.00,103.00,False
1789839196.2609,25.80,51.7000,51.7000,51.6800,103.00,103.00,False
1789839196.3921,25.90,51.6950,51.7000,51.6800,102.50,103.00,False
1789839196.4775,26.00,51.6900,51.7000,51.6800,102.50,103.00,False
1789839196.5781,26.10,51.6850,51.7000,51.6800,102.50,103.00,False
1789839196.6870,26.20,51.6800,51.7000,51.7000,102.50,103.00,False
1789839196.7805,26.30,51.6750,51.7000,51.7000,102.50,103.00,False
1789839196.8764,26.40,51.6700,51.7000,51.7000,102.50,103.00,False
1789839196.9807,26.50,51.6650,51.7000,51.7000,102.50,103.00,False
1789839197.1074,26.60,51.6600,51.7000,51.7000,102.50,103.00,False
1789839197.1869,26.70,51.6550,51.6700,51.7000,102.50,103.00,False
1789839197.2865,26.80,51.6500,51.6700,51.6700,102.50,103.00,False
1789839197.3839,26.90,51.6400,51.6700,51.6700,102.00,103.00,False
1789839197.4869,27.00,51.6300,51.6700,51.6700,102.00,103.00,False
1789839197.5869,27.10,51.6200,51.6700,51.6700,102.00,103.00,False
1789839197.6855,27.20,51.6100,51.6400,51.6700,102.00,103.00,False
1789839197.7833,27.30,51.6000,51.6400,51.6700,102.00,103.00,False
1789839197.8875,27.40,51.5850,51.6400,51.6400,101.50,103.00,False
1789839197.9891,27.50,51.5700,51.6400,51.6400,101.50,103.00,False
1789839198.0874,27.60,51.5550,51.6400,51.6400,101.50,103.00,False
1789839198.2078,27.70,51.5400,51.5800,51.6400,101.50,103.00,False
1789839198.2876,27.80,51.5250,51.5800,51.6400,101.50,103.00,False
1789839198.4409,27.90,51.5100,51.5800,51.5800,101.50,103.00,False
1789839198.4977,28.00,51.4900,51.5800,51.5800,101.00,103.00,False
1789839198.5970,28.10,51.4700,51.5800,51.5800,101.00,103.00,False
1789839198.7156,28.20,51.4500,51.5100,51.5800,101.00,103.00,False
1789839198.7996,28.30,51.4300,51.5100,51.5800,101.00,103.00,False
1789839198.9200,28.40,51.4100,51.5100,51.5800,101.00,103.00,False
1789839199.0142,28.50,51.3850,51.5100,51.5100,100.50,103.00,False
1789839199.0996,28.60,51.3600,51.5100,51.5100,100.50,103.00,False
1789839199.2191,28.70,51.3350,51.4100,51.5100,100.50,103.00,False
1789839199.2997,28.80,51.3100,51.4100,51.5100,100.50,103.00,False
1789839199.4147,28.90,51.2850,51.4100,51.5100,100.50,103.00,False
1789839199.4979,29.00,51.2550,51.4100,51.5100,100.00,103.00,False
1789839199.6031,29.10,51.2250,51.4100,51.4100,100.00,103.00,False
1789839199.7109,29.20,51.1950,51.4100,51.4100,100.00,103.00,False
1789839199.8018,29.30,51.1650,51.2600,51.4100,100.00,103.00,False
1789839199.9161,29.40,51.1350,51.2600,51.4100,100.00,103.00,False
1789839199.9991,29.50,51.1000,51.2600,51.4100,99.50,103.00,False
1789839200.1204,29.60,51.0650,51.2600,51.2600,99.50,103.00,False
1789839200.2028,29.70,51.0300,51.2600,51.2600,99.50,103.00,False
1789839200.3008,29.80,50.9950,51.1000,51.2600,99.50,103.00,False
1789839200.4029,29.90,50.9600,51.1000,51.2600,99.50,103.00,False
1789839200.4969,30.00,50.9200,51.1000,51.2600,99.00,103.00,False
1789839200.6016,30.10,50.8800,51.1000,51.2600,99.00,103.00,False
1789839200.7344,30.20,50.8400,51.1000,51.1000,99.00,103.00,False
1789839200.7993,30.30,50.8000,50.9200,51.1000,99.00,103.00,False
1789839200.8993,30.40,50.7600,50.9200,51.1000,99.00,103.00,False
1789839200.9971,30.50,50.7150,50.9200,51.1000,98.50,103.00,False
1789839201.1042,30.60,50.6700,50.9200,51.1000,98.50,103.00,False
1789839201.1996,30.70,50.6250,50.9200,51.1000,98.50,103.00,False
1789839201.3213,30.80,50.5800,50.7200,50.7200,98.50,103.00,False
1789839201.4058,30.90,50.5350,50.7200,50.7200,98.50,103.00,False
1789839201.4949,31.00,50.4900,50.7200,50.7200,98.50,103.00,False
1789839201.5948,31.10,50.4450,50.7200,50.7200,98.50,103.00,False
1789839201.7135,31.20,50.4000,50.7200,50.7200,98.50,103.00,False
1789839201.7966,31.30,50.3550,50.4900,50.7200,98.50,103.00,False
1789839201.9168,31.40,50.3100,50.4900,50.4900,98.50,103.00,False
1789839201.9939,31.50,50.2600,50.4900,50.4900,98.00,103.00,False
1789839202.0953,31.60,50.2100,50.4900,50.4900,98.00,103.00,False
1789839202.2176,31.70,50.1600,50.2600,50.4900,98.00,103.00,False
1789839202.2969,31.80,50.1100,50.2600,50.4900,98.00,103.00,False
1789839202.4139,31.90,50.0550,50.2600,50.2600,97.50,103.00,False
1789839202.5000,32.00,50.0000,50.2600,50.2600,97.50,103.00,False
1789839202.5954,32.10,49.9450,50.2600,50.2600,97.50,103.00,False
1789839202.6959,32.20,49.8900,50.0600,50.2600,97.50,103.00,False
1789839202.7999,32.30,49.8350,50.0600,50.2600,97.50,103.00,False
1789839202.8956,32.40,49.7750,50.0600,50.2600,97.00,103.00,False
1789839202.9983,32.50,49.7150,50.0600,50.0600,97.00,103.00,False
1789839203.1150,32.60,49.6550,50.0600,50.0600,97.00,103.00,False
1789839203.1961,32.70,49.5950,49.7800,50.0600,97.00,103.00,False
1789839203.3016,32.80,49.5350,49.7800,50.0600,97.00,103.00,False
1789839203.3960,32.90,49.4750,49.7800,50.0600,97.00,103.00,False
1789839203.5082,33.00,49.4150,49.7800,49.7800,97.00,103.00,False
1789839203.6195,33.10,49.3550,49.4800,49.7800,97.00,103.00,False
1789839203.6972,33.20,49.2950,49.4800,49.7800,97.00,103.00,False
1789839203.8139,33.30,49.2400,49.4800,49.7800,97.50,103.00,False
1789839203.8947,33.40,49.1850,49.4800,49.7800,97.50,103.00,False
1789839203.9993,33.50,49.1300,49.4800,49.7800,97.50,103.00,False
1789839204.1213,33.60,49.0750,49.1800,49.4800,97.50,103.00,False
1789839204.1964,33.70,49.0200,49.1800,49.4800,97.50,103.00,False
1789839204.3029,33.80,48.9700,49.1800,49.4800,98.00,103.00,False
1789839204.3967,33.90,48.9200,49.1800,49.4800,98.00,103.00,False
1789839204.4976,34.00,48.8700,49.1800,49.4800,98.00,103.00,False
1789839204.6006,34.10,48.8200,48.9700,48.9700,98.00,103.00,False
1789839204.6990,34.20,48.7700,48.9700,48.9700,98.00,103.00,False
1789839204.7983,34.30,48.7200,48.9700,48.9700,98.00,103.00,False
1789839204.9014,34.40,48.6700,48.9700,48.9700,98.00,103.00,False
1789839205.0177,34.50,48.6200,48.7200,48.9700,98.00,103.00,False
1789839205.1175,34.60,48.5700,48.7200,48.9700,98.00,103.00,False
1789839205.2046,34.70,48.5250,48.7200,48.7200,98.50,103.00,False
1789839205.2990,34.80,48.4800,48.7200,48.7200,98.50,103.00,False
1789839205.4000,34.90,48.4350,48.7200,48.7200,98.50,103.00,False
1789839205.4963,35.00,48.3900,48.5200,48.7200,98.50,103.00,False
1789839205.6174,35.10,48.3450,48.5200,48.7200,98.50,103.00,False
1789839205.6966,35.20,48.3050,48.5200,48.5200,99.00,103.00,False
1789839205.8002,35.30,48.2650,48.5200,48.5200,99.00,103.00,False
1789839205.9005,35.40,48.2250,48.5200,48.5200,99.00,103.00,False
1789839206.0047,35.50,48.1850,48.3000,48.5200,99.00,103.00,False
1789839206.1205,35.60,48.1450,48.3000,48.5200,99.00,103.00,False
1789839206.2179,35.70,48.1100,48.3000,48.5200,99.50,103.00,False
1789839206.2984,35.80,48.0750,48.3000,48.3000,99.50,103.00,False
1789839206.4164,35.90,48.0400,48.3000,48.3000,99.50,103.00,False
1789839206.5014,36.00,48.0050,48.1100,48.3000,99.50,103.00,False
1789839206.6188,36.10,47.9700,48.1100,48.3000,99.50,103.00,False
1789839206.7013,36.20,47.9400,48.1100,48.3000,100.00,103.00,False
1789839206.8013,36.30,47.9100,48.1100,48.1100,100.00,103.00,False
1789839206.9093,36.40,47.8800,47.9400,48.1100,100.00,103.00,False
1789839206.9984,36.50,47.8500,47.9400,48.1100,100.00,103.00,False
1789839207.0968,36.60,47.8250,47.9400,48.1100,100.50,103.00,False
1789839207.2016,36.70,47.8000,47.9400,48.1100,100.50,103.00,False
1789839207.3032,36.80,47.7750,47.9400,47.9400,100.50,103.00,False
1789839207.3990,36.90,47.7500,47.8200,47.9400,100.50,103.00,False
1789839207.5134,37.00,47.7250,47.8200,47.9400,100.50,103.00,False
1789839207.5976,37.10,47.7050,47.8200,47.9400,101.00,103.00,False
1789839207.7023,37.20,47.6850,47.8200,47.9400,101.00,103.00,False
1789839207.8382,37.30,47.6650,47.7000,47.8200,101.00,103.00,False
1789839207.9002,37.40,47.6450,47.7000,47.8200,101.00,103.00,False
1789839208.0194,37.50,47.6300,47.7000,47.8200,101.50,103.00,False
1789839208.0985,37.60,47.6150,47.7000,47.8200,101.50,103.00,False
1789839208.2060,37.70,47.6000,47.7000,47.8200,101.50,103.00,False
1789839208.3438,37.80,47.5850,47.6200,47.6200,101.50,103.00,False
1789839208.4037,37.90,47.5700,47.6200,47.6200,101.50,103.00,False
1789839208.4991,38.00,47.5550,47.6200,47.6200,101.50,103.00,False
1789839208.6029,38.10,47.5400,47.6200,47.6200,101.50,103.00,False
1789839208.7008,38.20,47.5250,47.6200,47.6200,101.50,103.00,False
1789839208.8016,38.30,47.5100,47.5600,47.6200,101.50,103.00,False
1789839208.9019,38.40,47.4950,47.5600,47.5600,101.50,103.00,False
1789839209.0026,38.50,47.4850,47.5600,47.5600,102.00,103.00,False
1789839209.1049,38.60,47.4750,47.5600,47.5600,102.00,103.00,False
1789839209.2045,38.70,47.4650,47.5600,47.5600,102.00,103.00,False
1789839209.3042,38.80,47.4550,47.4800,47.5600,102.00,103.00,False
1789839209.9988,38.90,47.4450,47.4800,47.4800,102.00,103.00,False
1789839210.0494,39.00,47.4400,47.4800,47.4800,102.50,103.00,False
1789839210.1475,39.10,47.4350,47.4800,47.4800,102.50,103.00,False
1789839210.2696,39.20,47.4300,47.4800,47.4800,102.50,103.00,False
1789839210.3525,39.30,47.4250,47.4400,47.4800,102.50,103.00,False
1789839210.4905,39.40,47.4200,47.4400,47.4800,102.50,103.00,False
1789839210.5333,39.50,47.4200,47.4400,47.4400,103.00,103.00,False
1789839210.6368,39.60,47.4200,47.4400,47.4400,103.00,103.00,False
1789839210.7669,39.70,47.4200,47.4200,47.4400,103.00,103.00,False
1789839210.8396,39.80,47.4200,47.4200,47.4400,103.00,103.00,False
1789839210.9579,39.90,47.4200,47.4200,47.4400,103.00,103.00,False
1789839211.0708,40.00,47.4250,47.4200,47.4400,103.50,103.00,False
1789839211.1552,40.10,47.4300,47.4200,47.4200,103.50,103.00,False
1789839211.2472,40.20,47.4350,47.4200,47.4200,103.50,103.00,False
1789839211.3547,40.30,47.4400,47.4200,47.4200,103.50,103.00,False
1789839211.4708,40.40,47.4450,47.4200,47.4200,103.50,103.00,False
1789839211.5545,40.50,47.4550,47.4200,47.4200,104.00,103.00,False
1789839211.6500,40.60,47.4650,47.4200,47.4200,104.00,103.00,False
1789839211.7585,40.70,47.4750,47.4600,47.4200,104.00,103.00,False
1789839211.8564,40.80,47.4850,47.4600,47.4200,104.00,103.00,False
1789839211.9522,40.90,47.5000,47.4600,47.4200,104.50,103.00,False
1789839212.0554,41.00,47.5150,47.4600,47.4200,104.50,103.00,False
1789839212.1700,41.10,47.5300,47.4600,47.4600,104.50,103.00,False
1789839212.2516,41.20,47.5450,47.5000,47.4600,104.50,103.00,False
1789839212.3488,41.30,47.5600,47.5000,47.4600,104.50,103.00,False
1789839212.4498,41.40,47.5800,47.5000,47.4600,105.00,103.00,False
1789839212.5518,41.50,47.6000,47.5000,47.4600,105.00,103.00,False
1789839212.6689,41.60,47.6200,47.5000,47.4600,105.00,103.00,False
1789839212.7557,41.70,47.6400,47.5800,47.5000,105.00,103.00,False
1789839212.8673,41.80,47.6600,47.5800,47.5000,105.00,103.00,False
1789839212.9503,41.90,47.6850,47.5800,47.5000,105.50,103.00,False
1789839213.0562,42.00,47.7100,47.5800,47.5000,105.50,103.00,False
1789839213.1740,42.10,47.7350,47.5800,47.5000,105.50,103.00,False
1789839213.2551,42.20,47.7600,47.6800,47.6800,105.50,103.00,False
1789839213.3507,42.30,47.7850,47.6800,47.6800,105.50,103.00,False
1789839213.4540,42.40,47.8100,47.6800,47.6800,105.50,103.00,False
1789839213.5568,42.50,47.8350,47.6800,47.6800,105.50,103.00,False
1789839213.6732,42.60,47.8600,47.8100,47.6800,105.50,103.00,False
1789839213.7742,42.70,47.8850,47.8100,47.8100,105.50,103.00,False
1789839213.8541,42.80,47.9150,47.8100,47.8100,106.00,103.00,False
1789839213.9522,42.90,47.9450,47.8100,47.8100,106.00,103.00,False
1789839214.0524,43.00,47.9750,47.8100,47.8100,106.00,103.00,False
1789839214.1530,43.10,48.0050,47.9200,47.8100,106.00,103.00,False
1789839214.2898,43.20,48.0350,47.9200,47.9200,106.00,103.00,False
1789839214.3502,43.30,48.0700,47.9200,47.9200,106.50,103.00,False
1789839214.4519,43.40,48.1050,47.9200,47.9200,106.50,103.00,False
1789839214.5544,43.50,48.1400,47.9200,47.9200,106.50,103.00,False
1789839214.6540,43.60,48.1750,48.0700,47.9200,106.50,103.00,False
1789839214.7722,43.70,48.2100,48.0700,47.9200,106.50,103.00,False
1789839214.8523,43.80,48.2500,48.0700,48.0700,107.00,103.00,False
1789839214.9549,43.90,48.2900,48.0700,48.0700,107.00,103.00,False
1789839215.0864,44.00,48.3300,48.0700,48.0700,107.00,103.00,False
1789839215.1547,44.10,48.3700,48.2500,48.0700,107.00,103.00,False
1789839215.2733,44.20,48.4100,48.2500,48.0700,107.00,103.00,False
1789839215.3692,44.30,48.4550,48.2500,48.2500,107.50,103.00,False
1789839215.4576,44.40,48.5000,48.2500,48.2500,107.50,103.00,False
1789839215.5723,44.50,48.5450,48.2500,48.2500,107.50,103.00,False
1789839215.6529,44.60,48.5900,48.4600,48.2500,107.50,103.00,False
1789839215.7735,44.70,48.6350,48.4600,48.2500,107.50,103.00,False
1789839215.8901,44.80,48.6850,48.4600,48.2500,108.00,103.00,False
1789839215.9556,44.90,48.7350,48.4600,48.4600,108.00,103.00,False
1789839216.0714,45.00,48.7850,48.4600,48.4600,108.00,103.00,False
1789839216.1552,45.10,48.8350,48.6800,48.4600,108.00,103.00,False
1789839216.2733,45.20,48.8850,48.6800,48.4600,108.00,103.00,False
1789839216.3545,45.30,48.9400,48.6800,48.4600,108.50,103.00,False
1789839216.4674,45.40,48.9950,48.6800,48.6800,108.50,103.00,False
1789839216.5727,45.50,49.0500,48.6800,48.6800,108.50,103.00,False
1789839216.6587,45.60,49.1050,48.9400,48.6800,108.50,103.00,False
1789839216.7706,45.70,49.1600,48.9400,48.6800,108.50,103.00,False
1789839216.8534,45.80,49.2200,48.9400,48.6800,109.00,103.00,False
1789839216.9541,45.90,49.2800,48.9400,48.6800,109.00,103.00,False
1789839217.0736,46.00,49.3400,49.2200,48.9400,109.00,103.00,False
1789839217.1535,46.10,49.4000,49.2200,48.9400,109.00,103.00,False
1789839217.2477,46.20,49.4650,49.2200,48.9400,109.50,103.00,False
1789839217.3537,46.30,49.5300,49.2200,48.9400,109.50,103.00,False
1789839217.4915,46.40,49.5950,49.2200,49.2200,109.50,103.00,False
1789839217.5580,46.50,49.6600,49.4600,49.2200,109.50,103.00,False
1789839217.6752,46.60,49.7250,49.4600,49.2200,109.50,103.00,False
1789839217.7534,46.70,49.7950,49.4600,49.2200,110.00,103.00,False
1789839217.8559,46.80,49.8650,49.4600,49.2200,110.00,103.00,False
1789839217.9940,46.90,49.9350,49.8000,49.8000,110.00,103.00,False
1789839218.0554,47.00,50.0050,49.8000,49.8000,110.00,103.00,False
1789839218.1510,47.10,50.0750,49.8000,49.8000,110.00,103.00,False
1789839218.2540,47.20,50.1450,49.8000,49.8000,110.00,103.00,False
1789839218.3703,47.30,50.2150,49.8000,49.8000,110.00,103.00,False
1789839218.4582,47.40,50.2850,50.0800,49.8000,110.00,103.00,False
1789839218.5573,47.50,50.3550,50.0800,50.0800,110.00,103.00,False
1789839218.6573,47.60,50.4250,50.0800,50.0800,110.00,103.00,False
1789839218.7570,47.70,50.4950,50.0800,50.0800,110.00,103.00,False
1789839218.8531,47.80,50.5650,50.3600,50.0800,110.00,103.00,False
1789839218.9549,47.90,50.6350,50.3600,50.0800,110.00,103.00,False
1789839219.0728,48.00,50.7050,50.3600,50.0800,110.00,103.00,False
1789839219.1555,48.10,50.7750,50.3600,50.3600,110.00,103.00,False
1789839219.2695,48.20,50.8450,50.7000,50.3600,110.00,103.00,False
1789839219.3524,48.30,50.9150,50.7000,50.3600,110.00,103.00,False
1789839219.4540,48.40,50.9800,50.7000,50.3600,109.50,103.00,False
1789839219.5593,48.50,51.0450,50.7000,50.3600,109.50,103.00,False
1789839219.6553,48.60,51.1100,50.7000,50.7000,109.50,103.00,False
1789839219.7557,48.70,51.1750,50.9800,50.7000,109.50,103.00,False
1789839219.8530,48.80,51.2400,50.9800,50.7000,109.50,103.00,False
1789839219.9511,48.90,51.3000,50.9800,50.7000,109.00,103.00,False
1789839220.0556,49.00,51.3600,50.9800,50.7000,109.00,103.00,False
1789839220.1793,49.10,51.4200,51.3000,50.7000,109.00,103.00,False
1789839220.2592,49.20,51.4800,51.3000,50.7000,109.00,103.00,False
1789839220.3616,49.30,51.5400,51.3000,50.7000,109.00,103.00,False
1789839220.4600,49.40,51.6000,51.3000,50.7000,109.00,103.00,False
1789839220.5586,49.50,51.6600,51.3000,50.7000,109.00,103.00,False
1789839220.7299,49.60,51.7200,51.7200,51.7200,109.00,103.00,False
1789839220.8500,49.70,51.6900,50.0000,50.0000,100.00,103.00,False
1789839220.8987,49.80,51.6600,50.0000,50.0000,100.00,103.00,False
1789839221.0855,49.90,51.6300,50.0000,50.0000,100.00,103.00,False
1789839221.1374,50.00,51.6000,50.0000,50.0000,100.00,103.00,False
1789839221.2575,50.10,51.5700,51.6600,50.0000,100.00,103.00,False
1789839221.3355,50.20,51.5400,51.6600,50.0000,100.00,103.00,False
1789839221.5691,50.30,51.5100,50.0000,50.0000,100.00,103.00,False
1789839221.6223,50.40,51.4800,50.0000,50.0000,100.00,103.00,False
1789839221.7432,50.50,51.4500,50.0000,50.0000,100.00,103.00,False
1789839221.8230,50.60,51.4200,50.0000,50.0000,100.00,103.00,False
1789839221.9243,50.70,51.3900,50.0000,50.0000,100.00,103.00,False
1789839222.0254,50.80,51.3600,50.0000,50.0000,100.00,103.00,False
1789839222.1259,50.90,51.3300,50.0000,50.0000,100.00,103.00,False
1789839222.2434,51.00,51.3000,51.3900,50.0000,100.00,103.00,False
1789839222.3259,51.10,51.2700,51.3900,50.0000,100.00,103.00,False
1789839222.4220,51.20,51.2400,51.3900,50.0000,100.00,103.00,False
1789839222.5226,51.30,51.2100,51.3900,50.0000,100.00,103.00,False
1789839222.6296,51.40,51.1800,51.3900,50.0000,100.00,103.00,False
1789839222.7462,51.50,51.1500,51.2400,50.0000,100.00,103.00,False
1789839222.8344,51.60,51.1200,51.2400,50.0000,100.00,103.00,False
1789839222.9296,51.70,51.0900,51.2400,50.0000,100.00,103.00,False
1789839223.0267,51.80,51.0600,51.2400,50.0000,100.00,103.00,False
1789839223.1313,51.90,51.0300,51.2400,50.0000,100.00,103.00,False
1789839223.2505,52.00,51.0000,51.2400,50.0000,100.00,103.00,False
1789839223.3351,52.10,50.9700,51.0600,50.0000,100.00,103.00,False
1789839223.4277,52.20,50.9400,51.0300,50.0000,100.00,103.00,False
1789839223.5260,52.30,50.9100,51.0300,50.0000,100.00,103.00,False
1789839223.6282,52.40,50.8800,51.0300,50.0000,100.00,103.00,False
1789839223.7355,52.50,50.8500,51.0300,50.0000,100.00,103.00,False
1789839223.8315,52.60,50.8200,50.9100,50.0000,100.00,103.00,False
1789839223.9230,52.70,50.7900,50.8800,50.0000,100.00,103.00,False
1789839224.0243,52.80,50.7600,50.8800,50.0000,100.00,103.00,False
1789839224.1267,52.90,50.7300,50.8800,50.0000,100.00,103.00,False
1789839224.2351,53.00,50.7000,50.8800,50.0000,100.00,103.00,False
1789839224.3418,53.10,50.6700,50.7600,50.0000,100.00,103.00,False
1789839224.4251,53.20,50.6400,50.7300,50.0000,100.00,103.00,False
1789839224.5235,53.30,50.6100,50.7300,50.0000,100.00,103.00,False
1789839224.6260,53.40,50.5800,50.7300,50.0000,100.00,103.00,False
1789839224.7249,53.50,50.5500,50.7300,50.0000,100.00,103.00,False
1789839224.8239,53.60,50.5200,50.6100,50.0000,100.00,103.00,False
1789839224.9290,53.70,50.4900,50.6100,50.0000,100.00,103.00,False
1789839225.0214,53.80,50.4600,50.6100,50.0000,100.00,103.00,False
1789839225.1267,53.90,50.4300,50.6100,50.0000,100.00,103.00,False
1789839225.2526,54.00,50.4000,50.4600,50.0000,100.00,103.00,False
1789839225.4038,54.10,50.3700,50.4600,50.0000,100.00,103.00,False
1789839225.4553,54.20,50.3400,50.4600,50.0000,100.00,103.00,False
1789839225.7043,54.30,50.3100,50.4600,50.0000,100.00,103.00,False
1789839225.7929,54.40,50.2800,50.3400,50.4600,100.00,103.00,False
1789839225.8918,54.50,50.2500,50.3400,50.4600,100.00,103.00,False
1789839225.9668,54.60,50.2150,50.3400,50.4600,99.50,103.00,False
1789839226.1295,54.70,50.1800,50.3400,50.4600,99.50,103.00,False
1789839226.2861,54.80,50.1450,50.0000,50.0000,99.50,103.00,False
1789839226.4050,54.90,50.1100,50.0000,50.0000,99.50,103.00,False
1789839226.5140,55.00,50.0750,50.0000,50.0000,99.50,103.00,False
1789839226.6236,55.10,50.0400,50.0000,50.0000,99.50,103.00,False
1789839226.8303,55.20,50.0050,49.9800,50.0000,99.50,103.00,False
1789839226.9345,55.30,49.9700,49.9800,50.0000,99.50,103.00,False
1789839227.0607,55.40,49.9350,49.9700,50.0000,99.50,103.00,False
1789839227.1668,55.50,49.9000,49.9700,50.0000,99.50,103.00,False
1789839227.2971,55.60,49.8650,49.9700,50.0000,99.50,103.00,False
1789839227.4086,55.70,49.8300,49.9700,49.9700,99.50,103.00,False
1789839227.5343,55.80,49.7950,49.9700,49.9700,99.50,103.00,False
1789839227.6604,55.90,49.7600,49.8300,49.9700,99.50,103.00,False
1789839227.7637,56.00,49.7250,49.8300,49.9700,99.50,103.00,False
1789839227.8862,56.10,49.6900,49.8300,49.9700,99.50,103.00,False
1789839227.9925,56.20,49.6550,49.8300,49.9400,99.50,103.00,False
1789839228.0981,56.30,49.6200,49.8300,49.9400,99.50,103.00,False
1789839228.2236,56.40,49.5850,49.9400,49.9400,99.50,103.00,False
1789839228.3108,56.50,49.5500,49.9400,49.9400,99.50,103.00,False
1789839228.4414,56.60,49.5150,49.9400,49.9400,99.50,103.00,False
1789839228.5749,56.70,49.4800,49.6900,49.9400,99.50,103.00,False
1789839228.7413,56.80,49.4450,49.5200,49.9400,99.50,103.00,False
1789839228.8500,56.90,49.4100,49.5200,49.9400,99.50,103.00,False
1789839229.1278,57.00,49.3750,49.8700,49.5200,99.50,103.00,False
1789839229.2133,57.10,49.3400,49.8700,49.5200,99.50,103.00,False
1789839229.3186,57.20,49.3050,49.8700,49.5200,99.50,103.00,False
1789839229.4647,57.30,49.2750,49.8600,49.5200,100.00,103.00,False
1789839229.5751,57.40,49.2450,49.8600,49.5200,100.00,103.00,False
1789839229.7129,57.50,49.2150,49.8500,49.8700,100.00,103.00,False
1789839229.8094,57.60,49.1850,49.8500,49.8700,100.00,103.00,False
1789839229.9086,57.70,49.1550,49.2200,49.8700,100.00,103.00,False
1789839230.0062,57.80,49.1250,49.2200,49.8700,100.00,103.00,False
1789839230.1506,57.90,49.0950,49.1800,49.8700,100.00,103.00,False
1789839230.2726,58.00,49.0650,49.1800,49.1800,100.00,103.00,False
1789839230.4023,58.10,49.0350,49.1000,49.1800,100.00,103.00,False
1789839230.4884,58.20,49.0050,49.1000,49.1800,100.00,103.00,False
1789839230.6128,58.30,48.9750,49.1000,49.1800,100.00,103.00,False
1789839230.7242,58.40,48.9450,49.0400,49.1800,100.00,103.00,False
1789839230.8386,58.50,48.9150,48.9800,49.1800,100.00,103.00,False
1789839230.9579,58.60,48.8900,48.9800,49.0400,100.50,103.00,False
1789839231.0659,58.70,48.8650,48.9800,49.0400,100.50,103.00,False
1789839231.1953,58.80,48.8400,48.8900,49.0400,100.50,103.00,False
1789839231.3081,58.90,48.8150,48.8600,49.0400,100.50,103.00,False
1789839231.4223,59.00,48.7900,48.8600,49.0400,100.50,103.00,False
1789839231.5053,59.10,48.7700,48.8600,48.8900,101.00,103.00,False
1789839231.6023,59.20,48.7500,48.8600,48.8900,101.00,103.00,False
1789839231.7441,59.30,48.7300,48.7900,48.8900,101.00,103.00,False
1789839231.8542,59.40,48.7100,49.8800,48.8900,101.00,103.00,False
1789839232.0028,59.50,48.6950,49.8800,48.8900,101.50,103.00,False
1789839232.1147,59.60,48.6800,49.8800,48.7900,101.50,103.00,False
1789839232.2993,59.70,48.6650,49.9200,48.7900,101.50,103.00,True
1789839232.4486,59.80,48.6500,49.9200,48.7900,101.50,103.00,True
1789839232.5386,59.90,48.6400,49.9200,48.7900,102.00,103.00,True
1789839232.6006,60.00,48.6300,49.9200,48.7000,102.00,103.00,True
1789839232.7762,60.10,48.6200,49.9800,48.7000,102.00,103.00,True
1789839232.8696,60.20,48.6100,49.9800,48.7000,102.00,103.00,True
1789839232.9655,60.30,48.6050,49.9800,48.7000,102.50,103.00,True
1789839233.0917,60.40,48.6000,49.9800,48.7000,102.50,103.00,True
1789839233.2390,60.50,48.5950,50.0700,49.9800,102.50,103.00,True
1789839233.3353,60.60,48.5900,50.0700,49.9800,102.50,103.00,True
1789839233.4833,60.70,48.5850,50.0700,49.9800,102.50,103.00,True
1789839233.5931,60.80,48.5800,50.0700,49.9800,102.50,103.00,True
1789839233.7425,60.90,48.5750,50.1400,50.0700,102.50,103.00,True
1789839233.8484,61.00,48.5700,50.1400,50.0700,102.50,103.00,True
1789839233.9527,61.10,48.5650,50.1400,50.0700,102.50,103.00,True
1789839234.0462,61.20,48.5600,50.1700,50.0700,102.50,103.00,True
1789839234.2676,61.30,48.5550,50.2400,50.1700,102.50,103.00,True
1789839234.3767,61.40,48.5500,50.2400,50.1700,102.50,103.00,True
1789839234.4997,61.50,48.5450,48.5600,50.1700,102.50,103.00,True
1789839234.6083,61.60,48.5400,48.5600,50.1700,102.50,103.00,True
1789839234.7141,61.70,48.5350,48.5600,50.1700,102.50,103.00,True
1789839234.8487,61.80,48.5300,48.5600,48.5600,102.50,103.00,True
1789839234.9721,61.90,48.5250,50.4200,48.5600,102.50,103.00,True
1789839235.0979,62.00,48.5200,50.3400,48.5600,102.50,103.00,True
1789839235.1675,62.10,48.5200,50.3400,48.5600,103.00,103.00,True
1789839235.3899,62.20,48.5200,50.3400,50.4200,103.00,103.00,True
1789839235.5213,62.30,48.5200,50.5000,50.4200,103.00,103.00,True
1789839235.7039,62.40,48.5150,50.5200,50.4200,102.50,103.00,True
1789839235.8164,62.50,48.5100,50.5200,50.4200,102.50,103.00,True
1789839235.9635,62.60,48.5050,48.5200,50.5000,102.50,103.00,True
1789839236.1034,62.70,48.5000,48.5100,50.5000,102.50,103.00,True
1789839236.2118,62.80,48.4900,48.5100,50.5000,102.00,103.00,True
1789839236.3232,62.90,48.4800,48.5100,50.5000,102.00,103.00,True
1789839236.4490,63.00,48.4700,48.4900,48.4900,102.00,103.00,True
1789839236.5577,63.10,48.4600,50.7400,48.4900,102.00,103.00,True
1789839236.6047,63.20,48.4500,50.7400,48.4900,102.00,103.00,True
1789839236.7418,63.30,48.4400,50.7400,48.4900,102.00,103.00,True
1789839236.8498,63.40,48.4300,50.7400,48.4900,102.00,103.00,True
1789839236.9971,63.50,48.4200,50.8000,50.8000,102.00,103.00,True
1789839237.0961,63.60,48.4150,50.8000,50.8000,102.50,103.00,True
1789839237.1984,63.70,48.4100,50.8000,50.8000,102.50,103.00,True
1789839237.3245,63.80,48.4050,50.8000,50.8000,102.50,103.00,True
1789839237.6515,63.90,48.4000,48.4400,50.8800,102.50,103.00,True
1789839237.7414,64.00,48.3900,48.4400,50.8800,102.00,103.00,True
1789839237.8487,64.10,48.3800,48.4400,50.8800,102.00,103.00,True
1789839237.9849,64.20,48.3700,51.0000,50.8800,102.00,103.00,True
1789839238.1411,64.30,48.3600,51.0200,51.0000,102.00,103.00,True
1789839238.2146,64.40,48.3450,51.0200,51.0000,101.50,103.00,True
1789839238.2963,64.50,48.3300,51.0200,51.0000,101.50,103.00,True
1789839238.4826,64.60,48.3150,51.0000,51.0000,101.50,103.00,True
1789839238.5890,64.70,48.3000,51.0000,51.0000,101.50,103.00,True
1789839238.6599,64.80,48.2800,51.0000,48.3400,101.00,103.00,True
1789839238.7451,64.90,48.2600,51.0000,48.3400,101.00,103.00,True
1789839238.8703,65.00,48.2400,48.2800,48.3400,101.00,103.00,True
1789839238.9697,65.10,48.2200,50.9200,48.3400,101.00,103.00,True
1789839239.0697,65.20,48.2000,50.9200,48.3400,101.00,103.00,True
1789839239.1627,65.30,48.1850,50.9200,48.3400,101.50,103.00,True
1789839239.2475,65.40,48.1700,50.9200,48.2800,101.50,103.00,True
1789839239.3609,65.50,48.1550,50.9200,48.2800,101.50,103.00,True
1789839239.4478,65.60,48.1400,48.1800,48.2800,101.50,103.00,True
1789839239.5651,65.70,48.1250,48.1800,48.2800,101.50,103.00,True
1789839239.6468,65.80,48.1150,48.1800,48.2800,102.00,103.00,True
1789839239.7772,65.90,48.1050,48.1800,48.1800,102.00,103.00,True
1789839239.8849,66.00,48.0950,48.1200,48.1800,102.00,103.00,True
1789839239.9687,66.10,48.0850,48.1200,48.1800,102.00,103.00,True
1789839240.0492,66.20,48.0750,48.1200,48.1800,102.00,103.00,True
1789839240.1619,66.30,48.0700,48.1200,48.1800,102.50,103.00,True
1789839240.2463,66.40,48.0650,48.1200,48.1800,102.50,103.00,True
1789839240.3856,66.50,48.0600,50.7200,48.1200,102.50,103.00,True
1789839240.4849,66.60,48.0550,48.0600,48.1200,102.50,103.00,True
1789839240.5676,66.70,48.0500,48.0600,48.1200,102.50,103.00,True
1789839240.6679,66.80,48.0500,48.0600,48.1200,103.00,103.00,True
1789839240.8130,66.90,48.0500,48.0600,48.1200,103.00,103.00,True
1789839240.9285,67.00,48.0500,48.0500,48.0600,103.00,103.00,True
1789839240.9867,67.10,48.0500,48.0500,48.0600,103.00,103.00,True
1789839241.0945,67.20,48.0550,48.0500,48.0600,103.50,103.00,True
1789839241.1790,67.30,48.0600,48.0500,48.0600,103.50,103.00,True
1789839241.3048,67.40,48.0650,48.0500,48.0600,103.50,103.00,True
1789839241.4100,67.50,48.0700,50.7100,50.7100,103.50,103.00,True
1789839241.4873,67.60,48.0750,50.7100,50.7100,103.50,103.00,True
1789839241.5844,67.70,48.0800,50.7100,50.7100,103.50,103.00,True
1789839241.6820,67.80,48.0850,50.7100,50.7100,103.50,103.00,True
1789839241.8150,67.90,48.0900,48.0800,50.7100,103.50,103.00,True
1789839241.9105,68.00,48.0950,48.0800,48.0800,103.50,103.00,True
1789839242.0051,68.10,48.0950,48.0800,48.0800,103.00,103.00,True
1789839242.0846,68.20,48.0950,48.0800,48.0800,103.00,103.00,True
1789839242.8082,68.30,48.0950,48.0800,48.0800,103.00,103.00,True
1789839242.8742,68.40,48.0950,48.1000,48.0800,103.00,103.00,True
1789839242.9938,68.50,48.0950,48.1000,48.0800,103.00,103.00,True
1789839243.1159,68.60,48.1000,48.1000,48.1000,103.50,103.00,True
1789839243.1937,68.70,48.1050,48.1000,48.1000,103.50,103.00,True
1789839243.2999,68.80,48.1100,50.7500,48.1000,103.50,103.00,True
1789839243.3944,68.90,48.1150,48.1000,48.1000,103.50,103.00,True
1789839243.5136,69.00,48.1200,48.1000,48.1000,103.50,103.00,True
1789839243.5914,69.10,48.1300,48.1000,48.1000,104.00,103.00,True
1789839243.6979,69.20,48.1400,48.1000,48.1000,104.00,103.00,True
1789839243.7983,69.30,48.1500,50.7800,48.1000,104.00,103.00,True
1789839243.8957,69.40,48.1600,50.7800,48.1000,104.00,103.00,True
1789839243.9959,69.50,48.1750,50.7800,48.1000,104.50,103.00,True
1789839244.0976,69.60,48.1900,50.7800,48.1000,104.50,103.00,True
1789839244.1954,69.70,48.2050,50.7800,50.7800,104.50,103.00,True
1789839244.2965,69.80,48.2200,50.8300,50.7800,104.50,103.00,True
1789839244.4068,69.90,48.2350,50.8300,50.7800,104.50,103.00,True
1789839244.4920,70.00,48.2450,50.8300,50.7800,104.00,103.00,True
1789839244.5969,70.10,48.2550,50.8300,50.7800,104.00,103.00,True
1789839244.7986,70.20,48.2650,50.9000,50.8300,104.00,103.00,True
1789839244.8545,70.30,48.2750,50.9000,50.8300,104.00,103.00,True
1789839244.9463,70.40,48.2800,50.9000,50.8300,103.50,103.00,True
1789839245.0525,70.50,48.2850,50.9000,50.8300,103.50,103.00,True
1789839245.1924,70.60,48.2900,50.9000,50.9000,103.50,103.00,True
1789839245.2761,70.70,48.2950,50.9400,50.9000,103.50,103.00,True
1789839245.3542,70.80,48.3000,50.9400,50.9000,103.50,103.00,True
1789839245.4538,70.90,48.3000,50.9400,50.9000,103.00,103.00,True
1789839245.5615,71.00,48.3000,50.9400,50.9000,103.00,103.00,True
1789839245.6973,71.10,48.3000,48.3000,48.3000,103.00,103.00,True
1789839245.7776,71.20,48.3000,48.3000,48.3000,103.00,103.00,True
1789839245.8665,71.30,48.3000,48.3000,48.3000,103.00,103.00,True
1789839245.9598,71.40,48.3000,48.3000,48.3000,103.00,103.00,True
1789839246.0556,71.50,48.3000,48.3000,48.3000,103.00,103.00,True
1789839246.1700,71.60,48.3000,50.9600,48.3000,103.00,103.00,True
1789839246.2828,71.70,48.3000,50.9600,48.3000,103.00,103.00,True
1789839246.3693,71.80,48.3050,50.9600,50.9600,103.50,103.00,True
1789839246.4545,71.90,48.3100,50.9600,50.9600,103.50,103.00,True
1789839246.5594,72.00,48.3150,50.9600,50.9600,103.50,103.00,True
1789839246.7119,72.10,48.3200,48.3100,50.9600,103.50,103.00,True
1789839246.8264,72.20,48.3250,48.3100,50.9700,103.50,103.00,True
1789839246.9675,72.30,48.3250,48.3100,50.9700,103.00,103.00,True
1789839247.0303,72.40,48.3250,48.3100,50.9700,103.00,103.00,True
1789839247.1234,72.50,48.3250,50.9800,50.9700,103.00,103.00,True
1789839247.2602,72.60,48.3250,50.9800,50.9700,103.00,103.00,True
1789839247.3189,72.70,48.3200,50.9800,50.9700,102.50,103.00,True
1789839247.4245,72.80,48.3150,50.9800,50.9800,102.50,103.00,True
1789839247.5199,72.90,48.3100,50.9800,50.9800,102.50,103.00,True
1789839247.6206,73.00,48.3050,50.9800,50.9800,102.50,103.00,True
1789839247.7452,73.10,48.3000,50.9800,50.9800,102.50,103.00,True
1789839247.8177,73.20,48.2900,50.9800,50.9800,102.00,103.00,True
1789839247.9231,73.30,48.2800,50.9800,50.9800,102.00,103.00,True
1789839248.0835,73.40,48.2700,50.9500,50.9800,102.00,103.00,True
1789839248.1568,73.50,48.2600,50.9500,50.9800,102.00,103.00,True
1789839248.2764,73.60,48.2450,50.9500,50.9800,101.50,103.00,True
1789839248.3586,73.70,48.2300,50.9500,50.9800,101.50,103.00,True
1789839248.4797,73.80,48.2150,50.9500,50.9500,101.50,103.00,True
1789839248.5439,73.90,48.2000,48.2400,50.9500,101.50,103.00,True
1789839248.6333,74.00,48.1850,48.2400,50.9500,101.50,103.00,True
1789839248.7555,74.10,48.1700,48.2400,50.9500,101.50,103.00,True
1789839248.8419,74.20,48.1500,48.2400,50.9500,101.00,103.00,True
1789839248.9539,74.30,48.1300,48.2400,50.9500,101.00,103.00,True
1789839249.1190,74.40,48.1100,50.8000,48.2400,101.00,103.00,True
1789839249.1763,74.50,48.0900,50.8000,48.2400,101.00,103.00,True
1789839249.2728,74.60,48.0750,50.8000,48.2400,101.50,103.00,True
1789839249.3795,74.70,48.0600,50.8000,48.2400,101.50,103.00,True
1789839249.4756,74.80,48.0450,50.7400,48.2400,101.50,103.00,True
1789839249.6141,74.90,48.0300,50.7300,50.8000,101.50,103.00,True
1789839249.6663,75.00,48.0150,50.7300,50.8000,101.50,103.00,True
1789839249.7674,75.10,47.9950,50.7300,50.8000,101.00,103.00,True
1789839249.8933,75.20,47.9750,50.7300,50.8000,101.00,103.00,True
1789839249.9972,75.30,47.9550,50.6700,50.8000,101.00,103.00,True
1789839250.0897,75.40,47.9350,50.6500,50.6500,101.00,103.00,True
1789839250.1745,75.50,47.9150,50.6500,50.6500,101.00,103.00,True
1789839250.2703,75.60,47.8950,50.6500,50.6500,101.00,103.00,True
1789839250.3734,75.70,47.8750,50.5900,50.6500,101.00,103.00,True
1789839250.4963,75.80,47.8550,50.5900,50.6500,101.00,103.00,True
1789839250.5706,75.90,47.8350,50.5500,50.6500,101.00,103.00,True
1789839250.6932,76.00,47.8150,50.5500,50.5500,101.00,103.00,True
1789839250.7875,76.10,47.7900,50.5500,50.5500,100.50,103.00,True
1789839250.8709,76.20,47.7650,47.8400,50.5500,100.50,103.00,True
1789839250.9763,76.30,47.7400,47.7900,50.5500,100.50,103.00,True
1789839251.0684,76.40,47.7150,47.7900,50.5500,100.50,103.00,True
1789839251.1845,76.50,47.6900,47.7900,47.7900,100.50,103.00,True
1789839251.2870,76.60,47.6600,50.3900,47.7900,100.00,103.00,True
1789839251.3757,76.70,47.6300,50.3900,47.7900,100.00,103.00,True
1789839251.4687,76.80,47.6000,50.3400,47.7900,100.00,103.00,True
1789839251.5739,76.90,47.5700,50.3400,47.7900,100.00,103.00,True
1789839251.7137,77.00,47.5450,50.2400,50.3400,100.50,103.00,True
1789839251.7765,77.10,47.5200,50.2400,50.3400,100.50,103.00,True
1789839251.8875,77.20,47.4950,50.2400,50.3400,100.50,103.00,True
1789839251.9734,77.30,47.4700,47.5400,50.3400,100.50,103.00,True
1789839252.0940,77.40,47.4400,47.5400,50.3400,100.00,103.00,True
1789839252.2222,77.50,47.4100,50.1400,47.5400,100.00,103.00,True
1789839252.2698,77.60,47.3800,50.1400,47.5400,100.00,103.00,True
1789839252.3901,77.70,47.3500,50.0800,47.5400,100.00,103.00,True
1789839252.4742,77.80,47.3200,50.0800,47.5400,100.00,103.00,True
1789839252.5909,77.90,47.2950,50.0800,47.5400,100.50,103.00,True
1789839252.6773,78.00,47.2700,47.3500,47.5400,100.50,103.00,True
1789839252.7945,78.10,47.2450,47.3500,50.0800,100.50,103.00,True
1789839252.8733,78.20,47.2200,49.9400,50.0800,100.50,103.00,True
1789839252.9756,78.30,47.1950,49.9400,50.0800,100.50,103.00,True
1789839253.0772,78.40,47.1700,49.8900,50.0800,100.50,103.00,True
1789839253.1720,78.50,47.1450,49.8900,50.0800,100.50,103.00,True
1789839253.3331,78.60,47.1200,49.8400,49.8400,100.50,103.00,True
1789839253.3901,78.70,47.0950,49.8400,49.8400,100.50,103.00,True
1789839253.5158,78.80,47.0700,49.7900,49.8400,100.50,103.00,True
1789839253.5835,78.90,47.0450,49.7900,49.8400,100.50,103.00,True
1789839253.7123,79.00,47.0200,49.7400,49.8400,100.50,103.00,True
1789839253.7957,79.10,46.9950,49.7400,49.8400,100.50,103.00,True
1789839253.9009,79.20,46.9700,49.7400,49.7400,100.50,103.00,True
1789839253.9904,79.30,46.9450,49.6600,49.7400,100.50,103.00,True
1789839254.0898,79.40,46.9200,49.6600,49.7400,100.50,103.00,True
1789839254.1873,79.50,46.8950,49.6200,49.7400,100.50,103.00,True
1789839254.2905,79.60,46.8700,49.6200,49.7400,100.50,103.00,True
1789839254.4230,79.70,46.8500,49.6200,49.7400,101.00,103.00,True
1789839254.5104,79.80,46.8300,49.5400,49.6200,101.00,103.00,True
1789839254.5943,79.90,46.8100,49.5400,49.6200,101.00,103.00,True
1789839254.6955,80.00,46.7900,49.5000,49.6200,101.00,103.00,True
1789839254.7888,80.10,46.7700,49.5000,49.6200,101.00,103.00,True
1789839254.9702,80.20,46.7550,46.7900,49.5000,101.50,103.00,True
1789839255.0474,80.30,46.7400,46.7900,49.5000,101.50,103.00,True
1789839255.1646,80.40,46.7250,46.7900,49.5000,101.50,103.00,True
1789839255.2504,80.50,46.7100,46.7600,49.5000,101.50,103.00,True
1789839255.3648,80.60,46.6950,46.7600,49.5000,101.50,103.00,True
1789839255.4437,80.70,46.6850,46.7600,49.5000,102.00,103.00,True
1789839255.5875,80.80,46.6750,46.7200,46.7600,102.00,103.00,True
1789839255.6606,80.90,46.6650,46.7200,46.7600,102.00,103.00,True
1789839255.7640,81.00,46.6550,46.6800,46.7600,102.00,103.00,True
1789839255.9122,81.10,46.6450,46.6800,46.7600,102.00,103.00,True
1789839255.9894,81.20,46.6400,46.6600,46.7600,102.50,103.00,True
1789839256.0922,81.30,46.6350,46.6600,46.6800,102.50,103.00,True
1789839256.1869,81.40,46.6300,46.6600,46.6800,102.50,103.00,True
1789839256.2665,81.50,46.6250,46.6400,46.6800,102.50,103.00,True
1789839256.3861,81.60,46.6200,46.6400,46.6800,102.50,103.00,True
1789839256.4890,81.70,46.6200,49.2700,46.6800,103.00,103.00,True
1789839256.5690,81.80,46.6200,49.2700,46.6800,103.00,103.00,True
1789839256.6939,81.90,46.6200,49.2700,46.6400,103.00,103.00,True
1789839256.7871,82.00,46.6200,46.6200,46.6400,103.00,103.00,True
1789839256.8829,82.10,46.6200,46.6200,46.6400,103.00,103.00,True
1789839256.9661,82.20,46.6250,46.6200,46.6400,103.50,103.00,True
1789839257.0681,82.30,46.6300,46.6200,46.6400,103.50,103.00,True
1789839257.1945,82.40,46.6350,46.6200,46.6200,103.50,103.00,True
1789839257.2678,82.50,46.6400,46.6200,46.6200,103.50,103.00,True
1789839257.3838,82.60,46.6450,49.2800,46.6200,103.50,103.00,True
1789839257.4677,82.70,46.6500,49.2800,46.6200,103.50,103.00,True
1789839257.5653,82.80,46.6550,49.2800,46.6200,103.50,103.00,True
1789839257.6842,82.90,46.6600,46.6400,46.6200,103.50,103.00,True
1789839257.7853,83.00,46.6650,46.6400,46.6400,103.50,103.00,True
1789839257.8745,83.10,46.6750,46.6600,46.6400,104.00,103.00,True
1789839257.9662,83.20,46.6850,46.6600,46.6400,104.00,103.00,True
1789839258.0847,83.30,46.6950,46.6800,46.6400,104.00,103.00,True
1789839258.1705,83.40,46.7050,46.6800,46.6400,104.00,103.00,True
1789839258.2815,83.50,46.7200,46.6800,46.6800,104.50,103.00,True
1789839258.3665,83.60,46.7350,46.7000,46.6800,104.50,103.00,True
1789839258.4649,83.70,46.7500,46.7000,46.6800,104.50,103.00,True
1789839258.5708,83.80,46.7650,49.3600,46.6800,104.50,103.00,True
1789839258.6679,83.90,46.7800,49.3600,46.6800,104.50,103.00,True
1789839258.8031,84.00,46.7950,49.4000,49.3600,104.50,103.00,True
1789839258.8704,84.10,46.8150,49.4000,49.3600,105.00,103.00,True
1789839258.9668,84.20,46.8350,49.4000,49.3600,105.00,103.00,True
1789839259.0656,84.30,46.8550,49.4000,49.3600,105.00,103.00,True
1789839259.1681,84.40,46.8750,49.4600,49.3600,105.00,103.00,True
1789839259.2918,84.50,46.8950,46.8400,49.4600,105.00,103.00,True
1789839259.3635,84.60,46.9200,46.8400,49.4600,105.50,103.00,True
1789839259.4847,84.70,46.9450,46.8400,49.4600,105.50,103.00,True
1789839259.6083,84.80,46.9700,46.8400,49.4600,105.50,103.00,True
1789839259.6900,84.90,46.9950,49.5400,49.4600,105.50,103.00,True
1789839259.7867,85.00,47.0200,49.5700,49.4600,105.50,103.00,True
1789839259.8872,85.10,47.0500,49.5700,49.5400,106.00,103.00,True
1789839259.9672,85.20,47.0800,49.5700,49.5400,106.00,103.00,True
1789839260.0873,85.30,47.1100,49.5700,49.5400,106.00,103.00,True
1789839260.1683,85.40,47.1400,49.6800,49.5400,106.00,103.00,True
1789839260.2855,85.50,47.1700,47.0800,49.5400,106.00,103.00,True
1789839260.3889,85.60,47.2050,47.0800,49.6800,106.50,103.00,True
1789839260.4695,85.70,47.2400,47.0800,49.6800,106.50,103.00,True
1789839260.5758,85.80,47.2750,49.8000,49.6800,106.50,103.00,True
1789839260.7029,85.90,47.3100,49.8000,49.6800,106.50,103.00,True
1789839260.7757,86.00,47.3500,49.8700,49.6800,107.00,103.00,True
1789839260.8871,86.10,47.3900,49.8700,49.6800,107.00,103.00,True
1789839260.9880,86.20,47.4300,49.8700,49.8000,107.00,103.00,True
1789839261.0740,86.30,47.4700,49.9800,49.8000,107.00,103.00,True
1789839261.1632,86.40,47.5100,50.0200,49.8000,107.00,103.00,True
1789839261.2714,86.50,47.5500,50.0200,49.8000,107.00,103.00,True
1789839261.3697,86.60,47.5900,50.0200,49.8000,107.00,103.00,True
1789839261.4967,86.70,47.6300,50.1400,49.9800,107.00,103.00,True
1789839261.5898,86.80,47.6700,47.5900,49.9800,107.00,103.00,True
1789839261.6697,86.90,47.7100,47.5900,49.9800,107.00,103.00,True
1789839261.7698,87.00,47.7500,47.5900,49.9800,107.00,103.00,True
1789839261.8728,87.10,47.7900,47.5900,49.9800,107.00,103.00,True
1789839261.9926,87.20,47.8300,50.3400,50.3400,107.00,103.00,True
1789839262.1197,87.30,47.8700,50.3800,50.3400,107.00,103.00,True
1789839262.1743,87.40,47.9100,50.3800,50.3400,107.00,103.00,True
1789839262.2714,87.50,47.9500,50.3800,50.3400,107.00,103.00,True
1789839262.3754,87.60,47.9900,50.3800,50.3400,107.00,103.00,True
1789839262.4927,87.70,48.0300,50.5400,50.3400,107.00,103.00,True
1789839262.6079,87.80,48.0700,50.5800,50.5400,107.00,103.00,True
1789839262.6806,87.90,48.1050,50.5800,50.5400,106.50,103.00,True
1789839262.7690,88.00,48.1400,50.5800,50.5400,106.50,103.00,True
1789839262.8955,88.10,48.1750,48.1000,50.5400,106.50,103.00,True
1789839262.9799,88.20,48.2100,48.1000,50.5400,106.50,103.00,True
1789839263.1165,88.30,48.2400,50.7700,48.1000,106.00,103.00,True
1789839263.1958,88.40,48.2700,50.7700,48.1000,106.00,103.00,True
1789839263.2756,88.50,48.3000,50.7700,48.1000,106.00,103.00,True
1789839263.3932,88.60,48.3300,50.8700,48.1000,106.00,103.00,True
1789839263.4732,88.70,48.3600,50.8700,48.1000,106.00,103.00,True
1789839263.5939,88.80,48.3950,50.9300,48.1000,106.50,103.00,True
1789839263.6950,88.90,48.4300,50.9300,50.8700,106.50,103.00,True
1789839263.7728,89.00,48.4650,50.9300,50.8700,106.50,103.00,True
1789839263.8810,89.10,48.5000,48.4000,50.8700,106.50,103.00,True
1789839263.9959,89.20,48.5350,48.4600,50.8700,106.50,103.00,True
1789839264.0923,89.30,48.5650,48.4600,50.8700,106.00,103.00,True
1789839264.1902,89.40,48.5950,48.4600,48.4000,106.00,103.00,True
1789839264.2758,89.50,48.6250,48.4600,48.4000,106.00,103.00,True
1789839264.4043,89.60,48.6550,51.2000,48.4000,106.00,103.00,True
1789839264.4723,89.70,48.6850,51.2200,48.4000,106.00,103.00,True
1789839264.5860,89.80,48.7200,51.2200,48.4000,106.50,103.00,True
1789839264.6738,89.90,48.7550,51.2200,48.4000,106.50,103.00,True
1789839264.7772,90.00,48.7900,51.2200,51.2000,106.50,103.00,True
1789839264.8966,90.10,48.8250,48.7600,51.2000,106.50,103.00,True
1789839264.9769,90.20,48.8600,48.7600,51.2000,106.50,103.00,True
1789839265.0795,90.30,48.8900,48.7600,51.2000,106.00,103.00,True
1789839265.1784,90.40,48.9200,48.7600,51.2000,106.00,103.00,True
1789839265.2793,90.50,48.9500,48.7600,51.3500,106.00,103.00,True
1789839265.3896,90.60,48.9800,51.5200,51.3500,106.00,103.00,True
1789839265.4781,90.70,49.0100,51.5200,51.3500,106.00,103.00,True
1789839265.5920,90.80,49.0400,51.5200,51.3500,106.00,103.00,True
1789839265.6732,90.90,49.0650,51.5200,51.3500,105.50,103.00,True
1789839265.8198,91.00,49.0900,51.5200,51.5200,105.50,103.00,True
1789839265.9029,91.10,49.1150,49.0600,51.5200,105.50,103.00,True
1789839265.9813,91.20,49.1400,49.0600,51.5200,105.50,103.00,True
1789839266.0925,91.30,49.1600,49.0600,51.5200,105.00,103.00,True
1789839266.1933,91.40,49.1800,49.0600,51.5200,105.00,103.00,True
1789839266.3404,91.50,49.2000,49.1600,49.0600,105.00,103.00,True
1789839266.4148,91.60,49.2200,49.1600,49.0600,105.00,103.00,True
1789839266.5151,91.70,49.2450,49.1600,49.0600,105.50,103.00,True
1789839266.5939,91.80,49.2700,49.1600,49.0600,105.50,103.00,True
1789839266.6969,91.90,49.2950,49.1600,49.0600,105.50,103.00,True
1789839266.8182,92.00,49.3200,51.8600,49.0600,105.50,103.00,True
1789839266.9175,92.10,49.3450,51.8600,51.8600,105.50,103.00,True
1789839266.9902,92.20,49.3700,51.8600,51.8600,105.50,103.00,True
1789839267.0947,92.30,49.3950,51.8600,51.8600,105.50,103.00,True
1789839267.2136,92.40,49.4200,49.3700,51.8600,105.50,103.00,True
1789839267.2957,92.50,49.4450,49.3700,51.8600,105.50,103.00,True
1789839267.4296,92.60,49.4700,49.3700,51.8600,105.50,103.00,True
1789839267.5011,92.70,49.4900,49.3700,49.3700,105.00,103.00,True
1789839267.6239,92.80,49.5100,49.3700,49.3700,105.00,103.00,True
1789839267.7163,92.90,49.5300,49.4900,49.3700,105.00,103.00,True
1789839267.7929,93.00,49.5500,49.4900,49.3700,105.00,103.00,True
1789839267.9178,93.10,49.5750,49.4900,49.3700,105.50,103.00,True
1789839267.9992,93.20,49.6000,49.4900,49.3700,105.50,103.00,True
1789839268.1168,93.30,49.6250,52.1600,49.3700,105.50,103.00,True
1789839268.2151,93.40,49.6500,52.1900,49.3700,105.50,103.00,True
1789839268.2960,93.50,49.6750,52.1900,49.3700,105.50,103.00,True
1789839268.3941,93.60,49.7000,52.1900,49.3700,105.50,103.00,True
1789839268.4969,93.70,49.7250,52.1900,49.3700,105.50,103.00,True
1789839268.8003,93.80,49.6950,52.2900,50.0000,100.00,103.00,False
1789839268.9389,93.90,49.6650,52.2900,50.0000,100.00,103.00,False
1789839269.0210,94.00,49.6350,52.2900,50.0000,100.00,103.00,False
1789839269.0992,94.10,49.6050,52.2900,50.0000,100.00,103.00,False
1789839269.1929,94.20,49.5750,52.2900,50.0000,100.00,103.00,False
1789839269.3149,94.30,49.5450,49.5450,49.5450,100.00,103.00,False
1789839269.4992,94.40,49.5150,50.0000,50.0000,100.00,103.00,False
1789839269.5511,94.50,49.4850,50.0000,50.0000,100.00,103.00,False
1789839269.6746,94.60,49.4550,50.0000,50.0000,100.00,103.00,False
1789839269.7875,94.70,49.4250,49.5200,50.0000,100.00,103.00,False
1789839269.8688,94.80,49.3950,52.1900,50.0000,100.00,103.00,False
1789839269.9504,94.90,49.3650,52.1900,50.0000,100.00,103.00,False
1789839270.0578,95.00,49.3350,52.1900,50.0000,100.00,103.00,False
1789839270.1570,95.10,49.3050,52.1900,50.0000,100.00,103.00,False
1789839270.2786,95.20,49.2750,52.0700,50.0000,100.00,103.00,False
1789839270.3553,95.30,49.2450,49.3400,50.0000,100.00,103.00,False
1789839270.4494,95.40,49.2150,49.3400,50.0000,100.00,103.00,False
1789839270.5601,95.50,49.1850,49.3400,50.0000,100.00,103.00,False
1789839270.6719,95.60,49.1550,49.3400,50.0000,100.00,103.00,False
1789839270.8153,95.70,49.1250,49.1800,50.0000,100.00,103.00,False
1789839270.8921,95.80,49.0950,49.1800,50.0000,100.00,103.00,False
1789839271.0103,95.90,49.0650,49.1800,50.0000,100.00,103.00,False
1789839271.0883,96.00,49.0350,49.1800,50.0000,100.00,103.00,False
1789839271.2305,96.10,49.0050,51.8000,50.0000,100.00,103.00,False
1789839271.3613,96.20,48.9750,49.0400,50.0000,100.00,103.00,False
1789839271.4402,96.30,48.9450,49.0400,50.0000,100.00,103.00,False
1789839271.5316,96.40,48.9150,49.0400,50.0000,100.00,103.00,False
1789839271.6630,96.50,48.8850,49.0400,50.0000,100.00,103.00,False
1789839271.7739,96.60,48.8550,48.9200,50.0000,100.00,103.00,False
1789839271.8462,96.70,48.8250,48.9200,50.0000,100.00,103.00,False
1789839271.9469,96.80,48.7950,48.9200,50.0000,100.00,103.00,False
1789839272.1110,96.90,48.7650,48.9200,50.0000,100.00,103.00,False
1789839272.1642,97.00,48.7350,51.5300,50.0000,100.00,103.00,False
1789839272.2832,97.10,48.7050,51.5000,50.0000,100.00,103.00,False
1789839272.3659,97.20,48.6750,51.5000,50.0000,100.00,103.00,False
1789839272.4652,97.30,48.6450,51.5000,50.0000,100.00,103.00,False
1789839272.5655,97.40,48.6150,51.5000,50.0000,100.00,103.00,False
1789839272.6678,97.50,48.5850,48.6800,50.0000,100.00,103.00,False
1789839272.8058,97.60,48.5550,51.4100,50.0000,100.00,103.00,False
1789839272.8672,97.70,48.5250,51.4100,50.0000,100.00,103.00,False
1789839272.9644,97.80,48.4950,51.4100,50.0000,100.00,103.00,False
1789839273.0954,97.90,48.4650,51.4100,50.0000,100.00,103.00,False
1789839273.2147,98.00,48.4350,51.2300,50.0000,100.00,103.00,False
1789839273.3520,98.10,48.4050,51.2300,50.0000,100.00,103.00,False
1789839273.4446,98.20,48.3750,51.2300,50.0000,100.00,103.00,False
1789839273.5321,98.30,48.3450,51.2300,50.0000,100.00,103.00,False
1789839273.7594,98.40,48.3150,51.1400,50.0000,100.00,103.00,False
1789839273.8936,98.50,48.2850,50.0000,50.0000,100.00,103.00,False
1789839274.0539,98.60,48.2550,50.0000,50.0000,100.00,103.00,False
1789839274.1728,98.70,48.2200,50.0000,50.0000,99.50,103.00,False
1789839274.4591,98.80,48.1850,48.2600,50.0000,99.50,103.00,False
1789839274.6050,98.90,48.1500,50.0000,50.0000,99.50,103.00,False
1789839274.7771,99.00,48.1150,48.1800,50.0000,99.50,103.00,False
1789839274.8726,99.10,48.0800,50.9800,50.0000,99.50,103.00,False
1789839275.5486,99.20,48.0450,48.1200,50.0000,99.50,103.00,False
1789839275.8758,99.30,48.0100,50.9100,50.0000,99.50,103.00,False
1789839275.9869,99.40,47.9750,49.9600,50.0000,99.50,103.00,False
1789839276.0911,99.50,47.9400,49.9600,50.0000,99.50,103.00,False
1789839276.2254,99.60,47.9050,49.9600,48.1200,99.50,103.00,False
1789839276.3870,99.70,47.8700,47.9400,48.1200,99.50,103.00,False
1789839276.4895,99.80,47.8350,47.9400,48.1200,99.50,103.00,False
1789839276.6023,99.90,47.8000,47.9400,48.1200,99.50,103.00,False
1789839276.7527,100.00,47.7650,47.9400,50.8400,99.50,103.00,False
1789839277.0253,100.10,47.7300,47.8400,50.8400,99.50,103.00,False
1789839277.1033,100.20,47.6950,47.8400,50.8400,99.50,103.00,False
1789839277.1860,100.30,47.6600,47.8400,50.8400,99.50,103.00,False
1789839277.4688,100.40,47.6250,47.7000,47.7300,99.50,103.00,False
1789839277.5734,100.50,47.5900,47.6600,47.7300,99.50,103.00,False
1789839277.7087,100.60,47.5550,47.6600,47.7300,99.50,103.00,False
1789839278.5627,100.70,47.5300,49.9000,49.9000,100.50,103.00,False
1789839278.9909,100.80,47.5050,50.3900,50.4600,100.50,103.00,False
1789839279.0993,100.90,47.4800,49.9000,50.4600,100.50,103.00,False
1789839279.1569,101.00,47.4550,49.9000,50.4600,100.50,103.00,False
1789839279.2532,101.10,47.4300,47.5000,50.4600,100.50,103.00,False
1789839279.3947,101.20,47.4050,47.4600,50.4600,100.50,103.00,False
1789839279.5126,101.30,47.3800,47.4300,47.4600,100.50,103.00,False
1789839279.5875,101.40,47.3500,47.4300,47.4600,100.00,103.00,False
1789839279.6850,101.50,47.3200,50.2400,47.4600,100.00,103.00,False
1789839279.7643,101.60,47.2900,50.2400,47.4600,100.00,103.00,False
1789839279.8898,101.70,47.2600,50.1800,47.4600,100.00,103.00,False
1789839279.9965,101.80,47.2300,47.3200,47.4600,100.00,103.00,False
1789839280.1286,101.90,47.2050,47.3200,50.1800,100.50,103.00,False
1789839280.3084,102.00,47.1800,50.1000,50.1800,100.50,103.00,False
1789839280.4233,102.10,47.1550,49.9000,50.1800,100.50,103.00,False
1789839281.3222,102.20,47.1300,49.9300,49.9200,100.50,103.00,False
1789839281.4394,102.30,47.1100,49.9000,49.9200,101.00,103.00,False
1789839281.8259,102.40,47.0900,49.9600,49.9000,101.00,103.00,False
1789839281.9603,102.50,47.0700,49.9800,49.9000,101.00,103.00,False
1789839282.2907,102.60,47.0500,47.0900,49.9800,101.00,103.00,False
1789839282.4922,102.70,47.0300,47.0500,49.9800,101.00,103.00,False
1789839282.5644,102.80,47.0100,47.0500,49.9800,101.00,103.00,False
1789839282.7220,102.90,46.9900,47.0500,49.9800,101.00,103.00,False
1789839282.8607,103.00,46.9700,50.0400,50.0200,101.00,103.00,False
1789839283.0176,103.10,46.9500,50.0400,50.0200,101.00,103.00,False
1789839283.2420,103.20,46.9300,50.0400,50.0200,101.00,103.00,False
1789839283.4365,103.30,46.9100,46.9300,50.0400,101.00,103.00,False
1789839283.6159,103.40,46.8900,46.9300,50.0400,101.00,103.00,False
1789839283.9445,103.50,46.8700,46.8900,46.8900,101.00,103.00,False
1789839284.0129,103.60,46.8500,46.8900,46.8900,101.00,103.00,False
1789839284.1304,103.70,46.8350,46.8900,46.8900,101.50,103.00,False
1789839284.2460,103.80,46.8200,46.8900,46.8900,101.50,103.00,False
1789839284.3812,103.90,46.8050,46.8400,46.8900,101.50,103.00,False
1789839284.4515,104.00,46.7900,49.5000,46.8900,101.50,103.00,False
1789839284.5492,104.10,46.7750,49.5000,46.8900,101.50,103.00,False
1789839284.6298,104.20,46.7650,49.5000,46.8900,102.00,103.00,False
1789839284.7619,104.30,46.7550,46.7800,46.8900,102.00,103.00,False
1789839284.9047,104.40,46.7450,46.7600,46.7600,102.00,103.00,False
1789839285.0205,104.50,46.7350,46.7600,46.7600,102.00,103.00,False
1789839285.0930,104.60,46.7250,46.7600,46.7600,102.00,103.00,False
1789839285.8963,104.70,46.7150,50.2000,46.7200,102.00,103.00,False
1789839286.0141,104.80,46.7100,50.2000,50.2000,102.50,103.00,False
1789839286.1508,104.90,46.7100,50.2000,50.2000,103.00,103.00,False
1789839286.2812,105.00,46.7100,46.7100,50.2000,103.00,103.00,False
1789839287.2417,105.10,46.7100,50.4600,50.4000,103.00,103.00,True
1789839287.3535,105.20,46.7050,50.4600,50.4000,102.50,103.00,True
1789839287.4716,105.30,46.7000,50.4600,50.4000,102.50,103.00,True
1789839287.6479,105.40,46.6950,49.3400,49.3400,102.50,103.00,True
1789839287.8338,105.50,46.6850,50.5400,49.3400,102.00,103.00,True
1789839287.9345,105.60,46.6750,50.5400,49.3400,102.00,103.00,True
1789839288.0708,105.70,46.6650,46.6800,49.3400,102.00,103.00,True
1789839288.5179,105.80,46.6550,49.3100,46.6800,102.00,103.00,True
1789839288.6817,105.90,46.6500,49.2800,46.6800,102.50,103.00,True
1789839288.8532,106.00,46.6450,50.6700,46.6800,102.50,103.00,True
1789839288.9675,106.10,46.6400,50.6700,46.6800,102.50,103.00,True
1789839289.1050,106.20,46.6400,50.6700,46.6800,103.00,103.00,True
1789839289.2579,106.30,46.6400,50.7400,46.6800,103.00,103.00,True
1789839289.3696,106.40,46.6400,46.6400,46.6800,103.00,103.00,True
1789839289.5428,106.50,46.6400,46.6400,46.6800,103.00,103.00,True
1789839290.7656,106.60,46.6400,49.3000,49.2800,103.00,103.00,True
1789839291.0702,106.70,46.6500,46.6400,49.3000,104.00,103.00,True
1789839291.2308,106.80,46.6600,49.3100,49.3000,104.00,103.00,True
1789839291.3551,106.90,46.6700,51.2400,49.3000,104.00,103.00,True
1789839291.5329,107.00,46.6800,51.2800,51.2400,104.00,103.00,True
1789839291.6137,107.10,46.6900,51.2800,51.2400,104.00,103.00,True
1789839291.7199,107.20,46.7000,51.2800,51.2400,104.00,103.00,True
1789839291.8053,107.30,46.7100,51.2800,51.2400,104.00,103.00,True
1789839291.9369,107.40,46.7200,51.2800,51.2400,104.00,103.00,True
1789839292.0059,107.50,46.7300,46.7000,51.2400,104.00,103.00,True
1789839292.1109,107.60,46.7400,46.7000,51.2400,104.00,103.00,True
1789839292.2639,107.70,46.7500,46.7000,51.2400,104.00,103.00,True
1789839292.3563,107.80,46.7600,46.7000,51.2400,104.00,103.00,True
1789839292.4698,107.90,46.7750,46.7500,51.2400,104.50,103.00,True
1789839292.5571,108.00,46.7900,46.7500,51.2400,104.50,103.00,True
1789839292.6666,108.10,46.8050,46.6700,51.2400,104.50,103.00,True
1789839292.7560,108.20,46.8200,49.4000,51.2400,104.50,103.00,True
1789839292.8452,108.30,46.8350,49.4000,51.2400,104.50,103.00,True
1789839292.9692,108.40,46.8350,51.5000,51.2400,103.00,103.00,True
1789839293.0708,108.50,46.8350,51.5000,49.4000,103.00,103.00,True
1789839293.2645,108.60,46.8350,51.5100,49.4000,103.00,103.00,True
1789839293.3448,108.70,46.8350,51.5100,49.4000,103.00,103.00,True
1789839293.4370,108.80,46.8400,51.5100,49.4000,103.50,103.00,True
1789839293.5433,108.90,46.8450,51.5100,49.4000,103.50,103.00,True
1789839293.6474,109.00,46.8500,51.5100,51.5100,103.50,103.00,True
1789839293.7794,109.10,46.8550,49.4500,51.5100,103.50,103.00,True
1789839293.8759,109.20,46.8600,46.8400,51.5100,103.50,103.00,True
1789839293.9617,109.30,46.8650,46.8400,51.5100,103.50,103.00,True
1789839294.1640,109.40,46.8650,46.8600,49.4500,103.00,103.00,True
1789839294.3046,109.50,46.8650,49.4700,49.4500,103.00,103.00,True
1789839294.3408,109.60,46.8650,49.4700,49.4500,103.00,103.00,True
1789839294.5531,109.70,46.8650,49.4700,49.4500,103.00,103.00,True
1789839294.6929,109.80,46.8700,49.4700,49.4500,103.50,103.00,True
1789839294.8361,109.90,46.8750,49.4800,49.4700,103.50,103.00,True
1789839294.9102,110.00,46.8800,49.4800,49.4700,103.50,103.00,True
1789839295.1392,110.10,46.8900,46.8800,49.4700,104.00,103.00,True
1789839295.2325,110.20,46.9000,46.8800,49.4700,104.00,103.00,True
1789839295.3116,110.30,46.9100,49.4800,49.4700,104.00,103.00,True
1789839295.4573,110.40,46.9200,49.5000,49.4800,104.00,103.00,True
1789839295.5604,110.50,46.9300,46.9100,49.4800,104.00,103.00,True
1789839295.6548,110.60,46.9400,46.9100,49.4800,104.00,103.00,True
1789839295.7849,110.70,46.9500,51.5800,49.4800,104.00,103.00,True
1789839295.8986,110.80,46.9600,49.5400,49.4800,104.00,103.00,True
1789839296.0394,110.90,46.9700,46.9500,49.5400,104.00,103.00,True
1789839296.1587,111.00,46.9850,46.9500,49.5400,104.50,103.00,True
1789839296.2557,111.10,47.0000,49.5600,49.5400,104.50,103.00,True
1789839296.3967,111.20,47.0150,49.5700,49.5400,104.50,103.00,True
1789839296.5884,111.30,47.0350,51.6300,49.5700,105.00,103.00,True
1789839296.6974,111.40,47.0550,49.6200,49.5700,105.00,103.00,True
1789839296.8580,111.50,47.0750,49.6400,49.5700,105.00,103.00,True
1789839297.8030,111.60,47.0950,49.7800,51.7600,105.00,103.00,True
1789839297.8980,111.70,47.1250,51.9000,51.7600,106.00,103.00,True
1789839298.1836,111.80,47.1550,51.9600,51.9000,106.00,103.00,True
1789839298.3367,111.90,47.1800,52.0100,51.9000,105.50,103.00,True
1789839298.5077,112.00,47.2050,49.9700,51.9000,105.50,103.00,True
1789839298.5914,112.10,47.2250,50.0000,51.9000,105.00,103.00,True
1789839298.6950,112.20,47.2450,50.0000,52.0100,105.00,103.00,True
1789839298.8085,112.30,47.2650,47.2200,52.0100,105.00,103.00,True
1789839298.9853,112.40,47.2850,50.0600,52.0100,105.00,103.00,True
1789839299.0998,112.50,47.3000,47.2600,52.0100,104.50,103.00,True
1789839299.2563,112.60,47.3150,47.2600,47.2200,104.50,103.00,True
1789839299.3565,112.70,47.3300,50.1400,47.2200,104.50,103.00,True
1789839299.4725,112.80,47.3450,50.1400,47.2200,104.50,103.00,True
1789839299.5485,112.90,47.3650,52.1100,47.2200,105.00,103.00,True
1789839299.6989,113.00,47.3850,52.1100,47.2200,105.00,103.00,True
1789839299.8361,113.10,47.4050,50.1500,52.1000,105.00,103.00,True
1789839299.9287,113.20,47.4250,50.1500,52.1000,105.00,103.00,True
1789839299.9931,113.30,47.4400,47.3800,52.1000,104.50,103.00,True
1789839300.1425,113.40,47.4550,47.3800,52.1000,104.50,103.00,True
1789839300.2932,113.50,47.4700,52.2400,52.2400,104.50,103.00,True
1789839300.3888,113.60,47.4850,50.1800,52.2400,104.50,103.00,True
1789839300.5657,113.70,47.5000,47.4700,52.2400,104.50,103.00,True
1789839300.6951,113.80,47.5150,47.4700,52.2400,104.50,103.00,True
1789839300.8625,113.90,47.5300,47.5000,52.2800,104.50,103.00,True
1789839301.0137,114.00,47.5400,52.3100,52.2800,104.00,103.00,True
1789839301.0877,114.10,47.5500,52.3100,52.2800,104.00,103.00,True
1789839301.3229,114.20,47.5600,47.5400,52.2800,104.00,103.00,True
1789839301.4667,114.30,47.5650,50.2800,52.3500,103.50,103.00,True
1789839301.5676,114.40,47.5700,50.2800,52.3500,103.50,103.00,True
1789839301.6690,114.50,47.5750,47.5600,52.3500,103.50,103.00,True
1789839301.7446,114.60,47.5800,47.5600,52.3500,103.50,103.00,True
1789839301.8662,114.70,47.5850,47.5600,52.3500,103.50,103.00,True
1789839301.9340,114.80,47.5850,47.5800,47.5600,103.00,103.00,True
1789839302.0511,114.90,47.5850,47.5800,47.5600,103.00,103.00,True
1789839302.2205,115.00,47.5850,47.5800,47.5600,103.00,103.00,True
1789839302.3439,115.10,47.5850,47.5800,47.5600,103.00,103.00,True
1789839302.4666,115.20,47.5900,50.3200,47.5800,103.50,103.00,True
1789839302.5635,115.30,47.5950,50.3200,47.5800,103.50,103.00,True
1789839302.6738,115.40,47.6000,47.5800,47.5800,103.50,103.00,True
1789839302.7522,115.50,47.6050,47.5900,47.5800,103.50,103.00,True
1789839302.8766,115.60,47.6100,47.6000,47.5800,103.50,103.00,True
1789839302.9522,115.70,47.6200,47.6000,47.5800,104.00,103.00,True
1789839303.1036,115.80,47.6300,52.4100,47.5900,104.00,103.00,True
1789839303.3455,115.90,47.6400,50.3200,47.5900,104.00,103.00,True
1789839303.4510,116.00,47.6550,50.3200,47.5900,104.50,103.00,True
1789839303.5458,116.10,47.6700,50.3200,50.3200,104.50,103.00,True
1789839303.6671,116.20,47.6850,50.3500,50.3200,104.50,103.00,True
1789839303.7772,116.30,47.7000,47.6700,50.3200,104.50,103.00,True
1789839303.8750,116.40,47.7150,47.6700,50.3200,104.50,103.00,True
1789839304.0354,116.50,47.7250,47.6700,50.3200,104.00,103.00,True
1789839304.1750,116.60,47.7350,47.7200,47.6700,104.00,103.00,True
1789839304.2703,116.70,47.7450,47.7200,47.6700,104.00,103.00,True
1789839304.3472,116.80,47.7550,47.7200,47.6700,104.00,103.00,True
1789839304.4541,116.90,47.7700,47.7200,47.6700,104.50,103.00,True
1789839304.5925,117.00,47.7850,50.4600,47.6700,104.50,103.00,True
1789839304.8074,117.10,47.8000,47.7700,47.7200,104.50,103.00,True
1789839304.9102,117.20,47.8150,47.7700,47.7200,104.50,103.00,True
1789839305.0144,117.30,47.8300,52.5000,47.7200,104.50,103.00,True
1789839305.1693,117.40,47.8450,52.5000,47.7200,104.50,103.00,True
1789839305.2914,117.50,47.8650,47.8200,47.7200,105.00,103.00,True
1789839305.3681,117.60,47.8850,47.8200,47.7700,105.00,103.00,True
1789839305.5426,117.70,47.9050,47.8600,47.7700,105.00,103.00,True
1789839305.7092,117.80,47.9250,50.6300,47.7700,105.00,103.00,True
1789839305.8266,117.90,47.9500,50.6300,47.7700,105.50,103.00,True
1789839305.9082,118.00,47.9750,50.6300,47.8600,105.50,103.00,True
1789839306.1158,118.10,48.0000,52.6400,47.8600,105.50,103.00,True
1789839306.9378,118.20,48.0250,52.7600,52.6400,105.50,103.00,True
1789839307.0802,118.30,48.0500,52.8800,50.7800,105.50,103.00,True
1789839307.1598,118.40,48.0750,52.9000,50.7800,105.50,103.00,True
1789839307.2628,118.50,48.0950,52.9000,50.7800,105.00,103.00,True
1789839307.3670,118.60,48.1150,52.9000,50.7800,105.00,103.00,True
1789839307.6245,118.70,48.1350,48.1200,52.8800,105.00,103.00,True
1789839307.7301,118.80,48.1550,48.1200,52.8800,105.00,103.00,True
1789839308.3629,118.90,48.1750,48.1200,52.8800,105.00,103.00,True
1789839308.4662,119.00,48.1950,48.1200,52.8800,105.00,103.00,True
1789839308.7347,119.10,48.2150,51.0800,51.0600,105.00,103.00,True
1789839308.8975,119.20,48.2300,51.0800,51.0600,104.50,103.00,True
1789839308.9850,119.30,48.2450,51.0800,51.0600,104.50,103.00,True
1789839309.1702,119.40,48.2600,51.1600,51.0600,104.50,103.00,True
1789839309.3275,119.50,48.2700,51.1600,51.1400,104.00,103.00,True
1789839309.3797,119.60,48.2800,51.1600,51.1400,104.00,103.00,True
1789839309.5301,119.70,48.2900,53.1100,51.1400,104.00,103.00,True
1789839309.6457,119.80,48.3000,48.2700,51.1400,104.00,103.00,True
1789839309.7072,119.90,48.3100,53.1300,51.1400,104.00,103.00,True
1789839309.8651,120.00,48.3200,53.1300,51.1400,104.00,103.00,True
1789839309.9691,120.10,48.3250,53.1300,48.2700,103.50,103.00,True
1789839310.0686,120.20,48.3300,53.1600,48.2700,103.50,103.00,True
1789839310.3041,120.30,48.3350,48.3200,48.2700,103.50,103.00,True
1789839310.4743,120.40,48.3450,48.3200,48.2700,104.00,103.00,True
1789839310.7220,120.50,48.3550,48.3400,48.3200,104.00,103.00,True
1789839310.8225,120.60,48.3650,48.3400,48.3200,104.00,103.00,True
1789839310.9323,120.70,48.3800,48.3400,48.3200,104.50,103.00,True
1789839311.2283,120.80,48.3950,53.2200,48.3200,104.50,103.00,True
1789839311.3623,120.90,48.4100,53.2200,48.3400,104.50,103.00,True
1789839311.4618,121.00,48.4250,53.2200,48.3400,104.50,103.00,True
1789839311.6410,121.10,48.4400,53.2600,48.3400,104.50,103.00,True
1789839311.7594,121.20,48.4550,53.2800,48.3400,104.50,103.00,True
1789839311.8569,121.30,48.4700,53.2800,53.2800,104.50,103.00,True
1789839311.9596,121.40,48.4900,53.2800,53.2800,105.00,103.00,True
1789839312.0780,121.50,48.5100,53.3000,53.2800,105.00,103.00,True
1789839312.1541,121.60,48.5300,53.3200,53.2800,105.00,103.00,True
1789839312.2668,121.70,48.5500,53.3400,53.2800,105.00,103.00,True
1789839312.4025,121.80,48.5700,53.3400,53.3400,105.00,103.00,True
1789839312.5002,121.90,48.5850,53.3400,53.3400,104.50,103.00,True
1789839312.6244,122.00,48.6000,48.5500,53.3400,104.50,103.00,True
1789839312.7364,122.10,48.6150,48.5500,53.3400,104.50,103.00,True
1789839312.8862,122.20,48.6300,53.4400,53.3400,104.50,103.00,True
1789839313.2917,122.30,48.6450,51.4300,53.4400,104.50,103.00,True
1789839313.5134,122.40,48.6550,51.4600,53.4400,104.00,103.00,True
1789839313.6100,122.50,48.6650,51.4600,53.5000,104.00,103.00,True
1789839313.7051,122.60,48.6700,51.4900,53.5000,103.50,103.00,True
1789839313.8094,122.70,48.6750,51.4900,53.5000,103.50,103.00,True
1789839314.0381,122.80,48.6800,48.6700,53.5000,103.50,103.00,True
1789839314.1335,122.90,48.6850,48.6700,53.5000,103.50,103.00,True
1789839314.2634,123.00,48.6900,53.5400,53.5000,103.50,103.00,True
1789839314.4200,123.10,48.6900,48.6800,48.6700,103.00,103.00,True
1789839314.4994,123.20,48.6900,48.6800,48.6700,103.00,103.00,True
1789839314.6210,123.30,48.6900,53.5400,48.6700,103.00,103.00,True
1789839314.7342,123.40,48.6950,48.6900,48.6700,103.50,103.00,True
1789839314.8227,123.50,48.7000,53.5400,48.6700,103.50,103.00,True
1789839314.9334,123.60,48.7050,53.5400,53.5400,103.50,103.00,True
1789839315.0398,123.70,48.7100,51.5400,53.5400,103.50,103.00,True
1789839315.1589,123.80,48.7150,51.5400,53.5400,103.50,103.00,True
1789839315.3971,123.90,48.7150,48.7100,53.5400,103.00,103.00,True
1789839315.5517,124.00,48.7150,51.5600,51.5400,103.00,103.00,True
1789839315.7690,124.10,48.7150,53.5500,51.5400,103.00,103.00,True
1789839315.8636,124.20,48.7100,48.7200,51.5400,102.50,103.00,True
1789839315.9526,124.30,48.7050,48.7200,51.5400,102.50,103.00,True
1789839316.0620,124.40,48.7000,48.7200,51.5400,102.50,103.00,True
1789839316.1620,124.50,48.6950,48.7200,51.5400,102.50,103.00,True
1789839316.3338,124.60,48.6900,48.7000,48.7200,102.50,103.00,True
1789839316.4764,124.70,48.6850,48.7000,48.7200,102.50,103.00,True
1789839316.5744,124.80,48.6800,53.5200,48.7200,102.50,103.00,True
1789839316.6724,124.90,48.6750,53.5200,48.7200,102.50,103.00,True
1789839316.8566,125.00,48.6750,51.5200,48.7200,103.00,103.00,True
1789839317.0473,125.10,48.6750,51.5100,48.7200,103.00,103.00,True
1789839317.1879,125.20,48.6750,51.5100,48.7200,103.00,103.00,True
1789839317.5763,125.30,48.6750,53.5100,53.5200,103.00,103.00,True
1789839317.7974,125.40,48.6700,53.5100,53.5200,102.50,103.00,True
1789839317.9064,125.50,48.6650,53.5100,53.5200,102.50,103.00,True
1789839318.0286,125.60,48.6600,53.5000,53.5100,102.50,103.00,True
1789839318.2089,125.70,48.6550,48.6600,53.5100,102.50,103.00,True
1789839318.3209,125.80,48.6450,48.6600,53.5100,102.00,103.00,True
1789839318.4397,125.90,48.6350,48.6600,53.5100,102.00,103.00,True
1789839318.5406,126.00,48.6250,53.4800,53.4800,102.00,103.00,True
1789839318.6756,126.10,48.6150,53.4800,53.4800,102.00,103.00,True
1789839318.7738,126.20,48.6050,51.4800,53.4800,102.00,103.00,True
1789839318.8745,126.30,48.5950,51.4800,53.4800,102.00,103.00,True
1789839318.9537,126.40,48.5850,51.4800,53.4800,102.00,103.00,True
1789839319.0779,126.50,48.5750,53.4400,51.4400,102.00,103.00,True
1789839319.1941,126.60,48.5650,51.4400,51.4400,102.00,103.00,True
1789839319.3188,126.70,48.5550,53.4200,51.4400,102.00,103.00,True
1789839319.4258,126.80,48.5350,53.4200,51.4400,101.00,103.00,True
1789839319.6338,126.90,48.5150,48.5600,51.4400,101.00,103.00,True
1789839319.7286,127.00,48.4950,53.3800,51.4400,101.00,103.00,True
1789839319.8242,127.10,48.4750,53.3800,51.4400,101.00,103.00,True
1789839319.9081,127.20,48.4500,53.3800,51.4400,100.50,103.00,True
1789839320.0341,127.30,48.4250,53.3800,51.4400,100.50,103.00,True
1789839321.0313,127.40,48.4050,53.1600,51.1800,101.00,103.00,True
1789839321.1870,127.50,48.3850,53.1400,51.1800,101.00,103.00,True
1789839321.3014,127.60,48.3650,53.1200,51.1800,101.00,103.00,True
1789839321.3713,127.70,48.3450,53.1200,53.1200,101.00,103.00,True
1789839321.4972,127.80,48.3200,48.3600,53.1200,100.50,103.00,True
1789839321.6006,127.90,48.2950,48.3600,53.1200,100.50,103.00,True
1789839321.6800,128.00,48.2700,53.0400,53.1200,100.50,103.00,True
1789839321.7829,128.10,48.2450,53.0400,53.1200,100.50,103.00,True
1789839321.9075,128.20,48.2200,53.0100,53.1200,100.50,103.00,True
1789839321.9868,128.30,48.1950,52.9600,53.0100,100.50,103.00,True
1789839322.2063,128.40,48.1650,48.2200,53.0100,100.00,103.00,True
1789839322.3398,128.50,48.1350,48.2200,53.0100,100.00,103.00,True
1789839322.4634,128.60,48.1050,48.1600,52.8800,100.00,103.00,True
1789839322.5784,128.70,48.0750,48.1400,52.8800,100.00,103.00,True
1789839322.6484,128.80,48.0400,48.1400,52.8800,99.50,103.00,True
1789839322.7232,128.90,48.0050,48.1400,52.8800,99.50,103.00,True
1789839322.8537,129.00,47.9700,50.8500,52.8800,99.50,103.00,True
1789839322.9555,129.10,47.9350,48.0400,52.8800,99.50,103.00,True
1789839323.0632,129.20,47.8950,50.7800,50.8500,99.00,103.00,True
1789839323.2557,129.30,47.8550,50.7800,50.8500,99.00,103.00,True
1789839323.3585,129.40,47.8150,50.7000,50.8500,99.00,103.00,True
1789839323.4776,129.50,47.7750,50.7000,50.8500,99.00,103.00,True
1789839323.5705,129.60,47.7300,52.7400,52.8200,98.50,103.00,True
1789839323.7131,129.70,47.6850,52.7400,52.8200,98.50,103.00,True
1789839323.8072,129.80,47.6400,47.7300,52.8200,98.50,103.00,True
1789839323.8828,129.90,47.5950,47.7300,52.8200,98.50,103.00,True
1789839323.9983,130.00,47.5500,50.5400,52.8200,98.50,103.00,True
1789839324.1667,130.10,47.5000,50.5400,52.8200,98.00,103.00,True
1789839324.2362,130.20,47.4500,50.5400,52.8200,98.00,103.00,True
1789839324.3816,130.30,47.4000,47.5000,47.7300,98.00,103.00,True
1789839324.5795,130.40,47.3500,50.3500,47.7300,98.00,103.00,True
1789839324.6710,130.50,47.3050,50.3500,47.7300,98.50,103.00,True
1789839324.7616,130.60,47.2600,50.3500,47.7300,98.50,103.00,True
1789839325.0215,130.70,47.2150,50.0600,50.1600,98.50,103.00,True
1789839325.0962,130.80,47.1700,50.0600,50.1600,98.50,103.00,True
1789839325.2087,130.90,47.1250,50.0600,50.1600,98.50,103.00,True
1789839325.3145,131.00,47.0800,50.0600,50.1600,98.50,103.00,True
1789839325.4351,131.10,47.0350,49.9300,50.1600,98.50,103.00,True
1789839325.5149,131.20,46.9900,49.8800,49.9300,98.50,103.00,True
1789839325.6105,131.30,46.9450,49.8800,49.9300,98.50,103.00,True
1789839325.7118,131.40,46.9000,49.8800,49.9300,98.50,103.00,True
1789839325.8306,131.50,46.8550,49.8800,49.9300,98.50,103.00,True
1789839325.9566,131.60,46.8100,47.1200,49.9300,98.50,103.00,True
1789839326.0517,131.70,46.7650,52.0200,52.0600,98.50,103.00,True
1789839326.1371,131.80,46.7200,52.0200,52.0600,98.50,103.00,True
1789839326.2364,131.90,46.6750,52.0200,52.0600,98.50,103.00,True
1789839326.3818,132.00,46.6300,46.7200,52.0600,98.50,103.00,True
1789839326.4786,132.10,46.5850,46.7200,52.0600,98.50,103.00,True
1789839326.6354,132.20,46.5350,46.6800,51.8800,98.00,103.00,True
1789839326.7343,132.30,46.4850,46.6800,51.8800,98.00,103.00,True
1789839326.8291,132.40,46.4350,51.7400,51.8800,98.00,103.00,True
1789839326.9450,132.50,46.3850,51.6900,51.8800,98.00,103.00,True
1789839327.0220,132.60,46.3300,46.4400,51.8800,97.50,103.00,True
1789839327.1294,132.70,46.2750,46.4400,51.7400,97.50,103.00,True
1789839327.2504,132.80,46.2200,46.4400,51.7400,97.50,103.00,True
1789839327.4792,132.90,46.1650,49.4200,51.7400,97.50,103.00,True
1789839327.5792,133.00,46.1050,49.3000,51.7400,97.00,103.00,True
1789839327.6797,133.10,46.0450,49.3000,49.4200,97.00,103.00,True
1789839327.7617,133.20,45.9850,49.3000,49.4200,97.00,103.00,True
1789839327.8883,133.30,45.9250,46.1000,49.4200,97.00,103.00,True
1789839328.0995,133.40,45.8650,45.9800,49.4200,97.00,103.00,True
1789839328.1941,133.50,45.8100,45.9800,49.1900,97.50,103.00,True
1789839328.4302,133.60,45.7550,45.8600,49.1900,97.50,103.00,True
1789839328.6096,133.70,45.7050,51.0200,49.1900,98.00,103.00,True
1789839328.7293,133.80,45.6550,51.0200,49.1900,98.00,103.00,True
1789839328.8555,133.90,45.6050,48.8600,49.0200,98.00,103.00,True
1789839328.9747,134.00,45.5550,48.8600,49.0200,98.00,103.00,True
1789839329.1656,134.10,45.5100,50.8100,49.0200,98.50,103.00,True
1789839329.2878,134.20,45.4650,50.7200,49.0200,98.50,103.00,True
1789839329.3838,134.30,45.4200,48.6600,50.7200,98.50,103.00,True
1789839329.5077,134.40,45.3750,48.6600,50.7200,98.50,103.00,True
1789839329.6146,134.50,45.3300,50.6200,50.7200,98.50,103.00,True
1789839329.7342,134.60,45.2850,50.6200,50.7200,98.50,103.00,True
1789839329.7997,134.70,45.2400,48.4800,50.7200,98.50,103.00,True
1789839329.9718,134.80,45.1950,50.5400,48.4800,98.50,103.00,True
1789839330.1010,134.90,45.1450,50.4900,48.4800,98.00,103.00,True
1789839330.1789,135.00,45.0950,50.4900,48.4800,98.00,103.00,True
1789839330.3224,135.10,45.0450,50.4900,48.4800,98.00,103.00,True
1789839330.4445,135.20,44.9950,48.3400,48.3400,98.00,103.00,True
1789839330.6641,135.30,44.9500,45.0400,48.3400,98.50,103.00,True
1789839330.8056,135.40,44.9050,45.0400,48.3400,98.50,103.00,True
1789839330.9565,135.50,44.8600,50.2100,48.3400,98.50,103.00,True
1789839331.0497,135.60,44.8150,50.1600,48.3400,98.50,103.00,True
1789839331.1684,135.70,44.7750,50.2600,50.2100,99.00,103.00,True
1789839331.2536,135.80,44.7350,50.2600,50.2100,99.00,103.00,True
1789839331.3773,135.90,44.6950,50.2600,50.2100,99.00,103.00,True
1789839331.4587,136.00,44.6550,44.7800,50.2100,99.00,103.00,True
1789839331.5531,136.10,44.6150,47.9300,50.2100,99.00,103.00,True
1789839331.6548,136.20,44.5750,47.8900,50.2100,99.00,103.00,True
1789839331.7513,136.30,44.5350,47.8900,44.7800,99.00,103.00,True
1789839331.8512,136.40,44.4900,47.8900,44.7800,98.50,103.00,True
1789839331.9609,136.50,44.4450,47.8900,44.7800,98.50,103.00,True
1789839332.0558,136.60,44.4000,47.7300,44.7800,98.50,103.00,True
1789839332.1548,136.70,44.3550,47.6800,44.7800,98.50,103.00,True
1789839332.3120,136.80,44.3100,47.6800,47.6800,98.50,103.00,True
1789839332.3839,136.90,44.2700,47.6800,47.6800,99.00,103.00,True
1789839332.6791,137.00,44.2300,44.2700,47.6800,99.00,103.00,True
1789839332.7923,137.10,44.1900,44.2700,47.6800,99.00,103.00,True
1789839332.9166,137.20,44.1550,44.2700,44.2700,99.50,103.00,True
1789839332.9932,137.30,44.1200,47.3400,44.2700,99.50,103.00,True
1789839333.0940,137.40,44.0850,49.9200,44.2700,99.50,103.00,True
1789839333.2080,137.50,44.0500,49.9200,44.2700,99.50,103.00,True
1789839333.3106,137.60,44.0200,49.9200,49.9200,100.00,103.00,True
1789839333.4164,137.70,43.9900,44.0500,49.9200,100.00,103.00,True
1789839333.5341,137.80,43.9600,44.0200,49.9200,100.00,103.00,True
1789839333.6115,137.90,43.9300,44.0200,49.9200,100.00,103.00,True
1789839333.6840,138.00,43.9000,44.0200,49.9200,100.00,103.00,True
1789839333.8566,138.10,43.8700,44.0200,49.9200,100.00,103.00,True
1789839334.0486,138.20,43.8400,49.6600,44.0200,100.00,103.00,True
1789839334.1671,138.30,43.8100,49.6600,44.0200,100.00,103.00,True
1789839334.2456,138.40,43.7850,49.6600,44.0200,100.50,103.00,True
1789839334.4640,138.50,43.7600,43.8100,44.0200,100.50,103.00,True
1789839334.5712,138.60,43.7350,43.7800,44.0200,100.50,103.00,True
1789839334.7093,138.70,43.7100,43.7800,44.0200,100.50,103.00,True
1789839334.8854,138.80,43.6850,49.5000,44.0200,100.50,103.00,True
1789839335.0550,138.90,43.6600,47.0600,44.0200,100.50,103.00,True
1789839335.1279,139.00,43.6350,47.0600,44.0200,100.50,103.00,True
1789839335.3325,139.10,43.6100,46.9800,44.0200,100.50,103.00,True
1789839335.4525,139.20,43.5850,43.6400,44.0200,100.50,103.00,True
1789839335.5457,139.30,43.5600,43.6400,44.0200,100.50,103.00,True
1789839335.6480,139.40,43.5350,43.6400,44.0200,100.50,103.00,True
1789839335.7700,139.50,43.5100,49.3000,44.0200,100.50,103.00,True
1789839335.8713,139.60,43.4850,49.2800,44.0200,100.50,103.00,True
1789839335.9429,139.70,43.4600,49.2800,44.0200,100.50,103.00,True
1789839336.1062,139.80,43.4350,46.9600,44.0200,100.50,103.00,True
1789839336.2706,139.90,43.4100,46.8600,44.0200,100.50,103.00,True
1789839336.3748,140.00,43.3850,49.1500,44.0200,100.50,103.00,True
1789839336.4824,140.10,43.3600,49.1500,44.0200,100.50,103.00,True
1789839336.5913,140.20,43.3350,43.4100,44.0200,100.50,103.00,True
1789839336.6671,140.30,43.3100,43.4100,44.0200,100.50,103.00,True
1789839336.7925,140.40,43.2850,46.7800,44.0200,100.50,103.00,True
1789839336.9178,140.50,43.2600,46.7600,44.0200,100.50,103.00,True
1789839337.0210,140.60,43.2350,43.2800,44.0200,100.50,103.00,True
1789839337.3195,140.70,43.2100,46.6800,44.0200,100.50,103.00,True
1789839337.6297,140.80,43.1850,43.2100,44.0200,100.50,103.00,True
1789839337.8233,140.90,43.1600,48.8800,44.0200,100.50,103.00,True
1789839337.9203,141.00,43.1350,43.1800,44.0200,100.50,103.00,True
1789839338.0345,141.10,43.1100,43.1800,44.0200,100.50,103.00,True
1789839338.1289,141.20,43.0850,43.1800,44.0200,100.50,103.00,True
1789839338.2332,141.30,43.0600,43.1400,44.0200,100.50,103.00,True
1789839338.3537,141.40,43.0350,46.4400,44.0200,100.50,103.00,True
1789839338.4363,141.50,43.0100,46.4400,44.0200,100.50,103.00,True
1789839338.5040,141.60,42.9850,46.4400,44.0200,100.50,103.00,True
1789839338.6132,141.70,42.9600,43.1600,44.0200,100.50,103.00,True
1789839338.7094,141.80,42.9350,43.0100,44.0200,100.50,103.00,True
1789839338.8149,141.90,42.9100,48.6200,44.0200,100.50,103.00,True
1789839338.9433,142.00,42.8850,48.6200,44.0200,100.50,103.00,True
1789839339.0726,142.10,42.8600,42.9100,44.0200,100.50,103.00,True
1789839339.1901,142.20,42.8350,42.9100,44.0200,100.50,103.00,True
1789839339.3047,142.30,42.8100,42.8800,44.0200,100.50,103.00,True
1789839339.4105,142.40,42.7850,42.8600,44.0200,100.50,103.00,True
1789839339.5371,142.50,42.7600,42.8600,44.0200,100.50,103.00,True
1789839339.6431,142.60,42.7350,46.2800,44.0200,100.50,103.00,True
1789839339.7844,142.70,42.7100,46.2400,44.0200,100.50,103.00,True
1789839339.8607,142.80,42.6850,46.2400,44.0200,100.50,103.00,True
1789839339.9715,142.90,42.6600,46.2400,44.0200,100.50,103.00,True
1789839340.0637,143.00,42.6350,46.1800,44.0200,100.50,103.00,True
1789839340.1943,143.10,42.6100,42.6600,44.0200,100.50,103.00,True
1789839340.2890,143.20,42.5850,42.6600,44.0200,100.50,103.00,True
1789839340.4433,143.30,42.5600,46.1400,44.0200,100.50,103.00,True
1789839340.5491,143.40,42.5350,46.1400,44.0200,100.50,103.00,True
1789839341.1978,143.50,42.5100,42.5600,44.0200,100.50,103.00,True
1789839341.2732,143.60,42.4850,48.3000,44.0200,100.50,103.00,True
1789839341.3577,143.70,42.4600,46.0100,44.0200,100.50,103.00,True
1789839341.5187,143.80,42.4350,46.0100,44.0200,100.50,103.00,True
1789839341.5968,143.90,42.4100,46.0100,44.0200,100.50,103.00,True
1789839341.7151,144.00,42.3850,42.4400,44.0200,100.50,103.00,True
1789839341.8612,144.10,42.3600,42.4100,44.0200,100.50,103.00,True
1789839341.9144,144.20,42.3350,42.4100,44.0200,100.50,103.00,True
1789839342.1905,144.30,42.3100,45.8400,44.0200,100.50,103.00,True
1789839342.2901,144.40,42.2850,45.8100,44.0200,100.50,103.00,True
1789839342.3725,144.50,42.2600,48.1200,44.0200,100.50,103.00,True
1789839342.4771,144.60,42.2350,48.1200,44.0200,100.50,103.00,True
1789839342.5944,144.70,42.2100,48.1200,44.0200,100.50,103.00,True
1789839342.7837,144.80,42.1850,45.7400,44.0200,100.50,103.00,True
1789839342.8719,144.90,42.1600,48.0200,44.0200,100.50,103.00,True
1789839342.9601,145.00,42.1350,48.0200,44.0200,100.50,103.00,True
1789839343.0575,145.10,42.1100,48.0200,44.0200,100.50,103.00,True
1789839343.1956,145.20,42.0850,47.9500,44.0200,100.50,103.00,True
1789839343.3083,145.30,42.0600,47.9000,44.0200,100.50,103.00,True
1789839343.3856,145.40,42.0350,47.9000,44.0200,100.50,103.00,True
1789839343.5058,145.50,42.0100,47.9000,44.0200,100.50,103.00,True
1789839343.6125,145.60,41.9850,47.9000,44.0200,100.50,103.00,True
1789839343.7570,145.70,41.9600,47.8000,44.0200,100.50,103.00,True
1789839343.8535,145.80,41.9350,47.7800,44.0200,100.50,103.00,True
1789839344.0506,145.90,41.9100,47.7800,44.0200,100.50,103.00,True
1789839344.1870,146.00,41.8850,47.7800,44.0200,100.50,103.00,True
1789839344.4520,146.10,41.8600,45.5800,44.0200,100.50,103.00,True
1789839344.8807,146.20,41.8350,47.5500,44.0200,100.50,103.00,True
1789839344.9779,146.30,41.8100,47.5500,44.0200,100.50,103.00,True
1789839345.0646,146.40,41.7850,47.5500,44.0200,100.50,103.00,True
1789839345.2288,146.50,41.7600,47.4800,44.0200,100.50,103.00,True
1789839345.4421,146.60,41.7350,41.7800,44.0200,100.50,103.00,True
1789839345.5474,146.70,41.7100,41.7800,44.0200,100.50,103.00,True
1789839345.6544,146.80,41.6850,41.7800,44.0200,100.50,103.00,True
1789839345.7745,146.90,41.6600,47.3500,44.0200,100.50,103.00,True
1789839345.8550,147.00,41.6350,45.2600,44.0200,100.50,103.00,True
1789839345.9891,147.10,41.6100,41.6800,44.0200,100.50,103.00,True
1789839346.0594,147.20,41.5850,41.6800,44.0200,100.50,103.00,True
1789839346.1945,147.30,41.5600,45.2100,44.0200,100.50,103.00,True
1789839346.3184,147.40,41.5350,41.5800,44.0200,100.50,103.00,True
1789839346.4527,147.50,41.5100,47.2000,44.0200,100.50,103.00,True
1789839346.5097,147.60,41.4850,47.2000,44.0200,100.50,103.00,True
1789839346.6283,147.70,41.4600,47.2000,44.0200,100.50,103.00,True
1789839346.7103,147.80,41.4350,41.5100,44.0200,100.50,103.00,True
1789839346.8108,147.90,41.4100,45.0800,44.0200,100.50,103.00,True
1789839346.9180,148.00,41.3850,41.4600,44.0200,100.50,103.00,True
1789839347.0254,148.10,41.3600,41.4600,44.0200,100.50,103.00,True
1789839347.3489,148.20,41.3350,47.0800,44.0200,100.50,103.00,True
1789839347.4664,148.30,41.3100,47.0800,44.0200,100.50,103.00,True
1789839347.5459,148.40,41.2850,47.0800,44.0200,100.50,103.00,True
1789839347.7353,148.50,41.2600,47.0000,44.0200,100.50,103.00,True
1789839347.8334,148.60,41.2350,44.8800,44.0200,100.50,103.00,True
1789839348.0218,148.70,41.2100,44.8800,44.0200,100.50,103.00,True
1789839348.2113,148.80,41.1850,44.8800,44.0200,100.50,103.00,True
1789839348.4002,148.90,41.1600,41.2100,44.0200,100.50,103.00,True
1789839348.5643,149.00,41.1350,41.2100,44.0200,100.50,103.00,True
1789839348.6747,149.10,41.1100,41.2100,44.0200,100.50,103.00,True
1789839348.7843,149.20,41.0850,46.7800,44.0200,100.50,103.00,True
1789839349.0036,149.30,41.0600,46.7800,44.0200,100.50,103.00,True
1789839349.1423,149.40,41.0350,44.5800,44.0200,100.50,103.00,True
1789839349.2471,149.50,41.0100,41.0600,44.0200,100.50,103.00,True
1789839349.3143,149.60,40.9850,41.0600,44.0200,100.50,103.00,True
1789839349.4207,149.70,40.9600,41.0600,44.0200,100.50,103.00,True
1789839349.5126,149.80,40.9350,41.0600,44.0200,100.50,103.00,True
1789839349.6600,149.90,40.9100,40.9600,44.0200,100.50,103.00,True
1789839349.7548,150.00,40.8850,40.9600,44.0200,100.50,103.00,True
1789839349.8545,150.10,40.8600,40.9600,44.0200,100.50,103.00,True
1789839349.9403,150.20,40.8350,40.9600,44.0200,100.50,103.00,True
1789839350.0603,150.30,40.8100,46.5000,44.0200,100.50,103.00,True
1789839350.1596,150.40,40.7850,46.4800,44.0200,100.50,103.00,True
1789839350.2992,150.50,40.7600,46.6000,44.0200,100.50,103.00,True
1789839350.3773,150.60,40.7350,46.6000,44.0200,100.50,103.00,True
1789839350.5000,150.70,40.7100,46.6000,44.0200,100.50,103.00,True
1789839350.8067,150.80,40.6850,46.3200,44.0200,100.50,103.00,True
1789839350.9111,150.90,40.6600,46.3200,44.0200,100.50,103.00,True
1789839351.0418,151.00,40.6350,40.6800,44.0200,100.50,103.00,True
1789839351.1401,151.10,40.6100,40.6800,44.0200,100.50,103.00,True
1789839351.2445,151.20,40.5850,40.6400,44.0200,100.50,103.00,True
1789839351.3196,151.30,40.5600,40.6400,44.0200,100.50,103.00,True
1789839351.4110,151.40,40.5350,40.6400,44.0200,100.50,103.00,True
1789839351.5091,151.50,40.5100,40.5800,44.0200,100.50,103.00,True
1789839351.6212,151.60,40.4850,40.5800,44.0200,100.50,103.00,True
1789839351.7857,151.70,40.4600,46.1500,44.0200,100.50,103.00,True
1789839351.8671,151.80,40.4350,46.1500,44.0200,100.50,103.00,True
1789839352.1178,151.90,40.4100,44.1400,44.0200,100.50,103.00,True
1789839352.2187,152.00,40.3850,44.0800,44.0200,100.50,103.00,True
1789839352.2780,152.10,40.3600,44.0800,44.0200,100.50,103.00,True
1789839352.3707,152.20,40.3350,44.0800,44.0200,100.50,103.00,True
1789839352.4815,152.30,40.3100,44.0100,44.0200,100.50,103.00,True
1789839352.6014,152.40,40.2850,44.0100,44.0200,100.50,103.00,True
1789839352.7440,152.50,40.2600,43.9600,44.0200,100.50,103.00,True
1789839352.8463,152.60,40.2350,40.3400,44.0200,100.50,103.00,True
1789839352.9229,152.70,40.2100,40.3400,44.0200,100.50,103.00,True
1789839353.0468,152.80,40.1850,45.9800,44.0200,100.50,103.00,True
1789839353.2122,152.90,40.1600,45.9200,44.0200,100.50,103.00,True
1789839353.2945,153.00,40.1350,45.9200,44.0200,100.50,103.00,True
1789839353.4736,153.10,40.1100,40.1800,44.0200,100.50,103.00,True
1789839353.5512,153.20,40.0850,43.7800,44.0200,100.50,103.00,True
1789839353.6497,153.30,40.0600,43.7800,44.0200,100.50,103.00,True
1789839353.7530,153.40,40.0350,40.1100,44.0200,100.50,103.00,True
1789839354.0225,153.50,40.0100,45.8000,44.0200,100.50,103.00,True
1789839354.0971,153.60,39.9850,45.8000,44.0200,100.50,103.00,True
1789839354.2382,153.70,39.9600,43.6400,44.0200,100.50,103.00,True
1789839354.3380,153.80,39.9350,39.9800,44.0200,100.50,103.00,True
1789839354.4550,153.90,39.9100,45.7200,44.0200,100.50,103.00,True
1789839354.5555,154.00,39.8850,45.7200,44.0200,100.50,103.00,False
1789839354.8652,154.10,39.8600,39.9100,44.0200,100.50,103.00,False
1789839354.9656,154.20,39.8350,43.5400,44.0200,100.50,103.00,False
1789839355.0804,154.30,39.8100,43.5400,44.0200,100.50,103.00,False
1789839355.1983,154.40,39.7850,45.6200,44.0200,100.50,103.00,False
1789839355.3571,154.50,39.7600,45.6200,44.0200,100.50,103.00,False
1789839355.4514,154.60,39.7350,45.5000,44.0200,100.50,103.00,False
1789839355.5651,154.70,39.7100,45.5000,44.0200,100.50,103.00,False
1789839355.6780,154.80,39.6850,43.3600,44.0200,100.50,103.00,False
1789839355.7955,154.90,39.6600,39.7600,44.0200,100.50,103.00,False
1789839355.8643,155.00,39.6350,43.3100,44.0200,100.50,103.00,False
1789839356.0152,155.10,39.6100,43.3100,44.0200,100.50,103.00,False
1789839356.1039,155.20,39.5850,39.6400,44.0200,100.50,103.00,False
1789839356.2334,155.30,39.5600,43.2600,44.0200,100.50,103.00,False
1789839356.3217,155.40,39.5350,45.2800,44.0200,100.50,103.00,False
1789839356.4156,155.50,39.5100,45.2800,44.0200,100.50,103.00,False
1789839356.5251,155.60,39.4850,45.2800,44.0200,100.50,103.00,False
1789839356.5925,155.70,39.4600,39.5300,44.0200,100.50,103.00,False
1789839356.7099,155.80,39.4350,43.1800,44.0200,100.50,103.00,False
1789839356.8109,155.90,39.4100,43.1800,44.0200,100.50,103.00,False
1789839357.0516,156.00,39.3850,43.1400,43.4600,100.50,103.00,False
1789839357.2265,156.10,39.3600,45.1000,43.4600,100.50,103.00,False
1789839357.3368,156.20,39.3350,45.1000,43.4600,100.50,103.00,False
1789839357.4861,156.30,39.3100,43.0600,43.4600,100.50,103.00,False
1789839357.5688,156.40,39.2850,43.0400,43.4600,100.50,103.00,False
1789839357.6938,156.50,39.2600,43.0100,43.4600,100.50,103.00,False
1789839357.8242,156.60,39.2350,43.0100,43.4600,100.50,103.00,False
1789839357.9080,156.70,39.2100,42.9600,43.4600,100.50,103.00,False
1789839358.0252,156.80,39.1850,42.9600,43.4600,100.50,103.00,False
1789839358.1229,156.90,39.1600,39.2400,43.4600,100.50,103.00,False
1789839358.2320,157.00,39.1350,39.2400,43.4600,100.50,103.00,False
1789839358.3334,157.10,39.1100,42.8600,43.4600,100.50,103.00,False
1789839358.4691,157.20,39.0850,42.8600,43.4600,100.50,103.00,False
1789839358.6588,157.30,39.0600,42.8100,43.4600,100.50,103.00,False
1789839358.7644,157.40,39.0350,42.8100,43.4600,100.50,103.00,False
1789839358.8613,157.50,39.0150,44.7800,43.4600,101.00,103.00,False
1789839359.0326,157.60,38.9950,44.7800,43.4600,101.00,103.00,False
1789839359.1346,157.70,38.9750,39.0200,43.4600,101.00,103.00,False
1789839359.2127,157.80,38.9550,39.0200,43.4600,101.00,103.00,False
1789839359.3394,157.90,38.9350,42.7000,43.4600,101.00,103.00,False
1789839359.4210,158.00,38.9150,42.7000,43.4600,101.00,103.00,False
1789839359.6423,158.10,38.8950,44.6200,43.4600,101.00,103.00,False
1789839359.9374,158.20,38.8750,44.5800,43.4600,101.00,103.00,False
1789839360.0636,158.30,38.8550,42.6000,43.4600,101.00,103.00,False
1789839360.1685,158.40,38.8350,42.6000,43.4600,101.00,103.00,False
1789839360.2660,158.50,38.8150,42.6000,43.4600,101.00,103.00,False
1789839360.4159,158.60,38.7950,38.8500,43.4600,101.00,103.00,False
1789839360.5342,158.70,38.7750,38.8200,43.4600,101.00,103.00,False
1789839360.6294,158.80,38.7550,42.5400,43.4600,101.00,103.00,False
1789839360.7391,158.90,38.7350,42.5400,43.4600,101.00,103.00,False
1789839360.8722,159.00,38.7150,44.4000,43.4600,101.00,103.00,False
1789839360.9946,159.10,38.6950,38.7400,43.4600,101.00,103.00,False
1789839361.0964,159.20,38.6750,38.7400,43.4600,101.00,103.00,False
1789839361.1950,159.30,38.6550,44.3600,43.4600,101.00,103.00,False
1789839361.5208,159.40,38.6350,44.3200,43.4600,101.00,103.00,False
1789839361.6662,159.50,38.6150,42.3400,43.4600,101.00,103.00,False
1789839361.7944,159.60,38.5950,42.3400,43.4600,101.00,103.00,False
1789839361.9042,159.70,38.5750,42.3200,43.4600,101.00,103.00,False
1789839362.0277,159.80,38.5550,44.2200,43.4600,101.00,103.00,False
1789839362.1333,159.90,38.5350,44.2200,43.4600,101.00,103.00,False
1789839362.2609,160.00,38.5150,42.2600,43.4600,101.00,103.00,False
1789839362.3826,160.10,38.4950,42.2400,43.4600,101.00,103.00,False
1789839362.5702,160.20,38.4750,38.5200,43.4600,101.00,103.00,False
1789839362.6742,160.30,38.4550,38.5200,43.4600,101.00,103.00,False
1789839362.8658,160.40,38.4350,42.1800,43.4600,101.00,103.00,False
1789839362.9606,160.50,38.4150,44.0400,43.4600,101.00,103.00,False
1789839363.0651,160.60,38.3950,44.0400,43.4600,101.00,103.00,False
1789839363.1458,160.70,38.3750,44.0400,43.4600,101.00,103.00,False
1789839363.3267,160.80,38.3550,38.4000,43.4600,101.00,103.00,False
1789839363.4479,160.90,38.3350,44.0000,43.4600,101.00,103.00,False
1789839363.5277,161.00,38.3150,42.0600,43.4600,101.00,103.00,False
1789839363.6310,161.10,38.2950,42.0600,43.4600,101.00,103.00,False
1789839363.7506,161.20,38.2750,42.0600,43.4600,101.00,103.00,False
1789839363.8670,161.30,38.2550,43.9000,43.4600,101.00,103.00,False
1789839364.5561,161.40,38.2350,41.9000,43.4600,101.00,103.00,False
1789839364.6719,161.50,38.2150,41.9000,43.4600,101.00,103.00,False
1789839364.9988,161.60,38.1950,43.7000,43.4600,101.00,103.00,False
1789839365.0686,161.70,38.1750,43.7000,43.4600,101.00,103.00,False
1789839365.1779,161.80,38.1550,41.7600,43.4600,101.00,103.00,False
1789839365.2741,161.90,38.1350,43.6200,43.4600,101.00,103.00,False
1789839365.3971,162.00,38.1150,41.7400,43.4600,101.00,103.00,False
1789839365.4728,162.10,38.0950,41.7400,43.4600,101.00,103.00,False
1789839365.6468,162.20,38.0750,43.5800,43.4600,101.00,103.00,False
1789839365.8327,162.30,38.0550,41.7000,43.4600,101.00,103.00,False
1789839365.9489,162.40,38.0350,41.6800,43.4600,101.00,103.00,False
1789839366.0668,162.50,38.0150,41.6800,43.4600,101.00,103.00,False
1789839366.1401,162.60,37.9950,41.6400,43.4600,101.00,103.00,False
1789839366.2445,162.70,37.9750,43.4600,43.4600,101.00,103.00,False
1789839366.3454,162.80,37.9550,38.0200,43.4600,101.00,103.00,False
1789839366.4199,162.90,37.9350,38.0200,43.4600,101.00,103.00,False
1789839366.5381,163.00,37.9150,38.0200,43.4600,101.00,103.00,False
1789839366.6356,163.10,37.8950,37.9600,43.4600,101.00,103.00,False
1789839366.7813,163.20,37.8750,43.3800,43.4600,101.00,103.00,False
1789839366.8590,163.30,37.8550,43.3600,43.4600,101.00,103.00,False
1789839366.9771,163.40,37.8350,43.3600,43.4600,101.00,103.00,False
1789839367.2807,163.50,37.8150,37.8400,43.4600,101.00,103.00,False
1789839367.4044,163.60,37.7950,41.5400,43.4600,101.00,103.00,False
1789839367.5706,163.70,37.7750,41.5800,43.4600,101.00,103.00,False
1789839367.6702,163.80,37.7550,41.5800,43.4600,101.00,103.00,False
1789839367.7475,163.90,37.7350,43.2200,43.4600,101.00,103.00,False
1789839367.8545,164.00,37.7150,41.4600,43.4600,101.00,103.00,False
1789839367.9542,164.10,37.6950,41.4600,43.4600,101.00,103.00,False
1789839368.0411,164.20,37.6750,43.1600,43.4600,101.00,103.00,False
1789839368.1604,164.30,37.6550,43.1600,43.4600,101.00,103.00,False
1789839368.2328,164.40,37.6350,43.1600,43.4600,101.00,103.00,False
1789839368.4115,164.50,37.6150,41.4200,43.4600,101.00,103.00,False
1789839368.5777,164.60,37.5950,43.0800,43.4600,101.00,103.00,False
1789839368.6596,164.70,37.5750,43.0800,43.4600,101.00,103.00,False
1789839368.7401,164.80,37.5550,43.0800,43.4600,101.00,103.00,False
1789839368.8762,164.90,37.5350,43.0800,43.4600,101.00,103.00,False
1789839369.0022,165.00,37.5150,43.0200,43.4600,101.00,103.00,False
1789839369.1709,165.10,37.4950,41.3400,43.4600,101.00,103.00,False
1789839369.2482,165.20,37.4750,41.3400,43.4600,101.00,103.00,False
1789839369.3560,165.30,37.4550,41.3400,43.4600,101.00,103.00,False
1789839369.4752,165.40,37.4350,41.2600,43.4600,101.00,103.00,False
1789839369.6394,165.50,37.4150,41.2400,43.4600,101.00,103.00,False
1789839369.7869,165.60,37.3950,42.9200,43.4600,101.00,103.00,False
1789839369.9206,165.70,37.3750,42.9200,43.4600,101.00,103.00,False
1789839370.1276,165.80,37.3550,37.4000,43.4600,101.00,103.00,False
1789839370.2031,165.90,37.3350,37.4000,43.4600,101.00,103.00,False
1789839370.3768,166.00,37.3150,41.1200,43.4600,101.00,103.00,False
1789839370.5736,166.10,37.2950,41.0600,43.4600,101.00,103.00,False
1789839370.6729,166.20,37.2750,41.0600,43.4600,101.00,103.00,False
1789839370.8872,166.30,37.2550,42.7600,43.4600,101.00,103.00,False
1789839370.9852,166.40,37.2350,41.0000,43.4600,101.00,103.00,False
1789839371.0804,166.50,37.2150,40.9800,43.4600,101.00,103.00,False
1789839371.1412,166.60,37.1950,40.9800,43.4600,101.00,103.00,False
1789839371.2491,166.70,37.1750,42.6800,43.4600,101.00,103.00,False
1789839371.3657,166.80,37.1550,42.6800,43.4600,101.00,103.00,False
1789839371.5094,166.90,37.1350,42.6400,43.4600,101.00,103.00,False
1789839371.5872,167.00,37.1150,42.6200,43.4600,101.00,103.00,False
1789839371.7259,167.10,37.0950,37.1400,43.4600,101.00,103.00,False
1789839371.8052,167.20,37.0750,37.1400,43.4600,101.00,103.00,False
1789839371.9064,167.30,37.0550,37.1400,43.4600,101.00,103.00,False
1789839372.0231,167.40,37.0350,40.8500,43.4600,101.00,103.00,False
1789839372.1635,167.50,37.0150,42.5600,43.4600,101.00,103.00,False
1789839372.2451,167.60,36.9950,42.5200,43.4600,101.00,103.00,False
1789839372.3402,167.70,36.9750,42.5200,43.4600,101.00,103.00,False
1789839372.4899,167.80,36.9550,36.9900,43.4600,101.00,103.00,False
1789839372.6290,167.90,36.9350,40.7800,43.4600,101.00,103.00,False
1789839372.7680,168.00,36.9150,40.7600,43.4600,101.00,103.00,False
1789839372.8674,168.10,36.8950,40.7600,43.4600,101.00,103.00,False
1789839372.9883,168.20,36.8750,40.7600,43.4600,101.00,103.00,False
1789839373.1275,168.30,36.8550,40.7000,43.4600,101.00,103.00,False
1789839373.2330,168.40,36.8350,36.8800,43.4600,101.00,103.00,False
1789839373.3294,168.50,36.8150,36.8800,43.4600,101.00,103.00,False
1789839374.0353,168.60,36.7950,36.8800,43.4600,101.00,103.00,False
1789839374.1139,168.70,36.7750,40.6200,43.4600,101.00,103.00,False
1789839374.2350,168.80,36.7550,40.6200,43.4600,101.00,103.00,False
1789839374.3512,168.90,36.7350,42.2600,43.4600,101.00,103.00,False
1789839374.4225,169.00,36.7150,42.2600,43.4600,101.00,103.00,False
1789839374.5639,169.10,36.6950,40.5600,43.4600,101.00,103.00,False
1789839374.6391,169.20,36.6750,40.5600,43.4600,101.00,103.00,False
1789839374.7616,169.30,36.6550,40.5600,43.4600,101.00,103.00,False
1789839374.8434,169.40,36.6350,36.7000,43.4600,101.00,103.00,False
1789839374.9773,169.50,36.6150,36.6600,43.4600,101.00,103.00,False
1789839375.0611,169.60,36.5950,36.6600,43.4600,101.00,103.00,False
1789839375.1414,169.70,36.5750,36.6600,43.4600,101.00,103.00,False
1789839375.3219,169.80,36.5550,42.0600,43.4600,101.00,103.00,False
1789839375.4234,169.90,36.5350,42.0600,43.4600,101.00,103.00,False
1789839375.5216,170.00,36.5150,42.0400,43.4600,101.00,103.00,False
1789839375.6243,170.10,36.4950,42.0400,43.4600,101.00,103.00,False
1789839375.7578,170.20,36.4750,42.0400,43.4600,101.00,103.00,False
1789839375.8877,170.30,36.4550,42.0400,43.4600,101.00,103.00,False
1789839376.0239,170.40,36.4350,41.9400,43.4600,101.00,103.00,False
1789839376.1411,170.50,36.4150,41.9400,43.4600,101.00,103.00,False
1789839376.2497,170.60,36.3950,41.9400,43.4600,101.00,103.00,False
1789839376.3593,170.70,36.3750,41.9400,43.4600,101.00,103.00,False
1789839376.4589,170.80,36.3550,40.3200,43.4600,101.00,103.00,False
1789839376.8564,170.90,36.3350,42.0400,43.4600,101.00,103.00,False
1789839377.0083,171.00,36.3150,40.2600,43.4600,101.00,103.00,False
1789839377.1514,171.10,36.2950,36.3400,43.4600,101.00,103.00,False
1789839377.2284,171.20,36.2750,36.3400,43.4600,101.00,103.00,False
1789839377.3318,171.30,36.2550,36.3400,43.4600,101.00,103.00,False
1789839377.4152,171.40,36.2350,36.3400,43.4600,101.00,103.00,False
1789839377.5699,171.50,36.2150,36.2600,43.4600,101.00,103.00,False
1789839377.6524,171.60,36.1950,41.6600,43.4600,101.00,103.00,False
1789839378.0799,171.70,36.1750,40.1000,43.4600,101.00,103.00,False
1789839378.1540,171.80,36.1550,40.1000,43.4600,101.00,103.00,False
1789839378.2382,171.90,36.1350,40.1000,43.4600,101.00,103.00,False
1789839378.4030,172.00,36.1150,40.1000,43.4600,101.00,103.00,False
1789839378.5284,172.10,36.0950,40.0600,43.4600,101.00,103.00,False
1789839378.6478,172.20,36.0750,41.4800,43.4600,101.00,103.00,False
1789839378.7010,172.30,36.0550,41.4800,43.4600,101.00,103.00,False
1789839378.8388,172.40,36.0350,41.4800,43.4600,101.00,103.00,False
1789839379.0071,172.50,36.0150,36.0800,43.4600,101.00,103.00,False
1789839379.1960,172.60,35.9950,36.0300,43.4600,101.00,103.00,False
1789839379.2743,172.70,35.9750,36.0300,43.4600,101.00,103.00,False
1789839379.3804,172.80,35.9550,36.0300,43.4600,101.00,103.00,False
1789839379.6104,172.90,35.9350,35.9600,43.4600,101.00,103.00,False
1789839379.6959,173.00,35.9150,35.9600,43.4600,101.00,103.00,False
1789839379.8630,173.10,35.8950,35.9600,43.4600,101.00,103.00,False
1789839380.0279,173.20,35.8750,39.8800,43.4600,101.00,103.00,False
1789839380.1022,173.30,35.8550,35.9000,43.4600,101.00,103.00,False
1789839380.2301,173.40,35.8350,35.9000,43.4600,101.00,103.00,False
1789839380.3257,173.50,35.8150,39.7800,43.4600,101.00,103.00,False
1789839380.4031,173.60,35.7950,39.7800,43.4600,101.00,103.00,False
1789839380.6776,173.70,35.7750,35.8200,43.4600,101.00,103.00,False
1789839380.7766,173.80,35.7550,35.8200,43.4600,101.00,103.00,False
1789839380.8713,173.90,35.7350,41.1400,43.4600,101.00,103.00,False
1789839380.9828,174.00,35.7150,39.6700,43.4600,101.00,103.00,False
1789839381.0746,174.10,35.6950,39.6700,43.4600,101.00,103.00,False
1789839381.2067,174.20,35.6750,39.6700,43.4600,101.00,103.00,False
1789839382.1464,174.30,35.6550,39.4600,43.4600,101.00,103.00,False
1789839382.2577,174.40,35.6350,40.8600,43.4600,101.00,103.00,False
1789839382.3349,174.50,35.6150,39.4200,43.4600,101.00,103.00,False
1789839382.4787,174.60,35.5950,39.4200,43.4600,101.00,103.00,False
1789839382.5784,174.70,35.5750,40.8300,43.4600,101.00,103.00,False
1789839382.6764,174.80,35.5550,39.3500,43.4600,101.00,103.00,False
1789839382.7720,174.90,35.5350,40.7800,43.4600,101.00,103.00,False
1789839382.8776,175.00,35.5150,40.7800,43.4600,101.00,103.00,False
1789839382.9969,175.10,35.4950,40.7400,43.4600,101.00,103.00,False
1789839383.1490,175.20,35.4750,35.5200,43.4600,101.00,103.00,False
1789839383.2439,175.30,35.4550,35.4900,43.4600,101.00,103.00,False
1789839383.3213,175.40,35.4350,35.4900,43.4600,101.00,103.00,False
1789839383.4219,175.50,35.4150,35.4900,43.4600,101.00,103.00,False
1789839383.5055,175.60,35.3950,35.4600,43.4600,101.00,103.00,False
1789839383.6937,175.70,35.3750,40.6200,43.4600,101.00,103.00,False
1789839383.7509,175.80,35.3550,40.6000,43.4600,101.00,103.00,False
1789839383.8441,175.90,35.3350,40.6000,43.4600,101.00,103.00,False
1789839383.9804,176.00,35.3150,40.5600,43.4600,101.00,103.00,False
1789839384.3674,176.10,35.2950,35.3400,43.4600,101.00,103.00,False
1789839384.4705,176.20,35.2750,39.2000,43.4600,101.00,103.00,False
1789839384.5459,176.30,35.2550,39.2000,43.4600,101.00,103.00,False
1789839384.6519,176.40,35.2350,39.1600,43.4600,101.00,103.00,False
1789839384.7764,176.50,35.2150,35.2600,43.4600,101.00,103.00,False
1789839384.9663,176.60,35.1950,35.2400,43.4600,101.00,103.00,False
1789839385.0533,176.70,35.1750,35.2400,43.4600,101.00,103.00,False
1789839385.1216,176.80,35.1550,35.2400,43.4600,101.00,103.00,False
1789839385.3909,176.90,35.1350,35.1600,43.4600,101.00,103.00,False
1789839385.5026,177.00,35.1150,35.1600,43.4600,101.00,103.00,False
1789839385.7499,177.10,35.0950,35.1200,43.4600,101.00,103.00,False
1789839385.8929,177.20,35.0750,38.9800,43.4600,101.00,103.00,False
1789839385.9692,177.30,35.0550,38.9800,43.4600,101.00,103.00,False
1789839386.0697,177.40,35.0350,38.9800,43.4600,101.00,103.00,False
1789839386.2761,177.50,35.0150,40.1800,43.4600,101.00,103.00,False
1789839386.3739,177.60,34.9950,38.8800,43.4600,101.00,103.00,False
1789839386.4854,177.70,34.9750,38.8800,43.4600,101.00,103.00,False
1789839386.6204,177.80,34.9550,38.8800,43.4600,101.00,103.00,False
1789839386.7368,177.90,34.9350,40.1000,43.4600,101.00,103.00,False
1789839386.8135,178.00,34.9150,38.8000,43.4600,101.00,103.00,False
1789839386.8973,178.10,34.8950,38.8000,43.4600,101.00,103.00,False
1789839387.0129,178.20,34.8750,38.8000,43.4600,101.00,103.00,False
1789839387.1442,178.30,34.8550,34.9000,43.4600,101.00,103.00,False
1789839387.3826,178.40,34.8350,34.8800,43.4600,101.00,103.00,False
1789839387.4666,178.50,34.8150,34.8800,43.4600,101.00,103.00,False
1789839387.5845,178.60,34.7950,34.8800,43.4600,101.00,103.00,False
1789839387.7365,178.70,34.7750,38.6600,43.4600,101.00,103.00,False
1789839387.8091,178.80,34.7550,38.6600,43.4600,101.00,103.00,False
1789839387.8842,178.90,34.7350,38.6600,43.4600,101.00,103.00,False
1789839388.0372,179.00,34.7150,38.6600,43.4600,101.00,103.00,False
1789839388.1569,179.10,34.6950,39.8800,43.4600,101.00,103.00,False
1789839388.2473,179.20,34.6750,38.6000,43.4600,101.00,103.00,False
1789839388.3599,179.30,34.6550,38.6000,43.4600,101.00,103.00,False
1789839388.4552,179.40,34.6350,38.6000,43.4600,101.00,103.00,False
1789839388.5528,179.50,34.6150,39.8000,43.4600,101.00,103.00,False
1789839388.6933,179.60,34.5950,34.6400,43.4600,101.00,103.00,False
1789839388.7672,179.70,34.5750,34.6400,43.4600,101.00,103.00,False
1789839388.8638,179.80,34.5550,34.6400,43.4600,101.00,103.00,False
1789839388.9904,179.90,34.5350,34.6400,43.4600,101.00,103.00,False
1789839389.1092,180.00,34.5150,38.4800,43.4600,101.00,103.00,False
1789839389.2082,180.10,34.4950,39.6800,43.4600,101.00,103.00,False
1789839389.2775,180.20,34.4750,39.6800,43.4600,101.00,103.00,False
1789839389.3880,180.30,34.4550,39.6800,43.4600,101.00,103.00,False
1789839389.4986,180.40,34.4350,38.4200,43.4600,101.00,103.00,False
1789839389.6016,180.50,34.4150,38.4000,43.4600,101.00,103.00,False
1789839389.6713,180.60,34.3950,38.4000,43.4600,101.00,103.00,False
1789839389.8043,180.70,34.3750,38.4000,43.4600,101.00,103.00,False
1789839389.9803,180.80,34.3550,38.3400,43.4600,101.00,103.00,False
1789839390.0965,180.90,34.3350,39.5600,43.4600,101.00,103.00,False
1789839390.2270,181.00,34.3150,39.5600,43.4600,101.00,103.00,False
1789839390.6402,181.10,34.2950,38.2600,43.4600,101.00,103.00,False
1789839390.7650,181.20,34.2750,38.2600,43.4600,101.00,103.00,False
1789839391.0147,181.30,34.2550,39.3800,43.4600,101.00,103.00,False
1789839391.0933,181.40,34.2350,39.3800,43.4600,101.00,103.00,False
1789839391.1943,181.50,34.2150,39.3800,43.4600,101.00,103.00,False
1789839391.3373,181.60,34.1950,39.3800,43.4600,101.00,103.00,False
1789839391.4422,181.70,34.1750,34.2200,43.4600,101.00,103.00,False
1789839391.5609,181.80,34.1550,39.3300,43.4600,101.00,103.00,False
1789839391.6663,181.90,34.1350,39.3300,43.4600,101.00,103.00,False
1789839391.7708,182.00,34.1150,39.3300,43.4600,101.00,103.00,False
1789839391.9154,182.10,34.0950,38.0300,43.4600,101.00,103.00,False
1789839392.0224,182.20,34.0750,39.2200,43.4600,101.00,103.00,False
1789839392.1067,182.30,34.0550,39.2000,43.4600,101.00,103.00,False
1789839392.1940,182.40,34.0350,39.2000,43.4600,101.00,103.00,False
1789839392.3212,182.50,34.0150,39.2000,43.4600,101.00,103.00,False
1789839392.4342,182.60,33.9950,34.0600,43.4600,101.00,103.00,False
1789839392.5322,182.70,33.9750,34.0200,43.4600,101.00,103.00,False
1789839392.6561,182.80,33.9550,34.0200,43.4600,101.00,103.00,False
1789839392.7976,182.90,33.9350,39.1500,43.4600,101.00,103.00,False
1789839392.8980,183.00,33.9150,33.9600,43.4600,101.00,103.00,False
1789839393.0188,183.10,33.8950,39.1000,43.4600,101.00,103.00,False
1789839393.1647,183.20,33.8750,39.1000,43.4600,101.00,103.00,False
1789839393.2715,183.30,33.8550,39.1000,43.4600,101.00,103.00,False
1789839393.4629,183.40,33.8350,33.8800,43.4600,101.00,103.00,False
1789839393.6778,183.50,33.8150,33.8500,43.4600,101.00,103.00,False
1789839393.8650,183.60,33.7950,38.9700,43.4600,101.00,103.00,False
1789839394.0050,183.70,33.7750,38.9200,43.4600,101.00,103.00,False
1789839394.1521,183.80,33.7550,38.9200,43.4600,101.00,103.00,False
1789839394.2845,183.90,33.7350,38.9200,43.4600,101.00,103.00,False
1789839394.3802,184.00,33.7150,38.8600,43.4600,101.00,103.00,False
1789839394.4997,184.10,33.6950,33.7400,43.4600,101.00,103.00,False
1789839394.5984,184.20,33.6750,33.7400,43.4600,101.00,103.00,False
1789839394.7241,184.30,33.6550,33.7400,43.4600,101.00,103.00,False
1789839394.8776,184.40,33.6350,38.8000,43.4600,101.00,103.00,False
1789839395.0636,184.50,33.6150,37.5300,43.4600,101.00,103.00,False
1789839395.1327,184.60,33.5950,37.5300,43.4600,101.00,103.00,False
1789839395.2446,184.70,33.5750,38.7200,43.4600,101.00,103.00,False
1789839395.3412,184.80,33.5550,38.7200,43.4600,101.00,103.00,False
1789839395.4359,184.90,33.5350,38.6800,43.4600,101.00,103.00,False
1789839395.5227,185.00,33.5150,38.6800,43.4600,101.00,103.00,False
1789839395.7383,185.10,33.4950,33.5300,43.4600,101.00,103.00,False
1789839395.9131,185.20,33.4750,37.4600,43.4600,101.00,103.00,False
1789839396.0268,185.30,33.4550,37.4600,43.4600,101.00,103.00,False
1789839396.1471,185.40,33.4350,37.4600,43.4600,101.00,103.00,False
1789839396.2468,185.50,33.4150,38.5400,43.4600,101.00,103.00,False
1789839396.3646,185.60,33.3950,37.4000,43.4600,101.00,103.00,False
1789839396.4388,185.70,33.3750,33.4400,43.4600,101.00,103.00,False
1789839396.5463,185.80,33.3550,33.4400,43.4600,101.00,103.00,False
1789839396.6794,185.90,33.3350,33.3800,43.4600,101.00,103.00,False
1789839396.7749,186.00,33.3150,37.3200,43.4600,101.00,103.00,False
1789839396.8727,186.10,33.2950,38.4700,43.4600,101.00,103.00,False
1789839396.9846,186.20,33.2750,38.4700,43.4600,101.00,103.00,False
1789839397.1068,186.30,33.2550,38.4700,43.4600,101.00,103.00,False
1789839397.2249,186.40,33.2350,33.2800,43.4600,101.00,103.00,False
1789839397.3571,186.50,33.2150,33.2600,43.4600,101.00,103.00,False
1789839397.4357,186.60,33.1950,33.2600,43.4600,101.00,103.00,False
1789839397.5109,186.70,33.1750,33.2600,43.4600,101.00,103.00,False
1789839397.6164,186.80,33.1550,33.2200,43.4600,101.00,103.00,False
1789839397.7369,186.90,33.1350,37.1600,43.4600,101.00,103.00,False
1789839397.8088,187.00,33.1150,37.1400,43.4600,101.00,103.00,False
1789839397.9176,187.10,33.0950,37.1400,43.4600,101.00,103.00,False
1789839398.0442,187.20,33.0750,37.1400,43.4600,101.00,103.00,False
1789839398.1326,187.30,33.0550,33.1000,43.4600,101.00,103.00,False
1789839398.2375,187.40,33.0350,33.0800,43.4600,101.00,103.00,False
1789839398.3388,187.50,33.0150,33.0800,43.4600,101.00,103.00,False
1789839398.4166,187.60,32.9950,33.0800,43.4600,101.00,103.00,False
1789839398.5403,187.70,32.9750,33.0800,43.4600,101.00,103.00,False
1789839398.7252,187.80,32.9550,36.9600,43.4600,101.00,103.00,False
1789839398.8041,187.90,32.9350,36.9600,43.4600,101.00,103.00,False
1789839398.9083,188.00,32.9150,36.9600,43.4600,101.00,103.00,False
1789839399.0034,188.10,32.8950,36.9600,43.4600,101.00,103.00,False
1789839399.1268,188.20,32.8750,36.9000,43.4600,101.00,103.00,False
1789839399.2258,188.30,32.8550,36.8800,43.4600,101.00,103.00,False
1789839399.3551,188.40,32.8350,36.8800,43.4600,101.00,103.00,False
1789839399.4509,188.50,32.8150,36.8800,43.4600,101.00,103.00,False
1789839399.5559,188.60,32.7950,36.8800,43.4600,101.00,103.00,False
1789839399.6827,188.70,32.7750,36.8200,43.4600,101.00,103.00,False
1789839399.7608,188.80,32.7550,36.8000,43.4600,101.00,103.00,False
1789839399.8367,188.90,32.7350,36.8000,43.4600,101.00,103.00,False
1789839399.9831,189.00,32.7150,36.8000,43.4600,101.00,103.00,False
1789839400.1057,189.10,32.6950,36.8000,43.4600,101.00,103.00,False
1789839400.4617,189.20,32.6750,36.7200,43.4600,101.00,103.00,False
1789839400.5707,189.30,32.6550,36.7200,43.4600,101.00,103.00,False
1789839400.6716,189.40,32.6350,36.7200,43.4600,101.00,103.00,False
1789839400.8748,189.50,32.6150,32.6600,43.4600,101.00,103.00,False
1789839401.0234,189.60,32.5950,32.6600,43.4600,101.00,103.00,False
1789839401.1560,189.70,32.5750,32.6600,43.4600,101.00,103.00,False
1789839401.2303,189.80,32.5550,32.6000,43.4600,101.00,103.00,False
1789839401.3168,189.90,32.5350,32.6000,43.4600,101.00,103.00,False
1789839401.4094,190.00,32.5150,32.6000,43.4600,101.00,103.00,False
1789839401.5407,190.10,32.4950,32.6000,43.4600,101.00,103.00,False
1789839401.6166,190.20,32.4750,32.6000,43.4600,101.00,103.00,False
1789839401.8452,190.30,32.4550,37.8000,43.4600,101.00,103.00,False
1789839402.0004,190.40,32.4350,32.4800,43.4600,101.00,103.00,False
1789839402.1203,190.50,32.4150,32.4800,43.4600,101.00,103.00,False
1789839402.1955,190.60,32.3950,32.4800,43.4600,101.00,103.00,False
1789839402.3054,190.70,32.3750,36.4600,43.4600,101.00,103.00,False
1789839402.4193,190.80,32.3550,36.4200,43.4600,101.00,103.00,False
1789839402.4974,190.90,32.3350,36.4200,43.4600,101.00,103.00,False
1789839402.5798,191.00,32.3150,36.4200,43.4600,101.00,103.00,False
1789839402.6999,191.10,32.2950,36.4200,43.4600,101.00,103.00,False
1789839402.8232,191.20,32.2750,36.4200,43.4600,101.00,103.00,False
1789839402.9414,191.30,32.2550,37.6800,43.4600,101.00,103.00,False
1789839403.0597,191.40,32.2350,37.6800,43.4600,101.00,103.00,False
1789839403.1942,191.50,32.2150,37.6800,43.4600,101.00,103.00,False
1789839403.2503,191.60,32.1950,37.6800,43.4600,101.00,103.00,False
1789839403.3899,191.70,32.1750,37.6000,43.4600,101.00,103.00,False
1789839403.5175,191.80,32.1550,37.6000,43.4600,101.00,103.00,False
1789839403.5741,191.90,32.1350,37.6000,43.4600,101.00,103.00,False
1789839403.6923,192.00,32.1150,37.6000,43.4600,101.00,103.00,False
1789839403.8004,192.10,32.0950,32.1400,43.4600,101.00,103.00,False
1789839403.8905,192.20,32.0750,36.1600,43.4600,101.00,103.00,False
1789839404.0516,192.30,32.0550,36.1600,43.4600,101.00,103.00,False
1789839404.2752,192.40,32.0350,32.0600,37.6000,101.00,103.00,False
1789839404.4149,192.50,32.0150,36.0800,37.6000,101.00,103.00,False
1789839404.5173,192.60,31.9950,36.0800,37.6000,101.00,103.00,False
1789839404.8190,192.70,31.9750,35.9900,37.6000,101.00,103.00,False
1789839404.9009,192.80,31.9550,37.4700,37.6000,101.00,103.00,False
1789839405.0208,192.90,31.9350,37.4700,37.6000,101.00,103.00,False
1789839405.1617,193.00,31.9150,37.4700,37.6000,101.00,103.00,False
1789839405.2624,193.10,31.8950,37.3600,37.6000,101.00,103.00,False
1789839405.3578,193.20,31.8750,35.9200,37.6000,101.00,103.00,False
1789839405.4398,193.30,31.8550,35.9200,37.6000,101.00,103.00,False
1789839405.5328,193.40,31.8350,35.9200,37.6000,101.00,103.00,False
1789839405.6549,193.50,31.8150,31.8600,37.6000,101.00,103.00,False
1789839405.7751,193.60,31.7950,31.8400,37.6000,101.00,103.00,False
1789839405.8789,193.70,31.7750,31.8400,37.6000,101.00,103.00,False
1789839405.9893,193.80,31.7550,31.8400,37.6000,101.00,103.00,False
1789839406.1206,193.90,31.7350,31.8400,37.6000,101.00,103.00,False
1789839406.2273,194.00,31.7150,37.3300,37.6000,101.00,103.00,False
1789839406.3318,194.10,31.6950,37.3000,37.6000,101.00,103.00,False
1789839406.4845,194.20,31.6750,37.2800,37.6000,101.00,103.00,False
1789839406.6247,194.30,31.6600,37.2800,37.6000,101.50,103.00,False
1789839406.7067,194.40,31.6450,37.2400,37.6000,101.50,103.00,False
1789839406.7908,194.50,31.6300,37.2400,37.6000,101.50,103.00,False
1789839407.1349,194.60,31.6150,35.6500,37.6000,101.50,103.00,False
1789839407.2767,194.70,31.6000,35.6200,37.6000,101.50,103.00,False
1789839407.4997,194.80,31.5850,37.1600,37.6000,101.50,103.00,False
1789839407.5895,194.90,31.5700,37.1600,37.6000,101.50,103.00,False
1789839407.7188,195.00,31.5550,37.1600,37.6000,101.50,103.00,False
1789839407.8407,195.10,31.5400,37.1400,37.6000,101.50,103.00,False
1789839407.9417,195.20,31.5250,37.1400,37.6000,101.50,103.00,False
1789839408.0430,195.30,31.5100,37.1000,37.6000,101.50,103.00,False
1789839408.1411,195.40,31.4950,37.1000,37.6000,101.50,103.00,False
1789839408.2342,195.50,31.4800,37.1000,37.6000,101.50,103.00,False
1789839408.3315,195.60,31.4650,37.1000,37.6000,101.50,103.00,False
1789839408.4068,195.70,31.4500,37.1000,37.6000,101.50,103.00,False
1789839408.5066,195.80,31.4350,37.1000,37.6000,101.50,103.00,False
1789839408.6153,195.90,31.4200,37.1000,37.6000,101.50,103.00,False
1789839408.8335,196.00,31.4050,31.4400,37.6000,101.50,103.00,False
1789839408.9811,196.10,31.3900,31.4400,37.6000,101.50,103.00,False
1789839409.1244,196.20,31.3750,37.0300,37.6000,101.50,103.00,False
1789839409.2148,196.30,31.3600,37.0300,37.6000,101.50,103.00,False
1789839409.2877,196.40,31.3450,37.0300,37.6000,101.50,103.00,False
1789839409.4429,196.50,31.3300,36.9800,37.6000,101.50,103.00,False
1789839409.5473,196.60,31.3150,36.9800,37.6000,101.50,103.00,False
1789839409.6496,196.70,31.3000,35.2800,37.6000,101.50,103.00,False
1789839409.7552,196.80,31.2850,35.2800,37.6000,101.50,103.00,False
1789839409.9001,196.90,31.2700,35.2600,37.6000,101.50,103.00,False
1789839410.0110,197.00,31.2550,31.3000,37.6000,101.50,103.00,False
1789839410.1247,197.10,31.2400,31.2700,37.6000,101.50,103.00,False
1789839410.1983,197.20,31.2250,31.2700,37.6000,101.50,103.00,False
1789839410.4054,197.30,31.2100,35.1800,37.6000,101.50,103.00,False
1789839410.4824,197.40,31.1950,35.1800,37.6000,101.50,103.00,False
1789839410.5793,197.50,31.1800,35.1800,37.6000,101.50,103.00,False
1789839410.6952,197.60,31.1650,31.2100,37.6000,101.50,103.00,False
1789839410.8260,197.70,31.1500,31.1800,37.6000,101.50,103.00,False
1789839410.9408,197.80,31.1350,35.1500,37.6000,101.50,103.00,False
1789839411.0589,197.90,31.1200,35.1500,37.6000,101.50,103.00,False
1789839411.1609,198.00,31.1050,35.1500,37.6000,101.50,103.00,False
1789839411.2616,198.10,31.0900,35.1500,37.6000,101.50,103.00,False
1789839411.4469,198.20,31.0750,31.1200,37.6000,101.50,103.00,False
1789839411.5466,198.30,31.0600,31.1200,37.6000,101.50,103.00,False
1789839411.6542,198.40,31.0450,31.1200,37.6000,101.50,103.00,False
1789839411.7990,198.50,31.0300,31.1200,37.6000,101.50,103.00,False
1789839411.8988,198.60,31.0150,35.0300,37.6000,101.50,103.00,False
1789839411.9779,198.70,31.0000,35.0300,37.6000,101.50,103.00,False
1789839412.0779,198.80,30.9850,31.1200,37.6000,101.50,103.00,False
1789839412.1897,198.90,30.9700,31.1200,37.6000,101.50,103.00,False
1789839412.2845,199.00,30.9550,31.1200,37.6000,101.50,103.00,False
1789839412.3817,199.10,30.9400,34.9600,37.6000,101.50,103.00,False
1789839412.5107,199.20,30.9250,30.9600,37.6000,101.50,103.00,False
1789839412.5967,199.30,30.9100,30.9600,37.6000,101.50,103.00,False
1789839412.7285,199.40,30.8950,30.9600,37.6000,101.50,103.00,False
1789839412.9269,199.50,30.8800,30.9100,37.6000,101.50,103.00,False
1789839413.0829,199.60,30.8650,34.8800,37.6000,101.50,103.00,False
1789839413.1840,199.70,30.8500,34.8800,37.6000,101.50,103.00,False
1789839413.3195,199.80,30.8350,34.8800,37.6000,101.50,103.00,False
1789839413.4426,199.90,30.8200,30.8600,37.6000,101.50,103.00,False
1789839413.6654,200.00,30.8050,30.8400,37.6000,101.50,103.00,False
1789839413.7653,200.10,30.7900,30.8400,37.6000,101.50,103.00,False
1789839413.9098,200.20,30.7750,36.4900,37.6000,101.50,103.00,False
1789839414.0968,200.30,30.7600,36.4600,37.6000,101.50,103.00,False
1789839414.1748,200.40,30.7450,36.4600,37.6000,101.50,103.00,False
1789839414.2971,200.50,30.7300,36.4600,37.6000,101.50,103.00,False
1789839414.6211,200.60,30.7150,30.7300,37.6000,101.50,103.00,False
1789839414.7150,200.70,30.7000,30.7300,37.6000,101.50,103.00,False
1789839414.8234,200.80,30.6850,30.7300,37.6000,101.50,103.00,False
1789839415.0676,200.90,30.6700,36.3400,37.6000,101.50,103.00,False
1789839415.1433,201.00,30.6550,36.3400,37.6000,101.50,103.00,False
1789839415.3243,201.10,30.6400,36.3400,37.6000,101.50,103.00,False
1789839415.4252,201.20,30.6250,34.5800,37.6000,101.50,103.00,False
1789839415.4987,201.30,30.6100,34.5800,37.6000,101.50,103.00,False
1789839415.6018,201.40,30.5950,34.5500,37.6000,101.50,103.00,False
1789839415.7174,201.50,30.5800,34.5500,37.6000,101.50,103.00,False
1789839415.8607,201.60,30.5650,34.5500,37.6000,101.50,103.00,False
1789839416.0362,201.70,30.5500,36.2600,37.6000,101.50,103.00,False
1789839416.1396,201.80,30.5350,30.5600,37.6000,101.50,103.00,False
1789839416.2897,201.90,30.5200,30.5600,37.6000,101.50,103.00,False
1789839416.3975,202.00,30.5050,30.5600,37.6000,101.50,103.00,False
1789839416.4812,202.10,30.4900,30.5600,37.6000,101.50,103.00,False
1789839416.6008,202.20,30.4750,36.1700,37.6000,101.50,103.00,False
1789839416.7483,202.30,30.4600,34.4400,37.6000,101.50,103.00,False
1789839416.8521,202.40,30.4450,34.4400,37.6000,101.50,103.00,False
1789839416.9627,202.50,30.4300,34.4400,37.6000,101.50,103.00,False
1789839417.0825,202.60,30.4150,34.3700,37.6000,101.50,103.00,False
1789839417.1573,202.70,30.4000,30.4400,37.6000,101.50,103.00,False
1789839417.2572,202.80,30.3850,36.1200,37.6000,101.50,103.00,False
1789839417.3983,202.90,30.3700,36.1200,37.6000,101.50,103.00,False
1789839418.4456,203.00,30.3550,35.9500,37.6000,101.50,103.00,False
1789839418.5704,203.10,30.3400,34.1900,37.6000,101.50,103.00,False
1789839418.7448,203.20,30.3250,30.3600,37.6000,101.50,103.00,False
1789839418.8225,203.30,30.3100,34.1600,37.6000,101.50,103.00,False
1789839418.9401,203.40,30.2950,34.1600,37.6000,101.50,103.00,False
1789839419.0647,203.50,30.2800,30.3100,37.6000,101.50,103.00,False
1789839419.2429,203.60,30.2650,35.8300,37.6000,101.50,103.00,False
1789839419.3512,203.70,30.2500,35.8200,37.6000,101.50,103.00,False
1789839419.4766,203.80,30.2350,35.8200,37.6000,101.50,103.00,False
1789839419.6423,203.90,30.2200,34.1000,37.6000,101.50,103.00,False
1789839419.7828,204.00,30.2050,34.0700,37.6000,101.50,103.00,False
1789839419.8919,204.10,30.1900,34.0700,37.6000,101.50,103.00,False
1789839419.9911,204.20,30.1750,34.0700,37.6000,101.50,103.00,False
1789839420.0983,204.30,30.1600,34.0700,37.6000,101.50,103.00,False
1789839420.3528,204.40,30.1450,34.0100,37.6000,101.50,103.00,False
1789839420.4919,204.50,30.1300,34.0100,37.6000,101.50,103.00,False
1789839420.6301,204.60,30.1150,35.6600,37.6000,101.50,103.00,False
1789839420.7394,204.70,30.1000,35.6600,37.6000,101.50,103.00,False
1789839420.9225,204.80,30.0850,35.6200,37.6000,101.50,103.00,False
1789839421.0502,204.90,30.0700,35.6200,37.6000,101.50,103.00,False
1789839421.1605,205.00,30.0550,35.5900,37.6000,101.50,103.00,False
1789839421.2461,205.10,30.0400,35.5900,37.6000,101.50,103.00,False
1789839421.3694,205.20,30.0250,30.0700,37.6000,101.50,103.00,False
1789839421.9675,205.30,30.0100,35.5600,37.6000,101.50,103.00,False
1789839422.1957,205.40,29.9950,33.8400,37.6000,101.50,103.00,False
1789839422.3357,205.50,29.9800,35.5200,37.6000,101.50,103.00,False
1789839422.4692,205.60,29.9650,35.5200,37.6000,101.50,103.00,False
1789839422.6449,205.70,29.9500,35.5200,37.6000,101.50,103.00,False
1789839422.7744,205.80,29.9350,35.4800,37.6000,101.50,103.00,False
1789839422.8923,205.90,29.9200,33.7600,37.6000,101.50,103.00,False
1789839423.0334,206.00,29.9050,35.4600,37.6000,101.50,103.00,False
1789839423.1645,206.10,29.8900,35.4600,37.6000,101.50,103.00,False
1789839423.3904,206.20,29.8750,35.4100,37.6000,101.50,103.00,False
1789839423.5273,206.30,29.8600,33.6800,37.6000,101.50,103.00,False
1789839423.6313,206.40,29.8450,33.6500,37.6000,101.50,103.00,False
1789839423.7321,206.50,29.8300,35.3500,37.6000,101.50,103.00,False
1789839423.8391,206.60,29.8150,35.3500,37.6000,101.50,103.00,False
1789839424.0045,206.70,29.8000,35.3500,37.6000,101.50,103.00,False
1789839424.1785,206.80,29.7850,29.8300,37.6000,101.50,103.00,False
1789839424.3718,206.90,29.7700,33.5800,37.6000,101.50,103.00,False
1789839424.5028,207.00,29.7550,33.5800,37.6000,101.50,103.00,False
1789839424.6524,207.10,29.7400,33.5800,37.6000,101.50,103.00,False
1789839424.7752,207.20,29.7250,33.5300,37.6000,101.50,103.00,False
1789839424.9431,207.30,29.7100,29.7400,37.6000,101.50,103.00,False
1789839425.0258,207.40,29.6950,29.7400,37.6000,101.50,103.00,False
1789839425.1174,207.50,29.6800,29.7400,37.6000,101.50,103.00,False
1789839425.2411,207.60,29.6650,33.4700,37.6000,101.50,103.00,False
1789839425.3712,207.70,29.6500,29.6800,37.6000,101.50,103.00,False
1789839425.4688,207.80,29.6350,29.6800,37.6000,101.50,103.00,False
1789839425.6792,207.90,29.6200,33.4200,37.6000,101.50,103.00,False
1789839425.8190,208.00,29.6050,33.4000,37.6000,101.50,103.00,False
1789839425.8910,208.10,29.5900,33.4000,37.6000,101.50,103.00,False
1789839426.0006,208.20,29.5750,33.4000,37.6000,101.50,103.00,False
1789839426.1313,208.30,29.5600,33.4000,37.6000,101.50,103.00,False
1789839426.4280,208.40,29.5450,35.0300,37.6000,101.50,103.00,False
1789839426.5438,208.50,29.5300,35.0300,37.6000,101.50,103.00,False
1789839426.6410,208.60,29.5150,35.0300,37.6000,101.50,103.00,False
1789839426.7624,208.70,29.5000,34.9900,37.6000,101.50,103.00,False
1789839426.8685,208.80,29.4850,34.9800,37.6000,101.50,103.00,False
1789839427.0316,208.90,29.4700,34.9800,37.6000,101.50,103.00,False
1789839427.2148,209.00,29.4550,34.9400,37.6000,101.50,103.00,False
1789839427.3227,209.10,29.4400,34.9400,37.6000,101.50,103.00,False
1789839427.4263,209.20,29.4250,34.9400,37.6000,101.50,103.00,False
1789839427.5257,209.30,29.4100,34.9400,37.6000,101.50,103.00,False
1789839427.7084,209.40,29.3950,33.2300,37.6000,101.50,103.00,False
1789839427.8124,209.50,29.3800,33.2400,37.6000,101.50,103.00,False
1789839427.9762,209.60,29.3650,33.2400,37.6000,101.50,103.00,False
1789839428.0803,209.70,29.3500,33.2400,37.6000,101.50,103.00,False
1789839428.2008,209.80,29.3350,34.8100,37.6000,101.50,103.00,False
1789839428.3280,209.90,29.3200,34.8000,37.6000,101.50,103.00,False
1789839428.4069,210.00,29.3050,29.3600,37.6000,101.50,103.00,False
1789839428.4855,210.10,29.2900,29.3600,37.6000,101.50,103.00,False
1789839428.5837,210.20,29.2750,29.3600,37.6000,101.50,103.00,False
1789839428.7156,210.30,29.2600,34.7500,37.6000,101.50,103.00,False
1789839428.8367,210.40,29.2450,34.7500,37.6000,101.50,103.00,False
1789839428.9434,210.50,29.2300,34.7200,37.6000,101.50,103.00,False
1789839429.0051,210.60,29.2150,34.7400,37.6000,101.50,103.00,False
1789839429.1267,210.70,29.2000,34.7400,37.6000,101.50,103.00,False
1789839429.2308,210.80,29.1850,34.6900,37.6000,101.50,103.00,False
1789839429.3282,210.90,29.1700,29.2000,37.6000,101.50,103.00,False
1789839429.4155,211.00,29.1550,29.2000,37.6000,101.50,103.00,False
1789839429.5183,211.10,29.1400,29.2000,37.6000,101.50,103.00,False
1789839429.6693,211.20,29.1250,29.1600,37.6000,101.50,103.00,False
1789839429.7814,211.30,29.1100,29.1600,37.6000,101.50,103.00,False
1789839429.8829,211.40,29.0950,32.9300,37.6000,101.50,103.00,False
1789839429.9815,211.50,29.0800,32.9300,37.6000,101.50,103.00,False
1789839430.0858,211.60,29.0650,32.9000,37.6000,101.50,103.00,False
1789839430.1844,211.70,29.0500,32.9000,37.6000,101.50,103.00,False
1789839430.2829,211.80,29.0350,32.8700,37.6000,101.50,103.00,False
1789839430.5027,211.90,29.0200,34.5600,37.6000,101.50,103.00,False
1789839430.6003,212.00,29.0050,29.0400,37.6000,101.50,103.00,False
1789839430.7002,212.10,28.9900,29.0400,37.6000,101.50,103.00,False
1789839430.8835,212.20,28.9750,32.8100,37.6000,101.50,103.00,False
1789839431.0141,212.30,28.9600,34.4700,37.6000,101.50,103.00,False
1789839431.0915,212.40,28.9450,34.4700,37.6000,101.50,103.00,False
1789839431.2215,212.50,28.9300,32.7600,37.6000,101.50,103.00,False
1789839431.2975,212.60,28.9150,32.7500,37.6000,101.50,103.00,False
1789839431.3776,212.70,28.9000,32.7500,37.6000,101.50,103.00,False
1789839431.4729,212.80,28.8850,32.7500,37.6000,101.50,103.00,False
1789839431.5827,212.90,28.8700,32.7500,37.6000,101.50,103.00,False
1789839431.7320,213.00,28.8550,34.3600,37.6000,101.50,103.00,False
1789839431.8345,213.10,28.8400,34.3600,37.6000,101.50,103.00,False
1789839432.0304,213.20,28.8250,28.9300,37.6000,101.50,103.00,False
1789839432.1309,213.30,28.8100,34.3200,37.6000,101.50,103.00,False
1789839432.2514,213.40,28.7950,32.6700,37.6000,101.50,103.00,False
1789839432.4264,213.50,28.7800,32.6700,37.6000,101.50,103.00,False
1789839432.5037,213.60,28.7650,32.6700,37.6000,101.50,103.00,False
1789839432.6147,213.70,28.7500,32.6200,37.6000,101.50,103.00,False
1789839432.7509,213.80,28.7350,32.6200,37.6000,101.50,103.00,False
1789839432.8695,213.90,28.7200,34.2400,37.6000,101.50,103.00,False
1789839432.9699,214.00,28.7050,34.2400,37.6000,101.50,103.00,False
1789839433.1141,214.10,28.6900,34.2400,37.6000,101.50,103.00,False
1789839433.2453,214.20,28.6750,32.6500,37.6000,101.50,103.00,False
1789839433.3636,214.30,28.6600,34.1800,37.6000,101.50,103.00,False
1789839433.4814,214.40,28.6450,34.1800,37.6000,101.50,103.00,False
1789839433.7041,214.50,28.6300,34.1400,37.6000,101.50,103.00,False
1789839433.8275,214.60,28.6150,34.1400,37.6000,101.50,103.00,False
1789839433.9377,214.70,28.6000,32.4800,37.6000,101.50,103.00,False
1789839434.0585,214.80,28.5850,32.4800,37.6000,101.50,103.00,False
1789839434.1605,214.90,28.5700,34.0800,37.6000,101.50,103.00,False
1789839434.2555,215.00,28.5550,32.4400,37.6000,101.50,103.00,False
1789839434.3306,215.10,28.5400,34.0400,37.6000,101.50,103.00,False
1789839434.4149,215.20,28.5250,34.0400,37.6000,101.50,103.00,False
1789839434.5667,215.30,28.5100,34.0400,32.4800,101.50,103.00,False
1789839434.7071,215.40,28.4950,32.3800,32.4800,101.50,103.00,False
1789839434.8523,215.50,28.4800,32.3800,32.4800,101.50,103.00,False
1789839435.0169,215.60,28.4650,34.0200,32.4800,101.50,103.00,False
1789839435.3364,215.70,28.4500,32.3200,32.4800,101.50,103.00,False
1789839435.4583,215.80,28.4350,32.2800,32.4800,101.50,103.00,False
1789839435.5711,215.90,28.4200,32.2800,32.4800,101.50,103.00,False
1789839435.7298,216.00,28.4050,28.4400,32.4800,101.50,103.00,False
1789839435.8377,216.10,28.3900,28.4400,32.4800,101.50,103.00,False
1789839435.9651,216.20,28.3750,28.4400,32.4800,101.50,103.00,False
1789839436.0836,216.30,28.3600,32.2100,32.4800,101.50,103.00,False
1789839436.2551,216.40,28.3450,28.3800,32.4800,101.50,103.00,False
1789839436.3538,216.50,28.3300,28.3800,32.4800,101.50,103.00,False
1789839436.4331,216.60,28.3150,28.3800,32.4800,101.50,103.00,False
1789839436.5352,216.70,28.3000,32.1500,32.4800,101.50,103.00,False
1789839436.6293,216.80,28.2850,32.1500,32.4800,101.50,103.00,False
1789839436.7312,216.90,28.2700,32.1200,32.4800,101.50,103.00,False
1789839436.8318,217.00,28.2550,32.1200,32.4800,101.50,103.00,False
1789839436.9408,217.10,28.2400,32.1200,32.4800,101.50,103.00,False
1789839437.1045,217.20,28.2250,33.7900,32.4800,101.50,103.00,False
1789839437.2993,217.30,28.2100,28.2400,32.4800,101.50,103.00,False
1789839437.4379,217.40,28.1950,28.2400,32.4800,101.50,103.00,False
1789839437.5639,217.50,28.1800,33.7400,32.4800,101.50,103.00,False
1789839437.6418,217.60,28.1650,28.2000,32.4800,101.50,103.00,False
1789839437.7145,217.70,28.1500,33.7200,32.4800,101.50,103.00,False
1789839437.8773,217.80,28.1350,33.7200,32.4800,101.50,103.00,False
1789839437.9819,217.90,28.1200,33.6800,32.4800,101.50,103.00,False
1789839438.0818,218.00,28.1050,33.6800,32.4800,101.50,103.00,False
1789839438.2931,218.10,28.0900,33.6600,32.4800,101.50,103.00,False
1789839438.3936,218.20,28.0750,33.6600,32.4800,101.50,103.00,False
1789839438.4965,218.30,28.0600,31.9400,32.4800,101.50,103.00,False
1789839438.7011,218.40,28.0450,33.6000,32.4800,101.50,103.00,False
1789839438.8238,218.50,28.0300,33.6000,32.4800,101.50,103.00,False
1789839438.9580,218.60,28.0150,33.6000,32.4800,101.50,103.00,False
1789839439.0100,218.70,28.0000,33.6000,32.4800,101.50,103.00,False
1789839439.1466,218.80,27.9850,31.8600,32.4800,101.50,103.00,False
1789839439.2347,218.90,27.9700,33.5500,32.4800,101.50,103.00,False
1789839439.4410,219.00,27.9550,33.5500,32.4800,101.50,103.00,False
1789839439.7506,219.10,27.9400,33.4800,32.4800,101.50,103.00,False
1789839439.8184,219.20,27.9250,33.4800,32.4800,101.50,103.00,False
1789839439.9302,219.30,27.9100,33.4800,32.4800,101.50,103.00,False
1789839440.0440,219.40,27.8950,31.7300,32.4800,101.50,103.00,False
1789839440.1454,219.50,27.8800,31.7200,32.4800,101.50,103.00,False
1789839440.2246,219.60,27.8650,31.7200,32.4800,101.50,103.00,False
1789839440.3271,219.70,27.8500,31.7200,32.4800,101.50,103.00,False
1789839440.4515,219.80,27.8350,31.7200,32.4800,101.50,103.00,False
1789839440.5427,219.90,27.8200,27.8500,32.4800,101.50,103.00,False
1789839440.6285,220.00,27.8050,27.8500,32.4800,101.50,103.00,False
1789839440.7275,220.10,27.7900,27.8500,32.4800,101.50,103.00,False
1789839440.8261,220.20,27.7750,27.8500,32.4800,101.50,103.00,False
1789839440.9664,220.30,27.7600,27.7900,32.4800,101.50,103.00,False
1789839441.0696,220.40,27.7450,27.7800,32.4800,101.50,103.00,False
1789839441.1839,220.50,27.7300,27.7800,32.4800,101.50,103.00,False
1789839441.2811,220.60,27.7150,27.7800,32.4800,101.50,103.00,False
1789839441.3877,220.70,27.7000,27.7800,32.4800,101.50,103.00,False
1789839441.5615,220.80,27.6850,27.7200,32.4800,101.50,103.00,False
1789839441.6633,220.90,27.6700,27.7200,32.4800,101.50,103.00,False
1789839441.8114,221.00,27.6550,27.7200,32.4800,101.50,103.00,False
1789839441.9154,221.10,27.6400,27.7200,32.4800,101.50,103.00,False
1789839442.0576,221.20,27.6250,27.6600,32.4800,101.50,103.00,False
1789839442.2535,221.30,27.6100,27.6600,32.4800,101.50,103.00,False
1789839442.3582,221.40,27.5950,27.6600,32.4800,101.50,103.00,False
1789839442.4573,221.50,27.5800,33.2600,32.4800,101.50,103.00,False
1789839442.5562,221.60,27.5650,33.2500,32.4800,101.50,103.00,False
1789839442.7125,221.70,27.5500,33.2500,32.4800,101.50,103.00,False
1789839442.8115,221.80,27.5350,33.2500,32.4800,101.50,103.00,False
1789839442.9189,221.90,27.5200,33.2500,32.4800,101.50,103.00,False
1789839443.0438,222.00,27.5050,27.5400,32.4800,101.50,103.00,False
1789839443.4267,222.10,27.4900,27.5400,32.4800,101.50,103.00,False
1789839443.6741,222.20,27.4750,31.3100,32.4800,101.50,103.00,False
1789839443.7502,222.30,27.4600,31.3100,32.4800,101.50,103.00,False
1789839443.8579,222.40,27.4450,31.3100,32.4800,101.50,103.00,False
1789839444.1431,222.50,27.4300,27.4400,32.4800,101.50,103.00,False
1789839444.2152,222.60,27.4150,27.4400,32.4800,101.50,103.00,False
1789839444.3866,222.70,27.4000,27.4400,32.4800,101.50,103.00,False
1789839444.4938,222.80,27.3850,31.1900,32.4800,101.50,103.00,False
1789839444.5857,222.90,27.3700,32.9900,32.4800,101.50,103.00,False
1789839444.7855,223.00,27.3550,32.9900,32.4800,101.50,103.00,False
1789839444.9175,223.10,27.3400,32.9900,32.4800,101.50,103.00,False
1789839445.0501,223.20,27.3250,27.3600,32.4800,101.50,103.00,False
1789839445.1697,223.30,27.3100,27.3400,32.4800,101.50,103.00,False
1789839445.2693,223.40,27.2950,27.3400,32.4800,101.50,103.00,False
1789839445.3905,223.50,27.2800,27.3400,32.4800,101.50,103.00,False
1789839445.5284,223.60,27.2650,31.0600,32.4800,101.50,103.00,False
1789839445.6459,223.70,27.2500,31.0700,32.4800,101.50,103.00,False
1789839445.7264,223.80,27.2350,31.0700,32.4800,101.50,103.00,False
1789839445.8331,223.90,27.2200,31.0700,32.4800,101.50,103.00,False
1789839445.9240,224.00,27.2050,31.0700,32.4800,101.50,103.00,False
1789839446.3429,224.10,27.1900,32.8300,32.4800,101.50,103.00,False
1789839446.4188,224.20,27.1750,32.8300,32.4800,101.50,103.00,False
1789839446.5524,224.30,27.1600,32.7700,32.4800,101.50,103.00,False
1789839446.6871,224.40,27.1450,30.9400,32.4800,101.50,103.00,False
1789839446.7688,224.50,27.1300,30.9400,32.4800,101.50,103.00,False
1789839446.8632,224.60,27.1150,30.9400,32.4800,101.50,103.00,False
1789839446.9924,224.70,27.1000,30.9400,32.4800,101.50,103.00,False
1789839447.0940,224.80,27.0850,27.1300,32.4800,101.50,103.00,False
1789839447.1718,224.90,27.0700,27.1200,32.4800,101.50,103.00,False
1789839447.2647,225.00,27.0550,27.1200,32.4800,101.50,103.00,False
1789839447.3742,225.10,27.0400,27.1200,32.4800,101.50,103.00,False
1789839447.5017,225.20,27.0250,27.1200,32.4800,101.50,103.00,False
1789839447.6089,225.30,27.0100,27.0400,32.4800,101.50,103.00,False
1789839447.6857,225.40,26.9950,27.0400,32.4800,101.50,103.00,False
1789839447.7944,225.50,26.9800,27.0400,32.4800,101.50,103.00,False
1789839447.8799,225.60,26.9650,27.0400,32.4800,101.50,103.00,False
1789839448.0321,225.70,26.9500,32.5600,32.4800,101.50,103.00,False
1789839448.1131,225.80,26.9350,32.5400,32.4800,101.50,103.00,False
1789839448.1929,225.90,26.9200,32.5400,32.4800,101.50,103.00,False
1789839448.2877,226.00,26.9050,32.5400,32.4800,101.50,103.00,False
1789839448.3852,226.10,26.8900,32.5400,32.4800,101.50,103.00,False
1789839448.5360,226.20,26.8750,26.9000,32.4800,101.50,103.00,False
1789839448.6109,226.30,26.8600,26.9000,32.4800,101.50,103.00,False
1789839448.6902,226.40,26.8450,26.9000,32.4800,101.50,103.00,False
1789839448.7913,226.50,26.8300,26.9000,32.4800,101.50,103.00,False
1789839448.8966,226.60,26.8150,26.9000,32.4800,101.50,103.00,False
1789839449.0270,226.70,26.8000,26.8300,32.4800,101.50,103.00,False
1789839449.1773,226.80,26.7850,32.4100,32.4800,101.50,103.00,False
1789839449.2547,226.90,26.7700,32.4100,32.4800,101.50,103.00,False
1789839449.3627,227.00,26.7550,32.4100,32.4800,101.50,103.00,False
1789839449.7809,227.10,26.7400,30.8600,32.4800,101.50,103.00,False
1789839449.9244,227.20,26.7250,30.8600,32.4800,101.50,103.00,False
1789839450.0481,227.30,26.7100,32.2800,32.4800,101.50,103.00,False
1789839450.1549,227.40,26.6950,32.2600,32.4800,101.50,103.00,False
1789839450.2725,227.50,26.6800,32.2600,32.4800,101.50,103.00,False
1789839450.3946,227.60,26.6650,32.2600,32.4800,101.50,103.00,False
1789839450.4992,227.70,26.6500,30.7600,32.4800,101.50,103.00,False
1789839450.5985,227.80,26.6350,32.2000,32.4800,101.50,103.00,False
1789839450.7787,227.90,26.6200,32.2000,32.4800,101.50,103.00,False
1789839450.8906,228.00,26.6050,32.2000,32.4800,101.50,103.00,False
1789839450.9455,228.10,26.5900,32.1600,32.4800,101.50,103.00,False
1789839451.0893,228.20,26.5750,30.6800,32.4800,101.50,103.00,False
1789839451.1614,228.30,26.5600,30.6800,32.4800,101.50,103.00,False
1789839451.2425,228.40,26.5450,30.6800,32.4800,101.50,103.00,False
1789839451.3643,228.50,26.5300,30.6800,32.4800,101.50,103.00,False
1789839451.4855,228.60,26.5150,26.5400,32.4800,101.50,103.00,False
1789839451.5675,228.70,26.5000,30.6200,32.4800,101.50,103.00,False
1789839451.6441,228.80,26.4850,30.6200,32.4800,101.50,103.00,False
1789839451.7406,228.90,26.4700,30.6200,32.4800,101.50,103.00,False
1789839451.8935,229.00,26.4550,26.4800,32.4800,101.50,103.00,False
1789839452.0406,229.10,26.4400,26.4700,32.4800,101.50,103.00,False
1789839452.1423,229.20,26.4250,26.4700,32.4800,101.50,103.00,False
1789839452.2595,229.30,26.4100,26.4700,32.4800,101.50,103.00,False
1789839452.3525,229.40,26.3950,26.4700,32.4800,101.50,103.00,False
1789839452.5062,229.50,26.3800,30.5000,32.4800,101.50,103.00,False
1789839452.5848,229.60,26.3650,30.4800,32.4800,101.50,103.00,False
1789839452.6866,229.70,26.3500,30.4800,32.4800,101.50,103.00,False
1789839452.8048,229.80,26.3350,30.4800,32.4800,101.50,103.00,False
1789839452.9148,229.90,26.3200,30.4800,32.4800,101.50,103.00,False
1789839453.0169,230.00,26.3050,32.0600,32.4800,101.50,103.00,False
1789839453.1176,230.10,26.2900,30.4400,32.4800,101.50,103.00,False
1789839453.1929,230.20,26.2750,30.4400,32.4800,101.50,103.00,False
1789839453.3204,230.30,26.2600,30.4400,32.4800,101.50,103.00,False
1789839453.4610,230.40,26.2450,31.9900,32.4800,101.50,103.00,False
1789839453.5693,230.50,26.2300,26.2600,32.4800,101.50,103.00,False
1789839453.6655,230.60,26.2150,26.2600,32.4800,101.50,103.00,False
1789839453.8060,230.70,26.2000,26.2600,32.4800,101.50,103.00,False
1789839453.9454,230.80,26.1850,30.3600,32.4800,101.50,103.00,False
1789839454.0274,230.90,26.1700,30.3600,32.4800,101.50,103.00,False
1789839454.7004,231.00,26.1550,31.9200,32.4800,101.50,103.00,False
1789839454.8128,231.10,26.1400,31.9200,32.4800,101.50,103.00,False
1789839454.9280,231.20,26.1250,31.9200,32.4800,101.50,103.00,False
1789839455.0407,231.30,26.1100,30.2900,32.4800,101.50,103.00,False
1789839455.1168,231.40,26.0950,30.2900,32.4800,101.50,103.00,False
1789839455.2477,231.50,26.0800,30.2900,32.4800,101.50,103.00,False
1789839455.3868,231.60,26.0650,30.2900,32.4800,101.50,103.00,False
1789839455.6731,231.70,26.0500,30.2400,32.4800,101.50,103.00,False
1789839455.7301,231.80,26.0350,30.2400,32.4800,101.50,103.00,False
1789839455.8700,231.90,26.0200,30.2400,32.4800,101.50,103.00,False
1789839456.1053,232.00,26.0050,30.1700,32.4800,101.50,103.00,False
1789839456.2002,232.10,25.9900,30.1700,32.4800,101.50,103.00,False
1789839456.3069,232.20,25.9750,30.1700,32.4800,101.50,103.00,False
1789839457.1641,232.30,25.9600,31.6300,32.4800,101.50,103.00,False
1789839457.2860,232.40,25.9450,30.1200,32.4800,101.50,103.00,False
1789839457.4602,232.50,25.9300,25.9600,32.4800,101.50,103.00,False
1789839457.6263,232.60,25.9150,29.9600,32.4800,101.50,103.00,False
1789839457.7645,232.70,25.9000,25.9300,32.4800,101.50,103.00,False
1789839457.8857,232.80,25.8850,25.9300,32.4800,101.50,103.00,False
1789839458.0341,232.90,25.8700,29.9200,32.4800,101.50,103.00,False
1789839458.1585,233.00,25.8550,29.9000,29.9200,101.50,103.00,False
1789839458.3817,233.10,25.8400,31.4800,29.9200,101.50,103.00,False
1789839458.4907,233.20,25.8250,31.4600,29.9200,101.50,103.00,False
1789839458.8112,233.30,25.8100,25.8200,31.4600,101.50,103.00,False
1789839458.8924,233.40,25.8050,25.8200,31.4600,102.50,103.00,False
1789839458.9915,233.50,25.8000,29.8200,31.4600,102.50,103.00,False
1789839459.0917,233.60,25.7950,25.8100,31.4600,102.50,103.00,False
1789839459.2944,233.70,25.7900,25.8000,29.8200,102.50,103.00,False
1789839459.3909,233.80,25.7900,25.8000,29.8200,103.00,103.00,False
1789839459.4724,233.90,25.7900,25.8000,29.8200,103.00,103.00,False
1789839459.6005,234.00,25.7900,25.7900,29.8200,103.00,103.00,False
1789839459.8407,234.10,25.7900,25.7900,31.3800,103.00,103.00,False
1789839459.9439,234.20,25.7950,25.7900,31.3800,103.50,103.00,False
1789839460.0417,234.30,25.8000,25.7900,31.3800,103.50,103.00,False
1789839460.1823,234.40,25.8050,25.7900,31.3800,103.50,103.00,False
1789839460.3759,234.50,25.8100,31.4000,29.8200,103.50,103.00,False
1789839460.4315,234.60,25.8200,31.4000,29.8200,104.00,103.00,False
1789839460.5544,234.70,25.8300,31.4000,29.8200,104.00,103.00,False
1789839460.6575,234.80,25.8400,31.4000,29.8200,104.00,103.00,False
1789839460.7706,234.90,25.8500,29.8400,29.8200,104.00,103.00,False
1789839460.9017,235.00,25.8600,29.8500,29.8400,104.00,103.00,False
1789839461.0190,235.10,25.8750,29.8500,29.8400,104.50,103.00,False
1789839461.1666,235.20,25.8900,29.8500,29.8400,104.50,103.00,False
1789839461.3834,235.30,25.9050,25.8800,29.8400,104.50,103.00,False
1789839461.5591,235.40,25.9200,31.4200,29.8400,104.50,103.00,False
1789839461.6568,235.50,25.9400,31.4200,25.8800,105.00,103.00,False
1789839461.7504,235.60,25.9600,31.4200,25.8800,105.00,103.00,False
1789839461.8665,235.70,25.9800,31.4400,25.8800,105.00,103.00,False
1789839461.9982,235.80,26.0000,31.4600,25.8800,105.00,103.00,False
1789839462.1554,235.90,26.0200,31.4600,25.8800,105.00,103.00,False
1789839462.2128,236.00,26.0400,31.4600,25.8800,105.00,103.00,False
1789839462.3192,236.10,26.0600,31.4600,25.8800,105.00,103.00,False
1789839462.4422,236.20,26.0800,26.0200,25.8800,105.00,103.00,False
1789839462.5911,236.30,26.1000,30.0600,25.8800,105.00,103.00,False
1789839462.9128,236.40,26.1250,30.1200,29.9600,105.50,103.00,False
1789839463.0182,236.50,26.1500,30.1200,29.9600,105.50,103.00,False
1789839463.1079,236.60,26.1750,31.5800,29.9600,105.50,103.00,False
1789839463.2415,236.70,26.2000,26.1200,29.9600,105.50,103.00,False
1789839463.3843,236.80,26.2250,26.1200,26.1200,105.50,103.00,False
1789839463.5149,236.90,26.2550,31.6800,26.1200,106.00,103.00,False
1789839463.6596,237.00,26.2850,30.1800,26.1200,106.00,103.00,False
1789839463.7685,237.10,26.3150,26.2600,26.1200,106.00,103.00,False
1789839463.8757,237.20,26.3450,26.2600,26.1200,106.00,103.00,False
1789839463.9952,237.30,26.3800,26.2800,26.2600,106.50,103.00,False
1789839464.1003,237.40,26.4150,26.2800,26.2600,106.50,103.00,False
1789839464.1791,237.50,26.4500,26.3400,26.2600,106.50,103.00,False
1789839464.2834,237.60,26.4850,26.3800,26.2600,106.50,103.00,False
1789839464.4024,237.70,26.5200,26.3800,26.2600,106.50,103.00,False
1789839464.5391,237.80,26.5600,26.4500,26.3800,107.00,103.00,False
1789839464.6496,237.90,26.6000,26.5200,26.3800,107.00,103.00,False
1789839464.7547,238.00,26.6400,26.5600,26.3800,107.00,103.00,False
1789839464.8704,238.10,26.6800,26.5600,26.3800,107.00,103.00,False
1789839465.8480,238.20,26.7300,32.3100,32.1300,108.00,103.00,False
1789839466.2948,238.30,26.7800,30.8400,32.3600,108.00,103.00,False
1789839466.4508,238.40,26.8350,32.6200,32.3600,108.50,103.00,False
1789839466.5915,238.50,26.8900,32.6200,32.3600,108.50,103.00,False
1789839466.7229,238.60,26.9500,32.6200,32.6200,109.00,103.00,False
1789839466.9646,238.70,27.0100,31.1700,32.6200,109.00,103.00,False
1789839467.0880,238.80,27.0700,31.1700,32.6200,109.00,103.00,False
1789839467.1929,238.90,27.1350,31.1700,32.6200,109.50,103.00,False
1789839467.4424,239.00,27.2000,27.0700,31.1700,109.50,103.00,False
1789839467.5494,239.10,27.2650,33.0800,31.1700,109.50,103.00,False
1789839467.6700,239.20,27.3300,33.0800,31.1700,109.50,103.00,False
1789839467.7953,239.30,27.4000,33.0800,31.1700,110.00,103.00,False
1789839468.0749,239.40,27.4700,27.4000,33.0800,110.00,103.00,False
1789839468.1819,239.50,27.5400,27.4000,33.0800,110.00,103.00,False
1789839468.3018,239.60,27.6150,27.4000,33.0800,110.50,103.00,False
1789839468.3850,239.70,27.6900,33.4900,33.0800,110.50,103.00,False
1789839468.4972,239.80,27.7650,27.5400,33.0800,110.50,103.00,False
1789839468.5992,239.90,27.8400,31.8300,27.4000,110.50,103.00,False
1789839468.6778,240.00,27.9150,31.8300,27.4000,110.50,103.00,False
1789839469.0486,240.10,27.9900,27.9200,27.4000,110.50,103.00,False
1789839469.1778,240.20,28.0700,33.7900,27.4000,111.00,103.00,False
1789839469.3185,240.30,28.1500,33.7900,33.7900,111.00,103.00,False
1789839469.4359,240.40,28.2300,33.7900,33.7900,111.00,103.00,False
1789839469.5480,240.50,28.3100,32.3000,33.7900,111.00,103.00,False
1789839469.6601,240.60,28.3900,32.3000,33.7900,111.00,103.00,False
1789839469.8642,240.70,28.4700,28.2300,28.2300,111.00,103.00,False
1789839470.0448,240.80,28.5550,32.6200,28.2300,111.50,103.00,False
1789839470.1494,240.90,28.6400,28.4700,28.2300,111.50,103.00,False
1789839470.2553,241.00,28.7250,34.3500,28.2300,111.50,103.00,False
1789839470.3705,241.10,28.8100,34.3500,28.2300,111.50,103.00,False
1789839470.5617,241.20,28.9000,32.9500,34.3500,112.00,103.00,False
1789839470.6475,241.30,28.9900,34.5200,34.3500,112.00,103.00,False
1789839470.7380,241.40,29.0800,34.5200,34.3500,112.00,103.00,False
1789839470.8539,241.50,29.1700,28.9000,34.3500,112.00,103.00,False
1789839471.0100,241.60,29.2600,28.9000,28.9000,112.00,103.00,False
1789839471.1302,241.70,29.3500,29.0800,28.9000,112.00,103.00,False
1789839471.2562,241.80,29.4400,29.1700,28.9000,112.00,103.00,False
1789839471.3662,241.90,29.5300,29.1700,28.9000,112.00,103.00,False
1789839471.4975,242.00,29.6200,29.1700,28.9000,112.00,103.00,False
1789839471.6169,242.10,29.7150,29.1700,28.9000,112.50,103.00,False
1789839471.8183,242.20,29.8100,34.9800,28.9000,112.50,103.00,False
1789839471.8974,242.30,29.9050,34.9800,28.9000,112.50,103.00,False
1789839472.0216,242.40,30.0000,34.9800,28.9000,112.50,103.00,False
1789839473.8267,242.50,30.1000,36.7600,35.1200,113.00,103.00,False
1789839473.9771,242.60,30.2050,36.8700,35.1200,113.50,103.00,False
1789839474.1062,242.70,30.3150,36.8700,36.7600,114.00,103.00,False
1789839474.2266,242.80,30.4250,30.2000,36.7600,114.00,103.00,False
1789839474.3721,242.90,30.5350,37.1800,36.7600,114.00,103.00,False
1789839474.5499,243.00,30.6450,30.4200,36.7600,114.00,103.00,False
1789839474.7684,243.10,30.7600,37.5200,36.7600,114.50,103.00,False
1789839474.9944,243.20,30.8750,36.4000,37.1800,114.50,103.00,False
1789839475.0979,243.30,30.9900,30.7600,37.1800,114.50,103.00,False
1789839475.2179,243.40,31.1100,37.9800,37.1800,115.00,103.00,False
1789839475.3212,243.50,31.2300,37.9800,37.1800,115.00,103.00,False
1789839475.3993,243.60,31.3500,37.9800,37.1800,115.00,103.00,False
1789839475.5211,243.70,31.4700,31.1100,36.4000,115.00,103.00,False
1789839475.6009,243.80,31.5900,31.2300,36.4000,115.00,103.00,False
1789839475.7153,243.90,31.7100,37.1000,36.4000,115.00,103.00,False
1789839475.8982,244.00,31.8350,37.1000,36.4000,115.50,103.00,False
1789839476.0270,244.10,31.9600,37.1000,31.1100,115.50,103.00,False
1789839476.1249,244.20,32.0850,38.4600,31.1100,115.50,103.00,False
1789839476.3214,244.30,32.2100,37.4700,31.1100,115.50,103.00,False
1789839476.4629,244.40,32.3350,37.4700,31.1100,115.50,103.00,False
1789839476.5619,244.50,32.4650,32.2100,31.1100,116.00,103.00,False
1789839476.7047,244.60,32.5950,39.0800,37.4700,116.00,103.00,False
1789839476.8667,244.70,32.7250,37.9700,37.4700,116.00,103.00,False
1789839476.9666,244.80,32.8550,37.9700,37.4700,116.00,103.00,False
1789839477.0726,244.90,32.9900,39.3400,37.4700,116.50,103.00,False
1789839477.1948,245.00,33.1250,38.3600,37.4700,116.50,103.00,False
1789839477.2972,245.10,33.2600,38.4900,37.9700,116.50,103.00,False
1789839477.3771,245.20,33.3950,38.4900,37.9700,116.50,103.00,False
1789839477.5254,245.30,33.5350,38.7600,37.9700,117.00,103.00,False
1789839477.6133,245.40,33.6750,38.7600,37.9700,117.00,103.00,False
1789839477.6946,245.50,33.8150,38.7600,37.9700,117.00,103.00,False
1789839477.8645,245.60,33.9550,33.5300,33.5300,117.00,103.00,False
1789839478.0091,245.70,34.0950,33.4000,33.5300,117.00,103.00,False
1789839478.1155,245.80,34.2350,39.1800,33.5300,117.00,103.00,False
1789839478.1819,245.90,34.3750,39.1800,33.5300,117.00,103.00,False
1789839478.3305,246.00,34.5150,40.0300,33.5300,117.00,103.00,False
1789839478.4888,246.10,34.6550,40.0300,40.0300,117.00,103.00,False
1789839478.6022,246.20,34.8000,40.0300,40.0300,117.50,103.00,False
1789839478.7649,246.30,34.9450,40.3200,40.0300,117.50,103.00,False
1789839478.8633,246.40,35.0900,34.8000,40.0300,117.50,103.00,False
1789839479.1012,246.50,35.2350,34.8000,34.8000,117.50,103.00,False
1789839479.2036,246.60,35.3850,39.8900,34.8000,118.00,103.00,False
1789839479.3173,246.70,35.5350,40.0300,34.8000,118.00,103.00,False
1789839479.4018,246.80,35.6850,40.1800,34.8000,118.00,103.00,False
1789839479.5154,246.90,35.8350,40.1800,34.8000,118.00,103.00,False
1789839479.6192,247.00,35.9850,41.4800,40.1800,118.00,103.00,False
1789839479.7954,247.10,36.1350,41.6300,40.1800,118.00,103.00,False
1789839479.8711,247.20,36.2900,41.6300,40.1800,118.50,103.00,False
1789839479.9942,247.30,36.4450,41.6300,40.1800,118.50,103.00,False
1789839480.1416,247.40,36.6000,36.2900,40.1800,118.50,103.00,False
1789839480.2561,247.50,36.7550,42.4000,36.2900,118.50,103.00,False
1789839480.3778,247.60,36.9150,42.4000,36.2900,119.00,103.00,False
1789839480.4861,247.70,37.0750,42.4000,36.2900,119.00,103.00,False
1789839480.6455,247.80,37.2350,36.9200,36.2900,119.00,103.00,False
1789839480.7686,247.90,37.3950,36.9200,36.2900,119.00,103.00,False
1789839480.9228,248.00,37.5600,41.2700,36.9200,119.50,103.00,False
1789839481.0254,248.10,37.7250,41.2700,36.9200,119.50,103.00,False
1789839481.1425,248.20,37.8900,41.2700,36.9200,119.50,103.00,False
1789839481.2474,248.30,38.0550,37.5600,36.9200,119.50,103.00,False
1789839481.3849,248.40,38.2200,43.6800,36.9200,119.50,103.00,False
1789839481.4878,248.50,38.3900,43.6800,37.5600,120.00,103.00,False
1789839481.5680,248.60,38.5600,43.6800,37.5600,120.00,103.00,False
1789839481.7023,248.70,38.7300,44.1800,37.5600,120.00,103.00,False
1789839481.7857,248.80,38.9000,44.1800,37.5600,120.00,103.00,False
1789839481.9072,248.90,39.0700,42.2500,37.5600,120.00,103.00,False
1789839482.0347,249.00,39.2450,42.2500,44.1800,120.50,103.00,False
1789839482.1255,249.10,39.4200,42.2500,44.1800,120.50,103.00,False
1789839482.2458,249.20,39.5950,44.8600,44.1800,120.50,103.00,False
1789839482.4438,249.30,39.7750,39.4200,44.1800,121.00,103.00,False
1789839482.6111,249.40,39.9550,39.4200,44.8600,121.00,103.00,False
1789839482.6957,249.50,40.1350,39.4200,44.8600,121.00,103.00,False
1789839482.8116,249.60,40.3150,45.5700,44.8600,121.00,103.00,False
1789839483.2181,249.70,40.4950,45.9300,45.5700,121.00,103.00,False
1789839483.3401,249.80,40.6800,45.9300,45.5700,121.50,103.00,False
1789839483.5060,249.90,40.8650,43.6800,45.5700,121.50,103.00,False
1789839483.6105,250.00,41.0500,43.8600,45.5700,121.50,103.00,False
1789839483.6903,250.10,41.2350,46.8400,45.5700,121.50,103.00,False
1789839483.8414,250.20,41.4200,46.8400,43.8600,121.50,103.00,False
1789839484.0692,250.30,41.6100,47.4000,43.8600,122.00,103.00,False
1789839484.1741,250.40,41.8000,44.4200,43.8600,122.00,103.00,False
1789839484.3041,250.50,41.9900,47.7800,43.8600,122.00,103.00,False
1789839484.4395,250.60,42.1850,47.7800,43.8600,122.50,103.00,False
1789839484.7949,250.70,42.3800,48.5400,44.4200,122.50,103.00,False
1789839484.8905,250.80,42.5800,48.5400,44.4200,123.00,103.00,False
1789839485.0181,250.90,42.7800,48.5400,44.4200,123.00,103.00,False
1789839485.1145,251.00,42.9800,48.5400,42.1800,123.00,103.00,False
1789839485.2340,251.10,43.1800,49.1300,42.1800,123.00,103.00,False
1789839485.3373,251.20,43.3800,46.1800,42.1800,123.00,103.00,False
1789839485.4471,251.30,43.5850,46.1800,42.1800,123.50,103.00,False
1789839485.5497,251.40,43.7900,46.1800,42.1800,123.50,103.00,False
1789839485.6308,251.50,43.9950,46.1800,42.1800,123.50,103.00,False
1789839485.7228,251.60,44.2000,46.7800,42.1800,123.50,103.00,False
1789839485.8476,251.70,44.4050,46.7800,42.1800,123.50,103.00,False
1789839485.9244,251.80,44.6100,46.7800,42.1800,123.50,103.00,False
1789839485.9967,251.90,44.8150,46.7800,42.1800,123.50,103.00,False
1789839486.1598,252.00,45.0200,46.7800,49.1300,123.50,103.00,False
1789839486.2879,252.10,45.2250,44.8200,49.1300,123.50,103.00,False
1789839486.3915,252.20,45.4300,51.1600,49.1300,123.50,103.00,False
1789839486.4906,252.30,45.6400,51.1600,49.1300,124.00,103.00,False
1789839486.6580,252.40,45.8500,51.1600,50.9600,124.00,103.00,False
1789839486.7804,252.50,46.0600,45.6400,50.9600,124.00,103.00,False
1789839486.8961,252.60,46.2700,47.6100,50.9600,124.00,103.00,False
1789839486.9795,252.70,46.4750,47.6100,50.9600,123.50,103.00,False
1789839487.0647,252.80,46.6800,47.6100,50.9600,123.50,103.00,False
1789839487.2329,252.90,46.8850,47.6100,45.6400,123.50,103.00,False
1789839487.3812,253.00,47.0900,48.4400,45.6400,123.50,103.00,False
1789839487.4707,253.10,47.3000,48.4400,45.6400,124.00,103.00,False
1789839487.5473,253.20,47.5100,48.4400,45.6400,124.00,103.00,False
1789839487.6504,253.30,47.7200,48.4400,45.6400,124.00,103.00,False
1789839487.8327,253.40,47.9300,47.5100,52.0000,124.00,103.00,False
1789839488.0186,253.50,48.1400,47.7200,52.0000,124.00,103.00,False
1789839488.1465,253.60,48.3450,47.7200,52.0000,123.50,103.00,False
1789839488.2716,253.70,48.5500,47.7200,52.0000,123.50,103.00,False
1789839488.4334,253.80,48.7550,50.1000,50.1000,123.50,103.00,False
1789839488.5323,253.90,48.9600,50.3100,50.1000,123.50,103.00,False
1789839488.6204,254.00,49.1650,50.3100,50.1000,123.50,103.00,False
1789839488.7334,254.10,49.3700,50.3100,50.1000,123.50,103.00,False
1789839488.9501,254.20,49.5750,51.1300,50.1000,123.50,103.00,False
1789839489.0346,254.30,49.7800,49.3700,49.1600,123.50,103.00,False
1789839489.1766,254.40,49.9850,49.3700,49.1600,123.50,103.00,False
1789839489.3428,254.50,50.1900,49.3700,49.1600,123.50,103.00,False
1789839489.4886,254.60,50.3950,52.1600,49.1600,123.50,103.00,False
1789839489.6203,254.70,50.6000,53.8500,52.1600,123.50,103.00,False
1789839489.7263,254.80,50.8100,53.8500,52.1600,124.00,103.00,False
1789839489.8144,254.90,51.0200,53.8500,52.1600,124.00,103.00,False
1789839489.9424,255.00,51.2300,54.2600,52.1600,124.00,103.00,False
1789839490.3781,255.10,51.4350,53.4000,54.4700,123.50,103.00,False
1789839490.4852,255.20,51.6400,53.4000,54.4700,123.50,103.00,False
1789839490.5678,255.30,51.8450,55.3000,54.4700,123.50,103.00,False
1789839490.7118,255.40,52.0500,53.8100,55.3000,123.50,103.00,False
1789839490.8374,255.50,52.2500,53.8100,55.3000,123.00,103.00,False
1789839490.9381,255.60,52.4500,51.8400,55.3000,123.00,103.00,False
1789839491.0498,255.70,52.6500,51.8400,55.3000,123.00,103.00,False
1789839491.2126,255.80,52.8500,55.9200,55.3000,123.00,103.00,False
1789839491.3306,255.90,53.0500,55.9200,54.6200,123.00,103.00,False
1789839491.4284,256.00,53.2450,55.0200,54.6200,122.50,103.00,False
1789839491.5450,256.10,53.4400,55.0200,54.6200,122.50,103.00,False
1789839492.4843,256.20,53.6300,57.6600,56.3200,122.00,103.00,False
1789839492.5973,256.30,53.8150,57.6600,56.5900,121.50,103.00,False
1789839492.7305,256.40,54.0000,58.0400,56.5900,121.50,103.00,False
1789839492.8612,256.50,54.1850,58.2300,56.5900,121.50,103.00,False
1789839493.0387,256.60,54.3700,57.3500,56.5900,121.50,103.00,False
1789839493.1853,256.70,54.5500,57.3500,58.2300,121.00,103.00,False
1789839493.3747,256.80,54.7300,54.3700,58.2300,121.00,103.00,False
1789839493.4913,256.90,54.9100,59.3300,58.2300,121.00,103.00,False
1789839493.5706,257.00,55.0850,59.3300,58.2300,120.50,103.00,False
1789839493.7280,257.10,55.2600,58.4400,54.3700,120.50,103.00,False
1789839493.8552,257.20,55.4350,55.0800,54.3700,120.50,103.00,False
1789839494.2101,257.30,55.6100,58.7900,55.0800,120.50,103.00,False
1789839494.3164,257.40,55.7800,60.0400,55.0800,120.00,103.00,False
1789839494.4203,257.50,55.9500,55.6100,55.0800,120.00,103.00,False
1789839494.5207,257.60,56.1200,55.6100,55.0800,120.00,103.00,False
1789839494.5962,257.70,56.2850,55.6100,55.0800,119.50,103.00,False
1789839494.7295,257.80,56.4500,56.1200,55.0800,119.50,103.00,False
1789839495.0066,257.90,56.6150,61.2200,59.4800,119.50,103.00,False
1789839495.1269,258.00,56.7750,61.2200,59.4800,119.00,103.00,False
1789839495.2666,258.10,56.9350,61.2200,59.4800,119.00,103.00,False
1789839495.4393,258.20,57.0950,56.7800,56.7800,119.00,103.00,False
1789839495.5392,258.30,57.2550,60.1400,56.7800,119.00,103.00,False
1789839495.6428,258.40,57.4150,60.1400,56.7800,119.00,103.00,False
1789839495.7417,258.50,57.5750,60.1400,56.7800,119.00,103.00,False
1789839495.8451,258.60,57.7350,60.4600,56.7800,119.00,103.00,False
1789839495.9274,258.70,57.8950,60.4600,56.7800,119.00,103.00,False
1789839496.0369,258.80,58.0550,60.4600,60.6200,119.00,103.00,False
1789839496.1440,258.90,58.2150,57.5800,60.6200,119.00,103.00,False
1789839496.2156,259.00,58.3750,57.5800,60.6200,119.00,103.00,False
1789839496.3196,259.10,58.5350,58.0600,60.6200,119.00,103.00,False
1789839496.4336,259.20,58.6950,60.6200,60.6200,119.00,103.00,False
1789839496.5253,259.30,58.8550,60.6200,60.6200,119.00,103.00,False
1789839496.7879,259.40,59.0150,63.4800,60.6200,119.00,103.00,False
1789839496.9320,259.50,59.1650,58.8600,60.6200,118.00,103.00,False
1789839497.0222,259.60,59.3150,61.2400,60.6200,118.00,103.00,False
1789839497.1286,259.70,59.4650,61.2400,60.6200,118.00,103.00,False
1789839497.2805,259.80,59.6100,59.3200,61.2400,117.50,103.00,False
1789839497.3809,259.90,59.7550,59.3200,61.2400,117.50,103.00,False
1789839497.4827,260.00,59.9000,59.4600,61.2400,117.50,103.00,False
1789839497.5702,260.10,60.0450,64.4000,61.2400,117.50,103.00,False
1789839497.7534,260.20,60.1900,64.4000,61.2400,117.50,103.00,False
1789839497.8854,260.30,60.3300,64.8300,64.4000,117.00,103.00,False
1789839498.0138,260.40,60.4700,60.1900,64.4000,117.00,103.00,False
1789839498.0988,260.50,60.6100,60.1900,64.4000,117.00,103.00,False
1789839498.2151,260.60,60.7500,60.1900,64.4000,117.00,103.00,False
1789839498.3633,260.70,60.8850,62.2600,64.4000,116.50,103.00,False
1789839498.4698,260.80,61.0200,62.2600,60.1900,116.50,103.00,False
1789839498.5785,260.90,61.1550,65.3900,60.1900,116.50,103.00,False
1789839498.7062,261.00,61.2900,60.7500,60.1900,116.50,103.00,False
1789839498.9860,261.10,61.4250,61.1600,60.1900,116.50,103.00,False
1789839499.1165,261.20,61.5550,65.7900,65.3900,116.00,103.00,False
1789839499.2201,261.30,61.6850,61.4200,65.3900,116.00,103.00,False
1789839499.3132,261.40,61.8100,61.4200,65.3900,115.50,103.00,False
1789839499.3846,261.50,61.9350,61.5600,65.3900,115.50,103.00,False
1789839499.4802,261.60,62.0600,61.5600,65.3900,115.50,103.00,False
1789839499.6366,261.70,62.1850,66.3100,66.3100,115.50,103.00,False
1789839499.7375,261.80,62.3100,66.4300,66.3100,115.50,103.00,False
1789839499.8911,261.90,62.4350,66.4300,66.3100,115.50,103.00,False
1789839500.0062,262.00,62.5600,62.1800,66.3100,115.50,103.00,False
1789839500.2747,262.10,62.6850,66.9300,63.4600,115.50,103.00,False
1789839500.4347,262.20,62.8050,66.9300,63.4600,115.00,103.00,False
1789839500.5404,262.30,62.9250,67.1800,63.4600,115.00,103.00,False
1789839500.6963,262.40,63.0450,63.9500,63.4600,115.00,103.00,False
1789839500.8961,262.50,63.1650,62.9200,63.9500,115.00,103.00,False
1789839501.0522,262.60,63.2800,63.0400,63.9500,114.50,103.00,False
1789839501.1693,262.70,63.3950,63.0400,63.9500,114.50,103.00,False
1789839501.7042,262.80,63.5050,68.0000,64.4200,114.00,103.00,False
1789839501.8179,262.90,63.6150,68.0000,64.4200,114.00,103.00,False
1789839502.0158,263.00,63.7250,65.1000,64.4200,114.00,103.00,False
1789839502.8199,263.10,63.8300,65.2200,65.0000,113.50,103.00,False
1789839502.9225,263.20,63.9350,65.2200,65.0000,113.50,103.00,False
1789839503.0552,263.30,64.0400,65.4300,65.0000,113.50,103.00,False
1789839503.1856,263.40,64.1450,65.4300,65.0000,113.50,103.00,False
1789839503.2881,263.50,64.2450,68.9900,68.7800,113.00,103.00,False
1789839503.3724,263.60,64.3450,68.9900,68.7800,113.00,103.00,False
1789839503.4437,263.70,64.4450,68.9900,68.7800,113.00,103.00,False
1789839503.5760,263.80,64.5450,64.2400,68.7800,113.00,103.00,False
1789839503.7119,263.90,64.6450,64.4400,68.7800,113.00,103.00,False
1789839503.8566,264.00,64.7400,64.4400,64.2400,112.50,103.00,False
1789839503.9135,264.10,64.8350,64.4400,64.2400,112.50,103.00,False
1789839504.0672,264.20,64.9300,69.6900,64.2400,112.50,103.00,False
1789839504.1818,264.30,65.0250,64.8300,64.2400,112.50,103.00,False
1789839504.2914,264.40,65.1150,64.8300,64.2400,112.00,103.00,False
1789839504.5227,264.50,65.2050,64.8300,69.6900,112.00,103.00,False
1789839504.6184,264.60,65.2950,65.0300,69.6900,112.00,103.00,False
1789839504.7312,264.70,65.3850,65.0300,69.6900,112.00,103.00,False
1789839504.8996,264.80,65.4700,70.1700,69.6900,111.50,103.00,False
1789839505.0670,264.90,65.5550,70.3400,70.0800,111.50,103.00,False
1789839505.1759,265.00,65.6400,70.3400,70.0800,111.50,103.00,False
1789839505.3424,265.10,65.7250,70.3400,70.0800,111.50,103.00,False
1789839505.4495,265.20,65.8050,65.5600,70.0800,111.00,103.00,False
1789839505.5810,265.30,65.8850,65.5600,70.3400,111.00,103.00,False
1789839506.1147,265.40,65.9600,65.8900,70.3400,110.50,103.00,False
1789839506.2731,265.50,66.0350,67.0000,65.8100,110.50,103.00,False
1789839506.3848,265.60,66.1100,67.0700,65.8100,110.50,103.00,False
1789839506.4880,265.70,66.1850,67.0700,65.8100,110.50,103.00,False
1789839506.5958,265.80,66.2550,67.0700,65.8100,110.00,103.00,False
1789839506.8396,265.90,66.3250,71.2200,67.0000,110.00,103.00,False
1789839507.0131,266.00,66.3950,67.3600,67.0000,110.00,103.00,False
1789839507.2636,266.10,66.4600,67.5000,67.0000,109.50,103.00,False
1789839507.4038,266.20,66.5250,67.6300,67.5600,109.50,103.00,False
1789839507.5555,266.30,66.5900,67.6300,67.5600,109.50,103.00,False
1789839507.6752,266.40,66.6550,67.6300,67.5600,109.50,103.00,False
1789839507.7587,266.50,66.7200,67.6900,67.5600,109.50,103.00,False
1789839507.8552,266.60,66.7850,67.6900,67.5600,109.50,103.00,False
1789839507.9599,266.70,66.8500,66.6600,67.5600,109.50,103.00,False
1789839508.0430,266.80,66.9150,66.6600,67.5600,109.50,103.00,False
1789839508.2926,266.90,66.9700,66.8500,67.5600,108.50,103.00,False
1789839508.5014,267.00,67.0250,68.0800,68.0800,108.50,103.00,False
1789839508.6128,267.10,67.0800,68.0800,68.0800,108.50,103.00,False
1789839509.0379,267.20,67.1350,72.2100,68.0800,108.50,103.00,False
1789839509.1397,267.30,67.1850,72.2100,68.0800,108.00,103.00,False
1789839509.5026,267.40,67.2350,68.4400,68.0800,108.00,103.00,False
1789839509.6059,267.50,67.2800,68.4400,68.5400,107.50,103.00,False
1789839509.7894,267.60,67.3250,67.0300,68.5400,107.50,103.00,False
1789839510.1488,267.70,67.3650,72.5900,68.5400,107.00,103.00,False
1789839510.3163,267.80,67.4050,68.7500,68.5400,107.00,103.00,False
1789839510.4180,267.90,67.4450,72.7600,68.5400,107.00,103.00,False
1789839510.5278,268.00,67.4850,72.7600,68.5400,107.00,103.00,False
1789839510.6509,268.10,67.5250,67.4400,68.5400,107.00,103.00,False
1789839510.7849,268.20,67.5650,67.4400,68.5400,107.00,103.00,False
1789839511.0384,268.30,67.6000,72.9200,67.4400,106.50,103.00,False
1789839511.3763,268.40,67.6350,69.1400,67.4400,106.50,103.00,False
1789839511.5195,268.50,67.6650,69.1400,73.0000,106.00,103.00,False
1789839511.6295,268.60,67.6950,69.1400,73.0000,106.00,103.00,False
1789839511.7293,268.70,67.7250,69.2400,73.0000,106.00,103.00,False
1789839511.9217,268.80,67.7550,69.2400,73.0000,106.00,103.00,False
1789839512.1354,268.90,67.7850,67.7600,69.2400,106.00,103.00,False
1789839512.2516,269.00,67.8100,67.7600,69.2400,105.50,103.00,False
1789839512.4315,269.10,67.8350,67.7800,69.2400,105.50,103.00,False
1789839512.6690,269.20,67.8600,73.3600,67.7800,105.50,103.00,False
1789839512.7676,269.30,67.8800,69.4900,67.7800,105.00,103.00,False
1789839512.9776,269.40,67.9000,67.8600,67.7800,105.00,103.00,False
1789839513.1181,269.50,67.9200,67.8600,67.7800,105.00,103.00,False
1789839513.2245,269.60,67.9400,73.4400,67.7800,105.00,103.00,False
1789839513.3469,269.70,67.9600,73.4400,67.8600,105.00,103.00,False
1789839513.4277,269.80,67.9800,73.4600,67.8600,105.00,103.00,False
1789839513.5527,269.90,68.0000,73.4600,67.8600,105.00,103.00,False
1789839513.6596,270.00,68.0200,73.4600,67.8600,105.00,103.00,False
1789839513.7869,270.10,68.0400,67.9800,67.8600,105.00,103.00,False
1789839513.9503,270.20,68.0550,68.0200,67.8600,104.50,103.00,False
1789839514.0569,270.30,68.0700,68.0200,67.8600,104.50,103.00,False
1789839514.2635,270.40,68.0850,69.6800,67.8600,104.50,103.00,False
1789839514.4014,270.50,68.1000,73.5800,67.8600,104.50,103.00,False
1789839514.5003,270.60,68.1050,73.5800,69.6800,103.50,103.00,False
1789839514.8775,270.70,68.1100,73.6300,69.6800,103.50,103.00,False
1789839514.9870,270.80,68.1100,73.6300,69.6800,103.00,103.00,False
1789839515.1173,270.90,68.1100,68.1100,68.1000,103.00,103.00,False
1789839515.2020,271.00,68.1100,68.1100,68.1000,103.00,103.00,False
1789839515.3148,271.10,68.1100,68.1100,68.1000,103.00,103.00,False
1789839515.4266,271.20,68.1100,73.6400,68.1000,103.00,103.00,False
1789839515.5364,271.30,68.1100,73.6400,68.1000,103.00,103.00,False
1789839515.6721,271.40,68.1100,73.6400,73.6400,103.00,103.00,False
1789839515.7347,271.50,68.1050,73.6400,73.6400,102.50,103.00,False
1789839515.9062,271.60,68.1000,68.1100,73.6400,102.50,103.00,False
1789839516.3445,271.70,68.0950,69.7400,73.6400,102.50,103.00,False
1789839516.4632,271.80,68.0850,73.6200,73.6400,102.00,103.00,False
1789839516.6145,271.90,68.0750,68.1000,73.6400,102.00,103.00,False
1789839516.7393,272.00,68.0650,68.1000,69.7200,102.00,103.00,False
1789839516.9068,272.10,68.0500,68.1000,69.7200,101.50,103.00,False
1789839516.9849,272.20,68.0350,68.1000,69.7200,101.50,103.00,False
1789839517.1318,272.30,68.0200,68.0500,69.7200,101.50,103.00,False
1789839517.2935,272.40,68.0050,68.0500,69.7200,101.50,103.00,False
1789839517.4603,272.50,67.9850,68.0500,68.0500,101.00,103.00,False
1789839517.6760,272.60,67.9650,69.6100,68.0500,101.00,103.00,False
1789839517.7694,272.70,67.9450,69.6100,68.0500,101.00,103.00,False
1789839517.9092,272.80,67.9250,69.6100,68.0500,101.00,103.00,False
1789839518.2301,272.90,67.9000,73.4400,69.6100,100.50,103.00,False
1789839518.3295,273.00,67.8750,73.4200,69.6100,100.50,103.00,False
1789839518.4411,273.10,67.8500,73.4200,69.6100,100.50,103.00,False
1789839520.4145,273.20,67.8050,68.9400,69.2500,98.50,103.00,False
1789839520.5881,273.30,67.7600,68.8500,69.2500,98.50,103.00,False
1789839520.8797,273.40,67.7150,67.7600,69.2500,98.50,103.00,False
1789839520.9569,273.50,67.6700,67.7600,69.2500,98.50,103.00,False
1789839521.0985,273.60,67.6250,68.6200,69.1000,98.50,103.00,False
1789839521.2319,273.70,67.5800,67.6700,69.1000,98.50,103.00,False
1789839521.4123,273.80,67.5350,67.6200,69.1000,98.50,103.00,False
1789839521.9571,273.90,67.4850,68.3100,67.6200,98.00,103.00,False
1789839522.0886,274.00,67.4350,72.0800,67.6200,98.00,103.00,False
1789839522.3579,274.10,67.3800,71.9800,68.3100,97.50,103.00,False
1789839522.4861,274.20,67.3250,68.1000,68.3100,97.50,103.00,False
1789839522.5870,274.30,67.2700,68.1000,68.3100,97.50,103.00,False
1789839522.6910,274.40,67.2150,67.3800,68.3100,97.50,103.00,False
1789839522.7935,274.50,67.1550,71.7600,68.3100,97.00,103.00,False
1789839523.0464,274.60,67.0950,71.6400,68.1000,97.00,103.00,False
1789839523.1974,274.70,67.0350,71.5800,68.1000,97.00,103.00,False
1789839523.2992,274.80,66.9700,67.1000,68.1000,96.50,103.00,False
1789839523.5718,274.90,66.9050,66.9700,71.6400,96.50,103.00,False
1789839523.7896,275.00,66.8400,67.8100,71.6400,96.50,103.00,False
1789839524.1987,275.10,66.7700,71.0100,66.9700,96.00,103.00,False
1789839524.9615,275.20,66.7000,70.7200,70.7200,96.00,103.00,False
1789839525.1064,275.30,66.6200,66.9600,70.7200,95.00,103.00,False
1789839525.3194,275.40,66.5400,70.3400,70.7200,95.00,103.00,False
1789839525.4332,275.50,66.4600,70.3400,70.7200,95.00,103.00,False
1789839525.5378,275.60,66.3750,66.6400,70.7200,94.50,103.00,False
1789839525.6231,275.70,66.2900,66.6400,70.7200,94.50,103.00,False
1789839525.8868,275.80,66.2050,66.3800,70.3400,94.50,103.00,False
1789839526.2599,275.90,66.1150,66.3100,70.3400,94.00,103.00,False
1789839526.4586,276.00,66.0250,66.2200,66.2200,94.00,103.00,False
1789839526.5871,276.10,65.9350,66.2200,66.2200,94.00,103.00,False
1789839526.6899,276.20,65.8450,66.0400,66.2200,94.00,103.00,False
1789839526.8191,276.30,65.7550,69.4000,66.2200,94.00,103.00,False
1789839527.0417,276.40,65.6650,65.9400,65.9400,94.00,103.00,False
1789839527.1445,276.50,65.5700,65.6800,65.9400,93.50,103.00,False
1789839527.2812,276.60,65.4750,65.6700,65.9400,93.50,103.00,False
1789839527.3745,276.70,65.3800,65.6700,65.9400,93.50,103.00,False
1789839527.4780,276.80,65.2850,65.4000,65.9400,93.50,103.00,False
1789839527.5980,276.90,65.1900,65.4000,65.4000,93.50,103.00,False
1789839527.7568,277.00,65.0900,65.3800,65.4000,93.00,103.00,False
1789839527.8990,277.10,64.9900,65.2800,65.4000,93.00,103.00,False
1789839527.9885,277.20,64.8900,65.0900,65.4000,93.00,103.00,False
1789839528.2589,277.30,64.7850,64.9900,65.0900,92.50,103.00,False
1789839528.3674,277.40,64.6800,64.8900,65.0900,92.50,103.00,False
1789839528.4720,277.50,64.5750,64.8900,65.0900,92.50,103.00,False
1789839528.5961,277.60,64.4700,64.7800,65.0900,92.50,103.00,False
1789839528.7159,277.70,64.3650,64.6800,64.7800,92.50,103.00,False
1789839528.8281,277.80,64.2550,68.5200,64.7800,92.00,103.00,False
1789839528.8838,277.90,64.1450,68.5200,64.7800,92.00,103.00,False
1789839528.9845,278.00,64.0350,68.5200,64.7800,92.00,103.00,False
1789839529.0886,278.10,63.9250,63.9900,64.7800,92.00,103.00,False
1789839529.2315,278.20,63.8150,64.1400,63.9900,92.00,103.00,False
1789839529.3287,278.30,63.7000,63.7700,63.9900,91.50,103.00,False
1789839529.4125,278.40,63.5850,63.7700,63.9900,91.50,103.00,False
1789839529.5608,278.50,63.4700,63.7700,63.9900,91.50,103.00,False
1789839529.7394,278.60,63.3550,68.2900,63.9900,91.50,103.00,False
1789839529.8621,278.70,63.2350,63.4700,68.4000,91.00,103.00,False
1789839529.9630,278.80,63.1150,63.4700,68.4000,91.00,103.00,False
1789839530.0629,278.90,62.9950,63.4700,68.4000,91.00,103.00,False
1789839530.1876,279.00,62.8750,63.2400,68.4000,91.00,103.00,False
1789839530.3252,279.10,62.7550,63.0000,68.4000,91.00,103.00,False
1789839530.4284,279.20,62.6300,63.0000,63.2400,90.50,103.00,False
1789839530.5380,279.30,62.5050,63.0000,63.2400,90.50,103.00,False
1789839530.6436,279.40,62.3800,63.0000,63.2400,90.50,103.00,False
1789839530.7956,279.50,62.2550,62.9400,63.2400,90.50,103.00,False
1789839531.1271,279.60,62.1300,62.8200,62.6300,90.50,103.00,False
1789839531.4542,279.70,62.0000,62.3100,62.6300,90.00,103.00,False
1789839531.5988,279.80,61.8650,62.3100,67.0900,89.50,103.00,False
1789839531.7870,279.90,61.7300,61.8600,67.0900,89.50,103.00,False
1789839531.9657,280.00,61.5950,66.3000,67.0900,89.50,103.00,False
1789839532.0715,280.10,61.4550,66.3000,67.0900,89.00,103.00,False
1789839533.9155,280.20,61.3150,59.3200,65.0500,89.00,103.00,False
1789839534.1289,280.30,61.1600,59.3200,64.3200,87.50,103.00,False
1789839534.3320,280.40,61.0050,59.0200,64.3200,87.50,103.00,False
1789839534.4397,280.50,60.8500,61.1600,64.3200,87.50,103.00,False
1789839534.6128,280.60,60.6950,61.1600,61.1600,87.50,103.00,False
1789839534.9272,280.70,60.5350,60.7000,61.1600,87.00,103.00,False
1789839535.9234,280.80,60.3700,61.6700,60.7000,86.50,103.00,False
1789839536.0293,280.90,60.2050,61.6700,60.7000,86.50,103.00,False
1789839536.1096,281.00,60.0350,61.6700,60.7000,86.00,103.00,False
1789839536.2136,281.10,59.8650,61.1800,60.7000,86.00,103.00,False
1789839536.3330,281.20,59.6950,61.1800,60.7000,86.00,103.00,False
1789839536.4844,281.30,59.5250,56.7800,60.7000,86.00,103.00,False
1789839536.5874,281.40,59.3550,56.7800,61.6700,86.00,103.00,False
1789839536.6653,281.50,59.1850,56.7800,61.6700,86.00,103.00,False
1789839536.7892,281.60,59.0150,59.5200,61.6700,86.00,103.00,False
1789839536.8876,281.70,58.8450,59.1800,61.6700,86.00,103.00,False
1789839536.9646,281.80,58.6750,59.1800,61.6700,86.00,103.00,False
1789839537.1026,281.90,58.5050,59.1800,61.6700,86.00,103.00,False
1789839537.2062,282.00,58.3300,58.6800,59.1800,85.50,103.00,False
1789839537.3912,282.10,58.1550,59.4700,59.1800,85.50,103.00,False
1789839537.5008,282.20,57.9800,59.4700,59.1800,85.50,103.00,False
1789839537.5848,282.30,57.8000,59.4700,59.1800,85.00,103.00,False
1789839537.7023,282.40,57.6200,56.0900,59.1800,85.00,103.00,False
1789839537.8037,282.50,57.4400,56.0900,59.4700,85.00,103.00,False
1789839537.9269,282.60,57.2600,57.6200,59.4700,85.00,103.00,False
1789839538.0375,282.70,57.0800,57.6200,59.4700,85.00,103.00,False
1789839538.1659,282.80,56.8950,57.6200,59.4700,84.50,103.00,False
1789839538.2959,282.90,56.7100,55.7400,59.4700,84.50,103.00,False
1789839538.3983,283.00,56.5250,56.9000,57.6200,84.50,103.00,False
1789839538.4778,283.10,56.3400,56.9000,57.6200,84.50,103.00,False
1789839538.5829,283.20,56.1550,55.3700,57.6200,84.50,103.00,False
1789839538.7033,283.30,55.9700,55.3700,57.6200,84.50,103.00,False
1789839538.8561,283.40,55.7800,54.8200,57.6200,84.00,103.00,False
1789839538.9092,283.50,55.5900,54.8200,55.3700,84.00,103.00,False
1789839539.0730,283.60,55.4000,54.4400,55.3700,84.00,103.00,False
1789839539.2369,283.70,55.2100,54.4400,55.3700,84.00,103.00,False
1789839539.3599,283.80,55.0150,57.8400,55.3700,83.50,103.00,False
1789839539.4429,283.90,54.8200,57.8400,55.3700,83.50,103.00,False
1789839539.8582,284.00,54.6250,53.4800,54.4400,83.50,103.00,False
1789839540.1481,284.10,54.4300,52.9000,54.4400,83.50,103.00,False
1789839540.2784,284.20,54.2350,56.4800,52.9000,83.50,103.00,False
1789839540.3807,284.30,54.0350,56.4800,52.9000,83.00,103.00,False
1789839540.4910,284.40,53.8350,56.4800,52.9000,83.00,103.00,False
1789839540.6324,284.50,53.6350,54.2400,52.9000,83.00,103.00,False
1789839541.1620,284.60,53.4350,55.3000,55.9000,83.00,103.00,False
1789839541.2527,284.70,53.2250,55.3000,55.9000,82.00,103.00,False
1789839541.3858,284.80,53.0150,51.1100,55.9000,82.00,103.00,False
1789839541.5678,284.90,52.8050,53.2200,55.9000,82.00,103.00,False
1789839541.6733,285.00,52.5950,53.2200,55.9000,82.00,103.00,False
1789839541.7546,285.10,52.3800,53.2200,55.9000,81.50,103.00,False
1789839541.8740,285.20,52.1650,50.0600,53.4400,81.50,103.00,False
1789839541.9947,285.30,51.9500,52.3800,53.4400,81.50,103.00,False
1789839542.0739,285.40,51.7350,52.3800,53.4400,81.50,103.00,False
1789839542.1925,285.50,51.5150,52.3800,53.4400,81.00,103.00,False
1789839542.3581,285.60,51.2950,51.7400,53.4400,81.00,103.00,False
1789839542.4875,285.70,51.0750,51.5200,52.3800,81.00,103.00,False
1789839542.5625,285.80,50.8550,51.5200,52.3800,81.00,103.00,False
1789839542.6940,285.90,50.6350,51.5200,52.3800,81.00,103.00,False
1789839542.7693,286.00,50.4100,51.5200,52.3800,80.50,103.00,False
1789839542.9525,286.10,50.1850,52.5500,52.3200,80.50,103.00,False
1789839543.0713,286.20,49.9600,52.1000,52.3200,80.50,103.00,False
1789839543.1752,286.30,49.7350,52.1000,52.3200,80.50,103.00,False
1789839543.2923,286.40,49.5100,52.1000,52.3200,80.50,103.00,False
1789839543.5055,286.50,49.2850,52.3200,52.3200,80.50,103.00,False
1789839543.6251,286.60,49.0550,47.6400,52.3200,80.00,103.00,False
1789839544.1536,286.70,48.8200,50.0600,46.9600,79.50,103.00,False
1789839544.2570,286.80,48.5850,49.6000,46.9600,79.50,103.00,False
1789839544.3763,286.90,48.3500,49.6000,46.9600,79.50,103.00,False
1789839544.4736,287.00,48.1150,46.0300,46.9600,79.50,103.00,False
1789839544.6371,287.10,47.8800,48.5800,46.0300,79.50,103.00,False
1789839544.7711,287.20,47.6500,45.5600,46.0300,80.00,103.00,False
1789839544.8173,287.30,47.4200,45.5600,46.0300,80.00,103.00,False
1789839544.9207,287.40,47.1900,45.5600,46.0300,80.00,103.00,False
1789839545.0327,287.50,46.9600,47.6500,46.0300,80.00,103.00,False
1789839545.1841,287.60,46.7300,47.1900,47.6500,80.00,103.00,False
1789839545.2659,287.70,46.5050,47.1900,47.6500,80.50,103.00,False
1789839545.3691,287.80,46.2800,47.1900,47.6500,80.50,103.00,False
1789839545.4484,287.90,46.0550,47.1900,47.6500,80.50,103.00,False
1789839545.6180,288.00,45.8300,46.5000,47.6500,80.50,103.00,False
1789839545.7159,288.10,45.6050,45.3400,46.5000,80.50,103.00,False
1789839545.9005,288.20,45.3850,46.6000,46.5000,81.00,103.00,False
1789839546.0075,288.30,45.1650,46.6000,46.5000,81.00,103.00,False
1789839546.2337,288.40,44.9450,45.3800,44.6600,81.00,103.00,False
1789839546.3874,288.50,44.7300,45.5000,44.6600,81.50,103.00,False
1789839546.4803,288.60,44.5150,45.5000,44.6600,81.50,103.00,False
1789839546.6054,288.70,44.3000,45.5000,44.6600,81.50,103.00,False
1789839546.6944,288.80,44.0850,44.7300,44.6600,81.50,103.00,False
1789839546.8839,288.90,43.8700,44.7300,44.6600,81.50,103.00,False
1789839547.0174,289.00,43.6600,44.3000,44.7300,82.00,103.00,False
1789839547.1189,289.10,43.4500,44.3000,44.7300,82.00,103.00,False
1789839547.2805,289.20,43.2400,44.2000,44.7300,82.00,103.00,False
1789839547.3900,289.30,43.0300,43.3600,44.7300,82.00,103.00,False
1789839547.5981,289.40,42.8250,43.3600,44.2000,82.50,103.00,False
1789839547.6789,289.50,42.6200,43.3600,44.2000,82.50,103.00,False
1789839547.7768,289.60,42.4150,43.3600,44.2000,82.50,103.00,False
1789839547.8975,289.70,42.2100,42.3200,44.2000,82.50,103.00,False
1789839547.9707,289.80,42.0050,42.1200,44.2000,82.50,103.00,False
1789839548.1245,289.90,41.8050,42.1200,42.3200,83.00,103.00,False
1789839548.1851,290.00,41.6050,42.1200,42.3200,83.00,103.00,False
1789839548.3136,290.10,41.4050,41.5000,42.3200,83.00,103.00,False
1789839548.4085,290.20,41.2050,41.5000,42.3200,83.00,103.00,False
1789839548.5077,290.30,41.0050,41.6000,42.3200,83.00,103.00,False
1789839548.5802,290.40,40.8100,41.6000,42.3200,83.50,103.00,False
1789839548.6946,290.50,40.6150,41.6000,41.5000,83.50,103.00,False
1789839548.8047,290.60,40.4200,40.8100,41.5000,83.50,103.00,False
1789839548.9102,290.70,40.2250,40.8100,41.5000,83.50,103.00,False
1789839549.0976,290.80,40.0350,43.4500,41.5000,84.00,103.00,False
1789839549.2057,290.90,39.8450,43.4500,41.5000,84.00,103.00,False
1789839549.3181,291.00,39.6550,39.7300,40.8100,84.00,103.00,False
1789839549.4146,291.10,39.4650,39.7300,40.8100,84.00,103.00,False
1789839549.5062,291.20,39.2750,42.3800,40.8100,84.00,103.00,False
1789839549.7228,291.30,39.0900,42.3800,40.8100,84.50,103.00,False
1789839549.8788,291.40,38.9050,42.3800,39.7300,84.50,103.00,False
1789839550.1169,291.50,38.7200,41.8200,39.7300,84.50,103.00,False
1789839550.2276,291.60,38.5350,41.8200,39.7300,84.50,103.00,False
1789839550.3056,291.70,38.3550,41.8200,39.7300,85.00,103.00,False
1789839550.4502,291.80,38.1750,41.8200,39.7300,85.00,103.00,False
1789839550.5519,291.90,37.9950,38.3500,39.7300,85.00,103.00,False
1789839550.6331,292.00,37.8150,38.3500,39.7300,85.00,103.00,False
1789839550.7231,292.10,37.6350,38.3500,39.7300,85.00,103.00,False
1789839550.8375,292.20,37.4550,38.3500,39.7300,85.00,103.00,False
1789839550.9697,292.30,37.2750,37.6400,38.7800,85.00,103.00,False
1789839551.0672,292.40,37.0950,37.4600,38.7800,85.00,103.00,False
1789839551.1759,292.50,36.9150,37.4600,38.7800,85.00,103.00,False
1789839551.3822,292.60,36.7400,37.4600,38.7800,85.50,103.00,False
1789839551.5188,292.70,36.5650,40.7300,38.7800,85.50,103.00,False
1789839551.5974,292.80,36.3900,36.2600,40.7300,85.50,103.00,False
1789839551.6716,292.90,36.2150,36.2600,40.7300,85.50,103.00,False
1789839551.7658,293.00,36.0400,36.2600,40.7300,85.50,103.00,False
1789839551.8685,293.10,35.8650,36.2600,40.7300,85.50,103.00,False
1789839552.0059,293.20,35.6900,36.0400,40.7300,85.50,103.00,False
1789839552.2118,293.30,35.5150,36.9200,35.5600,85.50,103.00,False
1789839552.2819,293.40,35.3450,36.9200,35.5600,86.00,103.00,False
1789839552.3910,293.50,35.1750,36.9200,35.5600,86.00,103.00,False
1789839552.5220,293.60,35.0050,35.5200,35.5600,86.00,103.00,False
1789839552.6500,293.70,34.8350,34.7000,35.5200,86.00,103.00,False
1789839552.7376,293.80,34.6700,34.7000,35.5200,86.50,103.00,False
1789839552.8094,293.90,34.5050,34.7000,35.5200,86.50,103.00,False
1789839553.0034,294.00,34.3400,40.0400,35.5200,86.50,103.00,False
1789839553.1247,294.10,34.1750,34.5100,35.5200,86.50,103.00,False
1789839553.2282,294.20,34.0150,34.5100,35.5200,87.00,103.00,False
1789839553.3311,294.30,33.8550,34.5100,40.0400,87.00,103.00,False
1789839553.5827,294.40,33.6950,34.0200,40.0400,87.00,103.00,False
1789839553.6895,294.50,33.5400,39.2300,40.0400,87.50,103.00,False
1789839553.8304,294.60,33.3850,39.2300,33.8600,87.50,103.00,False
1789839554.0265,294.70,33.2300,38.9200,33.8600,87.50,103.00,False
1789839554.1070,294.80,33.0750,32.9200,33.8600,87.50,103.00,False
1789839554.2284,294.90,32.9250,32.9200,33.8600,88.00,103.00,False
1789839554.2871,295.00,32.7750,32.9200,33.8600,88.00,103.00,False
1789839554.4505,295.10,32.6250,32.6000,38.9200,88.00,103.00,False
1789839554.5364,295.20,32.4750,32.6000,38.9200,88.00,103.00,False
1789839554.6501,295.30,32.3250,32.4600,38.9200,88.00,103.00,False
1789839554.7179,295.40,32.1750,32.4600,38.9200,88.00,103.00,False
1789839554.8390,295.50,32.0250,32.4600,38.9200,88.00,103.00,False
1789839555.0002,295.60,31.8800,31.8600,32.4600,88.50,103.00,False
1789839555.1272,295.70,31.7350,31.8600,32.4600,88.50,103.00,False
1789839555.2328,295.80,31.5900,31.5600,32.4600,88.50,103.00,False
1789839555.3543,295.90,31.4450,31.5600,32.4600,88.50,103.00,False
1789839555.4366,296.00,31.3000,31.1200,32.4600,88.50,103.00,False
1789839555.5876,296.10,31.1600,31.1200,31.5600,89.00,103.00,False
1789839555.6668,296.20,31.0200,31.1200,31.5600,89.00,103.00,False
1789839555.7919,296.30,30.8800,30.8400,31.5600,89.00,103.00,False
1789839555.9308,296.40,30.7400,31.0200,31.5600,89.00,103.00,False
1789839556.0419,296.50,30.6050,31.0200,31.5600,89.50,103.00,False
1789839556.2717,296.60,30.4700,32.0200,30.8400,89.50,103.00,False
1789839556.3629,296.70,30.3350,37.4800,30.8400,89.50,103.00,False
1789839556.5237,296.80,30.2050,37.4800,30.8400,90.00,103.00,False
1789839556.6509,296.90,30.0750,37.4800,30.6000,90.00,103.00,False
1789839556.7807,297.00,29.9450,29.7400,30.6000,90.00,103.00,False
1789839556.8901,297.10,29.8150,29.7400,30.6000,90.00,103.00,False
1789839557.0078,297.20,29.6900,29.7400,30.6000,90.50,103.00,False
1789839557.0971,297.30,29.5650,30.0800,30.6000,90.50,103.00,False
1789839557.1914,297.40,29.4400,30.0800,30.6000,90.50,103.00,False
1789839557.3119,297.50,29.3150,36.5600,29.7400,90.50,103.00,False
1789839557.4153,297.60,29.1900,36.5600,29.7400,90.50,103.00,False
1789839557.5702,297.70,29.0700,29.3600,29.7400,91.00,103.00,False
1789839557.6277,297.80,28.9500,29.3600,29.7400,91.00,103.00,False
1789839557.7386,297.90,28.8300,29.3600,29.7400,91.00,103.00,False
1789839557.8627,298.00,28.7100,29.0700,29.0700,91.00,103.00,False
1789839558.0142,298.10,28.5900,36.0800,29.0700,91.00,103.00,False
1789839558.1283,298.20,28.4700,35.9600,29.0700,91.00,103.00,False
1789839558.2110,298.30,28.3500,35.9600,29.0700,91.00,103.00,False
1789839558.3367,298.40,28.2300,29.1200,29.0700,91.00,103.00,False
1789839558.5368,298.50,28.1100,35.6000,29.1200,91.00,103.00,False
1789839558.7411,298.60,27.9950,35.4800,29.1200,91.50,103.00,False
1789839558.8658,298.70,27.8800,35.4800,29.1200,91.50,103.00,False
1789839558.9822,298.80,27.7650,35.2400,29.1200,91.50,103.00,False
1789839559.1672,298.90,27.6500,35.1200,35.2400,91.50,103.00,False
1789839559.2796,299.00,27.5400,35.1200,35.2400,92.00,103.00,False
1789839559.6069,299.10,27.4300,34.7800,35.2400,92.00,103.00,False
1789839559.8650,299.20,27.3250,34.6700,35.2400,92.50,103.00,False
1789839559.9474,299.30,27.2200,27.4300,35.2400,92.50,103.00,False
1789839560.0718,299.40,27.1150,27.6400,35.2400,92.50,103.00,False
1789839560.1844,299.50,27.0100,34.1400,35.2400,92.50,103.00,False
1789839560.2625,299.60,26.9050,34.1400,35.2400,92.50,103.00,False
1789839560.3604,299.70,26.8000,34.1400,35.2400,92.50,103.00,False
1789839560.4420,299.80,26.6950,33.9200,35.2400,92.50,103.00,False
1789839560.9338,299.90,26.5900,26.7000,34.7800,92.50,103.00,False
