timestamp,sim_time_sec,true_frequency,sensor_reading_sent,controller_reading_received,generation_command,load_demand_mw,attack_active
1789838534.7632,0.00,50.0000,50.0000,50.0000,100.00,100.00,False
1789838534.8592,0.10,50.0000,50.0000,50.0000,100.00,100.00,False
1789838534.9613,0.20,50.0000,50.0000,50.0000,100.00,100.00,False
1789838535.0603,0.30,50.0000,50.0000,50.0000,100.00,100.00,False
1789838535.1589,0.40,50.0000,50.0000,50.0000,100.00,100.00,False
1789838535.2590,0.50,50.0000,50.0000,50.0000,100.00,100.00,False
1789838535.3628,0.60,50.0000,50.0000,50.0000,100.00,100.00,False
1789838535.4634,0.70,50.0000,50.0000,50.0000,100.00,100.00,False
1789838535.5592,0.80,50.0000,50.0000,50.0000,100.00,100.00,False
1789838535.6602,0.90,50.0000,50.0000,50.0000,100.00,100.00,False
1789838535.7588,1.00,50.0000,50.0000,50.0000,100.00,100.00,False
1789838535.8604,1.10,50.0000,50.0000,50.0000,100.00,100.00,False
1789838535.9607,1.20,50.0000,50.0000,50.0000,100.00,100.00,False
1789838536.0606,1.30,50.0000,50.0000,50.0000,100.00,100.00,False
1789838536.1615,1.40,50.0000,50.0000,50.0000,100.00,100.00,False
1789838536.2670,1.50,50.0000,50.0000,50.0000,100.00,100.00,False
1789838536.3642,1.60,50.0000,50.0000,50.0000,100.00,100.00,False
1789838536.4618,1.70,50.0000,50.0000,50.0000,100.00,100.00,False
1789838536.5601,1.80,50.0000,50.0000,50.0000,100.00,100.00,False
1789838536.6615,1.90,50.0000,50.0000,50.0000,100.00,100.00,False
1789838536.7635,2.00,50.0000,50.0000,50.0000,100.00,100.00,False
1789838536.8625,2.10,50.0000,50.0000,50.0000,100.00,100.00,False
1789838536.9670,2.20,50.0000,50.0000,50.0000,100.00,100.00,False
1789838537.0607,2.30,50.0000,50.0000,50.0000,100.00,100.00,False
1789838537.1622,2.40,50.0000,50.0000,50.0000,100.00,100.00,False
1789838537.2671,2.50,50.0000,50.0000,50.0000,100.00,100.00,False
1789838537.3638,2.60,50.0000,50.0000,50.0000,100.00,100.00,False
1789838537.4605,2.70,50.0000,50.0000,50.0000,100.00,100.00,False
1789838537.5655,2.80,50.0000,50.0000,50.0000,100.00,100.00,False
1789838537.6601,2.90,50.0000,50.0000,50.0000,100.00,100.00,False
1789838537.7647,3.00,50.0000,50.0000,50.0000,100.00,100.00,False
1789838537.8621,3.10,50.0000,50.0000,50.0000,100.00,100.00,False
1789838537.9655,3.20,50.0000,50.0000,50.0000,100.00,100.00,False
1789838538.0692,3.30,50.0000,50.0000,50.0000,100.00,100.00,False
1789838538.1626,3.40,50.0000,50.0000,50.0000,100.00,100.00,False
1789838538.2629,3.50,50.0000,50.0000,50.0000,100.00,100.00,False
1789838538.3698,3.60,50.0000,50.0000,50.0000,100.00,100.00,False
1789838538.4640,3.70,50.0000,50.0000,50.0000,100.00,100.00,False
1789838538.5649,3.80,50.0000,50.0000,50.0000,100.00,100.00,False
1789838538.6634,3.90,50.0000,50.0000,50.0000,100.00,100.00,False
1789838538.7650,4.00,50.0000,50.0000,50.0000,100.00,100.00,False
1789838538.8660,4.10,50.0000,50.0000,50.0000,100.00,100.00,False
1789838538.9711,4.20,50.0000,50.0000,50.0000,100.00,100.00,False
1789838539.0626,4.30,50.0000,50.0000,50.0000,100.00,100.00,False
1789838539.1626,4.40,50.0000,50.0000,50.0000,100.00,100.00,False
1789838539.2666,4.50,50.0000,50.0000,50.0000,100.00,100.00,False
1789838539.3670,4.60,50.0000,50.0000,50.0000,100.00,100.00,False
1789838539.4675,4.70,50.0000,50.0000,50.0000,100.00,100.00,False
1789838539.5650,4.80,50.0000,50.0000,50.0000,100.00,100.00,False
1789838539.6660,4.90,50.0000,50.0000,50.0000,100.00,100.00,False
1789838539.7668,5.00,50.0000,50.0000,50.0000,100.00,100.00,False
1789838539.8701,5.10,50.0000,50.0000,50.0000,100.00,100.00,False
1789838539.9699,5.20,50.0000,50.0000,50.0000,100.00,100.00,False
1789838540.0673,5.30,50.0000,50.0000,50.0000,100.00,100.00,False
1789838540.1654,5.40,50.0000,50.0000,50.0000,100.00,100.00,False
1789838540.2691,5.50,50.0000,50.0000,50.0000,100.00,100.00,False
1789838540.3686,5.60,50.0000,50.0000,50.0000,100.00,100.00,False
1789838540.4666,5.70,50.0000,50.0000,50.0000,100.00,100.00,False
1789838540.5657,5.80,50.0000,50.0000,50.0000,100.00,100.00,False
1789838540.6665,5.90,50.0000,50.0000,50.0000,100.00,100.00,False
1789838540.7651,6.00,50.0000,50.0000,50.0000,100.00,100.00,False
1789838540.8674,6.10,50.0000,50.0000,50.0000,100.00,100.00,False
1789838540.9680,6.20,50.0000,50.0000,50.0000,100.00,100.00,False
1789838541.0689,6.30,50.0000,50.0000,50.0000,100.00,100.00,False
1789838541.1675,6.40,50.0000,50.0000,50.0000,100.00,100.00,False
1789838541.2643,6.50,50.0000,50.0000,50.0000,100.00,100.00,False
1789838541.3704,6.60,50.0000,50.0000,50.0000,100.00,100.00,False
1789838541.4685,6.70,50.0000,50.0000,50.0000,100.00,100.00,False
1789838541.5697,6.80,50.0000,50.0000,50.0000,100.00,100.00,False
1789838541.6645,6.90,50.0000,50.0000,50.0000,100.00,100.00,False
1789838541.7647,7.00,50.0000,50.0000,50.0000,100.00,100.00,False
1789838541.8689,7.10,50.0000,50.0000,50.0000,100.00,100.00,False
1789838541.9675,7.20,50.0000,50.0000,50.0000,100.00,100.00,False
1789838542.6257,7.30,50.0000,50.0000,50.0000,100.00,100.00,False
1789838542.7218,7.40,50.0000,50.0000,50.0000,100.00,100.00,False
1789838542.8221,7.50,50.0000,50.0000,50.0000,100.00,100.00,False
1789838542.9222,7.60,50.0000,50.0000,50.0000,100.00,100.00,False
1789838543.0241,7.70,50.0000,50.0000,50.0000,100.00,100.00,False
1789838543.1260,7.80,50.0000,50.0000,50.0000,100.00,100.00,False
1789838543.2208,7.90,50.0000,50.0000,50.0000,100.00,100.00,False
1789838543.3214,8.00,50.0000,50.0000,50.0000,100.00,100.00,False
1789838543.4237,8.10,50.0000,50.0000,50.0000,100.00,100.00,False
1789838543.5213,8.20,50.0000,50.0000,50.0000,100.00,100.00,False
1789838543.6234,8.30,50.0000,50.0000,50.0000,100.00,100.00,False
1789838543.7213,8.40,50.0000,50.0000,50.0000,100.00,100.00,False
1789838543.8266,8.50,50.0000,50.0000,50.0000,100.00,100.00,False
1789838543.9209,8.60,50.0000,50.0000,50.0000,100.00,100.00,False
1789838544.0238,8.70,50.0000,50.0000,50.0000,100.00,100.00,False
1789838544.1268,8.80,50.0000,50.0000,50.0000,100.00,100.00,False
1789838544.2215,8.90,50.0000,50.0000,50.0000,100.00,100.00,False
1789838544.3215,9.00,50.0000,50.0000,50.0000,100.00,100.00,False
1789838544.4273,9.10,50.0000,50.0000,50.0000,100.00,100.00,False
1789838544.5259,9.20,50.0000,50.0000,50.0000,100.00,100.00,False
1789838544.6246,9.30,50.0000,50.0000,50.0000,100.00,100.00,False
1789838544.7233,9.40,50.0000,50.0000,50.0000,100.00,100.00,False
1789838544.8270,9.50,50.0000,50.0000,50.0000,100.00,100.00,False
1789838544.9269,9.60,50.0000,50.0000,50.0000,100.00,100.00,False
1789838545.0254,9.70,50.0000,50.0000,50.0000,100.00,100.00,False
1789838545.1251,9.80,50.0000,50.0000,50.0000,100.00,100.00,False
1789838545.2291,9.90,50.0000,50.0000,50.0000,100.00,100.00,False
1789838545.3246,10.00,50.0000,50.0000,50.0000,100.00,100.00,False
1789838545.4732,10.10,49.9700,50.0000,50.0000,100.00,103.00,False
1789838545.5457,10.20,49.9400,50.0000,50.0000,100.00,103.00,False
1789838545.6480,10.30,49.9100,50.0000,50.0000,100.00,103.00,False
1789838545.7456,10.40,49.8800,50.0000,50.0000,100.00,103.00,False
1789838545.8656,10.50,49.8500,50.0000,50.0000,100.00,103.00,False
1789838545.9478,10.60,49.8200,49.9100,50.0000,100.00,103.00,False
1789838546.0486,10.70,49.7900,49.9100,50.0000,100.00,103.00,False
1789838546.1694,10.80,49.7600,49.9100,49.9100,100.00,103.00,False
1789838546.2430,10.90,49.7300,49.9100,49.9100,100.00,103.00,False
1789838546.3617,11.00,49.7000,49.9100,49.9100,100.00,103.00,False
1789838546.4448,11.10,49.6700,49.7600,49.9100,100.00,103.00,False
1789838546.5424,11.20,49.6400,49.7600,49.9100,100.00,103.00,False
1789838546.6449,11.30,49.6100,49.7600,49.9100,100.00,103.00,False
1789838546.7469,11.40,49.5800,49.7600,49.7600,100.00,103.00,False
1789838546.8648,11.50,49.5500,49.6100,49.7600,100.00,103.00,False
1789838546.9439,11.60,49.5200,49.6100,49.7600,100.00,103.00,False
1789838547.0444,11.70,49.4950,49.6100,49.7600,100.50,103.00,False
1789838547.1477,11.80,49.4700,49.6100,49.7600,100.50,103.00,False
1789838547.2696,11.90,49.4450,49.6100,49.6100,100.50,103.00,False
1789838547.3454,12.00,49.4200,49.5000,49.6100,100.50,103.00,False
1789838547.4433,12.10,49.3950,49.5000,49.6100,100.50,103.00,False
1789838547.5436,12.20,49.3750,49.5000,49.6100,101.00,103.00,False
1789838547.6473,12.30,49.3550,49.5000,49.6100,101.00,103.00,False
1789838547.7642,12.40,49.3350,49.5000,49.6100,101.00,103.00,False
1789838547.8472,12.50,49.3150,49.3800,49.3800,101.00,103.00,False
1789838547.9453,12.60,49.2950,49.3800,49.3800,101.00,103.00,False
1789838548.0447,12.70,49.2750,49.3800,49.3800,101.00,103.00,False
1789838548.1440,12.80,49.2550,49.3800,49.3800,101.00,103.00,False
1789838548.2666,12.90,49.2350,49.2800,49.3800,101.00,103.00,False
1789838548.3648,13.00,49.2150,49.2800,49.2800,101.00,103.00,False
1789838548.4453,13.10,49.2000,49.2800,49.2800,101.50,103.00,False
1789838548.5439,13.20,49.1850,49.2800,49.2800,101.50,103.00,False
1789838548.6441,13.30,49.1700,49.2800,49.2800,101.50,103.00,False
1789838548.7485,13.40,49.1550,49.2000,49.2800,101.50,103.00,False
1789838548.8450,13.50,49.1400,49.2000,49.2800,101.50,103.00,False
1789838548.9489,13.60,49.1300,49.2000,49.2000,102.00,103.00,False
1789838549.0469,13.70,49.1200,49.2000,49.2000,102.00,103.00,False
1789838549.1625,13.80,49.1100,49.2000,49.2000,102.00,103.00,False
1789838549.2478,13.90,49.1000,49.1300,49.2000,102.00,103.00,False
1789838549.3674,14.00,49.0900,49.1300,49.2000,102.00,103.00,False
1789838549.4673,14.10,49.0850,49.1300,49.1300,102.50,103.00,False
1789838549.5441,14.20,49.0800,49.1300,49.1300,102.50,103.00,False
1789838549.6623,14.30,49.0750,49.0800,49.1300,102.50,103.00,False
1789838549.7438,14.40,49.0700,49.0800,49.1300,102.50,103.00,False
1789838549.8282,14.50,49.0700,49.0800,49.1300,103.00,103.00,False
1789838549.9477,14.60,49.0700,49.0800,49.1300,103.00,103.00,False
1789838550.0289,14.70,49.0700,49.0800,49.0800,103.00,103.00,False
1789838550.1284,14.80,49.0700,49.0700,49.0800,103.00,103.00,False
1789838550.2460,14.90,49.0700,49.0700,49.0800,103.00,103.00,False
1789838550.3468,15.00,49.0750,49.0700,49.0800,103.50,103.00,False
1789838550.4457,15.10,49.0800,49.0700,49.0800,103.50,103.00,False
1789838550.5441,15.20,49.0850,49.0800,49.0700,103.50,103.00,False
1789838550.6661,15.30,49.0900,49.0800,49.0700,103.50,103.00,False
1789838550.7423,15.40,49.1000,49.0800,49.0700,104.00,103.00,False
1789838550.8455,15.50,49.1100,49.0800,49.0700,104.00,103.00,False
1789838550.9645,15.60,49.1200,49.1000,49.0700,104.00,103.00,False
1789838551.0455,15.70,49.1300,49.1000,49.1000,104.00,103.00,False
1789838551.1468,15.80,49.1400,49.1000,49.1000,104.00,103.00,False
1789838551.2517,15.90,49.1500,49.1000,49.1000,104.00,103.00,False
1789838551.3647,16.00,49.1600,49.1000,49.1000,104.00,103.00,False
1789838551.4494,16.10,49.1700,49.1400,49.1000,104.00,103.00,False
1789838551.5650,16.20,49.1800,49.1400,49.1400,104.00,103.00,False
1789838551.6444,16.30,49.1950,49.1400,49.1400,104.50,103.00,False
1789838551.7481,16.40,49.2100,49.1400,49.1400,104.50,103.00,False
1789838551.8518,16.50,49.2250,49.2000,49.1400,104.50,103.00,False
1789838551.9491,16.60,49.2400,49.2000,49.1400,104.50,103.00,False
1789838552.0688,16.70,49.2600,49.2000,49.2000,105.00,103.00,False
1789838552.1499,16.80,49.2800,49.2000,49.2000,105.00,103.00,False
1789838552.2709,16.90,49.3000,49.2000,49.2000,105.00,103.00,False
1789838552.3515,17.00,49.3200,49.2600,49.2000,105.00,103.00,False
1789838552.4713,17.10,49.3400,49.2600,49.2000,105.00,103.00,False
1789838552.5750,17.20,49.3650,49.2600,49.2600,105.50,103.00,False
1789838552.6549,17.30,49.3900,49.2600,49.2600,105.50,103.00,False
1789838552.7800,17.40,49.4150,49.3600,49.2600,105.50,103.00,False
1789838552.8532,17.50,49.4400,49.3600,49.2600,105.50,103.00,False
1789838552.9695,17.60,49.4650,49.3600,49.2600,105.50,103.00,False
1789838553.0531,17.70,49.4950,49.3600,49.2600,106.00,103.00,False
1789838553.1570,17.80,49.5250,49.3600,49.3600,106.00,103.00,False
1789838553.2793,17.90,49.5550,49.5000,49.3600,106.00,103.00,False
1789838553.3504,18.00,49.5850,49.5000,49.3600,106.00,103.00,False
1789838553.4723,18.10,49.6200,49.5000,49.3600,106.50,103.00,False
1789838553.5575,18.20,49.6550,49.5000,49.3600,106.50,103.00,False
1789838553.6702,18.30,49.6900,49.5000,49.3600,106.50,103.00,False
1789838553.7734,18.40,49.7250,49.6200,49.5000,106.50,103.00,False
1789838553.8553,18.50,49.7600,49.6200,49.5000,106.50,103.00,False
1789838553.9608,18.60,49.8000,49.6200,49.5000,107.00,103.00,False
1789838554.0564,18.70,49.8400,49.6200,49.5000,107.00,103.00,False
1789838554.1593,18.80,49.8800,49.6200,49.5000,107.00,103.00,False
1789838554.2679,18.90,49.9200,49.8000,49.8000,107.00,103.00,False
1789838554.3565,19.00,49.9600,49.8000,49.8000,107.00,103.00,False
1789838554.4558,19.10,50.0000,49.8000,49.8000,107.00,103.00,False
1789838554.5517,19.20,50.0400,49.8000,49.8000,107.00,103.00,False
1789838554.6790,19.30,50.0800,49.8000,49.8000,107.00,103.00,False
1789838554.7508,19.40,50.1200,50.0000,49.8000,107.00,103.00,False
1789838554.8581,19.50,50.1600,50.0000,50.0000,107.00,103.00,False
1789838554.9503,19.60,50.2000,50.0000,50.0000,107.00,103.00,False
1789838555.0510,19.70,50.2400,50.0000,50.0000,107.00,103.00,False
1789838555.1695,19.80,50.2800,50.0000,50.0000,107.00,103.00,False
1789838555.2538,19.90,50.3200,50.2000,50.0000,107.00,103.00,False
1789838555.3611,20.00,50.3600,50.2000,50.2000,107.00,103.00,False
1789838555.4508,20.10,50.4000,50.2000,50.2000,107.00,103.00,False
1789838555.5583,20.20,50.4400,50.2000,50.2000,107.00,103.00,False
1789838555.6690,20.30,50.4800,50.4000,50.2000,107.00,103.00,False
1789838555.7535,20.40,50.5200,50.4000,50.2000,107.00,103.00,False
1789838555.8543,20.50,50.5600,50.4000,50.2000,107.00,103.00,False
1789838555.9549,20.60,50.6000,50.4000,50.4000,107.00,103.00,False
1789838556.0685,20.70,50.6400,50.4000,50.4000,107.00,103.00,False
1789838556.1496,20.80,50.6800,50.5600,50.4000,107.00,103.00,False
1789838556.2673,20.90,50.7200,50.5600,50.4000,107.00,103.00,False
1789838556.3528,21.00,50.7550,50.5600,50.4000,106.50,103.00,False
1789838556.4606,21.10,50.7900,50.5600,50.5600,106.50,103.00,False
1789838556.5753,21.20,50.8250,50.7600,50.5600,106.50,103.00,False
1789838556.6550,21.30,50.8600,50.7600,50.5600,106.50,103.00,False
1789838556.7715,21.40,50.8900,50.7600,50.5600,106.00,103.00,False
1789838556.8522,21.50,50.9200,50.7600,50.5600,106.00,103.00,False
1789838556.9754,21.60,50.9500,50.7600,50.7600,106.00,103.00,False
1789838557.0755,21.70,50.9800,50.9200,50.7600,106.00,103.00,False
1789838557.1533,21.80,51.0100,50.9200,50.7600,106.00,103.00,False
1789838557.2512,21.90,51.0350,50.9200,50.7600,105.50,103.00,False
1789838557.3548,22.00,51.0600,50.9200,50.7600,105.50,103.00,False
1789838557.4913,22.10,51.0850,50.9200,50.9200,105.50,103.00,False
1789838557.5551,22.20,51.1100,51.0400,50.9200,105.50,103.00,False
1789838557.6715,22.30,51.1350,51.0400,50.9200,105.50,103.00,False
1789838557.7504,22.40,51.1550,51.0400,50.9200,105.00,103.00,False
1789838557.8532,22.50,51.1750,51.0400,50.9200,105.00,103.00,False
1789838557.9915,22.60,51.1950,51.1600,50.9200,105.00,103.00,False
1789838558.0543,22.70,51.2150,51.1600,51.1600,105.00,103.00,False
1789838558.1527,22.80,51.2350,51.1600,51.1600,105.00,103.00,False
1789838558.2529,22.90,51.2550,51.1600,51.1600,105.00,103.00,False
1789838558.3700,23.00,51.2750,51.1600,51.1600,105.00,103.00,False
1789838558.4527,23.10,51.2950,51.2400,51.1600,105.00,103.00,False
1789838558.5868,23.20,51.3100,51.2400,51.2400,104.50,103.00,False
1789838558.6533,23.30,51.3250,51.2400,51.2400,104.50,103.00,False
1789838558.7529,23.40,51.3400,51.2400,51.2400,104.50,103.00,False
1789838558.8517,23.50,51.3550,51.3200,51.2400,104.50,103.00,False
1789838558.9540,23.60,51.3700,51.3200,51.2400,104.50,103.00,False
1789838559.0532,23.70,51.3800,51.3200,51.3200,104.00,103.00,False
1789838559.1536,23.80,51.3900,51.3200,51.3200,104.00,103.00,False
1789838559.2716,23.90,51.4000,51.3800,51.3200,104.00,103.00,False
1789838559.3519,24.00,51.4100,51.3800,51.3200,104.00,103.00,False
1789838559.4539,24.10,51.4150,51.3800,51.3200,103.50,103.00,False
1789838559.5767,24.20,51.4200,51.3800,51.3800,103.50,103.00,False
1789838559.6565,24.30,51.4250,51.3800,51.3800,103.50,103.00,False
1789838559.7562,24.40,51.4300,51.4200,51.3800,103.50,103.00,False
1789838559.8743,24.50,51.4350,51.4200,51.3800,103.50,103.00,False
1789838559.9421,24.60,51.4350,51.4200,51.3800,103.00,103.00,False
1789838560.0449,24.70,51.4350,51.4200,51.3800,103.00,103.00,False
1789838560.1595,24.80,51.4350,51.4200,51.4200,103.00,103.00,False
1789838560.2457,24.90,51.4350,51.4400,51.4200,103.00,103.00,False
1789838560.3612,25.00,51.4350,51.4400,51.4200,103.00,103.00,False
1789838560.4591,25.10,51.4300,51.4400,51.4200,102.50,103.00,False
1789838560.5635,25.20,51.4250,51.4400,51.4200,102.50,103.00,False
1789838560.6753,25.30,51.4200,51.4400,51.4400,102.50,103.00,False
1789838560.7633,25.40,51.4150,51.4300,51.4400,102.50,103.00,False
1789838560.8767,25.50,51.4100,51.4300,51.4400,102.50,103.00,False
1789838560.9573,25.60,51.4000,51.4300,51.4400,102.00,103.00,False
1789838561.0648,25.70,51.3900,51.4300,51.4400,102.00,103.00,False
1789838561.1961,25.80,51.3800,51.4000,51.4300,102.00,103.00,False
1789838561.2609,25.90,51.3700,51.4000,51.4300,102.00,103.00,False
1789838561.3775,26.00,51.3600,51.4000,51.4300,102.00,103.00,False
1789838561.4562,26.10,51.3450,51.4000,51.4300,101.50,103.00,False
1789838561.5645,26.20,51.3300,51.4000,51.4300,101.50,103.00,False
1789838561.6951,26.30,51.3150,51.3400,51.4300,101.50,103.00,False
1789838561.7606,26.40,51.3000,51.3400,51.3400,101.50,103.00,False
1789838561.8577,26.50,51.2850,51.3400,51.3400,101.50,103.00,False
1789838561.9617,26.60,51.2700,51.3400,51.3400,101.50,103.00,False
1789838562.0809,26.70,51.2550,51.3400,51.3400,101.50,103.00,False
1789838562.1626,26.80,51.2400,51.2800,51.3400,101.50,103.00,False
1789838562.2852,26.90,51.2250,51.2800,51.2800,101.50,103.00,False
1789838562.3617,27.00,51.2050,51.2800,51.2800,101.00,103.00,False
1789838562.4632,27.10,51.1850,51.2800,51.2800,101.00,103.00,False
1789838562.5826,27.20,51.1650,51.2000,51.2800,101.00,103.00,False
1789838562.6662,27.30,51.1450,51.2000,51.2800,101.00,103.00,False
1789838562.7866,27.40,51.1200,51.2000,51.2800,100.50,103.00,False
1789838562.8643,27.50,51.0950,51.2000,51.2000,100.50,103.00,False
1789838562.9639,27.60,51.0700,51.2000,51.2000,100.50,103.00,False
1789838563.0610,27.70,51.0450,51.1200,51.2000,100.50,103.00,False
1789838563.1618,27.80,51.0200,51.1200,51.2000,100.50,103.00,False
1789838563.2612,27.90,50.9900,51.1200,51.2000,100.00,103.00,False
1789838563.3698,28.00,50.9600,51.1200,51.1200,100.00,103.00,False
1789838563.4788,28.10,50.9300,51.1200,51.1200,100.00,103.00,False
1789838563.5599,28.20,50.9000,50.9900,51.1200,100.00,103.00,False
1789838563.6609,28.30,50.8700,50.9900,51.1200,100.00,103.00,False
1789838563.7612,28.40,50.8350,50.9900,51.1200,99.50,103.00,False
1789838563.8848,28.50,50.8000,50.9900,51.1200,99.50,103.00,False
1789838563.9824,28.60,50.7650,50.9900,50.9900,99.50,103.00,False
1789838564.0630,28.70,50.7300,50.8400,50.9900,99.50,103.00,False
1789838564.1782,28.80,50.6950,50.8400,50.9900,99.50,103.00,False
1789838564.2599,28.90,50.6550,50.8400,50.9900,99.00,103.00,False
1789838564.3683,29.00,50.6150,50.8400,50.9900,99.00,103.00,False
1789838564.4811,29.10,50.5750,50.8400,50.8400,99.00,103.00,False
1789838564.5618,29.20,50.5350,50.6600,50.8400,99.00,103.00,False
1789838564.6841,29.30,50.4950,50.6600,50.8400,99.00,103.00,False
1789838564.7655,29.40,50.4500,50.6600,50.8400,98.50,103.00,False
1789838564.8687,29.50,50.4050,50.6600,50.8400,98.50,103.00,False
1789838565.0033,29.60,50.3600,50.4500,50.4500,98.50,103.00,False
1789838565.0626,29.70,50.3150,50.4500,50.4500,98.50,103.00,False
1789838565.1616,29.80,50.2700,50.4500,50.4500,98.50,103.00,False
1789838565.2619,29.90,50.2250,50.4500,50.4500,98.50,103.00,False
1789838565.3837,30.00,50.1800,50.4500,50.4500,98.50,103.00,False
1789838565.4628,30.10,50.1350,50.2700,50.4500,98.50,103.00,False
1789838565.5816,30.20,50.0900,50.2700,50.2700,98.50,103.00,False
1789838565.6608,30.30,50.0400,50.2700,50.2700,98.00,103.00,False
1789838565.7619,30.40,49.9900,50.2700,50.2700,98.00,103.00,False
1789838565.8729,30.50,49.9400,50.0400,50.2700,98.00,103.00,False
1789838565.9610,30.60,49.8900,50.0400,50.2700,98.00,103.00,False
1789838566.0598,30.70,49.8350,50.0400,50.0400,97.50,103.00,False
1789838566.1672,30.80,49.7800,50.0400,50.0400,97.50,103.00,False
1789838566.2795,30.90,49.7250,50.0400,50.0400,97.50,103.00,False
1789838566.3631,31.00,49.6700,49.8400,50.0400,97.50,103.00,False
1789838566.4619,31.10,49.6150,49.8400,50.0400,97.50,103.00,False
1789838566.5806,31.20,49.5600,49.8400,49.8400,97.50,103.00,False
1789838566.6626,31.30,49.5050,49.8400,49.8400,97.50,103.00,False
1789838566.7618,31.40,49.4500,49.6200,49.8400,97.50,103.00,False
1789838566.8599,31.50,49.3950,49.6200,49.8400,97.50,103.00,False
1789838566.9653,31.60,49.3400,49.6200,49.8400,97.50,103.00,False
1789838567.0828,31.70,49.2850,49.6200,49.6200,97.50,103.00,False
1789838567.1877,31.80,49.2300,49.3400,49.6200,97.50,103.00,False
1789838567.2630,31.90,49.1750,49.3400,49.6200,97.50,103.00,False
1789838567.3612,32.00,49.1250,49.3400,49.6200,98.00,103.00,False
1789838567.4645,32.10,49.0750,49.3400,49.6200,98.00,103.00,False
1789838567.5598,32.20,49.0250,49.3400,49.6200,98.00,103.00,False
1789838567.6650,32.30,48.9750,49.1200,49.3400,98.00,103.00,False
1789838567.7806,32.40,48.9250,49.1200,49.3400,98.00,103.00,False
1789838567.8626,32.50,48.8800,49.1200,49.3400,98.50,103.00,False
1789838567.9687,32.60,48.8350,49.1200,49.3400,98.50,103.00,False
1789838568.1005,32.70,48.7900,49.1200,49.3400,98.50,103.00,False
1789838568.1644,32.80,48.7450,48.8800,48.8800,98.50,103.00,False
1789838568.2610,32.90,48.7000,48.8800,48.8800,98.50,103.00,False
1789838568.3660,33.00,48.6550,48.8800,48.8800,98.50,103.00,False
1789838568.4661,33.10,48.6100,48.8800,48.8800,98.50,103.00,False
1789838568.5682,33.20,48.5650,48.7000,48.8800,98.50,103.00,False
1789838568.6670,33.30,48.5200,48.7000,48.7000,98.50,103.00,False
1789838568.7645,33.40,48.4800,48.7000,48.7000,99.00,103.00,False
1789838568.8655,33.50,48.4400,48.7000,48.7000,99.00,103.00,False
1789838569.0117,33.60,48.4000,48.7000,48.7000,99.00,103.00,False
1789838569.0674,33.70,48.3600,48.4800,48.7000,99.00,103.00,False
1789838569.2079,33.80,48.3200,48.4800,48.4800,99.00,103.00,False
1789838569.2680,33.90,48.2850,48.4800,48.4800,99.50,103.00,False
1789838569.3681,34.00,48.2500,48.4800,48.4800,99.50,103.00,False
1789838569.4840,34.10,48.2150,48.4800,48.4800,99.50,103.00,False
1789838569.5683,34.20,48.1800,48.2800,48.4800,99.50,103.00,False
1789838569.7059,34.30,48.1500,48.2800,48.2800,100.00,103.00,False
1789838569.7632,34.40,48.1200,48.2800,48.2800,100.00,103.00,False
1789838569.8684,34.50,48.0900,48.2800,48.2800,100.00,103.00,False
1789838569.9894,34.60,48.0600,48.1200,48.2800,100.00,103.00,False
1789838570.0655,34.70,48.0300,48.1200,48.2800,100.00,103.00,False
1789838570.1649,34.80,48.0050,48.1200,48.2800,100.50,103.00,False
1789838570.2701,34.90,47.9800,48.1200,48.1200,100.50,103.00,False
1789838570.3722,35.00,47.9550,48.1200,48.1200,100.50,103.00,False
1789838570.4703,35.10,47.9300,48.0000,48.1200,100.50,103.00,False
1789838570.5853,35.20,47.9050,48.0000,48.1200,100.50,103.00,False
1789838570.6678,35.30,47.8850,48.0000,48.1200,101.00,103.00,False
1789838570.7875,35.40,47.8650,48.0000,48.0000,101.00,103.00,False
1789838570.8904,35.50,47.8450,47.8800,48.0000,101.00,103.00,False
1789838570.9699,35.60,47.8250,47.8800,48.0000,101.00,103.00,False
1789838571.0830,35.70,47.8100,47.8800,48.0000,101.50,103.00,False
1789838571.1695,35.80,47.7950,47.8800,48.0000,101.50,103.00,False
1789838571.2867,35.90,47.7800,47.8800,47.8800,101.50,103.00,False
1789838571.3690,36.00,47.7650,47.8100,47.8800,101.50,103.00,False
1789838571.4723,36.10,47.7500,47.8100,47.8800,101.50,103.00,False
1789838571.5646,36.20,47.7400,47.8100,47.8800,102.00,103.00,False
1789838571.6722,36.30,47.7300,47.8100,47.8800,102.00,103.00,False
1789838571.7869,36.40,47.7200,47.8100,47.8800,102.00,103.00,False
1789838571.8694,36.50,47.7100,47.7400,47.7400,102.00,103.00,False
1789838571.9665,36.60,47.7000,47.7400,47.7400,102.00,103.00,False
1789838572.0670,36.70,47.6900,47.7400,47.7400,102.00,103.00,False
1789838572.1719,36.80,47.6800,47.7400,47.7400,102.00,103.00,False
1789838572.2702,36.90,47.6700,47.7000,47.7400,102.00,103.00,False
1789838572.3746,37.00,47.6600,47.7000,47.7000,102.00,103.00,False
1789838572.4675,37.10,47.6550,47.7000,47.7000,102.50,103.00,False
1789838572.5681,37.20,47.6500,47.7000,47.7000,102.50,103.00,False
1789838572.6909,37.30,47.6450,47.7000,47.7000,102.50,103.00,False
1789838572.7723,37.40,47.6400,47.6600,47.7000,102.50,103.00,False
1789838572.8918,37.50,47.6400,47.6600,47.6600,103.00,103.00,False
1789838572.9540,37.60,47.6400,47.6600,47.6600,103.00,103.00,False
1789838573.0568,37.70,47.6400,47.6600,47.6600,103.00,103.00,False
1789838573.1554,37.80,47.6400,47.6400,47.6600,103.00,103.00,False
1789838573.2552,37.90,47.6400,47.6400,47.6600,103.00,103.00,False
1789838573.3691,38.00,47.6450,47.6400,47.6600,103.50,103.00,False
1789838573.4727,38.10,47.6500,47.6400,47.6400,103.50,103.00,False
1789838573.5689,38.20,47.6550,47.6400,47.6400,103.50,103.00,False
1789838573.6721,38.30,47.6600,47.6400,47.6400,103.50,103.00,False
1789838573.7908,38.40,47.6650,47.6400,47.6400,103.50,103.00,False
1789838573.8689,38.50,47.6750,47.6400,47.6400,104.00,103.00,False
1789838573.9738,38.60,47.6850,47.6400,47.6400,104.00,103.00,False
1789838574.0724,38.70,47.6950,47.6800,47.6400,104.00,103.00,False
1789838574.1696,38.80,47.7050,47.6800,47.6400,104.00,103.00,False
1789838574.2687,38.90,47.7200,47.6800,47.6400,104.50,103.00,False
1789838574.3702,39.00,47.7350,47.6800,47.6400,104.50,103.00,False
1789838574.4893,39.10,47.7500,47.6800,47.6800,104.50,103.00,False
1789838574.5849,39.20,47.7650,47.7200,47.6800,104.50,103.00,False
1789838574.6895,39.30,47.7800,47.7200,47.6800,104.50,103.00,False
1789838574.7693,39.40,47.8000,47.7200,47.6800,105.00,103.00,False
1789838575.4492,39.50,47.8200,47.7200,47.6800,105.00,103.00,False
1789838575.5213,39.60,47.8400,47.7200,47.6800,105.00,103.00,False
1789838575.6063,39.70,47.8600,47.8000,47.8000,105.00,103.00,False
1789838575.7058,39.80,47.8800,47.8000,47.8000,105.00,103.00,False
1789838575.7987,39.90,47.9050,47.8000,47.8000,105.50,103.00,False
1789838575.9008,40.00,47.9300,47.8000,47.8000,105.50,103.00,False
1789838576.0188,40.10,47.9550,47.8000,47.8000,105.50,103.00,False
1789838576.1010,40.20,47.9800,47.9000,47.9000,105.50,103.00,False
1789838576.1979,40.30,48.0050,47.9000,47.9000,105.50,103.00,False
1789838576.2991,40.40,48.0300,47.9000,47.9000,105.50,103.00,False
1789838576.3984,40.50,48.0550,47.9000,47.9000,105.50,103.00,False
1789838576.5039,40.60,48.0800,48.0000,47.9000,105.50,103.00,False
1789838576.6372,40.70,48.1050,48.0000,48.0000,105.50,103.00,False
1789838576.7005,40.80,48.1350,48.0000,48.0000,106.00,103.00,False
1789838576.7996,40.90,48.1650,48.0000,48.0000,106.00,103.00,False
1789838576.8986,41.00,48.1950,48.0000,48.0000,106.00,103.00,False
1789838577.0036,41.10,48.2250,48.1400,48.0000,106.00,103.00,False
1789838577.1425,41.20,48.2550,48.1400,48.0000,106.00,103.00,False
1789838577.2013,41.30,48.2900,48.1400,48.1400,106.50,103.00,False
1789838577.3038,41.40,48.3250,48.1400,48.1400,106.50,103.00,False
1789838577.3972,41.50,48.3600,48.1400,48.1400,106.50,103.00,False
1789838577.4988,41.60,48.3950,48.2900,48.1400,106.50,103.00,False
1789838577.6202,41.70,48.4300,48.2900,48.1400,106.50,103.00,False
1789838577.7187,41.80,48.4700,48.2900,48.2900,107.00,103.00,False
1789838577.8018,41.90,48.5100,48.2900,48.2900,107.00,103.00,False
1789838577.9016,42.00,48.5500,48.4300,48.2900,107.00,103.00,False
1789838578.0008,42.10,48.5900,48.4300,48.2900,107.00,103.00,False
1789838578.0991,42.20,48.6350,48.4300,48.2900,107.50,103.00,False
1789838578.2206,42.30,48.6800,48.4300,48.2900,107.50,103.00,False
1789838578.3012,42.40,48.7250,48.4300,48.4300,107.50,103.00,False
1789838578.4016,42.50,48.7700,48.6400,48.4300,107.50,103.00,False
1789838578.5194,42.60,48.8150,48.6400,48.4300,107.50,103.00,False
1789838578.6044,42.70,48.8650,48.6400,48.4300,108.00,103.00,False
1789838578.7077,42.80,48.9150,48.6400,48.4300,108.00,103.00,False
1789838578.8011,42.90,48.9650,48.6400,48.6400,108.00,103.00,False
1789838578.9056,43.00,49.0150,48.8600,48.6400,108.00,103.00,False
1789838579.0188,43.10,49.0650,48.8600,48.6400,108.00,103.00,False
1789838579.1013,43.20,49.1200,48.8600,48.6400,108.50,103.00,False
1789838579.2057,43.30,49.1750,48.8600,48.6400,108.50,103.00,False
1789838579.3272,43.40,49.2300,49.1200,48.8600,108.50,103.00,False
1789838579.4105,43.50,49.2850,49.1200,48.8600,108.50,103.00,False
1789838579.5085,43.60,49.3450,49.1200,48.8600,109.00,103.00,False
1789838579.6014,43.70,49.4050,49.1200,48.8600,109.00,103.00,False
1789838579.7037,43.80,49.4650,49.1200,48.8600,109.00,103.00,False
1789838579.8230,43.90,49.5250,49.3400,49.3400,109.00,103.00,False
1789838579.9060,44.00,49.5850,49.3400,49.3400,109.00,103.00,False
1789838580.0023,44.10,49.6450,49.3400,49.3400,109.00,103.00,False
1789838580.1028,44.20,49.7050,49.3400,49.3400,109.00,103.00,False
1789838580.2277,44.30,49.7650,49.6400,49.3400,109.00,103.00,False
1789838580.3232,44.40,49.8250,49.6400,49.3400,109.00,103.00,False
1789838580.4129,44.50,49.8900,49.6400,49.6400,109.50,103.00,False
1789838580.5033,44.60,49.9550,49.6400,49.6400,109.50,103.00,False
1789838580.6107,44.70,50.0200,49.6400,49.6400,109.50,103.00,False
1789838580.7089,44.80,50.0850,49.8900,49.6400,109.50,103.00,False
1789838580.8053,44.90,50.1500,49.8900,49.6400,109.50,103.00,False
1789838580.9080,45.00,50.2200,49.8900,49.8900,110.00,103.00,False
1789838581.0152,45.10,50.2900,49.8900,49.8900,110.00,103.00,False
1789838581.1045,45.20,50.3600,49.8900,49.8900,110.00,103.00,False
1789838581.2070,45.30,50.4300,50.2200,49.8900,110.00,103.00,False
1789838581.3115,45.40,50.5000,50.2200,49.8900,110.00,103.00,False
1789838581.4233,45.50,50.5700,50.2200,50.2200,110.00,103.00,False
1789838581.5093,45.60,50.6400,50.2200,50.2200,110.00,103.00,False
1789838581.6241,45.70,50.7100,50.5700,50.2200,110.00,103.00,False
1789838581.7060,45.80,50.7800,50.5700,50.2200,110.00,103.00,False
1789838581.8062,45.90,50.8450,50.5700,50.2200,109.50,103.00,False
1789838581.9083,46.00,50.9100,50.5700,50.2200,109.50,103.00,False
1789838582.0092,46.10,50.9750,50.5700,50.5700,109.50,103.00,False
1789838582.1045,46.20,51.0400,50.8400,50.5700,109.50,103.00,False
1789838582.2235,46.30,51.1050,50.8400,50.5700,109.50,103.00,False
1789838582.3030,46.40,51.1650,50.8400,50.5700,109.00,103.00,False
1789838582.4056,46.50,51.2250,50.8400,50.5700,109.00,103.00,False
1789838582.5249,46.60,51.2850,51.1600,50.8400,109.00,103.00,False
1789838582.6052,46.70,51.3450,51.1600,50.8400,109.00,103.00,False
1789838582.7026,46.80,51.4000,51.1600,50.8400,108.50,103.00,False
1789838582.8069,46.90,51.4550,51.1600,50.8400,108.50,103.00,False
1789838582.9024,47.00,51.5100,51.1600,50.8400,108.50,103.00,False
1789838583.0026,47.10,51.5650,51.4000,51.4000,108.50,103.00,False
1789838583.1023,47.20,51.6200,51.4000,51.4000,108.50,103.00,False
1789838583.2061,47.30,51.6750,51.4000,51.4000,108.50,103.00,False
1789838583.3022,47.40,51.7300,51.4000,51.4000,108.50,103.00,False
1789838583.4116,47.50,51.7850,51.6200,51.4000,108.50,103.00,False
1789838583.5293,47.60,51.8400,51.6200,51.6200,108.50,103.00,False
1789838583.6084,47.70,51.8900,51.6200,51.6200,108.00,103.00,False
1789838583.7117,47.80,51.9400,51.6200,51.6200,108.00,103.00,False
1789838583.8272,47.90,51.9900,51.6200,51.6200,108.00,103.00,False
1789838583.9095,48.00,52.0400,51.8900,51.6200,108.00,103.00,False
1789838584.0406,48.10,52.0850,51.8900,51.8900,107.50,103.00,False
1789838584.1082,48.20,52.1300,51.8900,51.8900,107.50,103.00,False
1789838584.2087,48.30,52.1750,51.8900,51.8900,107.50,103.00,False
1789838584.3297,48.40,52.2200,52.1300,51.8900,107.50,103.00,False
1789838584.4161,48.50,52.2650,52.1300,51.8900,107.50,103.00,False
1789838584.5312,48.60,52.3050,52.1300,51.8900,107.00,103.00,False
1789838584.6168,48.70,52.3450,52.1300,52.1300,107.00,103.00,False
1789838584.7133,48.80,52.3850,52.1300,52.1300,107.00,103.00,False
1789838584.8129,48.90,52.4250,52.3000,52.1300,107.00,103.00,False
1789838584.9143,49.00,52.4650,52.3000,52.1300,107.00,103.00,False
1789838585.0133,49.10,52.5000,52.3000,52.1300,106.50,103.00,False
1789838585.1337,49.20,52.5350,52.3000,52.3000,106.50,103.00,False
1789838585.2129,49.30,52.5700,52.3000,52.3000,106.50,103.00,False
1789838585.3103,49.40,52.6050,52.5000,52.3000,106.50,103.00,False
1789838585.4307,49.50,52.6400,52.5000,52.3000,106.50,103.00,False
1789838585.5335,49.60,52.6700,52.5000,52.3000,106.00,103.00,False
1789838585.6277,49.70,52.7000,52.5000,52.5000,106.00,103.00,False
1789838585.7272,49.80,52.7300,52.5000,52.5000,106.00,103.00,False
1789838585.8088,49.90,52.7600,52.6700,52.5000,106.00,103.00,False
1789838585.9308,50.00,52.7900,52.6700,52.5000,106.00,103.00,False
1789838586.0110,50.10,52.8150,52.6700,52.5000,105.50,103.00,False
1789838586.1107,50.20,52.8400,52.6700,52.5000,105.50,103.00,False
1789838586.2220,50.30,52.8650,52.8200,52.6700,105.50,103.00,False
1789838586.3088,50.40,52.8900,52.8200,52.6700,105.50,103.00,False
1789838586.4104,50.50,52.9100,52.8200,52.6700,105.00,103.00,False
1789838586.5108,50.60,52.9300,52.8200,52.6700,105.00,103.00,False
1789838586.6300,50.70,52.9500,52.8200,52.6700,105.00,103.00,False
1789838586.7115,50.80,52.9700,52.9100,52.9100,105.00,103.00,False
1789838586.8109,50.90,52.9900,52.9100,52.9100,105.00,103.00,False
1789838586.9110,51.00,53.0100,52.9100,52.9100,105.00,103.00,False
1789838587.0125,51.10,53.0300,52.9100,52.9100,105.00,103.00,False
1789838587.1120,51.20,53.0500,52.9900,52.9100,105.00,103.00,False
1789838587.2506,51.30,53.0700,52.9900,52.9900,105.00,103.00,False
1789838587.3102,51.40,53.0850,52.9900,52.9900,104.50,103.00,False
1789838587.4135,51.50,53.1000,52.9900,52.9900,104.50,103.00,False
1789838587.5152,51.60,53.1150,52.9900,52.9900,104.50,103.00,False
1789838587.6207,51.70,53.1300,53.0800,52.9900,104.50,103.00,False
1789838587.7532,51.80,53.1450,53.0800,52.9900,104.50,103.00,False
1789838587.8113,51.90,53.1550,53.0800,53.0800,104.00,103.00,False
1789838587.9111,52.00,53.1650,53.0800,53.0800,104.00,103.00,False
1789838588.0307,52.10,53.1750,53.0800,53.0800,104.00,103.00,False
1789838588.1119,52.20,53.1850,53.1600,53.0800,104.00,103.00,False
1789838588.2357,52.30,53.1950,53.1600,53.0800,104.00,103.00,False
1789838588.3144,52.40,53.2000,53.1600,53.1600,103.50,103.00,False
1789838588.4122,52.50,53.2050,53.1600,53.1600,103.50,103.00,False
1789838588.5196,52.60,53.2100,53.2000,53.1600,103.50,103.00,False
1789838588.6134,52.70,53.2150,53.2000,53.1600,103.50,103.00,False
1789838588.6971,52.80,53.2150,53.2000,53.1600,103.00,103.00,False
1789838588.8204,52.90,53.2150,53.2000,53.2000,103.00,103.00,False
1789838588.8996,53.00,53.2150,53.2000,53.2000,103.00,103.00,False
1789838589.0000,53.10,53.2150,53.2200,53.2000,103.00,103.00,False
1789838589.0962,53.20,53.2150,53.2200,53.2000,103.00,103.00,False
1789838589.2155,53.30,53.2100,53.2200,53.2000,102.50,103.00,False
1789838589.3150,53.40,53.2050,53.2200,53.2000,102.50,103.00,False
1789838589.4377,53.50,53.2000,53.2100,53.2200,102.50,103.00,False
1789838589.5139,53.60,53.1950,53.2100,53.2200,102.50,103.00,False
1789838589.6306,53.70,53.1850,53.2100,53.2200,102.00,103.00,False
1789838589.7167,53.80,53.1750,53.2100,53.2200,102.00,103.00,False
1789838589.8203,53.90,53.1650,53.2100,53.2200,102.00,103.00,False
1789838589.9212,54.00,53.1550,53.1800,53.2100,102.00,103.00,False
1789838590.0164,54.10,53.1450,53.1800,53.2100,102.00,103.00,False
1789838590.1105,54.20,53.1350,53.1800,53.2100,102.00,103.00,False
1789838590.2129,54.30,53.1250,53.1800,53.2100,102.00,103.00,False
1789838590.3294,54.40,53.1150,53.1400,53.2100,102.00,103.00,False
1789838590.4515,54.50,53.1050,53.1400,53.1400,102.00,103.00,False
1789838590.5110,54.60,53.0900,53.1400,53.1400,101.50,103.00,False
1789838590.6129,54.70,53.0750,53.1400,53.1400,101.50,103.00,False
1789838590.7285,54.80,53.0600,53.1400,53.1400,101.50,103.00,False
1789838590.8139,54.90,53.0450,53.0900,53.1400,101.50,103.00,False
1789838590.9329,55.00,53.0250,53.0900,53.0900,101.00,103.00,False
1789838591.0175,55.10,53.0050,53.0900,53.0900,101.00,103.00,False
1789838591.1150,55.20,52.9850,53.0900,53.0900,101.00,103.00,False
1789838591.2130,55.30,52.9650,53.0200,53.0900,101.00,103.00,False
1789838591.3322,55.40,52.9450,53.0200,53.0900,101.00,103.00,False
1789838591.4300,55.50,52.9200,53.0200,53.0200,100.50,103.00,False
1789838591.5137,55.60,52.8950,53.0200,53.0200,100.50,103.00,False
1789838591.6317,55.70,52.8700,52.9200,53.0200,100.50,103.00,False
1789838591.7141,55.80,52.8450,52.9200,53.0200,100.50,103.00,False
1789838591.8133,55.90,52.8150,52.9200,53.0200,100.00,103.00,False
1789838591.9339,56.00,52.7850,52.9200,53.0200,100.00,103.00,False
1789838592.0202,56.10,52.7550,52.9200,52.9200,100.00,103.00,False
1789838592.1183,56.20,52.7250,52.8200,52.9200,100.00,103.00,False
1789838592.2339,56.30,52.6950,52.8200,52.9200,100.00,103.00,False
1789838592.3184,56.40,52.6600,52.8200,52.9200,99.50,103.00,False
1789838592.4181,56.50,52.6250,52.8200,52.9200,99.50,103.00,False
1789838592.5413,56.60,52.5900,52.6600,52.8200,99.50,103.00,False
1789838592.6170,56.70,52.5550,52.6600,52.8200,99.50,103.00,False
1789838592.7188,56.80,52.5150,52.6600,52.8200,99.00,103.00,False
1789838592.8188,56.90,52.4750,52.6600,52.8200,99.00,103.00,False
1789838592.9204,57.00,52.4350,52.6600,52.8200,99.00,103.00,False
1789838593.0277,57.10,52.3950,52.5200,52.5200,99.00,103.00,False
1789838593.1199,57.20,52.3550,52.5200,52.5200,99.00,103.00,False
1789838593.2163,57.30,52.3150,52.5200,52.5200,99.00,103.00,False
1789838593.3192,57.40,52.2750,52.5200,52.5200,99.00,103.00,False
1789838593.4398,57.50,52.2350,52.3200,52.5200,99.00,103.00,False
1789838593.5383,57.60,52.1950,52.3200,52.3200,99.00,103.00,False
1789838593.6200,57.70,52.1500,52.3200,52.3200,98.50,103.00,False
1789838593.7169,57.80,52.1050,52.3200,52.3200,98.50,103.00,False
1789838593.8176,57.90,52.0600,52.3200,52.3200,98.50,103.00,False
1789838593.9224,58.00,52.0150,52.1500,52.3200,98.50,103.00,False
1789838594.0383,58.10,51.9700,52.1500,52.3200,98.50,103.00,False
1789838594.1229,58.20,51.9200,52.1500,52.1500,98.00,103.00,False
1789838594.2232,58.30,51.8700,52.1500,52.1500,98.00,103.00,False
1789838594.3202,58.40,51.8200,52.1500,52.1500,98.00,103.00,False
1789838594.4209,58.50,51.7700,51.9200,52.1500,98.00,103.00,False
1789838594.5417,58.60,51.7200,51.9200,52.1500,98.00,103.00,False
1789838594.6216,58.70,51.6650,51.9200,51.9200,97.50,103.00,False
1789838594.7231,58.80,51.6100,51.9200,51.9200,97.50,103.00,False
1789838594.8184,58.90,51.5550,51.9200,51.9200,97.50,103.00,False
1789838594.9220,59.00,51.5000,51.6600,51.9200,97.50,103.00,False
1789838595.0416,59.10,51.4450,51.6600,51.9200,97.50,103.00,False
1789838595.1540,59.20,51.3850,51.6600,51.6600,97.00,103.00,False
1789838595.2239,59.30,51.3250,51.6600,51.6600,97.00,103.00,False
1789838595.3391,59.40,51.2650,51.3800,51.6600,97.00,103.00,False
1789838595.4196,59.50,51.2050,51.3800,51.6600,97.00,103.00,False
1789838595.5387,59.60,51.1400,51.3800,51.6600,96.50,103.00,False
1789838595.6202,59.70,51.0750,51.3800,51.6600,96.50,103.00,False
1789838595.7252,59.80,51.0100,51.3800,51.3800,96.50,103.00,True
1789838595.8221,59.90,50.9450,51.1400,51.3800,96.50,103.00,True
1789838595.9211,60.00,50.8800,51.1400,51.3800,96.50,103.00,True
1789838596.0213,60.10,50.8100,51.1400,51.3800,96.00,103.00,True
1789838596.1228,60.20,50.7400,51.1400,51.3800,96.00,103.00,True
1789838596.2633,60.30,50.6700,50.8100,48.5000,96.00,103.00,True
1789838596.3227,60.40,50.6000,50.8100,48.5000,96.00,103.00,True
1789838596.4421,60.50,50.5300,50.8100,48.5000,96.00,103.00,True
1789838596.5207,60.60,50.4650,50.8100,48.5000,96.50,103.00,True
1789838596.6256,60.70,50.4000,50.8100,48.5000,96.50,103.00,True
1789838596.7503,60.80,50.3350,50.4600,48.5000,96.50,103.00,True
1789838596.8274,60.90,50.2700,50.4600,50.4600,96.50,103.00,True
1789838596.9236,61.00,50.2050,50.4600,50.4600,96.50,103.00,True
1789838597.0231,61.10,50.1400,50.4600,50.4600,96.50,103.00,True
1789838597.1389,61.20,50.0750,50.4600,50.4600,96.50,103.00,True
1789838597.2280,61.30,50.0100,50.2000,50.4600,96.50,103.00,True
1789838597.3423,61.40,49.9450,50.2000,48.5000,96.50,103.00,True
1789838597.4253,61.50,49.8750,50.2000,48.5000,96.00,103.00,True
1789838597.5228,61.60,49.8050,50.2000,48.5000,96.00,103.00,True
1789838597.6447,61.70,49.7350,49.8800,48.5000,96.00,103.00,True
1789838597.7265,61.80,49.6650,49.8800,48.5000,96.00,103.00,True
1789838597.8343,61.90,49.6000,49.8800,48.5000,96.50,103.00,True
1789838597.9244,62.00,49.5350,49.8800,48.5000,96.50,103.00,True
1789838598.0232,62.10,49.4700,49.8800,48.5000,96.50,103.00,True
1789838598.1201,62.20,49.4050,49.6000,48.5000,96.50,103.00,True
1789838598.2400,62.30,49.3400,49.6000,48.5000,96.50,103.00,True
1789838598.3226,62.40,49.2800,49.6000,48.5000,97.00,103.00,True
1789838598.4230,62.50,49.2200,49.6000,48.5000,97.00,103.00,True
1789838598.5403,62.60,49.1600,49.2800,48.5000,97.00,103.00,True
1789838598.6224,62.70,49.1000,49.2800,48.5000,97.00,103.00,True
1789838598.7293,62.80,49.0450,49.2800,48.5000,97.50,103.00,True
1789838598.8240,62.90,48.9900,49.2800,48.5000,97.50,103.00,True
1789838598.9234,63.00,48.9350,49.2800,48.5000,97.50,103.00,True
1789838599.0238,63.10,48.8800,49.0400,48.5000,97.50,103.00,True
1789838599.1409,63.20,48.8250,49.0400,48.5000,97.50,103.00,True
1789838599.2229,63.30,48.7750,49.0400,48.5000,98.00,103.00,True
1789838599.3236,63.40,48.7250,49.0400,48.5000,98.00,103.00,True
1789838599.4458,63.50,48.6750,48.7800,48.5000,98.00,103.00,True
1789838599.5229,63.60,48.6250,48.7800,48.5000,98.00,103.00,True
1789838599.6208,63.70,48.5800,48.7800,48.5000,98.50,103.00,True
1789838599.7250,63.80,48.5350,48.7800,48.5000,98.50,103.00,True
1789838599.8453,63.90,48.4900,48.7800,48.5000,98.50,103.00,True
1789838599.9250,64.00,48.4450,48.5800,48.5000,98.50,103.00,True
1789838600.0241,64.10,48.4000,48.5800,48.5000,98.50,103.00,True
1789838600.1238,64.20,48.3550,48.5800,48.5000,98.50,103.00,True
1789838600.2253,64.30,48.3100,48.5800,48.5000,98.50,103.00,True
1789838600.3231,64.40,48.2650,48.4000,48.5000,98.50,103.00,True
1789838600.4404,64.50,48.2200,48.4000,48.5000,98.50,103.00,True
1789838600.5243,64.60,48.1800,48.4000,48.5000,99.00,103.00,True
1789838600.6254,64.70,48.1400,48.4000,48.5000,99.00,103.00,True
1789838600.7484,64.80,48.1000,48.1800,48.5000,99.00,103.00,True
1789838600.8280,64.90,48.0600,48.1800,48.5000,99.00,103.00,True
1789838600.9484,65.00,48.0250,48.1800,48.5000,99.50,103.00,True
1789838601.0281,65.10,47.9900,48.1800,48.5000,99.50,103.00,True
1789838601.1264,65.20,47.9550,48.1800,48.5000,99.50,103.00,True
1789838601.2290,65.30,47.9200,48.0200,48.5000,99.50,103.00,True
1789838601.3308,65.40,47.8850,48.0200,48.5000,99.50,103.00,True
1789838601.4292,65.50,47.8550,48.0200,48.5000,100.00,103.00,True
1789838601.5294,65.60,47.8250,48.0200,48.5000,100.00,103.00,True
1789838601.6442,65.70,47.7950,48.0200,48.5000,100.00,103.00,True
1789838601.7268,65.80,47.7650,47.8600,48.5000,100.00,103.00,True
1789838601.8486,65.90,47.7400,47.8600,48.5000,100.50,103.00,True
1789838601.9276,66.00,47.7150,47.8600,48.5000,100.50,103.00,True
1789838602.0293,66.10,47.6900,47.8600,48.5000,100.50,103.00,True
1789838602.1516,66.20,47.6650,47.7200,48.5000,100.50,103.00,True
1789838602.2283,66.30,47.6400,47.7200,48.5000,100.50,103.00,True
1789838602.3285,66.40,47.6200,47.7200,48.5000,101.00,103.00,True
1789838602.4289,66.50,47.6000,47.7200,48.5000,101.00,103.00,True
1789838602.5297,66.60,47.5800,47.7200,48.5000,101.00,103.00,True
1789838602.6410,66.70,47.5600,47.6200,48.5000,101.00,103.00,True
1789838602.7466,66.80,47.5400,47.6200,48.5000,101.00,103.00,True
1789838602.8261,66.90,47.5250,47.6200,48.5000,101.50,103.00,True
1789838602.9355,67.00,47.5100,47.6200,48.5000,101.50,103.00,True
1789838603.0545,67.10,47.4950,47.5200,48.5000,101.50,103.00,True
1789838603.1283,67.20,47.4800,47.5200,48.5000,101.50,103.00,True
1789838603.2471,67.30,47.4700,47.5200,48.5000,102.00,103.00,True
1789838603.3284,67.40,47.4600,47.5200,48.5000,102.00,103.00,True
1789838603.4305,67.50,47.4500,47.5200,48.5000,102.00,103.00,True
1789838603.5374,67.60,47.4400,47.4600,48.5000,102.00,103.00,True
1789838603.6291,67.70,47.4300,47.4600,48.5000,102.00,103.00,True
1789838603.7294,67.80,47.4250,47.4600,48.5000,102.50,103.00,True
1789838603.8322,67.90,47.4200,47.4600,48.5000,102.50,103.00,True
1789838603.9663,68.00,47.4150,47.4600,48.5000,102.50,103.00,True
1789838604.0357,68.10,47.4100,47.4200,48.5000,102.50,103.00,True
1789838604.1297,68.20,47.4050,47.4200,48.5000,102.50,103.00,True
1789838604.2311,68.30,47.4000,47.4200,48.5000,102.50,103.00,True
1789838604.3317,68.40,47.3950,47.4200,48.5000,102.50,103.00,True
1789838604.4346,68.50,47.3900,47.4000,48.5000,102.50,103.00,True
1789838604.5508,68.60,47.3850,47.4000,48.5000,102.50,103.00,True
1789838604.6122,68.70,47.3850,47.4000,48.5000,103.00,103.00,True
1789838604.7136,68.80,47.3850,47.4000,48.5000,103.00,103.00,True
1789838604.8434,68.90,47.3850,47.4000,48.5000,103.00,103.00,True
1789838604.9153,69.00,47.3850,47.3800,48.5000,103.00,103.00,True
1789838605.0541,69.10,47.3900,47.3800,48.5000,103.50,103.00,True
1789838605.1300,69.20,47.3950,47.3800,48.5000,103.50,103.00,True
1789838605.2334,69.30,47.4000,47.3800,48.5000,103.50,103.00,True
1789838605.3554,69.40,47.4050,47.4000,48.5000,103.50,103.00,True
1789838605.4343,69.50,47.4100,47.4000,48.5000,103.50,103.00,True
1789838605.5304,69.60,47.4200,47.4000,48.5000,104.00,103.00,True
1789838605.6331,69.70,47.4300,47.4000,48.5000,104.00,103.00,True
1789838605.7279,69.80,47.4400,47.4000,48.5000,104.00,103.00,True
1789838605.8312,69.90,47.4500,47.4200,48.5000,104.00,103.00,True
1789838605.9535,70.00,47.4600,47.4200,48.5000,104.00,103.00,True
1789838606.0301,70.10,47.4750,47.4200,48.5000,104.50,103.00,True
1789838606.1356,70.20,47.4900,47.4200,48.5000,104.50,103.00,True
1789838606.2477,70.30,47.5050,47.4200,48.5000,104.50,103.00,True
1789838606.3330,70.40,47.5200,47.4800,48.5000,104.50,103.00,True
1789838606.4492,70.50,47.5350,47.4800,48.5000,104.50,103.00,True
1789838606.5312,70.60,47.5550,47.4800,48.5000,105.00,103.00,True
1789838606.6329,70.70,47.5750,47.4800,48.5000,105.00,103.00,True
1789838606.7309,70.80,47.5950,47.5600,48.5000,105.00,103.00,True
1789838606.8305,70.90,47.6150,47.5600,48.5000,105.00,103.00,True
1789838606.9324,71.00,47.6400,47.5600,48.5000,105.50,103.00,True
1789838607.0329,71.10,47.6650,47.5600,48.5000,105.50,103.00,True
1789838607.1517,71.20,47.6900,47.5600,48.5000,105.50,103.00,True
1789838607.2306,71.30,47.7150,47.6400,48.5000,105.50,103.00,True
1789838607.3501,71.40,47.7400,47.6400,48.5000,105.50,103.00,True
1789838607.4319,71.50,47.7700,47.6400,48.5000,106.00,103.00,True
1789838607.5362,71.60,47.8000,47.6400,48.5000,106.00,103.00,True
1789838607.6332,71.70,47.8300,47.6400,48.5000,106.00,103.00,True
1789838608.2988,71.80,47.8600,47.7700,48.5000,106.00,103.00,True
1789838608.4144,71.90,47.8900,47.7700,48.5000,106.00,103.00,True
1789838608.4985,72.00,47.9250,47.7700,48.5000,106.50,103.00,True
1789838608.5988,72.10,47.9600,47.7700,48.5000,106.50,103.00,True
1789838608.7183,72.20,47.9950,47.9200,48.5000,106.50,103.00,True
1789838608.7990,72.30,48.0300,47.9200,48.5000,106.50,103.00,True
1789838608.8956,72.40,48.0700,47.9200,48.5000,107.00,103.00,True
1789838609.0029,72.50,48.1100,47.9200,48.5000,107.00,103.00,True
1789838609.1000,72.60,48.1500,47.9200,48.5000,107.00,103.00,True
1789838609.2002,72.70,48.1900,48.0700,48.5000,107.00,103.00,True
1789838609.3169,72.80,48.2300,48.0700,48.5000,107.00,103.00,True
1789838609.3984,72.90,48.2750,48.0700,48.5000,107.50,103.00,True
1789838609.5002,73.00,48.3200,48.0700,48.5000,107.50,103.00,True
1789838609.6405,73.10,48.3650,48.2800,48.5000,107.50,103.00,True
1789838609.6996,73.20,48.4100,48.2800,48.2800,107.50,103.00,True
1789838609.8011,73.30,48.4550,48.2800,48.2800,107.50,103.00,True
1789838609.8986,73.40,48.5000,48.2800,48.2800,107.50,103.00,True
1789838610.0028,73.50,48.5450,48.2800,48.2800,107.50,103.00,True
1789838610.1013,73.60,48.5900,48.4600,48.2800,107.50,103.00,True
1789838610.2207,73.70,48.6350,48.4600,48.5000,107.50,103.00,True
1789838610.3009,73.80,48.6850,48.4600,48.5000,108.00,103.00,True
1789838610.4027,73.90,48.7350,48.4600,48.5000,108.00,103.00,True
1789838610.5175,74.00,48.7850,48.4600,48.5000,108.00,103.00,True
1789838610.6033,74.10,48.8350,48.6800,48.5000,108.00,103.00,True
1789838610.7211,74.20,48.8900,48.6800,48.5000,108.50,103.00,True
1789838610.8027,74.30,48.9450,48.6800,48.5000,108.50,103.00,True
1789838610.9022,74.40,49.0000,48.6800,48.5000,108.50,103.00,True
1789838611.0193,74.50,49.0550,48.9400,48.5000,108.50,103.00,True
1789838611.1049,74.60,49.1100,48.9400,48.5000,108.50,103.00,True
1789838611.2016,74.70,49.1700,48.9400,48.5000,109.00,103.00,True
1789838611.3034,74.80,49.2300,48.9400,48.5000,109.00,103.00,True
1789838611.4016,74.90,49.2900,48.9400,48.5000,109.00,103.00,True
1789838611.5021,75.00,49.3500,49.1700,48.5000,109.00,103.00,True
1789838611.6221,75.10,49.4100,49.1700,48.5000,109.00,103.00,True
1789838611.7022,75.20,49.4750,49.1700,48.5000,109.50,103.00,True
1789838611.8051,75.30,49.5400,49.1700,48.5000,109.50,103.00,True
1789838611.9268,75.40,49.6050,49.4800,48.5000,109.50,103.00,True
1789838612.0081,75.50,49.6700,49.4800,48.5000,109.50,103.00,True
1789838612.1271,75.60,49.7400,49.4800,48.5000,110.00,103.00,True
1789838612.2028,75.70,49.8100,49.4800,48.5000,110.00,103.00,True
1789838612.3057,75.80,49.8800,49.4800,48.5000,110.00,103.00,True
1789838612.4240,75.90,49.9500,49.8100,48.5000,110.00,103.00,True
1789838612.5058,76.00,50.0200,49.8100,48.5000,110.00,103.00,True
1789838612.6062,76.10,50.0950,49.8100,48.5000,110.50,103.00,True
1789838612.7113,76.20,50.1700,49.8100,48.5000,110.50,103.00,True
1789838612.8070,76.30,50.2450,49.8100,48.5000,110.50,103.00,True
1789838612.9039,76.40,50.3200,50.1000,48.5000,110.50,103.00,True
1789838613.0061,76.50,50.3950,50.1000,48.5000,110.50,103.00,True
1789838613.1005,76.60,50.4750,50.1000,48.5000,111.00,103.00,True
1789838613.2066,76.70,50.5550,50.1000,48.5000,111.00,103.00,True
1789838613.3233,76.80,50.6350,50.1000,48.5000,111.00,103.00,True
1789838613.4070,76.90,50.7150,50.4800,48.5000,111.00,103.00,True
1789838613.5214,77.00,50.7950,50.4800,48.5000,111.00,103.00,True
1789838613.6041,77.10,50.8800,50.4800,48.5000,111.50,103.00,True
1789838613.7065,77.20,50.9650,50.4800,48.5000,111.50,103.00,True
1789838613.8290,77.30,51.0500,50.8800,48.5000,111.50,103.00,True
1789838613.9068,77.40,51.1350,50.8800,48.5000,111.50,103.00,True
1789838614.0104,77.50,51.2250,50.8800,48.5000,112.00,103.00,True
1789838614.1051,77.60,51.3150,50.8800,48.5000,112.00,103.00,True
1789838614.2053,77.70,51.4050,50.8800,48.5000,112.00,103.00,True
1789838614.3063,77.80,51.4950,51.2200,48.5000,112.00,103.00,True
1789838614.4068,77.90,51.5850,51.2200,48.5000,112.00,103.00,True
1789838614.5024,78.00,51.6750,51.2200,48.5000,112.00,103.00,True
1789838614.6070,78.10,51.7650,51.2200,48.5000,112.00,103.00,True
1789838614.7227,78.20,51.8550,51.6800,48.5000,112.00,103.00,True
1789838614.8093,78.30,51.9450,51.6800,48.5000,112.00,103.00,True
1789838614.9035,78.40,52.0400,51.6800,48.5000,112.50,103.00,True
1789838615.0006,78.50,52.1350,51.6800,48.5000,112.50,103.00,True
1789838615.1031,78.60,52.2300,51.6800,48.5000,112.50,103.00,True
1789838615.2061,78.70,52.3250,52.0400,48.5000,112.50,103.00,True
1789838615.3332,78.80,52.4250,52.0400,48.5000,113.00,103.00,True
1789838615.4048,78.90,52.5250,52.0400,48.5000,113.00,103.00,True
1789838615.5027,79.00,52.6250,52.0400,48.5000,113.00,103.00,True
1789838615.6037,79.10,52.7250,52.4200,48.5000,113.00,103.00,True
1789838615.7198,79.20,52.8250,52.4200,48.5000,113.00,103.00,True
1789838615.8064,79.30,52.9300,52.4200,48.5000,113.50,103.00,True
1789838615.9026,79.40,53.0350,52.4200,48.5000,113.50,103.00,True
1789838616.0205,79.50,53.1400,52.9300,48.5000,113.50,103.00,True
1789838616.1062,79.60,53.2450,52.9300,48.5000,113.50,103.00,True
1789838616.2024,79.70,53.3550,52.9300,48.5000,114.00,103.00,True
1789838616.3104,79.80,53.4650,52.9300,48.5000,114.00,103.00,True
1789838616.4214,79.90,53.5750,52.9300,48.5000,114.00,103.00,True
1789838616.5031,80.00,53.6850,53.3600,48.5000,114.00,103.00,True
1789838616.6249,80.10,53.8000,53.3600,48.5000,114.50,103.00,True
1789838616.7005,80.20,53.9150,53.3600,48.5000,114.50,103.00,True
1789838616.8082,80.30,54.0300,53.3600,48.5000,114.50,103.00,True
1789838616.9078,80.40,54.1450,53.9200,48.5000,114.50,103.00,True
1789838617.0032,80.50,54.2600,53.9200,48.5000,114.50,103.00,True
1789838617.1010,80.60,54.3800,53.9200,48.5000,115.00,103.00,True
1789838617.2087,80.70,54.5000,53.9200,48.5000,115.00,103.00,True
1789838617.3097,80.80,54.6200,53.9200,48.5000,115.00,103.00,True
1789838617.4166,80.90,54.7400,54.3800,48.5000,115.00,103.00,True
1789838617.5286,81.00,54.8600,54.3800,48.5000,115.00,103.00,True
1789838617.6078,81.10,54.9850,54.3800,48.5000,115.50,103.00,True
1789838617.7102,81.20,55.1100,54.3800,48.5000,115.50,103.00,True
1789838617.8282,81.30,55.2350,54.3800,48.5000,115.50,103.00,True
1789838617.9108,81.40,55.3600,54.9800,48.5000,115.50,103.00,True
1789838618.0250,81.50,55.4850,54.9800,48.5000,115.50,103.00,True
1789838618.1085,81.60,55.6150,54.9800,48.5000,116.00,103.00,True
1789838618.2158,81.70,55.7450,54.9800,48.5000,116.00,103.00,True
1789838618.3357,81.80,55.8750,55.6200,48.5000,116.00,103.00,True
1789838618.4104,81.90,56.0050,55.6200,48.5000,116.00,103.00,True
1789838618.5072,82.00,56.1350,55.6200,48.5000,116.00,103.00,True
1789838618.6091,82.10,56.2650,55.6200,48.5000,116.00,103.00,True
1789838618.7114,82.20,56.3950,55.6200,48.5000,116.00,103.00,True
1789838618.8124,82.30,56.5250,56.1400,48.5000,116.00,103.00,True
1789838618.9288,82.40,56.6550,56.1400,48.5000,116.00,103.00,True
1789838619.0119,82.50,56.7900,56.1400,48.5000,116.50,103.00,True
1789838619.1093,82.60,56.9250,56.1400,48.5000,116.50,103.00,True
1789838619.2292,82.70,57.0600,56.1400,48.5000,116.50,103.00,True
1789838619.3142,82.80,57.1950,56.7900,48.5000,116.50,103.00,True
1789838619.4301,82.90,57.3300,56.7900,48.5000,116.50,103.00,True
1789838619.5102,83.00,57.4700,56.7900,48.5000,117.00,103.00,True
1789838619.6096,83.10,57.6100,56.7900,48.5000,117.00,103.00,True
1789838619.7335,83.20,57.7500,57.4700,48.5000,117.00,103.00,True
1789838619.8120,83.30,57.8900,57.4700,48.5000,117.00,103.00,True
1789838619.9090,83.40,58.0350,57.4700,48.5000,117.50,103.00,True
1789838620.0171,83.50,58.1800,57.4700,48.5000,117.50,103.00,True
1789838620.1165,83.60,58.3250,57.4700,48.5000,117.50,103.00,True
1789838620.2165,83.70,58.4700,58.0400,48.5000,117.50,103.00,True
1789838620.3123,83.80,58.6150,58.0400,48.5000,117.50,103.00,True
1789838620.4114,83.90,58.7650,58.0400,48.5000,118.00,103.00,True
1789838620.5120,84.00,58.9150,58.0400,48.5000,118.00,103.00,True
1789838620.6300,84.10,59.0650,58.0400,48.5000,118.00,103.00,True
1789838620.7153,84.20,59.2150,58.7600,48.5000,118.00,103.00,True
1789838620.8323,84.30,59.3650,58.7600,48.5000,118.00,103.00,True
1789838620.9136,84.40,59.5200,58.7600,48.5000,118.50,103.00,True
1789838621.0137,84.50,59.6750,58.7600,48.5000,118.50,103.00,True
1789838621.1207,84.60,59.8300,59.5200,48.5000,118.50,103.00,True
1789838621.2143,84.70,59.9850,59.5200,48.5000,118.50,103.00,True
1789838621.3128,84.80,60.1450,59.5200,48.5000,119.00,103.00,True
1789838621.4126,84.90,60.3050,59.5200,48.5000,119.00,103.00,True
1789838621.5162,85.00,60.4650,59.5200,48.5000,119.00,103.00,True
1789838621.6137,85.10,60.6250,60.1400,48.5000,119.00,103.00,True
1789838621.7284,85.20,60.7850,60.1400,48.5000,119.00,103.00,True
1789838621.8139,85.30,60.9500,60.1400,48.5000,119.50,103.00,True
1789838621.9134,85.40,61.1150,60.1400,48.5000,119.50,103.00,True
1789838622.0369,85.50,61.2800,60.9500,48.5000,119.50,103.00,True
1789838622.1153,85.60,61.4450,60.9500,48.5000,119.50,103.00,True
1789838622.2130,85.70,61.6150,60.9500,48.5000,120.00,103.00,True
1789838622.3117,85.80,61.7850,60.9500,48.5000,120.00,103.00,True
1789838622.4117,85.90,61.9550,60.9500,48.5000,120.00,103.00,True
1789838622.5132,86.00,62.1250,61.6200,48.5000,120.00,103.00,True
1789838622.6140,86.10,62.2950,61.6200,48.5000,120.00,103.00,True
1789838622.7112,86.20,62.4650,61.6200,48.5000,120.00,103.00,True
1789838622.8117,86.30,62.6350,61.6200,48.5000,120.00,103.00,True
1789838622.9147,86.40,62.8050,62.3000,48.5000,120.00,103.00,True
1789838623.0323,86.50,62.9750,62.3000,48.5000,120.00,103.00,True
1789838623.1124,86.60,63.1500,62.3000,48.5000,120.50,103.00,True
1789838623.2100,86.70,63.3250,62.3000,48.5000,120.50,103.00,True
1789838623.3295,86.80,63.5000,62.3000,48.5000,120.50,103.00,True
1789838623.4137,86.90,63.6750,63.1500,48.5000,120.50,103.00,True
1789838623.5223,87.00,63.8550,63.1500,48.5000,121.00,103.00,True
1789838623.6172,87.10,64.0350,63.1500,48.5000,121.00,103.00,True
1789838623.7143,87.20,64.2150,63.1500,48.5000,121.00,103.00,True
1789838623.8139,87.30,64.3950,63.8600,48.5000,121.00,103.00,True
1789838623.9138,87.40,64.5750,63.8600,48.5000,121.00,103.00,True
1789838624.0107,87.50,64.7600,63.8600,48.5000,121.50,103.00,True
1789838624.1176,87.60,64.9450,63.8600,48.5000,121.50,103.00,True
1789838624.2293,87.70,65.1300,63.8600,48.5000,121.50,103.00,True
1789838624.3153,87.80,65.3150,64.7600,48.5000,121.50,103.00,True
1789838624.4390,87.90,65.5000,64.7600,48.5000,121.50,103.00,True
1789838624.5164,88.00,65.6900,64.7600,48.5000,122.00,103.00,True
1789838624.6153,88.10,65.8800,64.7600,48.5000,122.00,103.00,True
1789838624.7299,88.20,66.0700,65.6900,48.5000,122.00,103.00,True
1789838624.8122,88.30,66.2600,65.6900,48.5000,122.00,103.00,True
1789838624.9106,88.40,66.4550,65.6900,48.5000,122.50,103.00,True
1789838625.0159,88.50,66.6500,65.6900,48.5000,122.50,103.00,True
1789838625.1353,88.60,66.8450,65.6900,48.5000,122.50,103.00,True
1789838625.2139,88.70,67.0400,66.4600,48.5000,122.50,103.00,True
1789838625.3298,88.80,67.2350,66.4600,48.5000,122.50,103.00,True
1789838625.4137,88.90,67.4350,66.4600,48.5000,123.00,103.00,True
1789838625.5158,89.00,67.6350,66.4600,48.5000,123.00,103.00,True
1789838625.6177,89.10,67.8350,67.4400,48.5000,123.00,103.00,True
1789838625.7131,89.20,68.0350,67.4400,48.5000,123.00,103.00,True
1789838625.8118,89.30,68.2400,67.4400,48.5000,123.50,103.00,True
1789838625.9160,89.40,68.4450,67.4400,48.5000,123.50,103.00,True
1789838626.0332,89.50,68.6500,67.4400,48.5000,123.50,103.00,True
1789838626.1165,89.60,68.8550,68.2400,68.2400,123.50,103.00,True
1789838626.2124,89.70,69.0600,68.2400,68.2400,123.50,103.00,True
1789838626.3160,89.80,69.2650,68.2400,68.2400,123.50,103.00,True
1789838626.4179,89.90,69.4700,68.2400,68.2400,123.50,103.00,True
1789838626.5145,90.00,69.6750,69.0600,68.2400,123.50,103.00,True
1789838626.6328,90.10,69.8800,69.0600,48.5000,123.50,103.00,True
1789838626.7130,90.20,70.0800,69.0600,48.5000,123.00,103.00,True
1789838626.8141,90.30,70.2800,69.0600,48.5000,123.00,103.00,True
1789838626.9326,90.40,70.4800,69.0600,48.5000,123.00,103.00,True
1789838627.0226,90.50,70.6800,70.0800,48.5000,123.00,103.00,True
1789838627.1364,90.60,70.8800,70.0800,48.5000,123.00,103.00,True
1789838627.2169,90.70,71.0850,70.0800,48.5000,123.50,103.00,True
1789838627.3190,90.80,71.2900,70.0800,48.5000,123.50,103.00,True
1789838627.4389,90.90,71.4950,71.0800,48.5000,123.50,103.00,True
1789838627.5201,91.00,71.7000,71.0800,48.5000,123.50,103.00,True
1789838627.6158,91.10,71.9100,71.0800,48.5000,124.00,103.00,True
1789838627.7241,91.20,72.1200,71.0800,48.5000,124.00,103.00,True
1789838627.8192,91.30,72.3300,71.0800,48.5000,124.00,103.00,True
1789838627.9174,91.40,72.5400,71.9100,48.5000,124.00,103.00,True
1789838628.0200,91.50,72.7500,71.9100,48.5000,124.00,103.00,True
1789838628.1163,91.60,72.9650,71.9100,48.5000,124.50,103.00,True
1789838628.2200,91.70,73.1800,71.9100,48.5000,124.50,103.00,True
1789838628.3154,91.80,73.3950,71.9100,48.5000,124.50,103.00,True
1789838628.4163,91.90,73.6100,72.9600,48.5000,124.50,103.00,True
1789838628.5401,92.00,73.8250,72.9600,48.5000,124.50,103.00,True
1789838628.6166,92.10,74.0450,72.9600,48.5000,125.00,103.00,True
1789838628.7218,92.20,74.2650,72.9600,48.5000,125.00,103.00,True
1789838628.8382,92.30,74.4850,74.0400,48.5000,125.00,103.00,True
1789838628.9163,92.40,74.7050,74.0400,48.5000,125.00,103.00,True
1789838629.0268,92.50,74.9300,74.0400,48.5000,125.50,103.00,True
1789838629.1208,92.60,75.1550,74.0400,48.5000,125.50,103.00,True
1789838629.2191,92.70,75.3800,74.0400,48.5000,125.50,103.00,True
1789838629.3190,92.80,75.6050,74.9300,48.5000,125.50,103.00,True
1789838629.4207,92.90,75.8300,74.9300,48.5000,125.50,103.00,True
1789838629.5181,93.00,76.0600,74.9300,48.5000,126.00,103.00,True
1789838629.6206,93.10,76.2900,74.9300,48.5000,126.00,103.00,True
1789838629.7394,93.20,76.5200,74.9300,48.5000,126.00,103.00,True
1789838629.8242,93.30,76.7500,76.0600,48.5000,126.00,103.00,True
1789838629.9373,93.40,76.9800,76.0600,48.5000,126.00,103.00,True
1789838630.0195,93.50,77.2150,76.0600,48.5000,126.50,103.00,True
1789838630.1239,93.60,77.4500,76.0600,48.5000,126.50,103.00,True
1789838630.2203,93.70,77.6850,76.0600,48.5000,126.50,103.00,True
1789838630.3219,93.80,77.9200,77.2200,48.5000,126.50,103.00,True
1789838630.4364,93.90,78.1550,77.2200,48.5000,126.50,103.00,True
1789838630.5243,94.00,78.3950,77.2200,48.5000,127.00,103.00,True
1789838630.6234,94.10,78.6350,77.2200,48.5000,127.00,103.00,True
1789838630.7422,94.20,78.8750,78.4000,48.5000,127.00,103.00,True
1789838630.8215,94.30,79.1150,78.4000,48.5000,127.00,103.00,True
1789838630.9188,94.40,79.3600,78.4000,48.5000,127.50,103.00,True
1789838631.0231,94.50,79.6050,78.4000,48.5000,127.50,103.00,True
1789838631.1247,94.60,79.8500,78.4000,48.5000,127.50,103.00,True
1789838631.2268,94.70,80.0950,79.3600,48.5000,127.50,103.00,True
1789838631.3183,94.80,80.3400,79.3600,48.5000,127.50,103.00,True
1789838631.4190,94.90,80.5850,79.3600,48.5000,127.50,103.00,True
1789838631.5226,95.00,80.8300,79.3600,48.5000,127.50,103.00,True
1789838631.6490,95.10,81.0750,80.5800,48.5000,127.50,103.00,True
1789838631.7234,95.20,81.3200,80.5800,48.5000,127.50,103.00,True
1789838631.8222,95.30,81.5700,80.5800,48.5000,128.00,103.00,True
1789838631.9220,95.40,81.8200,80.5800,48.5000,128.00,103.00,True
1789838632.0203,95.50,82.0700,80.5800,48.5000,128.00,103.00,True
1789838632.1239,95.60,82.3200,81.5700,48.5000,128.00,103.00,True
1789838632.2463,95.70,82.5700,81.5700,48.5000,128.00,103.00,True
1789838632.3229,95.80,82.8250,81.5700,48.5000,128.50,103.00,True
1789838632.4229,95.90,83.0800,81.5700,48.5000,128.50,103.00,True
1789838632.5220,96.00,83.3350,81.5700,48.5000,128.50,103.00,True
1789838632.6278,96.10,83.5900,82.8200,48.5000,128.50,103.00,True
1789838632.7395,96.20,83.8450,82.8200,48.5000,128.50,103.00,True
1789838632.8215,96.30,84.1050,82.8200,48.5000,129.00,103.00,True
1789838632.9222,96.40,84.3650,82.8200,48.5000,129.00,103.00,True
1789838633.0384,96.50,84.6250,84.1000,48.5000,129.00,103.00,True
1789838633.1247,96.60,84.8850,84.1000,48.5000,129.00,103.00,True
1789838633.2261,96.70,85.1500,84.1000,48.5000,129.50,103.00,True
1789838633.3245,96.80,85.4150,84.1000,48.5000,129.50,103.00,True
1789838633.4421,96.90,85.6800,84.1000,48.5000,129.50,103.00,True
1789838633.5240,97.00,85.9450,85.1500,48.5000,129.50,103.00,True
1789838633.6459,97.10,86.2100,85.1500,48.5000,129.50,103.00,True
1789838633.7234,97.20,86.4800,85.1500,48.5000,130.00,103.00,True
1789838633.8242,97.30,86.7500,85.1500,48.5000,130.00,103.00,True
1789838633.9316,97.40,87.0200,86.4800,48.5000,130.00,103.00,True
1789838634.0238,97.50,87.2900,86.4800,48.5000,130.00,103.00,True
1789838634.1229,97.60,87.5650,86.4800,48.5000,130.50,103.00,True
1789838634.2238,97.70,87.8400,86.4800,48.5000,130.50,103.00,True
1789838634.3238,97.80,88.1150,86.4800,48.5000,130.50,103.00,True
1789838634.4276,97.90,88.3900,87.5600,48.5000,130.50,103.00,True
1789838634.5420,98.00,88.6650,87.5600,48.5000,130.50,103.00,True
1789838634.6270,98.10,88.9450,87.5600,48.5000,131.00,103.00,True
1789838634.7273,98.20,89.2250,87.5600,48.5000,131.00,103.00,True
1789838634.8532,98.30,89.5050,87.5600,48.5000,131.00,103.00,True
1789838634.9256,98.40,89.7850,88.9400,48.5000,131.00,103.00,True
1789838635.0225,98.50,90.0650,88.9400,48.5000,131.00,103.00,True
1789838635.1273,98.60,90.3500,88.9400,48.5000,131.50,103.00,True
1789838635.2277,98.70,90.6350,88.9400,48.5000,131.50,103.00,True
1789838635.3423,98.80,90.9200,88.9400,48.5000,131.50,103.00,True
1789838635.4312,98.90,91.2050,90.3500,48.5000,131.50,103.00,True
1789838635.5417,99.00,91.4900,90.3500,48.5000,131.50,103.00,True
1789838635.6223,99.10,91.7800,90.3500,48.5000,132.00,103.00,True
1789838635.7248,99.20,92.0700,90.3500,48.5000,132.00,103.00,True
1789838635.8875,99.30,92.3600,91.7800,91.7800,132.00,103.00,True
1789838635.9490,99.40,92.6500,91.7800,91.7800,132.00,103.00,True
1789838636.0363,99.50,92.9400,91.7800,91.7800,132.00,103.00,True
1789838636.1369,99.60,93.2300,91.7800,91.7800,132.00,103.00,True
1789838636.2582,99.70,93.5200,91.7800,91.7800,132.00,103.00,True
1789838636.3627,99.80,93.8100,92.9400,48.5000,132.00,103.00,True
1789838636.4584,99.90,94.1000,92.9400,48.5000,132.00,103.00,True
1789838636.5376,100.00,94.3850,92.9400,48.5000,131.50,103.00,True
1789838636.6364,100.10,94.6700,92.9400,48.5000,131.50,103.00,True
1789838636.7604,100.20,94.9550,94.3800,48.5000,131.50,103.00,True
1789838636.8451,100.30,95.2400,94.3800,48.5000,131.50,103.00,True
1789838636.9399,100.40,95.5300,94.3800,48.5000,132.00,103.00,True
1789838637.0382,100.50,95.8200,94.3800,48.5000,132.00,103.00,True
1789838637.1403,100.60,96.1100,94.3800,48.5000,132.00,103.00,True
1789838637.2387,100.70,96.4000,95.5300,48.5000,132.00,103.00,True
1789838637.3370,100.80,96.6900,95.5300,48.5000,132.00,103.00,True
1789838637.4374,100.90,96.9850,95.5300,48.5000,132.50,103.00,True
1789838637.5387,101.00,97.2800,95.5300,48.5000,132.50,103.00,True
1789838637.6564,101.10,97.5750,95.5300,48.5000,132.50,103.00,True
1789838637.7364,101.20,97.8700,96.9800,48.5000,132.50,103.00,True
1789838637.8630,101.30,98.1700,96.9800,48.5000,133.00,103.00,True
1789838637.9402,101.40,98.4700,96.9800,48.5000,133.00,103.00,True
1789838638.0391,101.50,98.7700,96.9800,48.5000,133.00,103.00,True
1789838638.1571,101.60,99.0700,98.4700,48.5000,133.00,103.00,True
1789838638.2392,101.70,99.3700,98.4700,48.5000,133.00,103.00,True
1789838638.3386,101.80,99.6750,98.4700,48.5000,133.50,103.00,True
1789838638.4396,101.90,99.9800,98.4700,48.5000,133.50,103.00,True
1789838638.5397,102.00,100.2850,98.4700,48.5000,133.50,103.00,True
1789838638.6388,102.10,100.5900,99.6800,48.5000,133.50,103.00,True
1789838638.7574,102.20,100.8950,99.6800,48.5000,133.50,103.00,True
1789838638.8391,102.30,101.2050,99.6800,48.5000,134.00,103.00,True
1789838638.9414,102.40,101.5150,99.6800,48.5000,134.00,103.00,True
1789838639.0646,102.50,101.8250,101.2000,48.5000,134.00,103.00,True
1789838639.1436,102.60,102.1350,101.2000,48.5000,134.00,103.00,True
1789838639.2579,102.70,102.4450,101.2000,48.5000,134.00,103.00,True
1789838639.3389,102.80,102.7600,101.2000,48.5000,134.50,103.00,True
1789838639.4439,102.90,103.0750,101.2000,48.5000,134.50,103.00,True
1789838639.5623,103.00,103.3900,102.7600,48.5000,134.50,103.00,True
1789838639.6400,103.10,103.7050,102.7600,48.5000,134.50,103.00,True
1789838639.7375,103.20,104.0250,102.7600,48.5000,135.00,103.00,True
1789838639.8432,103.30,104.3450,102.7600,48.5000,135.00,103.00,True
1789838639.9406,103.40,104.6650,102.7600,48.5000,135.00,103.00,True
1789838640.0413,103.50,104.9850,104.0200,104.0200,135.00,103.00,True
1789838640.1399,103.60,105.3050,104.0200,104.0200,135.00,103.00,True
1789838640.2417,103.70,105.6250,104.0200,104.0200,135.00,103.00,True
1789838640.3434,103.80,105.9450,104.0200,104.0200,135.00,103.00,True
1789838640.4423,103.90,106.2650,105.3000,104.0200,135.00,103.00,True
1789838641.1132,104.00,106.5850,105.3000,48.5000,135.00,103.00,True
1789838641.2065,104.10,106.9000,105.3000,48.5000,134.50,103.00,True
1789838641.3051,104.20,107.2150,105.3000,48.5000,134.50,103.00,True
1789838641.4068,104.30,107.5300,105.3000,48.5000,134.50,103.00,True
1789838641.5086,104.40,107.8450,106.9000,48.5000,134.50,103.00,True
1789838641.6241,104.50,108.1600,106.9000,48.5000,134.50,103.00,True
1789838641.7050,104.60,108.4800,106.9000,48.5000,135.00,103.00,True
1789838641.8093,104.70,108.8000,106.9000,48.5000,135.00,103.00,True
1789838641.9257,104.80,109.1200,106.9000,48.5000,135.00,103.00,True
1789838642.0076,104.90,109.4400,108.4800,48.5000,135.00,103.00,True
1789838642.1282,105.00,109.7600,108.4800,48.5000,135.00,103.00,True
1789838642.2086,105.10,110.0850,108.4800,48.5000,135.50,103.00,True
1789838642.3065,105.20,110.4100,108.4800,48.5000,135.50,103.00,True
1789838642.4136,105.30,110.7350,110.0800,48.5000,135.50,103.00,True
1789838642.5055,105.40,111.0600,110.0800,48.5000,135.50,103.00,True
1789838642.6074,105.50,111.3900,110.0800,48.5000,136.00,103.00,True
1789838642.7041,105.60,111.7200,110.0800,48.5000,136.00,103.00,True
1789838642.8065,105.70,112.0500,110.0800,48.5000,136.00,103.00,True
1789838642.9092,105.80,112.3800,111.3900,48.5000,136.00,103.00,True
1789838643.0042,105.90,112.7100,111.3900,48.5000,136.00,103.00,True
1789838643.1093,106.00,113.0450,111.3900,48.5000,136.50,103.00,True
1789838643.2066,106.10,113.3800,111.3900,48.5000,136.50,103.00,True
1789838643.3281,106.20,113.7150,113.0400,48.5000,136.50,103.00,True
1789838643.4080,106.30,114.0500,113.0400,48.5000,136.50,103.00,True
1789838643.5231,106.40,114.3900,113.0400,48.5000,137.00,103.00,True
1789838643.6098,106.50,114.7300,113.0400,48.5000,137.00,103.00,True
1789838643.7103,106.60,115.0700,113.0400,48.5000,137.00,103.00,True
1789838643.8128,106.70,115.4100,114.3900,48.5000,137.00,103.00,True
1789838643.9084,106.80,115.7500,114.3900,48.5000,137.00,103.00,True
1789838644.0051,106.90,116.0950,114.3900,48.5000,137.50,103.00,True
1789838644.1127,107.00,116.4400,114.3900,48.5000,137.50,103.00,True
1789838644.2106,107.10,116.7850,114.3900,48.5000,137.50,103.00,True
1789838644.3102,107.20,117.1300,116.1000,116.1000,137.50,103.00,True
1789838644.4069,107.30,117.4750,116.1000,116.1000,137.50,103.00,True
1789838644.5084,107.40,117.8200,116.1000,116.1000,137.50,103.00,True
1789838644.6077,107.50,118.1650,116.1000,116.1000,137.50,103.00,True
1789838644.7292,107.60,118.5100,117.8200,116.1000,137.50,103.00,True
1789838644.8324,107.70,118.8550,117.8200,48.5000,137.50,103.00,True
1789838644.9102,107.80,119.1950,117.8200,48.5000,137.00,103.00,True
1789838645.0105,107.90,119.5350,117.8200,48.5000,137.00,103.00,True
1789838645.1086,108.00,119.8750,117.8200,48.5000,137.00,103.00,True
1789838645.2085,108.10,120.2150,119.2000,48.5000,137.00,103.00,True
1789838645.3298,108.20,120.5550,119.2000,48.5000,137.00,103.00,True
1789838645.4103,108.30,120.9000,119.2000,48.5000,137.50,103.00,True
1789838645.5166,108.40,121.2450,119.2000,48.5000,137.50,103.00,True
1789838645.6288,108.50,121.5900,119.2000,48.5000,137.50,103.00,True
1789838645.7110,108.60,121.9350,120.9000,48.5000,137.50,103.00,True
1789838645.8306,108.70,122.2800,120.9000,48.5000,137.50,103.00,True
1789838645.9091,108.80,122.6300,120.9000,48.5000,138.00,103.00,True
1789838646.0096,108.90,122.9800,120.9000,48.5000,138.00,103.00,True
1789838646.1199,109.00,123.3300,122.6300,48.5000,138.00,103.00,True
1789838646.2114,109.10,123.6800,122.6300,48.5000,138.00,103.00,True
1789838646.3113,109.20,124.0350,122.6300,48.5000,138.50,103.00,True
1789838646.4129,109.30,124.3900,122.6300,48.5000,138.50,103.00,True
1789838646.5131,109.40,124.7450,122.6300,48.5000,138.50,103.00,True
1789838646.6090,109.50,125.1000,124.0400,48.5000,138.50,103.00,True
1789838646.7273,109.60,125.4550,124.0400,48.5000,138.50,103.00,True
1789838646.8097,109.70,125.8150,124.0400,48.5000,139.00,103.00,True
1789838646.9119,109.80,126.1750,124.0400,48.5000,139.00,103.00,True
1789838647.0289,109.90,126.5350,124.0400,48.5000,139.00,103.00,True
1789838647.1097,110.00,126.8950,125.8200,48.5000,139.00,103.00,True
1789838647.2285,110.10,127.2550,125.8200,48.5000,139.00,103.00,True
1789838647.3065,110.20,127.6200,125.8200,48.5000,139.50,103.00,True
1789838647.4130,110.30,127.9850,125.8200,48.5000,139.50,103.00,True
1789838647.5296,110.40,128.3500,127.6200,48.5000,139.50,103.00,True
1789838647.6078,110.50,128.7150,127.6200,48.5000,139.50,103.00,True
1789838647.7082,110.60,129.0850,127.6200,48.5000,140.00,103.00,True
1789838647.8139,110.70,129.4550,127.6200,48.5000,140.00,103.00,True
1789838647.9117,110.80,129.8250,127.6200,48.5000,140.00,103.00,True
1789838648.0095,110.90,130.1950,129.0800,48.5000,140.00,103.00,True
1789838648.1061,111.00,130.5650,129.0800,48.5000,140.00,103.00,True
1789838648.2050,111.10,130.9400,129.0800,48.5000,140.50,103.00,True
1789838648.3110,111.20,131.3150,129.0800,48.5000,140.50,103.00,True
1789838648.4498,111.30,131.6900,130.9400,130.9400,140.50,103.00,True
1789838648.5102,111.40,132.0650,130.9400,130.9400,140.50,103.00,True
1789838648.6059,111.50,132.4400,130.9400,130.9400,140.50,103.00,True
1789838648.7098,111.60,132.8150,130.9400,130.9400,140.50,103.00,True
1789838648.8269,111.70,133.1900,130.9400,130.9400,140.50,103.00,True
1789838648.9097,111.80,133.5650,132.4400,130.9400,140.50,103.00,True
1789838649.0255,111.90,133.9350,132.4400,48.5000,140.00,103.00,True
1789838649.1059,112.00,134.3050,132.4400,48.5000,140.00,103.00,True
1789838649.2090,112.10,134.6750,132.4400,48.5000,140.00,103.00,True
1789838649.3103,112.20,135.0450,133.9400,48.5000,140.00,103.00,True
1789838649.4070,112.30,135.4150,133.9400,48.5000,140.00,103.00,True
1789838649.5072,112.40,135.7900,133.9400,48.5000,140.50,103.00,True
1789838649.6097,112.50,136.1650,133.9400,48.5000,140.50,103.00,True
1789838649.7303,112.60,136.5400,135.7900,48.5000,140.50,103.00,True
1789838649.8091,112.70,136.9150,135.7900,48.5000,140.50,103.00,True
1789838649.9063,112.80,137.2950,135.7900,48.5000,141.00,103.00,True
1789838650.0104,112.90,137.6750,135.7900,48.5000,141.00,103.00,True
1789838650.1084,113.00,138.0550,135.7900,48.5000,141.00,103.00,True
1789838650.2088,113.10,138.4350,137.2900,48.5000,141.00,103.00,True
1789838650.3280,113.20,138.8150,137.2900,48.5000,141.00,103.00,True
1789838650.4098,113.30,139.2000,137.2900,48.5000,141.50,103.00,True
1789838650.5175,113.40,139.5850,137.2900,48.5000,141.50,103.00,True
1789838650.6104,113.50,139.9700,139.2000,48.5000,141.50,103.00,True
1789838650.7114,113.60,140.3550,139.2000,48.5000,141.50,103.00,True
1789838650.8118,113.70,140.7450,139.2000,48.5000,142.00,103.00,True
1789838650.9148,113.80,141.1350,139.2000,48.5000,142.00,103.00,True
1789838651.0312,113.90,141.5250,139.2000,48.5000,142.00,103.00,True
1789838651.1137,114.00,141.9150,140.7400,48.5000,142.00,103.00,True
1789838651.2110,114.10,142.3050,140.7400,48.5000,142.00,103.00,True
1789838651.3131,114.20,142.7000,140.7400,48.5000,142.50,103.00,True
1789838651.4147,114.30,143.0950,140.7400,48.5000,142.50,103.00,True
1789838651.5364,114.40,143.4900,140.7400,48.5000,142.50,103.00,True
1789838651.6148,114.50,143.8850,142.7000,48.5000,142.50,103.00,True
1789838651.7130,114.60,144.2800,142.7000,48.5000,142.50,103.00,True
1789838651.8148,114.70,144.6800,142.7000,48.5000,143.00,103.00,True
1789838651.9223,114.80,145.0800,142.7000,48.5000,143.00,103.00,True
1789838652.0346,114.90,145.4800,142.7000,48.5000,143.00,103.00,True
1789838652.1166,115.00,145.8800,144.6800,48.5000,143.00,103.00,True
1789838652.2338,115.10,146.2800,144.6800,48.5000,143.00,103.00,True
1789838652.3170,115.20,146.6850,144.6800,48.5000,143.50,103.00,True
1789838652.4156,115.30,147.0900,144.6800,48.5000,143.50,103.00,True
1789838652.5349,115.40,147.4950,144.6800,48.5000,143.50,103.00,True
1789838652.6157,115.50,147.9000,146.6800,48.5000,143.50,103.00,True
1789838652.7395,115.60,148.3050,146.6800,48.5000,143.50,103.00,True
1789838652.8176,115.70,148.7150,146.6800,48.5000,144.00,103.00,True
1789838652.9167,115.80,149.1250,146.6800,48.5000,144.00,103.00,True
1789838653.0508,115.90,149.5350,148.7200,148.7200,144.00,103.00,True
1789838653.1175,116.00,149.9450,148.7200,148.7200,144.00,103.00,True
1789838653.2134,116.10,150.3550,148.7200,148.7200,144.00,103.00,True
1789838653.3161,116.20,150.7650,148.7200,148.7200,144.00,103.00,True
1789838653.4349,116.30,151.1750,148.7200,148.7200,144.00,103.00,True
1789838653.5359,116.40,151.5850,150.3500,148.7200,144.00,103.00,True
1789838653.6348,116.50,151.9950,150.3500,48.5000,144.00,103.00,True
1789838653.7167,116.60,152.4000,150.3500,48.5000,143.50,103.00,True
1789838653.8163,116.70,152.8050,150.3500,48.5000,143.50,103.00,True
1789838653.9342,116.80,153.2100,150.3500,48.5000,143.50,103.00,True
1789838654.0193,116.90,153.6150,152.4000,48.5000,143.50,103.00,True
1789838654.1396,117.00,154.0200,152.4000,48.5000,143.50,103.00,True
1789838654.2171,117.10,154.4300,152.4000,48.5000,144.00,103.00,True
1789838654.3184,117.20,154.8400,152.4000,48.5000,144.00,103.00,True
1789838654.4371,117.30,155.2500,154.4300,48.5000,144.00,103.00,True
1789838654.5166,117.40,155.6600,154.4300,48.5000,144.00,103.00,True
1789838654.6181,117.50,156.0750,154.4300,48.5000,144.50,103.00,True
1789838654.7182,117.60,156.4900,154.4300,48.5000,144.50,103.00,True
1789838654.8146,117.70,156.9050,154.4300,48.5000,144.50,103.00,True
1789838654.9176,117.80,157.3200,156.0700,48.5000,144.50,103.00,True
1789838655.0405,117.90,157.7350,156.0700,48.5000,144.50,103.00,True
1789838655.1211,118.00,158.1550,156.0700,48.5000,145.00,103.00,True
1789838655.2205,118.10,158.5750,156.0700,48.5000,145.00,103.00,True
1789838655.3144,118.20,158.9950,156.0700,48.5000,145.00,103.00,True
1789838655.4160,118.30,159.4150,158.1600,48.5000,145.00,103.00,True
1789838655.5396,118.40,159.8350,158.1600,48.5000,145.00,103.00,True
1789838655.6178,118.50,160.2600,158.1600,48.5000,145.50,103.00,True
1789838655.7209,118.60,160.6850,158.1600,48.5000,145.50,103.00,True
1789838655.8169,118.70,161.1100,160.2600,48.5000,145.50,103.00,True
1789838655.9163,118.80,161.5350,160.2600,48.5000,145.50,103.00,True
1789838656.0175,118.90,161.9650,160.2600,48.5000,146.00,103.00,True
1789838656.1173,119.00,162.3950,160.2600,48.5000,146.00,103.00,True
1789838656.2186,119.10,162.8250,160.2600,48.5000,146.00,103.00,True
1789838656.3178,119.20,163.2550,161.9600,48.5000,146.00,103.00,True
1789838656.4363,119.30,163.6850,161.9600,48.5000,146.00,103.00,True
1789838656.5201,119.40,164.1200,161.9600,48.5000,146.50,103.00,True
1789838656.6191,119.50,164.5550,161.9600,48.5000,146.50,103.00,True
1789838656.7398,119.60,164.9900,164.1200,48.5000,146.50,103.00,True
1789838656.8178,119.70,165.4250,164.1200,48.5000,146.50,103.00,True
1789838656.9173,119.80,165.8650,164.1200,48.5000,147.00,103.00,True
1789838657.0209,119.90,166.3050,164.1200,48.5000,147.00,103.00,True
1789838657.1242,120.00,166.7450,164.1200,48.5000,147.00,103.00,True
1789838657.2230,120.10,167.1850,165.8600,48.5000,147.00,103.00,True
1789838657.3363,120.20,167.6250,165.8600,48.5000,147.00,103.00,True
1789838657.4158,120.30,168.0700,165.8600,48.5000,147.50,103.00,True
1789838657.5189,120.40,168.5150,165.8600,48.5000,147.50,103.00,True
1789838657.6580,120.50,168.9600,168.0700,48.5000,147.50,103.00,True
1789838657.7201,120.60,169.4050,168.0700,168.0700,147.50,103.00,True
1789838657.8180,120.70,169.8500,168.0700,168.0700,147.50,103.00,True
1789838657.9192,120.80,170.2950,168.0700,168.0700,147.50,103.00,True
1789838658.0397,120.90,170.7400,168.0700,168.0700,147.50,103.00,True
1789838658.1206,121.00,171.1850,169.8500,168.0700,147.50,103.00,True
1789838658.2381,121.10,171.6300,169.8500,48.5000,147.50,103.00,True
1789838658.3181,121.20,172.0700,169.8500,48.5000,147.00,103.00,True
1789838658.4189,121.30,172.5100,169.8500,48.5000,147.00,103.00,True
1789838658.5257,121.40,172.9500,172.0700,48.5000,147.00,103.00,True
1789838658.6197,121.50,173.3900,172.0700,48.5000,147.00,103.00,True
1789838658.7189,121.60,173.8350,172.0700,48.5000,147.50,103.00,True
1789838658.8283,121.70,174.2800,172.0700,48.5000,147.50,103.00,True
1789838658.9187,121.80,174.7250,172.0700,48.5000,147.50,103.00,True
1789838659.0202,121.90,175.1700,173.8400,48.5000,147.50,103.00,True
1789838659.1375,122.00,175.6150,173.8400,48.5000,147.50,103.00,True
1789838659.2239,122.10,176.0650,173.8400,48.5000,148.00,103.00,True
1789838659.3230,122.20,176.5150,173.8400,48.5000,148.00,103.00,True
1789838659.4419,122.30,176.9650,173.8400,48.5000,148.00,103.00,True
1789838659.5239,122.40,177.4150,176.0600,48.5000,148.00,103.00,True
1789838659.6422,122.50,177.8650,176.0600,48.5000,148.00,103.00,True
1789838659.7195,122.60,178.3200,176.0600,48.5000,148.50,103.00,True
1789838659.8202,122.70,178.7750,176.0600,48.5000,148.50,103.00,True
1789838659.9183,122.80,179.2300,178.3200,48.5000,148.50,103.00,True
1789838660.0207,122.90,179.6850,178.3200,48.5000,148.50,103.00,True
1789838660.1228,123.00,180.1450,178.3200,48.5000,149.00,103.00,True
1789838660.2253,123.10,180.6050,178.3200,48.5000,149.00,103.00,True
1789838660.3424,123.20,181.0650,178.3200,48.5000,149.00,103.00,True
1789838660.4266,123.30,181.5250,180.1400,48.5000,149.00,103.00,True
1789838660.5378,123.40,181.9850,180.1400,48.5000,149.00,103.00,True
1789838660.6240,123.50,182.4500,180.1400,48.5000,149.50,103.00,True
1789838660.7242,123.60,182.9150,180.1400,48.5000,149.50,103.00,True
1789838660.8405,123.70,183.3800,180.1400,48.5000,149.50,103.00,True
1789838660.9250,123.80,183.8450,182.4500,48.5000,149.50,103.00,True
1789838661.0283,123.90,184.3100,182.4500,48.5000,149.50,103.00,True
1789838661.1203,124.00,184.7800,182.4500,48.5000,150.00,103.00,True
1789838661.2246,124.10,185.2500,182.4500,48.5000,150.00,103.00,True
1789838661.3246,124.20,185.7200,182.4500,48.5000,150.00,103.00,True
1789838661.4245,124.30,186.1900,184.7800,48.5000,150.00,103.00,True
1789838661.5247,124.40,186.6600,184.7800,48.5000,150.00,103.00,True
1789838661.6257,124.50,187.1350,184.7800,48.5000,150.50,103.00,True
1789838661.7257,124.60,187.6100,184.7800,48.5000,150.50,103.00,True
1789838661.8413,124.70,188.0850,184.7800,48.5000,150.50,103.00,True
1789838661.9238,124.80,188.5600,187.1400,48.5000,150.50,103.00,True
1789838662.0437,124.90,189.0350,187.1400,48.5000,150.50,103.00,True
1789838662.1225,125.00,189.5150,187.1400,48.5000,151.00,103.00,True
1789838662.2294,125.10,189.9950,187.1400,48.5000,151.00,103.00,True
1789838662.3257,125.20,190.4750,187.1400,48.5000,151.00,103.00,True
1789838662.4263,125.30,190.9550,189.5200,48.5000,151.00,103.00,True
1789838662.5452,125.40,191.4350,189.5200,48.5000,151.00,103.00,True
1789838662.6221,125.50,191.9200,189.5200,48.5000,151.50,103.00,True
1789838662.7325,125.60,192.4050,189.5200,48.5000,151.50,103.00,True
1789838662.8473,125.70,192.8900,191.9200,48.5000,151.50,103.00,True
1789838662.9269,125.80,193.3750,191.9200,48.5000,151.50,103.00,True
1789838663.0212,125.90,193.8650,191.9200,48.5000,152.00,103.00,True
1789838663.1248,126.00,194.3550,191.9200,48.5000,152.00,103.00,True
1789838663.2258,126.10,194.8450,191.9200,48.5000,152.00,103.00,True
1789838663.3252,126.20,195.3350,193.8600,48.5000,152.00,103.00,True
1789838663.4236,126.30,195.8250,193.8600,48.5000,152.00,103.00,True
1789838663.5211,126.40,196.3150,193.8600,48.5000,152.00,103.00,True
1789838663.6248,126.50,196.8050,193.8600,48.5000,152.00,103.00,True
1789838663.7472,126.60,197.2950,196.3200,48.5000,152.00,103.00,True
1789838663.8291,126.70,197.7850,196.3200,48.5000,152.00,103.00,True
1789838663.9272,126.80,198.2800,196.3200,48.5000,152.50,103.00,True
1789838664.0254,126.90,198.7750,196.3200,48.5000,152.50,103.00,True
1789838664.1249,127.00,199.2700,196.3200,48.5000,152.50,103.00,True
1789838664.2309,127.10,199.7650,198.2800,48.5000,152.50,103.00,True
1789838664.3459,127.20,200.2600,198.2800,48.5000,152.50,103.00,True
1789838664.4254,127.30,200.7600,198.2800,48.5000,153.00,103.00,True
1789838664.5282,127.40,201.2600,198.2800,48.5000,153.00,103.00,True
1789838664.6425,127.50,201.7600,198.2800,48.5000,153.00,103.00,True
1789838664.7271,127.60,202.2600,200.7600,48.5000,153.00,103.00,True
1789838664.8486,127.70,202.7600,200.7600,48.5000,153.00,103.00,True
1789838664.9268,127.80,203.2650,200.7600,48.5000,153.50,103.00,True
1789838665.0282,127.90,203.7700,200.7600,48.5000,153.50,103.00,True
1789838665.1329,128.00,204.2750,203.2600,48.5000,153.50,103.00,True
1789838665.2262,128.10,204.7800,203.2600,48.5000,153.50,103.00,True
1789838665.3264,128.20,205.2900,203.2600,48.5000,154.00,103.00,True
1789838665.4281,128.30,205.8000,203.2600,48.5000,154.00,103.00,True
1789838665.5496,128.40,206.3100,203.2600,48.5000,154.00,103.00,True
1789838665.6298,128.50,206.8200,205.2900,48.5000,154.00,103.00,True
1789838665.7445,128.60,207.3300,205.2900,48.5000,154.00,103.00,True
1789838665.8274,128.70,207.8450,205.2900,48.5000,154.50,103.00,True
1789838665.9301,128.80,208.3600,205.2900,48.5000,154.50,103.00,True
1789838666.0519,128.90,208.8750,207.8400,48.5000,154.50,103.00,True
1789838666.1269,129.00,209.3900,207.8400,48.5000,154.50,103.00,True
1789838666.2471,129.10,209.9100,207.8400,48.5000,155.00,103.00,True
1789838666.3268,129.20,210.4300,207.8400,48.5000,155.00,103.00,True
1789838666.4317,129.30,210.9500,207.8400,48.5000,155.00,103.00,True
1789838666.5507,129.40,211.4700,210.4300,48.5000,155.00,103.00,True
1789838666.6278,129.50,211.9900,210.4300,48.5000,155.00,103.00,True
1789838666.7608,129.60,212.5150,210.4300,48.5000,155.50,103.00,True
1789838666.8273,129.70,213.0400,210.4300,48.5000,155.50,103.00,True
1789838666.9288,129.80,213.5650,210.4300,48.5000,155.50,103.00,True
1789838667.0278,129.90,214.0900,212.5200,48.5000,155.50,103.00,True
1789838667.1275,130.00,214.6150,212.5200,48.5000,155.50,103.00,True
1789838667.2255,130.10,215.1450,212.5200,48.5000,156.00,103.00,True
1789838667.3314,130.20,215.6750,212.5200,48.5000,156.00,103.00,True
1789838667.4467,130.30,216.2050,212.5200,48.5000,156.00,103.00,True
1789838667.5278,130.40,216.7350,215.1400,215.1400,156.00,103.00,True
1789838667.6281,130.50,217.2650,215.1400,215.1400,156.00,103.00,True
1789838667.7261,130.60,217.7900,215.1400,215.1400,155.50,103.00,True
1789838667.8301,130.70,218.3150,215.1400,215.1400,155.50,103.00,True
1789838667.9490,130.80,218.8400,215.1400,215.1400,155.50,103.00,True
1789838668.0289,130.90,219.3650,217.7900,217.7900,155.50,103.00,True
1789838668.1281,131.00,219.8900,217.7900,217.7900,155.50,103.00,True
1789838668.2284,131.10,220.4150,217.7900,217.7900,155.50,103.00,True
1789838668.3327,131.20,220.9400,217.7900,217.7900,155.50,103.00,True
1789838668.4327,131.30,221.4650,219.8900,217.7900,155.50,103.00,True
1789838668.5334,131.40,221.9900,219.8900,48.5000,155.50,103.00,True
1789838668.6269,131.50,222.5100,219.8900,48.5000,155.00,103.00,True
1789838668.7306,131.60,223.0300,219.8900,48.5000,155.00,103.00,True
1789838668.8480,131.70,223.5500,219.8900,48.5000,155.00,103.00,True
1789838668.9344,131.80,224.0700,222.5100,48.5000,155.00,103.00,True
1789838669.0467,131.90,224.5900,222.5100,48.5000,155.00,103.00,True
1789838669.1268,132.00,225.1150,222.5100,48.5000,155.50,103.00,True
1789838669.2294,132.10,225.6400,222.5100,48.5000,155.50,103.00,True
1789838669.3508,132.20,226.1650,225.1200,48.5000,155.50,103.00,True
1789838669.4352,132.30,226.6900,225.1200,48.5000,155.50,103.00,True
1789838669.5338,132.40,227.2200,225.1200,48.5000,156.00,103.00,True
1789838669.6306,132.50,227.7500,225.1200,48.5000,156.00,103.00,True
1789838669.7295,132.60,228.2800,225.1200,48.5000,156.00,103.00,True
1789838669.8293,132.70,228.8100,227.2200,48.5000,156.00,103.00,True
1789838669.9490,132.80,229.3400,227.2200,48.5000,156.00,103.00,True
1789838670.0303,132.90,229.8750,227.2200,48.5000,156.50,103.00,True
1789838670.1347,133.00,230.4100,227.2200,48.5000,156.50,103.00,True
1789838670.2496,133.10,230.9450,229.8800,48.5000,156.50,103.00,True
1789838670.3342,133.20,231.4800,229.8800,48.5000,156.50,103.00,True
1789838670.4338,133.30,232.0200,229.8800,48.5000,157.00,103.00,True
1789838670.5389,133.40,232.5600,229.8800,48.5000,157.00,103.00,True
1789838670.6405,133.50,233.1000,229.8800,48.5000,157.00,103.00,True
1789838670.7337,133.60,233.6400,232.0200,48.5000,157.00,103.00,True
1789838670.8306,133.70,234.1800,232.0200,48.5000,157.00,103.00,True
1789838670.9381,133.80,234.7250,232.0200,48.5000,157.50,103.00,True
1789838671.0376,133.90,235.2700,232.0200,48.5000,157.50,103.00,True
1789838671.1522,134.00,235.8150,232.0200,48.5000,157.50,103.00,True
1789838671.2361,134.10,236.3600,234.7200,48.5000,157.50,103.00,True
1789838671.3527,134.20,236.9050,234.7200,48.5000,157.50,103.00,True
1789838671.4310,134.30,237.4550,234.7200,48.5000,158.00,103.00,True
1789838671.5360,134.40,238.0050,234.7200,48.5000,158.00,103.00,True
1789838671.6361,134.50,238.5550,237.4600,48.5000,158.00,103.00,True
1789838671.7333,134.60,239.1050,237.4600,48.5000,158.00,103.00,True
1789838671.8336,134.70,239.6550,237.4600,48.5000,158.00,103.00,True
1789838671.9350,134.80,240.2050,237.4600,48.5000,158.00,103.00,True
1789838672.0548,134.90,240.7550,239.6600,48.5000,158.00,103.00,True
1789838672.1372,135.00,241.3050,239.6600,48.5000,158.00,103.00,True
1789838672.2361,135.10,241.8600,239.6600,48.5000,158.50,103.00,True
1789838672.3355,135.20,242.4150,239.6600,48.5000,158.50,103.00,True
1789838672.4336,135.30,242.9700,239.6600,48.5000,158.50,103.00,True
1789838672.5355,135.40,243.5250,241.8600,48.5000,158.50,103.00,True
1789838672.6548,135.50,244.0800,241.8600,48.5000,158.50,103.00,True
1789838672.7387,135.60,244.6400,241.8600,48.5000,159.00,103.00,True
1789838672.8391,135.70,245.2000,241.8600,48.5000,159.00,103.00,True
1789838672.9531,135.80,245.7600,241.8600,48.5000,159.00,103.00,True
1789838673.0376,135.90,246.3200,244.6400,48.5000,159.00,103.00,True
1789838673.1568,136.00,246.8800,244.6400,48.5000,159.00,103.00,True
1789838673.2356,136.10,247.4450,244.6400,48.5000,159.50,103.00,True
1789838673.9202,136.20,248.0100,244.6400,48.5000,159.50,103.00,True
1789838673.9683,136.30,248.5750,244.6400,48.5000,159.50,103.00,True
1789838674.0708,136.40,249.1400,247.4400,48.5000,159.50,103.00,True
1789838674.1926,136.50,249.7050,247.4400,48.5000,159.50,103.00,True
1789838674.2724,136.60,250.2750,247.4400,48.5000,160.00,103.00,True
1789838674.3748,136.70,250.8450,247.4400,48.5000,160.00,103.00,True
1789838674.4896,136.80,251.4150,247.4400,48.5000,160.00,103.00,True
1789838674.5706,136.90,251.9850,250.2800,48.5000,160.00,103.00,True
1789838674.6913,137.00,252.5550,250.2800,48.5000,160.00,103.00,True
1789838674.7729,137.10,253.1300,250.2800,48.5000,160.50,103.00,True
1789838674.8734,137.20,253.7050,250.2800,48.5000,160.50,103.00,True
1789838674.9772,137.30,254.2800,253.1300,48.5000,160.50,103.00,True
1789838675.0714,137.40,254.8550,253.1300,48.5000,160.50,103.00,True
1789838675.1689,137.50,255.4350,253.1300,48.5000,161.00,103.00,True
1789838675.2727,137.60,256.0150,253.1300,48.5000,161.00,103.00,True
1789838675.3714,137.70,256.5950,253.1300,48.5000,161.00,103.00,True
1789838675.4735,137.80,257.1750,255.4400,48.5000,161.00,103.00,True
1789838675.5915,137.90,257.7550,255.4400,48.5000,161.00,103.00,True
1789838675.6758,138.00,258.3400,255.4400,48.5000,161.50,103.00,True
1789838675.7761,138.10,258.9250,255.4400,48.5000,161.50,103.00,True
1789838675.8724,138.20,259.5100,255.4400,48.5000,161.50,103.00,True
1789838675.9729,138.30,260.0950,258.3400,48.5000,161.50,103.00,True
1789838676.0732,138.40,260.6800,258.3400,48.5000,161.50,103.00,True
1789838676.1784,138.50,261.2700,258.3400,48.5000,162.00,103.00,True
1789838676.3432,138.60,261.8600,258.3400,48.5000,162.00,103.00,True
1789838676.3942,138.70,262.4500,258.3400,48.5000,162.00,103.00,True
1789838676.4960,138.80,263.0400,261.2700,48.5000,162.00,103.00,True
1789838676.6003,138.90,263.6300,261.2700,48.5000,162.00,103.00,True
1789838676.6899,139.00,264.2250,261.2700,48.5000,162.50,103.00,True
1789838676.7962,139.10,264.8200,261.2700,48.5000,162.50,103.00,True
1789838676.9289,139.20,265.4150,261.2700,48.5000,162.50,103.00,True
1789838676.9956,139.30,266.0100,264.2300,264.2300,162.50,103.00,True
1789838677.0978,139.40,266.6050,264.2300,264.2300,162.50,103.00,True
1789838677.1927,139.50,267.2000,264.2300,264.2300,162.50,103.00,True
1789838677.2948,139.60,267.7950,264.2300,264.2300,162.50,103.00,True
1789838677.3971,139.70,268.3900,266.6000,264.2300,162.50,103.00,True
1789838677.5378,139.80,268.9850,266.6000,48.5000,162.50,103.00,True
1789838677.5952,139.90,269.5750,266.6000,48.5000,162.00,103.00,True
1789838677.7020,140.00,270.1650,266.6000,48.5000,162.00,103.00,True
1789838677.7960,140.10,270.7550,266.6000,48.5000,162.00,103.00,True
1789838677.8997,140.20,271.3450,269.5800,48.5000,162.00,103.00,True
1789838678.0203,140.30,271.9350,269.5800,48.5000,162.00,103.00,True
1789838678.0962,140.40,272.5300,269.5800,48.5000,162.50,103.00,True
1789838678.1951,140.50,273.1250,269.5800,48.5000,162.50,103.00,True
1789838678.2913,140.60,273.7200,269.5800,48.5000,162.50,103.00,True
1789838678.3940,140.70,274.3150,272.5300,48.5000,162.50,103.00,True
1789838678.5157,140.80,274.9100,272.5300,48.5000,162.50,103.00,True
1789838678.6003,140.90,275.5100,272.5300,48.5000,163.00,103.00,True
1789838678.6945,141.00,276.1100,272.5300,48.5000,163.00,103.00,True
1789838678.8177,141.10,276.7100,275.5100,48.5000,163.00,103.00,True
1789838678.8936,141.20,277.3100,275.5100,48.5000,163.00,103.00,True
1789838678.9951,141.30,277.9150,275.5100,48.5000,163.50,103.00,True
1789838679.1026,141.40,278.5200,275.5100,48.5000,163.50,103.00,True
1789838679.1967,141.50,279.1250,275.5100,48.5000,163.50,103.00,True
1789838679.2941,141.60,279.7300,277.9200,48.5000,163.50,103.00,True
1789838679.4144,141.70,280.3350,277.9200,48.5000,163.50,103.00,True
1789838679.4980,141.80,280.9450,277.9200,48.5000,164.00,103.00,True
1789838679.5966,141.90,281.5550,277.9200,48.5000,164.00,103.00,True
1789838679.7159,142.00,282.1650,280.9400,48.5000,164.00,103.00,True
1789838679.7959,142.10,282.7750,280.9400,48.5000,164.00,103.00,True
1789838679.8977,142.20,283.3900,280.9400,48.5000,164.50,103.00,True
1789838679.9974,142.30,284.0050,280.9400,48.5000,164.50,103.00,True
1789838680.1042,142.40,284.6200,280.9400,48.5000,164.50,103.00,True
1789838680.2036,142.50,285.2350,283.3900,48.5000,164.50,103.00,True
1789838680.2984,142.60,285.8500,283.3900,48.5000,164.50,103.00,True
1789838680.3975,142.70,286.4700,283.3900,48.5000,165.00,103.00,True
1789838680.4962,142.80,287.0900,283.3900,48.5000,165.00,103.00,True
1789838680.6025,142.90,287.7100,283.3900,48.5000,165.00,103.00,True
1789838680.6950,143.00,288.3300,286.4700,48.5000,165.00,103.00,True
1789838680.8123,143.10,288.9500,286.4700,48.5000,165.00,103.00,True
1789838680.8934,143.20,289.5750,286.4700,48.5000,165.50,103.00,True
1789838681.0005,143.30,290.2000,286.4700,48.5000,165.50,103.00,True
1789838681.1125,143.40,290.8250,289.5800,48.5000,165.50,103.00,True
1789838681.1986,143.50,291.4500,289.5800,289.5800,165.50,103.00,True
1789838681.2954,143.60,292.0750,289.5800,289.5800,165.50,103.00,True
1789838681.3986,143.70,292.7000,289.5800,289.5800,165.50,103.00,True
1789838681.4968,143.80,293.3250,289.5800,289.5800,165.50,103.00,True
1789838681.5960,143.90,293.9500,292.0800,289.5800,165.50,103.00,True
1789838681.7171,144.00,294.5750,292.0800,48.5000,165.50,103.00,True
1789838681.7962,144.10,295.1950,292.0800,48.5000,165.00,103.00,True
1789838681.8953,144.20,295.8150,292.0800,48.5000,165.00,103.00,True
1789838682.0029,144.30,296.4350,295.2000,48.5000,165.00,103.00,True
1789838682.0994,144.40,297.0550,295.2000,48.5000,165.00,103.00,True
1789838682.1997,144.50,297.6800,295.2000,48.5000,165.50,103.00,True
1789838682.3020,144.60,298.3050,295.2000,48.5000,165.50,103.00,True
1789838682.4212,144.70,298.9300,295.2000,48.5000,165.50,103.00,True
1789838682.4966,144.80,299.5550,297.6800,48.5000,165.50,103.00,True
1789838682.6157,144.90,300.1800,297.6800,48.5000,165.50,103.00,True
1789838682.6979,145.00,300.8100,297.6800,48.5000,166.00,103.00,True
1789838682.7995,145.10,301.4400,297.6800,48.5000,166.00,103.00,True
1789838682.9188,145.20,302.0700,300.8100,48.5000,166.00,103.00,True
1789838682.9963,145.30,302.7000,300.8100,48.5000,166.00,103.00,True
1789838683.1043,145.40,303.3350,300.8100,48.5000,166.50,103.00,True
1789838683.1962,145.50,303.9700,300.8100,48.5000,166.50,103.00,True
1789838683.2991,145.60,304.6050,300.8100,48.5000,166.50,103.00,True
1789838683.3983,145.70,305.2400,303.3300,48.5000,166.50,103.00,True
1789838683.5190,145.80,305.8750,303.3300,48.5000,166.50,103.00,True
1789838683.6001,145.90,306.5150,303.3300,48.5000,167.00,103.00,True
1789838683.6968,146.00,307.1550,303.3300,48.5000,167.00,103.00,True
1789838683.8192,146.10,307.7950,306.5200,48.5000,167.00,103.00,True
1789838683.8975,146.20,308.4350,306.5200,48.5000,167.00,103.00,True
1789838683.9976,146.30,309.0800,306.5200,48.5000,167.50,103.00,True
1789838684.1024,146.40,309.7250,306.5200,48.5000,167.50,103.00,True
1789838684.1986,146.50,310.3700,306.5200,48.5000,167.50,103.00,True
1789838684.2999,146.60,311.0150,309.0800,48.5000,167.50,103.00,True
1789838684.4158,146.70,311.6600,309.0800,48.5000,167.50,103.00,True
1789838684.5012,146.80,312.3100,309.0800,48.5000,168.00,103.00,True
1789838684.6049,146.90,312.9600,309.0800,48.5000,168.00,103.00,True
1789838684.7397,147.00,313.6100,312.3100,48.5000,168.00,103.00,True
1789838684.8019,147.10,314.2600,312.3100,312.3100,168.00,103.00,True
1789838684.9016,147.20,314.9100,312.3100,312.3100,168.00,103.00,True
1789838685.0012,147.30,315.5600,312.3100,312.3100,168.00,103.00,True
1789838685.0991,147.40,316.2100,312.3100,312.3100,168.00,103.00,True
1789838685.2019,147.50,316.8600,314.9100,312.3100,168.00,103.00,True
1789838685.3229,147.60,317.5100,314.9100,48.5000,168.00,103.00,True
1789838685.4017,147.70,318.1550,314.9100,48.5000,167.50,103.00,True
1789838685.5002,147.80,318.8000,314.9100,48.5000,167.50,103.00,True
1789838685.5993,147.90,319.4450,314.9100,48.5000,167.50,103.00,True
1789838685.7036,148.00,320.0900,318.1500,48.5000,167.50,103.00,True
1789838685.8228,148.10,320.7350,318.1500,48.5000,167.50,103.00,True
1789838685.9022,148.20,321.3850,318.1500,48.5000,168.00,103.00,True
1789838686.0035,148.30,322.0350,318.1500,48.5000,168.00,103.00,True
1789838686.1205,148.40,322.6850,321.3800,48.5000,168.00,103.00,True
1789838686.2043,148.50,323.3350,321.3800,48.5000,168.00,103.00,True
1789838686.2998,148.60,323.9900,321.3800,48.5000,168.50,103.00,True
1789838686.4215,148.70,324.6450,321.3800,48.5000,168.50,103.00,True
1789838686.5022,148.80,325.3000,321.3800,48.5000,168.50,103.00,True
1789838686.6020,148.90,325.9550,323.9900,48.5000,168.50,103.00,True
1789838686.7229,149.00,326.6100,323.9900,48.5000,168.50,103.00,True
1789838686.8055,149.10,327.2700,323.9900,48.5000,169.00,103.00,True
1789838686.9035,149.20,327.9300,323.9900,48.5000,169.00,103.00,True
1789838687.0239,149.30,328.5900,327.2700,48.5000,169.00,103.00,True
1789838687.1047,149.40,329.2500,327.2700,48.5000,169.00,103.00,True
1789838687.2237,149.50,329.9150,327.2700,48.5000,169.50,103.00,True
1789838687.3036,149.60,330.5800,327.2700,48.5000,169.50,103.00,True
1789838687.4076,149.70,331.2450,327.2700,48.5000,169.50,103.00,True
1789838687.5120,149.80,331.9100,330.5800,48.5000,169.50,103.00,True
1789838687.6026,149.90,332.5750,330.5800,48.5000,169.50,103.00,True
1789838687.7007,150.00,333.2450,330.5800,48.5000,170.00,103.00,True
1789838687.8044,150.10,333.9150,330.5800,48.5000,170.00,103.00,True
1789838687.9014,150.20,334.5850,330.5800,48.5000,170.00,103.00,True
1789838688.0063,150.30,335.2550,333.2400,48.5000,170.00,103.00,True
1789838688.1174,150.40,335.9250,333.2400,48.5000,170.00,103.00,True
1789838688.2004,150.50,336.6000,333.2400,48.5000,170.50,103.00,True
1789838688.3061,150.60,337.2750,333.2400,48.5000,170.50,103.00,True
1789838688.4683,150.70,337.9500,336.6000,336.6000,170.50,103.00,True
1789838688.5256,150.80,338.6250,336.6000,336.6000,170.50,103.00,True
1789838688.6186,150.90,339.3000,336.6000,336.6000,170.50,103.00,True
1789838688.7235,151.00,339.9750,336.6000,336.6000,170.50,103.00,True
1789838688.8170,151.10,340.6500,336.6000,336.6000,170.50,103.00,True
1789838688.9189,151.20,341.3250,339.3000,336.6000,170.50,103.00,True
1789838689.0209,151.30,342.0000,339.3000,48.5000,170.50,103.00,True
1789838689.1157,151.40,342.6700,339.3000,48.5000,170.00,103.00,True
1789838689.2198,151.50,343.3400,339.3000,48.5000,170.00,103.00,True
1789838689.3389,151.60,344.0100,339.3000,48.5000,170.00,103.00,True
1789838689.4195,151.70,344.6800,342.6700,48.5000,170.00,103.00,True
1789838689.5379,151.80,345.3500,342.6700,48.5000,170.00,103.00,True
1789838689.6181,151.90,346.0250,342.6700,48.5000,170.50,103.00,True
1789838689.7171,152.00,346.7000,342.6700,48.5000,170.50,103.00,True
1789838689.8379,152.10,347.3750,342.6700,48.5000,170.50,103.00,True
1789838689.9204,152.20,348.0500,346.0200,48.5000,170.50,103.00,True
1789838690.0359,152.30,348.7250,346.0200,48.5000,170.50,103.00,True
1789838690.1165,152.40,349.4050,346.0200,48.5000,171.00,103.00,True
1789838690.2188,152.50,350.0850,346.0200,48.5000,171.00,103.00,True
1789838690.3394,152.60,350.7650,349.4000,48.5000,171.00,103.00,True
1789838690.4219,152.70,351.4450,349.4000,48.5000,171.00,103.00,True
1789838690.5207,152.80,352.1300,349.4000,48.5000,171.50,103.00,True
1789838690.6203,152.90,352.8150,349.4000,48.5000,171.50,103.00,True
1789838690.7181,153.00,353.5000,349.4000,48.5000,171.50,103.00,True
1789838690.8184,153.10,354.1850,352.1300,48.5000,171.50,103.00,True
1789838690.9377,153.20,354.8700,352.1300,48.5000,171.50,103.00,True
1789838691.0203,153.30,355.5600,352.1300,48.5000,172.00,103.00,True
1789838691.1199,153.40,356.2500,352.1300,48.5000,172.00,103.00,True
1789838691.2397,153.50,356.9400,352.1300,48.5000,172.00,103.00,True
1789838691.3364,153.60,357.6300,355.5600,48.5000,172.00,103.00,True
1789838691.4413,153.70,358.3200,355.5600,48.5000,172.00,103.00,True
1789838691.5193,153.80,359.0150,355.5600,48.5000,172.50,103.00,True
1789838691.6217,153.90,359.7100,355.5600,48.5000,172.50,103.00,True
1789838691.7396,154.00,360.4050,359.0200,48.5000,172.50,103.00,True
1789838691.8204,154.10,361.1000,359.0200,48.5000,172.50,103.00,True
1789838691.9264,154.20,361.8000,359.0200,48.5000,173.00,103.00,True
1789838692.0188,154.30,362.5000,359.0200,48.5000,173.00,103.00,True
1789838692.1277,154.40,363.2000,359.0200,48.5000,173.00,103.00,True
1789838692.2256,154.50,363.9000,361.8000,48.5000,173.00,103.00,True
1789838692.3192,154.60,364.6000,361.8000,48.5000,173.00,103.00,True
1789838692.4186,154.70,365.3050,361.8000,48.5000,173.50,103.00,True
1789838692.5208,154.80,366.0100,361.8000,48.5000,173.50,103.00,True
1789838692.6385,154.90,366.7150,361.8000,48.5000,173.50,103.00,True
1789838692.7213,155.00,367.4200,365.3000,48.5000,173.50,103.00,True
1789838692.8414,155.10,368.1250,365.3000,48.5000,173.50,103.00,True
1789838692.9233,155.20,368.8350,365.3000,48.5000,174.00,103.00,True
1789838693.0233,155.30,369.5450,365.3000,48.5000,174.00,103.00,True
1789838693.1271,155.40,370.2550,368.8400,48.5000,174.00,103.00,True
1789838693.2218,155.50,370.9650,368.8400,48.5000,174.00,103.00,True
1789838693.3201,155.60,371.6800,368.8400,48.5000,174.50,103.00,True
1789838693.4293,155.70,372.3950,368.8400,48.5000,174.50,103.00,True
1789838693.5431,155.80,373.1100,368.8400,48.5000,174.50,103.00,True
1789838693.6248,155.90,373.8250,371.6800,48.5000,174.50,103.00,True
1789838693.7235,156.00,374.5400,371.6800,48.5000,174.50,103.00,True
1789838693.8209,156.10,375.2550,371.6800,48.5000,174.50,103.00,True
1789838693.9255,156.20,375.9700,371.6800,48.5000,174.50,103.00,True
1789838694.0230,156.30,376.6850,374.5400,48.5000,174.50,103.00,True
1789838694.1253,156.40,377.4000,374.5400,48.5000,174.50,103.00,True
1789838694.2201,156.50,378.1200,374.5400,48.5000,175.00,103.00,True
1789838694.3231,156.60,378.8400,374.5400,48.5000,175.00,103.00,True
1789838694.4398,156.70,379.5600,374.5400,48.5000,175.00,103.00,True
1789838694.5270,156.80,380.2800,378.1200,48.5000,175.00,103.00,True
1789838694.6431,156.90,381.0050,378.1200,48.5000,175.50,103.00,True
1789838694.7283,157.00,381.7300,378.1200,48.5000,175.50,103.00,True
1789838694.8236,157.10,382.4550,378.1200,48.5000,175.50,103.00,True
1789838694.9253,157.20,383.1800,381.0000,48.5000,175.50,103.00,True
1789838695.0237,157.30,383.9050,381.0000,48.5000,175.50,103.00,True
1789838695.1263,157.40,384.6350,381.0000,48.5000,176.00,103.00,True
1789838695.2270,157.50,385.3650,381.0000,48.5000,176.00,103.00,True
1789838695.3412,157.60,386.0950,381.0000,48.5000,176.00,103.00,True
1789838695.4269,157.70,386.8250,384.6400,48.5000,176.00,103.00,True
1789838695.5448,157.80,387.5550,384.6400,48.5000,176.00,103.00,True
1789838695.6273,157.90,388.2900,384.6400,48.5000,176.50,103.00,True
1789838695.7276,158.00,389.0250,384.6400,48.5000,176.50,103.00,True
1789838695.8417,158.10,389.7600,388.2900,48.5000,176.50,103.00,True
1789838695.9262,158.20,390.4950,388.2900,48.5000,176.50,103.00,True
1789838696.0229,158.30,391.2350,388.2900,48.5000,177.00,103.00,True
1789838696.1242,158.40,391.9750,388.2900,48.5000,177.00,103.00,True
1789838696.2254,158.50,392.7150,388.2900,48.5000,177.00,103.00,True
1789838696.3282,158.60,393.4550,391.2400,48.5000,177.00,103.00,True
1789838696.4456,158.70,394.1950,391.2400,48.5000,177.00,103.00,True
1789838696.5301,158.80,394.9400,391.2400,48.5000,177.50,103.00,True
1789838696.6330,158.90,395.6850,391.2400,48.5000,177.50,103.00,True
1789838696.7250,159.00,396.4300,391.2400,48.5000,177.50,103.00,True
1789838696.8282,159.10,397.1750,394.9400,48.5000,177.50,103.00,True
1789838696.9451,159.20,397.9200,394.9400,48.5000,177.50,103.00,True
1789838697.0243,159.30,398.6700,394.9400,48.5000,178.00,103.00,True
1789838697.1292,159.40,399.4200,394.9400,48.5000,178.00,103.00,True
1789838697.2438,159.50,400.1700,394.9400,48.5000,178.00,103.00,True
1789838697.3266,159.60,400.9200,398.6700,48.5000,178.00,103.00,True
1789838697.4426,159.70,401.6700,398.6700,48.5000,178.00,103.00,True
1789838697.5263,159.80,402.4250,398.6700,48.5000,178.50,103.00,True
1789838697.6261,159.90,403.1800,398.6700,48.5000,178.50,103.00,True
1789838697.7234,160.00,403.9350,402.4200,48.5000,178.50,103.00,True
1789838697.8357,160.10,404.6900,402.4200,402.4200,178.50,103.00,True
1789838697.9265,160.20,405.4450,402.4200,402.4200,178.50,103.00,True
1789838698.0282,160.30,406.2000,402.4200,402.4200,178.50,103.00,True
1789838698.1291,160.40,406.9550,402.4200,402.4200,178.50,103.00,True
1789838698.2300,160.50,407.7100,405.4400,402.4200,178.50,103.00,True
1789838698.3464,160.60,408.4650,405.4400,48.5000,178.50,103.00,True
1789838698.4266,160.70,409.2150,405.4400,48.5000,178.00,103.00,True
1789838698.5266,160.80,409.9650,405.4400,48.5000,178.00,103.00,True
1789838698.6459,160.90,410.7150,405.4400,48.5000,178.00,103.00,True
1789838698.7287,161.00,411.4650,409.2200,48.5000,178.00,103.00,True
1789838698.8487,161.10,412.2200,409.2200,48.5000,178.50,103.00,True
1789838698.9300,161.20,412.9750,409.2200,48.5000,178.50,103.00,True
1789838699.0274,161.30,413.7300,409.2200,48.5000,178.50,103.00,True
1789838699.1275,161.40,414.4850,412.2200,48.5000,178.50,103.00,True
1789838699.2274,161.50,415.2400,412.2200,48.5000,178.50,103.00,True
1789838699.3237,161.60,416.0000,412.2200,48.5000,179.00,103.00,True
1789838699.4297,161.70,416.7600,412.2200,48.5000,179.00,103.00,True
1789838699.5445,161.80,417.5200,412.2200,48.5000,179.00,103.00,True
1789838699.6267,161.90,418.2800,416.0000,48.5000,179.00,103.00,True
1789838699.7473,162.00,419.0400,416.0000,48.5000,179.00,103.00,True
1789838699.8274,162.10,419.8050,416.0000,48.5000,179.50,103.00,True
1789838699.9277,162.20,420.5700,416.0000,48.5000,179.50,103.00,True
1789838700.0299,162.30,421.3350,419.8000,48.5000,179.50,103.00,True
1789838700.1289,162.40,422.1000,419.8000,48.5000,179.50,103.00,True
1789838700.2300,162.50,422.8700,419.8000,48.5000,180.00,103.00,True
1789838700.3309,162.60,423.6400,419.8000,48.5000,180.00,103.00,True
1789838700.4478,162.70,424.4100,419.8000,48.5000,180.00,103.00,True
1789838700.5272,162.80,425.1800,422.8700,48.5000,180.00,103.00,True
1789838700.6457,162.90,425.9500,422.8700,48.5000,180.00,103.00,True
1789838700.7316,163.00,426.7250,422.8700,48.5000,180.50,103.00,True
1789838700.8324,163.10,427.5000,422.8700,48.5000,180.50,103.00,True
1789838700.9383,163.20,428.2750,426.7200,48.5000,180.50,103.00,True
1789838701.0280,163.30,429.0500,426.7200,48.5000,180.50,103.00,True
1789838701.1295,163.40,429.8300,426.7200,48.5000,181.00,103.00,True
1789838701.2286,163.50,430.6100,426.7200,48.5000,181.00,103.00,True
1789838701.3692,163.60,431.3900,426.7200,429.8300,181.00,103.00,True
1789838701.4325,163.70,432.1700,429.8300,429.8300,181.00,103.00,True
1789838701.5468,163.80,432.9500,429.8300,429.8300,181.00,103.00,True
1789838701.6281,163.90,433.7250,429.8300,429.8300,180.50,103.00,True
1789838701.7315,164.00,434.5000,429.8300,429.8300,180.50,103.00,True
1789838701.8718,164.10,435.2750,433.7200,429.8300,180.50,103.00,True
1789838701.9304,164.20,436.0500,433.7200,48.5000,180.50,103.00,True
1789838702.0295,164.30,436.8250,433.7200,48.5000,180.50,103.00,True
1789838702.1308,164.40,437.6000,433.7200,48.5000,180.50,103.00,True
1789838702.2296,164.50,438.3750,433.7200,48.5000,180.50,103.00,True
1789838702.3323,164.60,439.1500,436.8200,48.5000,180.50,103.00,True
1789838702.4299,164.70,439.9250,436.8200,48.5000,180.50,103.00,True
1789838702.5304,164.80,440.7050,436.8200,48.5000,181.00,103.00,True
1789838702.6307,164.90,441.4850,436.8200,48.5000,181.00,103.00,True
1789838702.7306,165.00,442.2650,436.8200,48.5000,181.00,103.00,True
1789838702.8360,165.10,443.0450,440.7000,48.5000,181.00,103.00,True
1789838702.9308,165.20,443.8250,440.7000,48.5000,181.00,103.00,True
1789838703.0306,165.30,444.6100,440.7000,48.5000,181.50,103.00,True
1789838703.1344,165.40,445.3950,440.7000,48.5000,181.50,103.00,True
1789838703.2502,165.50,446.1800,440.7000,48.5000,181.50,103.00,True
1789838703.3323,165.60,446.9650,444.6100,48.5000,181.50,103.00,True
1789838703.4506,165.70,447.7550,444.6100,48.5000,182.00,103.00,True
1789838703.5320,165.80,448.5450,444.6100,48.5000,182.00,103.00,True
1789838703.6312,165.90,449.3350,444.6100,48.5000,182.00,103.00,True
1789838703.7317,166.00,450.1250,447.7600,48.5000,182.00,103.00,True
1789838703.8353,166.10,450.9150,447.7600,48.5000,182.00,103.00,True
1789838703.9336,166.20,451.7100,447.7600,48.5000,182.50,103.00,True
1789838704.0342,166.30,452.5050,447.7600,48.5000,182.50,103.00,True
1789838704.1507,166.40,453.3000,447.7600,48.5000,182.50,103.00,True
1789838704.2323,166.50,454.0950,451.7100,48.5000,182.50,103.00,True
1789838704.3534,166.60,454.8900,451.7100,48.5000,182.50,103.00,True
1789838704.4348,166.70,455.6900,451.7100,48.5000,183.00,103.00,True
1789838704.5384,166.80,456.4900,451.7100,48.5000,183.00,103.00,True
1789838704.6462,166.90,457.2900,455.6900,48.5000,183.00,103.00,True
1789838704.7351,167.00,458.0900,455.6900,48.5000,183.00,103.00,True
1789838704.8314,167.10,458.8950,455.6900,48.5000,183.50,103.00,True
1789838704.9408,167.20,459.7000,455.6900,48.5000,183.50,103.00,True
1789838705.0351,167.30,460.5050,455.6900,48.5000,183.50,103.00,True
1789838705.1333,167.40,461.3100,458.9000,48.5000,183.50,103.00,True
1789838705.2542,167.50,462.1150,458.9000,48.5000,183.50,103.00,True
1789838705.3311,167.60,462.9250,458.9000,48.5000,184.00,103.00,True
1789838705.4355,167.70,463.7350,458.9000,48.5000,184.00,103.00,True
1789838705.5529,167.80,464.5450,462.9200,48.5000,184.00,103.00,True
1789838705.6316,167.90,465.3550,462.9200,48.5000,184.00,103.00,True
1789838705.7324,168.00,466.1700,462.9200,48.5000,184.50,103.00,True
1789838705.8329,168.10,466.9850,462.9200,48.5000,184.50,103.00,True
1789838705.9321,168.20,467.8000,462.9200,48.5000,184.50,103.00,True
1789838706.0371,168.30,468.6150,466.1700,466.1700,184.50,103.00,True
1789838706.6023,168.40,469.4300,466.1700,466.1700,184.50,103.00,True
1789838706.6495,168.50,470.2450,466.1700,466.1700,184.50,103.00,True
1789838706.7525,168.60,471.0600,466.1700,466.1700,184.50,103.00,True
1789838706.8731,168.70,471.8750,466.1700,466.1700,184.50,103.00,True
1789838706.9553,168.80,472.6900,470.2400,466.1700,184.50,103.00,True
1789838707.0711,168.90,473.5050,470.2400,48.5000,184.50,103.00,True
1789838707.1519,169.00,474.3150,470.2400,48.5000,184.00,103.00,True
1789838707.2563,169.10,475.1250,470.2400,48.5000,184.00,103.00,True
1789838707.3751,169.20,475.9350,474.3200,48.5000,184.00,103.00,True
1789838707.4540,169.30,476.7450,474.3200,48.5000,184.00,103.00,True
1789838707.5527,169.40,477.5600,474.3200,48.5000,184.50,103.00,True
1789838707.6558,169.50,478.3750,474.3200,48.5000,184.50,103.00,True
1789838707.7526,169.60,479.1900,474.3200,48.5000,184.50,103.00,True
1789838707.8542,169.70,480.0050,477.5600,48.5000,184.50,103.00,True
1789838707.9731,169.80,480.8200,477.5600,48.5000,184.50,103.00,True
1789838708.0534,169.90,481.6400,477.5600,48.5000,185.00,103.00,True
1789838708.1539,170.00,482.4600,477.5600,48.5000,185.00,103.00,True
1789838708.2895,170.10,483.2800,481.6400,48.5000,185.00,103.00,True
1789838708.3530,170.20,484.1000,481.6400,48.5000,185.00,103.00,True
1789838708.4720,170.30,484.9250,481.6400,48.5000,185.50,103.00,True
1789838708.5501,170.40,485.7500,481.6400,48.5000,185.50,103.00,True
1789838708.6562,170.50,486.5750,481.6400,48.5000,185.50,103.00,True
1789838708.7536,170.60,487.4000,485.7500,48.5000,185.50,103.00,True
1789838708.8534,170.70,488.2250,485.7500,48.5000,185.50,103.00,True
1789838708.9531,170.80,489.0550,485.7500,48.5000,186.00,103.00,True
1789838709.0561,170.90,489.8850,485.7500,48.5000,186.00,103.00,True
1789838709.1768,171.00,490.7150,485.7500,48.5000,186.00,103.00,True
1789838709.2555,171.10,491.5450,489.0600,48.5000,186.00,103.00,True
1789838709.3723,171.20,492.3750,489.0600,48.5000,186.00,103.00,True
1789838709.4566,171.30,493.2100,489.0600,48.5000,186.50,103.00,True
1789838709.5558,171.40,494.0450,489.0600,48.5000,186.50,103.00,True
1789838709.6782,171.50,494.8800,493.2100,48.5000,186.50,103.00,True
1789838709.7574,171.60,495.7150,493.2100,48.5000,186.50,103.00,True
1789838709.8532,171.70,496.5550,493.2100,48.5000,187.00,103.00,True
1789838709.9599,171.80,497.3950,493.2100,48.5000,187.00,103.00,True
1789838710.0578,171.90,498.2350,493.2100,48.5000,187.00,103.00,True
1789838710.1557,172.00,499.0750,496.5600,48.5000,187.00,103.00,True
1789838710.2710,172.10,499.9150,496.5600,48.5000,187.00,103.00,True
1789838710.3564,172.20,500.7600,496.5600,48.5000,187.50,103.00,True
1789838710.4569,172.30,501.6050,496.5600,48.5000,187.50,103.00,True
1789838710.5758,172.40,502.4500,500.7600,48.5000,187.50,103.00,True
1789838710.6602,172.50,503.2950,500.7600,48.5000,187.50,103.00,True
1789838710.7531,172.60,504.1400,500.7600,48.5000,187.50,103.00,True
1789838710.8540,172.70,504.9850,500.7600,48.5000,187.50,103.00,True
1789838710.9556,172.80,505.8300,500.7600,48.5000,187.50,103.00,True
1789838711.0566,172.90,506.6750,504.1400,48.5000,187.50,103.00,True
1789838711.1790,173.00,507.5200,504.1400,48.5000,187.50,103.00,True
1789838711.2549,173.10,508.3700,504.1400,48.5000,188.00,103.00,True
1789838711.3561,173.20,509.2200,504.1400,48.5000,188.00,103.00,True
1789838711.4739,173.30,510.0700,504.1400,48.5000,188.00,103.00,True
1789838711.5589,173.40,510.9200,508.3700,48.5000,188.00,103.00,True
1789838711.6806,173.50,511.7700,508.3700,48.5000,188.00,103.00,True
1789838711.7566,173.60,512.6250,508.3700,48.5000,188.50,103.00,True
1789838711.8609,173.70,513.4800,508.3700,48.5000,188.50,103.00,True
1789838711.9779,173.80,514.3350,512.6200,48.5000,188.50,103.00,True
1789838712.0585,173.90,515.1900,512.6200,48.5000,188.50,103.00,True
1789838712.1570,174.00,516.0500,512.6200,48.5000,189.00,103.00,True
1789838712.2596,174.10,516.9100,512.6200,48.5000,189.00,103.00,True
1789838712.3592,174.20,517.7700,512.6200,48.5000,189.00,103.00,True
1789838712.4569,174.30,518.6300,516.0500,48.5000,189.00,103.00,True
1789838712.5577,174.40,519.4900,516.0500,48.5000,189.00,103.00,True
1789838712.6566,174.50,520.3550,516.0500,48.5000,189.50,103.00,True
1789838712.7589,174.60,521.2200,516.0500,48.5000,189.50,103.00,True
1789838712.8758,174.70,522.0850,516.0500,48.5000,189.50,103.00,True
1789838712.9586,174.80,522.9500,520.3600,48.5000,189.50,103.00,True
1789838713.0797,174.90,523.8150,520.3600,48.5000,189.50,103.00,True
1789838713.1582,175.00,524.6850,520.3600,48.5000,190.00,103.00,True
1789838713.2597,175.10,525.5550,520.3600,48.5000,190.00,103.00,True
1789838713.3664,175.20,526.4250,524.6800,48.5000,190.00,103.00,True
1789838713.4591,175.30,527.2950,524.6800,48.5000,190.00,103.00,True
1789838713.5578,175.40,528.1700,524.6800,48.5000,190.50,103.00,True
1789838713.6598,175.50,529.0450,524.6800,48.5000,190.50,103.00,True
1789838713.7596,175.60,529.9200,524.6800,48.5000,190.50,103.00,True
1789838713.8592,175.70,530.7950,528.1700,48.5000,190.50,103.00,True
1789838713.9774,175.80,531.6700,528.1700,48.5000,190.50,103.00,True
1789838714.0584,175.90,532.5500,528.1700,48.5000,191.00,103.00,True
1789838714.1599,176.00,533.4300,528.1700,48.5000,191.00,103.00,True
1789838714.2805,176.10,534.3100,532.5500,48.5000,191.00,103.00,True
1789838714.3609,176.20,535.1900,532.5500,48.5000,191.00,103.00,True
1789838714.4653,176.30,536.0750,532.5500,48.5000,191.50,103.00,True
1789838714.5630,176.40,536.9600,532.5500,48.5000,191.50,103.00,True
1789838714.6622,176.50,537.8450,532.5500,48.5000,191.50,103.00,True
1789838714.7619,176.60,538.7300,536.0800,48.5000,191.50,103.00,True
1789838714.8783,176.70,539.6150,536.0800,48.5000,191.50,103.00,True
1789838714.9609,176.80,540.5050,536.0800,48.5000,192.00,103.00,True
1789838715.0617,176.90,541.3950,536.0800,48.5000,192.00,103.00,True
1789838715.1806,177.00,542.2850,540.5000,48.5000,192.00,103.00,True
1789838715.2619,177.10,543.1750,540.5000,48.5000,192.00,103.00,True
1789838715.3611,177.20,544.0650,540.5000,48.5000,192.00,103.00,True
1789838715.4611,177.30,544.9550,540.5000,48.5000,192.00,103.00,True
1789838715.5620,177.40,545.8450,540.5000,48.5000,192.00,103.00,True
1789838715.6617,177.50,546.7350,544.0700,48.5000,192.00,103.00,True
1789838715.7812,177.60,547.6250,544.0700,48.5000,192.00,103.00,True
1789838715.8600,177.70,548.5200,544.0700,48.5000,192.50,103.00,True
1789838715.9599,177.80,549.4150,544.0700,48.5000,192.50,103.00,True
1789838716.0591,177.90,550.3100,544.0700,48.5000,192.50,103.00,True
1789838716.1673,178.00,551.2050,548.5200,48.5000,192.50,103.00,True
1789838716.2609,178.10,552.1000,548.5200,48.5000,192.50,103.00,True
1789838716.3611,178.20,553.0000,548.5200,48.5000,193.00,103.00,True
1789838716.4589,178.30,553.9000,548.5200,48.5000,193.00,103.00,True
1789838716.5588,178.40,554.8000,548.5200,48.5000,193.00,103.00,True
1789838716.6637,178.50,555.7000,553.0000,48.5000,193.00,103.00,True
1789838716.7820,178.60,556.6050,553.0000,48.5000,193.50,103.00,True
1789838716.8582,178.70,557.5100,553.0000,48.5000,193.50,103.00,True
1789838716.9616,178.80,558.4150,553.0000,48.5000,193.50,103.00,True
1789838717.0820,178.90,559.3200,557.5100,48.5000,193.50,103.00,True
1789838717.1640,179.00,560.2250,557.5100,48.5000,193.50,103.00,True
1789838717.2641,179.10,561.1350,557.5100,48.5000,194.00,103.00,True
1789838717.3645,179.20,562.0450,557.5100,48.5000,194.00,103.00,True
1789838717.4599,179.30,562.9550,557.5100,48.5000,194.00,103.00,True
1789838717.5611,179.40,563.8650,561.1400,48.5000,194.00,103.00,True
1789838717.6834,179.50,564.7750,561.1400,48.5000,194.00,103.00,True
1789838717.7604,179.60,565.6900,561.1400,48.5000,194.50,103.00,True
1789838717.8857,179.70,566.6050,561.1400,48.5000,194.50,103.00,False
1789838717.9799,179.80,567.5200,561.1400,48.5000,194.50,103.00,False
1789838718.0611,179.90,568.4350,565.6900,48.5000,194.50,103.00,False
1789838718.1834,180.00,569.3500,565.6900,48.5000,194.50,103.00,False
1789838718.2629,180.10,570.2700,565.6900,48.5000,195.00,103.00,False
1789838718.3694,180.20,571.1900,565.6900,565.6900,195.00,103.00,False
1789838718.4826,180.30,572.1100,570.2700,565.6900,195.00,103.00,False
1789838718.5639,180.40,573.0300,570.2700,565.6900,195.00,103.00,False
1789838718.6631,180.50,573.9450,570.2700,565.6900,194.50,103.00,False
1789838718.7654,180.60,574.8600,570.2700,565.6900,194.50,103.00,False
1789838718.8813,180.70,575.7750,570.2700,570.2700,194.50,103.00,False
1789838718.9658,180.80,576.6900,573.9500,570.2700,194.50,103.00,False
1789838719.0808,180.90,577.6050,573.9500,570.2700,194.50,103.00,False
1789838719.1617,181.00,578.5150,573.9500,570.2700,194.00,103.00,False
1789838719.2657,181.10,579.4250,573.9500,570.2700,194.00,103.00,False
1789838719.4021,181.20,580.3350,578.5200,578.5200,194.00,103.00,False
1789838719.4669,181.30,581.2450,578.5200,578.5200,194.00,103.00,False
1789838719.5835,181.40,582.1500,578.5200,578.5200,193.50,103.00,False
1789838719.6634,181.50,583.0550,578.5200,578.5200,193.50,103.00,False
1789838719.7648,181.60,583.9600,578.5200,578.5200,193.50,103.00,False
1789838719.8640,181.70,584.8650,583.0500,578.5200,193.50,103.00,False
1789838719.9650,181.80,585.7700,583.0500,583.0500,193.50,103.00,False
1789838720.0614,181.90,586.6750,583.0500,583.0500,193.50,103.00,False
1789838720.1664,182.00,587.5800,583.0500,583.0500,193.50,103.00,False
1789838720.2872,182.10,588.4850,583.0500,583.0500,193.50,103.00,False
1789838720.3684,182.20,589.3900,586.6700,583.0500,193.50,103.00,False
1789838720.4833,182.30,590.2950,586.6700,586.6700,193.50,103.00,False
1789838720.5670,182.40,591.1950,586.6700,586.6700,193.00,103.00,False
1789838720.6671,182.50,592.0950,586.6700,586.6700,193.00,103.00,False
1789838720.7613,182.60,592.9950,586.6700,586.6700,193.00,103.00,False
1789838720.8669,182.70,593.8950,591.2000,586.6700,193.00,103.00,False
1789838720.9917,182.80,594.7950,591.2000,591.2000,193.00,103.00,False
1789838721.0641,182.90,595.6900,591.2000,591.2000,192.50,103.00,False
1789838721.1671,183.00,596.5850,591.2000,591.2000,192.50,103.00,False
1789838721.2886,183.10,597.4800,595.6900,591.2000,192.50,103.00,False
1789838721.3846,183.20,598.3750,595.6900,591.2000,192.50,103.00,False
1789838721.4625,183.30,599.2650,595.6900,591.2000,192.00,103.00,False
1789838721.5668,183.40,600.1550,595.6900,595.6900,192.00,103.00,False
1789838721.6643,183.50,601.0450,595.6900,595.6900,192.00,103.00,False
1789838721.7650,183.60,601.9350,599.2600,595.6900,192.00,103.00,False
1789838721.8858,183.70,602.8250,599.2600,595.6900,192.00,103.00,False
1789838721.9669,183.80,603.7100,599.2600,595.6900,191.50,103.00,False
1789838722.0665,183.90,604.5950,599.2600,599.2600,191.50,103.00,False
1789838722.1869,184.00,605.4800,603.7100,599.2600,191.50,103.00,False
1789838722.2646,184.10,606.3650,603.7100,599.2600,191.50,103.00,False
1789838722.3827,184.20,607.2450,603.7100,599.2600,191.00,103.00,False
1789838722.4687,184.30,608.1250,603.7100,599.2600,191.00,103.00,False
1789838722.5677,184.40,609.0050,603.7100,603.7100,191.00,103.00,False
1789838722.6683,184.50,609.8850,607.2400,603.7100,191.00,103.00,False
1789838722.7735,184.60,610.7650,607.2400,603.7100,191.00,103.00,False
1789838722.8672,184.70,611.6400,607.2400,603.7100,190.50,103.00,False
1789838722.9720,184.80,612.5150,607.2400,603.7100,190.50,103.00,False
1789838723.1067,184.90,613.3900,607.2400,607.2400,190.50,103.00,False
1789838723.1697,185.00,614.2650,611.6400,607.2400,190.50,103.00,False
1789838723.2849,185.10,615.1400,611.6400,607.2400,190.50,103.00,False
1789838723.3650,185.20,616.0100,611.6400,607.2400,190.00,103.00,False
1789838723.4729,185.30,616.8800,611.6400,607.2400,190.00,103.00,False
1789838723.6024,185.40,617.7500,616.0100,616.0100,190.00,103.00,False
1789838723.6692,185.50,618.6200,616.0100,616.0100,190.00,103.00,False
1789838723.7643,185.60,619.4900,616.0100,616.0100,190.00,103.00,False
1789838723.8676,185.70,620.3600,616.0100,616.0100,190.00,103.00,False
1789838723.9880,185.80,621.2300,616.0100,616.0100,190.00,103.00,False
1789838724.0658,185.90,622.1000,619.4900,616.0100,190.00,103.00,False
1789838724.1915,186.00,622.9700,619.4900,619.4900,190.00,103.00,False
1789838724.2662,186.10,623.8350,619.4900,619.4900,189.50,103.00,False
1789838724.3677,186.20,624.7000,619.4900,619.4900,189.50,103.00,False
1789838724.4856,186.30,625.5650,623.8400,619.4900,189.50,103.00,False
1789838724.5677,186.40,626.4300,623.8400,619.4900,189.50,103.00,False
1789838724.6693,186.50,627.2900,623.8400,623.8400,189.00,103.00,False
1789838724.7681,186.60,628.1500,623.8400,623.8400,189.00,103.00,False
1789838724.8894,186.70,629.0100,623.8400,623.8400,189.00,103.00,False
1789838724.9748,186.80,629.8700,627.2900,623.8400,189.00,103.00,False
1789838725.0902,186.90,630.7300,627.2900,623.8400,189.00,103.00,False
1789838725.1869,187.00,631.5850,627.2900,623.8400,188.50,103.00,False
1789838725.2699,187.10,632.4400,627.2900,627.2900,188.50,103.00,False
1789838725.3879,187.20,633.2950,631.5800,627.2900,188.50,103.00,False
1789838725.4712,187.30,634.1500,631.5800,627.2900,188.50,103.00,False
1789838725.5760,187.40,635.0000,631.5800,627.2900,188.00,103.00,False
1789838725.6681,187.50,635.8500,631.5800,627.2900,188.00,103.00,False
1789838725.7714,187.60,636.7000,631.5800,631.5800,188.00,103.00,False
1789838725.8705,187.70,637.5500,635.0000,631.5800,188.00,103.00,False
1789838725.9675,187.80,638.4000,635.0000,631.5800,188.00,103.00,False
1789838726.0703,187.90,639.2450,635.0000,631.5800,187.50,103.00,False
1789838726.1735,188.00,640.0900,635.0000,631.5800,187.50,103.00,False
1789838726.2908,188.10,640.9350,639.2400,635.0000,187.50,103.00,False
1789838726.3718,188.20,641.7800,639.2400,635.0000,187.50,103.00,False
1789838726.4669,188.30,642.6200,639.2400,635.0000,187.00,103.00,False
1789838726.5686,188.40,643.4600,639.2400,635.0000,187.00,103.00,False
1789838726.6754,188.50,644.3000,639.2400,635.0000,187.00,103.00,False
1789838726.7919,188.60,645.1400,642.6200,642.6200,187.00,103.00,False
1789838726.8694,188.70,645.9800,642.6200,642.6200,187.00,103.00,False
1789838726.9714,188.80,646.8200,642.6200,642.6200,187.00,103.00,False
1789838727.0702,188.90,647.6600,642.6200,642.6200,187.00,103.00,False
1789838727.1961,189.00,648.5000,646.8200,642.6200,187.00,103.00,False
1789838727.2915,189.10,649.3400,646.8200,642.6200,187.00,103.00,False
1789838727.3873,189.20,650.1750,646.8200,646.8200,186.50,103.00,False
1789838727.4707,189.30,651.0100,646.8200,646.8200,186.50,103.00,False
1789838727.5732,189.40,651.8450,646.8200,646.8200,186.50,103.00,False
1789838727.6739,189.50,652.6800,650.1700,646.8200,186.50,103.00,False
1789838727.7899,189.60,653.5150,650.1700,646.8200,186.50,103.00,False
1789838727.8712,189.70,654.3450,650.1700,650.1700,186.00,103.00,False
1789838727.9700,189.80,655.1750,650.1700,650.1700,186.00,103.00,False
1789838728.0905,189.90,656.0050,654.3400,650.1700,186.00,103.00,False
1789838728.1727,190.00,656.8350,654.3400,650.1700,186.00,103.00,False
1789838728.2792,190.10,657.6600,654.3400,650.1700,185.50,103.00,False
1789838728.3920,190.20,658.4850,654.3400,654.3400,185.50,103.00,False
1789838728.4758,190.30,659.3100,654.3400,654.3400,185.50,103.00,False
1789838728.5705,190.40,660.1350,655.3500,654.3400,185.50,103.00,False
1789838728.6917,190.50,660.9600,655.3500,654.3400,185.50,103.00,False
1789838728.7702,190.60,661.7800,655.3500,654.3400,185.00,103.00,False
1789838728.8930,190.70,662.6000,655.3500,655.3500,185.00,103.00,False
1789838728.9735,190.80,663.4200,655.3500,655.3500,185.00,103.00,False
1789838729.0720,190.90,664.2400,655.3500,655.3500,185.00,103.00,False
1789838729.1706,191.00,665.0550,655.3500,655.3500,184.50,103.00,False
1789838729.2747,191.10,665.8700,655.3500,655.3500,184.50,103.00,False
1789838729.3746,191.20,666.6850,655.3500,655.3500,184.50,103.00,False
1789838729.4768,191.30,667.5000,655.3500,655.3500,184.50,103.00,False
1789838729.5725,191.40,668.3150,655.3500,655.3500,184.50,103.00,False
1789838729.6735,191.50,669.1300,655.3500,655.3500,184.50,103.00,False
1789838729.7773,191.60,669.9450,655.3500,655.3500,184.50,103.00,False
1789838729.8785,191.70,670.7600,655.3500,655.3500,184.50,103.00,False
1789838729.9947,191.80,671.5700,655.3500,655.3500,184.00,103.00,False
1789838730.0702,191.90,672.3800,655.3500,655.3500,184.00,103.00,False
1789838730.1744,192.00,673.1900,655.3500,655.3500,184.00,103.00,False
1789838730.2764,192.10,674.0000,655.3500,655.3500,184.00,103.00,False
1789838730.3756,192.20,674.8100,655.3500,655.3500,184.00,103.00,False
1789838730.4737,192.30,675.6150,655.3500,655.3500,183.50,103.00,False
1789838730.5759,192.40,676.4200,655.3500,655.3500,183.50,103.00,False
1789838730.6704,192.50,677.2250,655.3500,655.3500,183.50,103.00,False
1789838730.7745,192.60,678.0300,655.3500,655.3500,183.50,103.00,False
1789838730.8921,192.70,678.8300,655.3500,655.3500,183.00,103.00,False
1789838730.9767,192.80,679.6300,655.3500,655.3500,183.00,103.00,False
1789838731.0763,192.90,680.4300,655.3500,655.3500,183.00,103.00,False
1789838731.1801,193.00,681.2300,655.3500,655.3500,183.00,103.00,False
1789838731.2772,193.10,682.0300,655.3500,655.3500,183.00,103.00,False
1789838731.3755,193.20,682.8250,655.3500,655.3500,182.50,103.00,False
1789838731.4769,193.30,683.6200,655.3500,655.3500,182.50,103.00,False
1789838731.5737,193.40,684.4150,655.3500,655.3500,182.50,103.00,False
1789838731.6799,193.50,685.2100,655.3500,655.3500,182.50,103.00,False
1789838731.7912,193.60,686.0050,655.3500,655.3500,182.50,103.00,False
1789838731.8747,193.70,686.7950,655.3500,655.3500,182.00,103.00,False
1789838731.9757,193.80,687.5850,655.3500,655.3500,182.00,103.00,False
1789838732.0765,193.90,688.3750,655.3500,655.3500,182.00,103.00,False
1789838732.1745,194.00,689.1650,655.3500,655.3500,182.00,103.00,False
1789838732.2754,194.10,689.9500,655.3500,655.3500,181.50,103.00,False
1789838732.3799,194.20,690.7350,655.3500,655.3500,181.50,103.00,False
1789838732.4775,194.30,691.5200,655.3500,655.3500,181.50,103.00,False
1789838732.5764,194.40,692.3050,655.3500,655.3500,181.50,103.00,False
1789838732.6758,194.50,693.0850,655.3500,655.3500,181.00,103.00,False
1789838732.7759,194.60,693.8650,655.3500,655.3500,181.00,103.00,False
1789838732.8780,194.70,694.6450,655.3500,655.3500,181.00,103.00,False
1789838732.9807,194.80,695.4250,655.3500,655.3500,181.00,103.00,False
1789838733.0789,194.90,696.2050,655.3500,655.3500,181.00,103.00,False
1789838733.1771,195.00,696.9850,655.3500,655.3500,181.00,103.00,False
1789838733.2781,195.10,697.7650,655.3500,655.3500,181.00,103.00,False
1789838733.3797,195.20,698.5450,655.3500,655.3500,181.00,103.00,False
1789838733.4783,195.30,699.3250,655.3500,655.3500,181.00,103.00,False
1789838733.5753,195.40,700.1000,655.3500,655.3500,180.50,103.00,False
1789838733.6779,195.50,700.8750,655.3500,655.3500,180.50,103.00,False
1789838733.7757,195.60,701.6500,655.3500,655.3500,180.50,103.00,False
1789838733.8845,195.70,702.4250,655.3500,655.3500,180.50,103.00,False
1789838733.9872,195.80,703.1950,655.3500,655.3500,180.00,103.00,False
1789838734.0800,195.90,703.9650,655.3500,655.3500,180.00,103.00,False
1789838734.1789,196.00,704.7350,655.3500,655.3500,180.00,103.00,False
1789838734.2843,196.10,705.5050,655.3500,655.3500,180.00,103.00,False
1789838734.3826,196.20,706.2750,655.3500,655.3500,180.00,103.00,False
1789838734.4799,196.30,707.0400,655.3500,655.3500,179.50,103.00,False
1789838734.5817,196.40,707.8050,655.3500,655.3500,179.50,103.00,False
1789838734.6770,196.50,708.5700,655.3500,655.3500,179.50,103.00,False
1789838734.7833,196.60,709.3350,655.3500,655.3500,179.50,103.00,False
1789838734.9018,196.70,710.1000,655.3500,655.3500,179.50,103.00,False
1789838734.9849,196.80,710.8600,655.3500,655.3500,179.00,103.00,False
1789838735.0861,196.90,711.6200,655.3500,655.3500,179.00,103.00,False
1789838735.1849,197.00,712.3800,655.3500,655.3500,179.00,103.00,False
1789838735.2824,197.10,713.1400,655.3500,655.3500,179.00,103.00,False
1789838735.3886,197.20,713.8950,655.3500,655.3500,178.50,103.00,False
1789838735.4798,197.30,714.6500,655.3500,655.3500,178.50,103.00,False
1789838735.5840,197.40,715.4050,655.3500,655.3500,178.50,103.00,False
1789838735.6835,197.50,716.1600,655.3500,655.3500,178.50,103.00,False
1789838735.7771,197.60,716.9150,655.3500,655.3500,178.50,103.00,False
1789838735.8783,197.70,717.6650,655.3500,655.3500,178.00,103.00,False
1789838735.9835,197.80,718.4150,655.3500,655.3500,178.00,103.00,False
1789838736.0842,197.90,719.1650,655.3500,655.3500,178.00,103.00,False
1789838736.1822,198.00,719.9150,655.3500,655.3500,178.00,103.00,False
1789838736.3017,198.10,720.6600,655.3500,655.3500,177.50,103.00,False
1789838736.3785,198.20,721.4050,655.3500,655.3500,177.50,103.00,False
1789838736.4820,198.30,722.1500,655.3500,655.3500,177.50,103.00,False
1789838736.5844,198.40,722.8950,655.3500,655.3500,177.50,103.00,False
1789838736.6800,198.50,723.6400,655.3500,655.3500,177.50,103.00,False
1789838736.7785,198.60,724.3850,655.3500,655.3500,177.50,103.00,False
1789838736.8798,198.70,725.1300,655.3500,655.3500,177.50,103.00,False
1789838736.9897,198.80,725.8750,655.3500,655.3500,177.50,103.00,False
1789838737.0897,198.90,726.6200,655.3500,655.3500,177.50,103.00,False
1789838737.1887,199.00,727.3600,655.3500,655.3500,177.00,103.00,False
1789838737.2874,199.10,728.1000,655.3500,655.3500,177.00,103.00,False
1789838737.3860,199.20,728.8400,655.3500,655.3500,177.00,103.00,False
1789838737.4845,199.30,729.5800,655.3500,655.3500,177.00,103.00,False
1789838737.6043,199.40,730.3200,655.3500,655.3500,177.00,103.00,False
1789838737.6803,199.50,731.0550,655.3500,655.3500,176.50,103.00,False
1789838737.7784,199.60,731.7900,655.3500,655.3500,176.50,103.00,False
1789838737.8795,199.70,732.5250,655.3500,655.3500,176.50,103.00,False
1789838737.9799,199.80,733.2600,655.3500,655.3500,176.50,103.00,False
1789838738.0780,199.90,733.9900,655.3500,655.3500,176.00,103.00,False
1789838738.1820,200.00,734.7200,655.3500,655.3500,176.00,103.00,False
1789838738.2853,200.10,735.4500,655.3500,655.3500,176.00,103.00,False
1789838738.3873,200.20,736.1800,655.3500,655.3500,176.00,103.00,False
1789838738.5025,200.30,736.9100,655.3500,655.3500,176.00,103.00,False
1789838738.5842,200.40,737.6350,655.3500,655.3500,175.50,103.00,False
1789838738.6874,200.50,738.3600,655.3500,655.3500,175.50,103.00,False
1789838738.7836,200.60,739.0850,655.3500,655.3500,175.50,103.00,False
1789838739.3954,200.70,739.8100,655.3500,655.3500,175.50,103.00,False
1789838739.4991,200.80,740.5300,655.3500,655.3500,175.00,103.00,False
1789838739.5990,200.90,741.2500,655.3500,655.3500,175.00,103.00,False
1789838739.7028,201.00,741.9700,655.3500,655.3500,175.00,103.00,False
1789838739.7981,201.10,742.6900,655.3500,655.3500,175.00,103.00,False
1789838739.9150,201.20,743.4050,655.3500,655.3500,174.50,103.00,False
1789838739.9950,201.30,744.1200,655.3500,655.3500,174.50,103.00,False
1789838740.0965,201.40,744.8350,655.3500,655.3500,174.50,103.00,False
1789838740.2024,201.50,745.5500,655.3500,655.3500,174.50,103.00,False
1789838740.3190,201.60,746.2650,655.3500,655.3500,174.50,103.00,False
1789838740.3963,201.70,746.9750,655.3500,655.3500,174.00,103.00,False
1789838740.5041,201.80,747.6850,655.3500,655.3500,174.00,103.00,False
1789838740.6018,201.90,748.3950,655.3500,655.3500,174.00,103.00,False
1789838740.7067,202.00,749.1050,655.3500,655.3500,174.00,103.00,False
1789838740.7998,202.10,749.8150,655.3500,655.3500,174.00,103.00,False
1789838740.8992,202.20,750.5250,655.3500,655.3500,174.00,103.00,False
1789838741.0000,202.30,751.2350,655.3500,655.3500,174.00,103.00,False
1789838741.1038,202.40,751.9450,655.3500,655.3500,174.00,103.00,False
1789838741.2235,202.50,752.6550,655.3500,655.3500,174.00,103.00,False
1789838741.3004,202.60,753.3600,655.3500,655.3500,173.50,103.00,False
1789838741.4002,202.70,754.0650,655.3500,655.3500,173.50,103.00,False
1789838741.4986,202.80,754.7700,655.3500,655.3500,173.50,103.00,False
1789838741.6006,202.90,755.4750,655.3500,655.3500,173.50,103.00,False
1789838741.7154,203.00,756.1800,655.3500,655.3500,173.50,103.00,False
1789838741.8005,203.10,756.8800,655.3500,655.3500,173.00,103.00,False
1789838741.8999,203.20,757.5800,655.3500,655.3500,173.00,103.00,False
1789838741.9988,203.30,758.2800,655.3500,655.3500,173.00,103.00,False
1789838742.0979,203.40,758.9800,655.3500,655.3500,173.00,103.00,False
1789838742.1995,203.50,759.6750,655.3500,655.3500,172.50,103.00,False
1789838742.3023,203.60,760.3700,655.3500,655.3500,172.50,103.00,False
1789838742.4058,203.70,761.0650,655.3500,655.3500,172.50,103.00,False
1789838742.5009,203.80,761.7600,655.3500,655.3500,172.50,103.00,False
1789838742.6154,203.90,762.4550,655.3500,655.3500,172.50,103.00,False
1789838742.6979,204.00,763.1450,655.3500,655.3500,172.00,103.00,False
1789838742.8008,204.10,763.8350,655.3500,655.3500,172.00,103.00,False
1789838742.9022,204.20,764.5250,655.3500,655.3500,172.00,103.00,False
1789838743.0034,204.30,765.2150,655.3500,655.3500,172.00,103.00,False
1789838743.0990,204.40,765.9000,655.3500,655.3500,171.50,103.00,False
1789838743.2042,204.50,766.5850,655.3500,655.3500,171.50,103.00,False
1789838743.3028,204.60,767.2700,655.3500,655.3500,171.50,103.00,False
1789838743.4053,204.70,767.9550,655.3500,655.3500,171.50,103.00,False
1789838743.5016,204.80,768.6400,655.3500,655.3500,171.50,103.00,False
1789838743.5989,204.90,769.3250,655.3500,655.3500,171.50,103.00,False
1789838743.7001,205.00,770.0100,655.3500,655.3500,171.50,103.00,False
1789838743.8019,205.10,770.6950,655.3500,655.3500,171.50,103.00,False
1789838743.9189,205.20,771.3800,655.3500,655.3500,171.50,103.00,False
1789838743.9999,205.30,772.0600,655.3500,655.3500,171.00,103.00,False
1789838744.0993,205.40,772.7400,655.3500,655.3500,171.00,103.00,False
1789838744.2001,205.50,773.4200,655.3500,655.3500,171.00,103.00,False
1789838744.3009,205.60,774.1000,655.3500,655.3500,171.00,103.00,False
1789838744.4183,205.70,774.7750,655.3500,655.3500,170.50,103.00,False
1789838744.5006,205.80,775.4500,655.3500,655.3500,170.50,103.00,False
1789838744.6007,205.90,776.1250,655.3500,655.3500,170.50,103.00,False
1789838744.7037,206.00,776.8000,655.3500,655.3500,170.50,103.00,False
1789838744.8225,206.10,777.4750,655.3500,655.3500,170.50,103.00,False
1789838744.9011,206.20,778.1450,655.3500,655.3500,170.00,103.00,False
1789838745.0015,206.30,778.8150,655.3500,655.3500,170.00,103.00,False
1789838745.1005,206.40,779.4850,655.3500,655.3500,170.00,103.00,False
1789838745.2035,206.50,780.1550,655.3500,655.3500,170.00,103.00,False
1789838745.2998,206.60,780.8200,655.3500,655.3500,169.50,103.00,False
1789838745.4034,206.70,781.4850,655.3500,655.3500,169.50,103.00,False
1789838745.5036,206.80,782.1500,655.3500,655.3500,169.50,103.00,False
1789838745.6033,206.90,782.8150,655.3500,655.3500,169.50,103.00,False
1789838745.7224,207.00,783.4800,655.3500,655.3500,169.50,103.00,False
1789838745.8070,207.10,784.1400,655.3500,655.3500,169.00,103.00,False
1789838745.9070,207.20,784.8000,655.3500,655.3500,169.00,103.00,False
1789838746.0066,207.30,785.4600,655.3500,655.3500,169.00,103.00,False
1789838746.1043,207.40,786.1200,655.3500,655.3500,169.00,103.00,False
1789838746.2037,207.50,786.7750,655.3500,655.3500,168.50,103.00,False
1789838746.3031,207.60,787.4300,655.3500,655.3500,168.50,103.00,False
1789838746.4050,207.70,788.0850,655.3500,655.3500,168.50,103.00,False
1789838746.5020,207.80,788.7400,655.3500,655.3500,168.50,103.00,False
1789838746.6040,207.90,789.3950,655.3500,655.3500,168.50,103.00,False
1789838746.7033,208.00,790.0500,655.3500,655.3500,168.50,103.00,False
1789838746.8049,208.10,790.7050,655.3500,655.3500,168.50,103.00,False
1789838746.9045,208.20,791.3600,655.3500,655.3500,168.50,103.00,False
1789838747.0207,208.30,792.0150,655.3500,655.3500,168.50,103.00,False
1789838747.1011,208.40,792.6650,655.3500,655.3500,168.00,103.00,False
1789838747.2020,208.50,793.3150,655.3500,655.3500,168.00,103.00,False
1789838747.3086,208.60,793.9650,655.3500,655.3500,168.00,103.00,False
1789838747.4275,208.70,794.6150,655.3500,655.3500,168.00,103.00,False
1789838747.5059,208.80,795.2600,655.3500,655.3500,167.50,103.00,False
1789838747.6080,208.90,795.9050,655.3500,655.3500,167.50,103.00,False
1789838747.7065,209.00,796.5500,655.3500,655.3500,167.50,103.00,False
1789838747.8080,209.10,797.1950,655.3500,655.3500,167.50,103.00,False
1789838747.9266,209.20,797.8400,655.3500,655.3500,167.50,103.00,False
1789838748.0071,209.30,798.4800,655.3500,655.3500,167.00,103.00,False
1789838748.1048,209.40,799.1200,655.3500,655.3500,167.00,103.00,False
1789838748.2029,209.50,799.7600,655.3500,655.3500,167.00,103.00,False
1789838748.3107,209.60,800.4000,655.3500,655.3500,167.00,103.00,False
1789838748.4039,209.70,801.0350,655.3500,655.3500,166.50,103.00,False
1789838748.5073,209.80,801.6700,655.3500,655.3500,166.50,103.00,False
1789838748.6081,209.90,802.3050,655.3500,655.3500,166.50,103.00,False
1789838748.7038,210.00,802.9400,655.3500,655.3500,166.50,103.00,False
1789838748.8220,210.10,803.5750,655.3500,655.3500,166.50,103.00,False
1789838748.9054,210.20,804.2050,655.3500,655.3500,166.00,103.00,False
1789838749.0079,210.30,804.8350,655.3500,655.3500,166.00,103.00,False
1789838749.1055,210.40,805.4650,655.3500,655.3500,166.00,103.00,False
1789838749.2039,210.50,806.0950,655.3500,655.3500,166.00,103.00,False
1789838749.3024,210.60,806.7200,655.3500,655.3500,165.50,103.00,False
1789838749.4092,210.70,807.3450,655.3500,655.3500,165.50,103.00,False
1789838749.5074,210.80,807.9700,655.3500,655.3500,165.50,103.00,False
1789838749.6059,210.90,808.5950,655.3500,655.3500,165.50,103.00,False
1789838749.7241,211.00,809.2150,655.3500,655.3500,165.00,103.00,False
1789838749.8042,211.10,809.8350,655.3500,655.3500,165.00,103.00,False
1789838749.9112,211.20,810.4550,655.3500,655.3500,165.00,103.00,False
1789838750.0117,211.30,811.0750,655.3500,655.3500,165.00,103.00,False
1789838750.1070,211.40,811.6950,655.3500,655.3500,165.00,103.00,False
1789838750.2055,211.50,812.3150,655.3500,655.3500,165.00,103.00,False
1789838750.3075,211.60,812.9350,655.3500,655.3500,165.00,103.00,False
1789838750.4071,211.70,813.5550,655.3500,655.3500,165.00,103.00,False
1789838750.5091,211.80,814.1750,655.3500,655.3500,165.00,103.00,False
1789838750.6214,211.90,814.7900,655.3500,655.3500,164.50,103.00,False
1789838750.7076,212.00,815.4050,655.3500,655.3500,164.50,103.00,False
1789838750.8077,212.10,816.0200,655.3500,655.3500,164.50,103.00,False
1789838750.9083,212.20,816.6350,655.3500,655.3500,164.50,103.00,False
1789838751.0071,212.30,817.2500,655.3500,655.3500,164.50,103.00,False
1789838751.1072,212.40,817.8600,655.3500,655.3500,164.00,103.00,False
1789838751.2076,212.50,818.4700,655.3500,655.3500,164.00,103.00,False
1789838751.3152,212.60,819.0800,655.3500,655.3500,164.00,103.00,False
1789838751.4104,212.70,819.6900,655.3500,655.3500,164.00,103.00,False
1789838751.5303,212.80,820.2950,655.3500,655.3500,163.50,103.00,False
1789838751.6120,212.90,820.9000,655.3500,655.3500,163.50,103.00,False
1789838751.7078,213.00,821.5050,655.3500,655.3500,163.50,103.00,False
1789838751.8081,213.10,822.1100,655.3500,655.3500,163.50,103.00,False
1789838751.9265,213.20,822.7150,655.3500,655.3500,163.50,103.00,False
1789838752.0066,213.30,823.3150,655.3500,655.3500,163.00,103.00,False
1789838752.1073,213.40,823.9150,655.3500,655.3500,163.00,103.00,False
1789838752.2137,213.50,824.5150,655.3500,655.3500,163.00,103.00,False
1789838752.3121,213.60,825.1150,655.3500,655.3500,163.00,103.00,False
1789838752.4142,213.70,825.7100,655.3500,655.3500,162.50,103.00,False
1789838752.5096,213.80,826.3050,655.3500,655.3500,162.50,103.00,False
1789838752.6092,213.90,826.9000,655.3500,655.3500,162.50,103.00,False
1789838752.7107,214.00,827.4950,655.3500,655.3500,162.50,103.00,False
1789838752.8249,214.10,828.0900,655.3500,655.3500,162.50,103.00,False
1789838752.9064,214.20,828.6800,655.3500,655.3500,162.00,103.00,False
1789838753.0094,214.30,829.2700,655.3500,655.3500,162.00,103.00,False
1789838753.1125,214.40,829.8600,655.3500,655.3500,162.00,103.00,False
1789838753.2093,214.50,830.4500,655.3500,655.3500,162.00,103.00,False
1789838753.3065,214.60,831.0400,655.3500,655.3500,162.00,103.00,False
1789838753.4112,214.70,831.6300,655.3500,655.3500,162.00,103.00,False
1789838753.5130,214.80,832.2200,655.3500,655.3500,162.00,103.00,False
1789838753.6111,214.90,832.8100,655.3500,655.3500,162.00,103.00,False
1789838753.7064,215.00,833.3950,655.3500,655.3500,161.50,103.00,False
1789838753.8093,215.10,833.9800,655.3500,655.3500,161.50,103.00,False
1789838753.9102,215.20,834.5650,655.3500,655.3500,161.50,103.00,False
1789838754.0100,215.30,835.1500,655.3500,655.3500,161.50,103.00,False
1789838754.1171,215.40,835.7300,655.3500,655.3500,161.00,103.00,False
1789838754.2096,215.50,836.3100,655.3500,655.3500,161.00,103.00,False
1789838754.3093,215.60,836.8900,655.3500,655.3500,161.00,103.00,False
1789838754.4126,215.70,837.4700,655.3500,655.3500,161.00,103.00,False
1789838754.5296,215.80,838.0500,655.3500,655.3500,161.00,103.00,False
1789838754.6111,215.90,838.6250,655.3500,655.3500,160.50,103.00,False
1789838754.7119,216.00,839.2000,655.3500,655.3500,160.50,103.00,False
1789838754.8127,216.10,839.7750,655.3500,655.3500,160.50,103.00,False
1789838754.9115,216.20,840.3500,655.3500,655.3500,160.50,103.00,False
1789838755.0320,216.30,840.9200,655.3500,655.3500,160.00,103.00,False
1789838755.1081,216.40,841.4900,655.3500,655.3500,160.00,103.00,False
1789838755.2136,216.50,842.0600,655.3500,655.3500,160.00,103.00,False
1789838755.3127,216.60,842.6300,655.3500,655.3500,160.00,103.00,False
1789838755.4344,216.70,843.2000,655.3500,655.3500,160.00,103.00,False
1789838755.5094,216.80,843.7650,655.3500,655.3500,159.50,103.00,False
1789838755.6160,216.90,844.3300,655.3500,655.3500,159.50,103.00,False
1789838755.7084,217.00,844.8950,655.3500,655.3500,159.50,103.00,False
1789838755.8095,217.10,845.4600,655.3500,655.3500,159.50,103.00,False
1789838755.9283,217.20,846.0200,655.3500,655.3500,159.00,103.00,False
1789838756.0080,217.30,846.5800,655.3500,655.3500,159.00,103.00,False
1789838756.1100,217.40,847.1400,655.3500,655.3500,159.00,103.00,False
1789838756.2145,217.50,847.7000,655.3500,655.3500,159.00,103.00,False
1789838756.3099,217.60,848.2600,655.3500,655.3500,159.00,103.00,False
1789838756.4102,217.70,848.8150,655.3500,655.3500,158.50,103.00,False
1789838756.5162,217.80,849.3700,655.3500,655.3500,158.50,103.00,False
1789838756.6241,217.90,849.9250,655.3500,655.3500,158.50,103.00,False
1789838756.7231,218.00,850.4800,655.3500,655.3500,158.50,103.00,False
1789838756.8584,218.10,851.0300,655.3500,655.3500,158.00,103.00,False
1789838756.9203,218.20,851.5800,655.3500,655.3500,158.00,103.00,False
1789838757.0236,218.30,852.1300,655.3500,655.3500,158.00,103.00,False
1789838757.1186,218.40,852.6800,655.3500,655.3500,158.00,103.00,False
1789838757.2143,218.50,853.2300,655.3500,655.3500,158.00,103.00,False
1789838757.3152,218.60,853.7800,655.3500,655.3500,158.00,103.00,False
1789838757.4157,218.70,854.3300,655.3500,655.3500,158.00,103.00,False
1789838757.5158,218.80,854.8800,655.3500,655.3500,158.00,103.00,False
1789838757.6187,218.90,855.4300,655.3500,655.3500,158.00,103.00,False
1789838757.7430,219.00,855.9800,655.3500,655.3500,158.00,103.00,False
1789838757.8169,219.10,856.5250,655.3500,655.3500,157.50,103.00,False
1789838757.9197,219.20,857.0700,655.3500,655.3500,157.50,103.00,False
1789838758.0146,219.30,857.6150,655.3500,655.3500,157.50,103.00,False
1789838758.1136,219.40,858.1600,655.3500,655.3500,157.50,103.00,False
1789838758.2443,219.50,858.7000,655.3500,655.3500,157.00,103.00,False
1789838758.3132,219.60,859.2400,655.3500,655.3500,157.00,103.00,False
1789838758.4130,219.70,859.7800,655.3500,655.3500,157.00,103.00,False
1789838758.5150,219.80,860.3200,655.3500,655.3500,157.00,103.00,False
1789838758.6303,219.90,860.8600,655.3500,655.3500,157.00,103.00,False
1789838758.7140,220.00,861.3950,655.3500,655.3500,156.50,103.00,False
1789838758.8193,220.10,861.9300,655.3500,655.3500,156.50,103.00,False
1789838758.9141,220.20,862.4650,655.3500,655.3500,156.50,103.00,False
1789838759.0154,220.30,863.0000,655.3500,655.3500,156.50,103.00,False
1789838759.1373,220.40,863.5300,655.3500,655.3500,156.00,103.00,False
1789838759.2171,220.50,864.0600,655.3500,655.3500,156.00,103.00,False
1789838759.3195,220.60,864.5900,655.3500,655.3500,156.00,103.00,False
1789838759.4175,220.70,865.1200,655.3500,655.3500,156.00,103.00,False
1789838759.5143,220.80,865.6500,655.3500,655.3500,156.00,103.00,False
1789838759.6184,220.90,866.1750,655.3500,655.3500,155.50,103.00,False
1789838759.7156,221.00,866.7000,655.3500,655.3500,155.50,103.00,False
1789838759.8247,221.10,867.2250,655.3500,655.3500,155.50,103.00,False
1789838759.9196,221.20,867.7500,655.3500,655.3500,155.50,103.00,False
1789838760.0347,221.30,868.2750,655.3500,655.3500,155.50,103.00,False
1789838760.1151,221.40,868.7950,655.3500,655.3500,155.00,103.00,False
1789838760.2183,221.50,869.3150,655.3500,655.3500,155.00,103.00,False
1789838760.3196,221.60,869.8350,655.3500,655.3500,155.00,103.00,False
1789838760.4182,221.70,870.3550,655.3500,655.3500,155.00,103.00,False
1789838760.5159,221.80,870.8750,655.3500,655.3500,155.00,103.00,False
1789838760.6160,221.90,871.3950,655.3500,655.3500,155.00,103.00,False
1789838760.7187,222.00,871.9150,655.3500,655.3500,155.00,103.00,False
1789838760.8210,222.10,872.4350,655.3500,655.3500,155.00,103.00,False
1789838760.9346,222.20,872.9500,655.3500,655.3500,154.50,103.00,False
1789838761.0179,222.30,873.4650,655.3500,655.3500,154.50,103.00,False
1789838761.1196,222.40,873.9800,655.3500,655.3500,154.50,103.00,False
1789838761.2256,222.50,874.4950,655.3500,655.3500,154.50,103.00,False
1789838761.3198,222.60,875.0100,655.3500,655.3500,154.50,103.00,False
1789838761.4387,222.70,875.5250,655.3500,655.3500,154.50,103.00,False
1789838761.5207,222.80,876.0350,655.3500,655.3500,154.00,103.00,False
1789838761.6186,222.90,876.5450,655.3500,655.3500,154.00,103.00,False
1789838761.7164,223.00,877.0550,655.3500,655.3500,154.00,103.00,False
1789838761.8184,223.10,877.5650,655.3500,655.3500,154.00,103.00,False
1789838761.9269,223.20,878.0700,655.3500,655.3500,153.50,103.00,False
1789838762.0209,223.30,878.5750,655.3500,655.3500,153.50,103.00,False
1789838762.1182,223.40,879.0800,655.3500,655.3500,153.50,103.00,False
1789838762.2190,223.50,879.5850,655.3500,655.3500,153.50,103.00,False
1789838762.3168,223.60,880.0900,655.3500,655.3500,153.50,103.00,False
1789838762.4166,223.70,880.5900,655.3500,655.3500,153.00,103.00,False
1789838762.5229,223.80,881.0900,655.3500,655.3500,153.00,103.00,False
1789838762.6214,223.90,881.5900,655.3500,655.3500,153.00,103.00,False
1789838762.7166,224.00,882.0900,655.3500,655.3500,153.00,103.00,False
1789838762.8399,224.10,882.5850,655.3500,655.3500,152.50,103.00,False
1789838762.9160,224.20,883.0800,655.3500,655.3500,152.50,103.00,False
1789838763.0218,224.30,883.5750,655.3500,655.3500,152.50,103.00,False
1789838763.1218,224.40,884.0700,655.3500,655.3500,152.50,103.00,False
1789838763.2231,224.50,884.5650,655.3500,655.3500,152.50,103.00,False
1789838763.3212,224.60,885.0550,655.3500,655.3500,152.00,103.00,False
1789838763.4239,224.70,885.5450,655.3500,655.3500,152.00,103.00,False
1789838763.5199,224.80,886.0350,655.3500,655.3500,152.00,103.00,False
1789838763.6218,224.90,886.5250,655.3500,655.3500,152.00,103.00,False
1789838763.7173,225.00,887.0150,655.3500,655.3500,152.00,103.00,False
1789838763.8182,225.10,887.5000,655.3500,655.3500,151.50,103.00,False
1789838763.9240,225.20,887.9850,655.3500,655.3500,151.50,103.00,False
1789838764.0245,225.30,888.4700,655.3500,655.3500,151.50,103.00,False
1789838764.1258,225.40,888.9550,655.3500,655.3500,151.50,103.00,False
1789838764.2249,225.50,889.4400,655.3500,655.3500,151.50,103.00,False
1789838764.3214,225.60,889.9250,655.3500,655.3500,151.50,103.00,False
1789838764.4219,225.70,890.4100,655.3500,655.3500,151.50,103.00,False
1789838764.5246,225.80,890.8950,655.3500,655.3500,151.50,103.00,False
1789838764.6253,225.90,891.3800,655.3500,655.3500,151.50,103.00,False
1789838764.7211,226.00,891.8600,655.3500,655.3500,151.00,103.00,False
1789838764.8222,226.10,892.3400,655.3500,655.3500,151.00,103.00,False
1789838764.9226,226.20,892.8200,655.3500,655.3500,151.00,103.00,False
1789838765.0225,226.30,893.3000,655.3500,655.3500,151.00,103.00,False
1789838765.1303,226.40,893.7750,655.3500,655.3500,150.50,103.00,False
1789838765.2220,226.50,894.2500,655.3500,655.3500,150.50,103.00,False
1789838765.3219,226.60,894.7250,655.3500,655.3500,150.50,103.00,False
1789838765.4242,226.70,895.2000,655.3500,655.3500,150.50,103.00,False
1789838765.5236,226.80,895.6750,655.3500,655.3500,150.50,103.00,False
1789838765.6218,226.90,896.1450,655.3500,655.3500,150.00,103.00,False
1789838765.7261,227.00,896.6150,655.3500,655.3500,150.00,103.00,False
1789838765.8223,227.10,897.0850,655.3500,655.3500,150.00,103.00,False
1789838765.9231,227.20,897.5550,655.3500,655.3500,150.00,103.00,False
1789838766.0450,227.30,898.0200,655.3500,655.3500,149.50,103.00,False
1789838766.1205,227.40,898.4850,655.3500,655.3500,149.50,103.00,False
1789838766.2250,227.50,898.9500,655.3500,655.3500,149.50,103.00,False
1789838766.3240,227.60,899.4150,655.3500,655.3500,149.50,103.00,False
1789838766.4255,227.70,899.8800,655.3500,655.3500,149.50,103.00,False
1789838766.5210,227.80,900.3400,655.3500,655.3500,149.00,103.00,False
1789838766.6261,227.90,900.8000,655.3500,655.3500,149.00,103.00,False
1789838766.7273,228.00,901.2600,655.3500,655.3500,149.00,103.00,False
1789838766.8276,228.10,901.7200,655.3500,655.3500,149.00,103.00,False
1789838766.9417,228.20,902.1800,655.3500,655.3500,149.00,103.00,False
1789838767.0228,228.30,902.6350,655.3500,655.3500,148.50,103.00,False
1789838767.1254,228.40,903.0900,655.3500,655.3500,148.50,103.00,False
1789838767.2318,228.50,903.5450,655.3500,655.3500,148.50,103.00,False
1789838767.3234,228.60,904.0000,655.3500,655.3500,148.50,103.00,False
1789838767.4428,228.70,904.4500,655.3500,655.3500,148.00,103.00,False
1789838767.5253,228.80,904.9000,655.3500,655.3500,148.00,103.00,False
1789838767.6320,228.90,905.3500,655.3500,655.3500,148.00,103.00,False
1789838767.7262,229.00,905.8000,655.3500,655.3500,148.00,103.00,False
1789838767.8269,229.10,906.2500,655.3500,655.3500,148.00,103.00,False
1789838767.9316,229.20,906.7000,655.3500,655.3500,148.00,103.00,False
1789838768.0246,229.30,907.1500,655.3500,655.3500,148.00,103.00,False
1789838768.1258,229.40,907.6000,655.3500,655.3500,148.00,103.00,False
1789838768.2255,229.50,908.0500,655.3500,655.3500,148.00,103.00,False
1789838768.3409,229.60,908.4950,655.3500,655.3500,147.50,103.00,False
1789838768.4256,229.70,908.9400,655.3500,655.3500,147.50,103.00,False
1789838768.5203,229.80,909.3850,655.3500,655.3500,147.50,103.00,False
1789838768.6259,229.90,909.8300,655.3500,655.3500,147.50,103.00,False
1789838768.7445,230.00,910.2750,655.3500,655.3500,147.50,103.00,False
1789838768.8249,230.10,910.7150,655.3500,655.3500,147.00,103.00,False
1789838768.9268,230.20,911.1550,655.3500,655.3500,147.00,103.00,False
1789838769.0229,230.30,911.5950,655.3500,655.3500,147.00,103.00,False
1789838769.1238,230.40,912.0350,655.3500,655.3500,147.00,103.00,False
1789838769.2441,230.50,912.4700,655.3500,655.3500,146.50,103.00,False
1789838769.3287,230.60,912.9050,655.3500,655.3500,146.50,103.00,False
1789838769.4249,230.70,913.3400,655.3500,655.3500,146.50,103.00,False
1789838769.5236,230.80,913.7750,655.3500,655.3500,146.50,103.00,False
1789838769.6231,230.90,914.2100,655.3500,655.3500,146.50,103.00,False
1789838769.7260,231.00,914.6400,655.3500,655.3500,146.00,103.00,False
1789838769.8290,231.10,915.0700,655.3500,655.3500,146.00,103.00,False
1789838769.9261,231.20,915.5000,655.3500,655.3500,146.00,103.00,False
1789838770.0293,231.30,915.9300,655.3500,655.3500,146.00,103.00,False
1789838770.1430,231.40,916.3600,655.3500,655.3500,146.00,103.00,False
1789838770.2252,231.50,916.7850,655.3500,655.3500,145.50,103.00,False
1789838770.3246,231.60,917.2100,655.3500,655.3500,145.50,103.00,False
1789838770.4271,231.70,917.6350,655.3500,655.3500,145.50,103.00,False
1789838770.5248,231.80,918.0600,655.3500,655.3500,145.50,103.00,False
1789838770.6236,231.90,918.4800,655.3500,655.3500,145.00,103.00,False
1789838770.7277,232.00,918.9000,655.3500,655.3500,145.00,103.00,False
1789838770.8241,232.10,919.3200,655.3500,655.3500,145.00,103.00,False
1789838770.9249,232.20,919.7400,655.3500,655.3500,145.00,103.00,False
1789838771.0250,232.30,920.1600,655.3500,655.3500,145.00,103.00,False
1789838771.1251,232.40,920.5800,655.3500,655.3500,145.00,103.00,False
1789838771.2263,232.50,921.0000,655.3500,655.3500,145.00,103.00,False
1789838771.3287,232.60,921.4200,655.3500,655.3500,145.00,103.00,False
1789838771.4470,232.70,921.8350,655.3500,655.3500,144.50,103.00,False
1789838771.5271,232.80,922.2500,655.3500,655.3500,144.50,103.00,False
1789838772.1390,232.90,922.6650,655.3500,655.3500,144.50,103.00,False
1789838772.1883,233.00,923.0800,655.3500,655.3500,144.50,103.00,False
1789838772.2892,233.10,923.4950,655.3500,655.3500,144.50,103.00,False
1789838772.4081,233.20,923.9050,655.3500,655.3500,144.00,103.00,False
1789838772.4957,233.30,924.3150,655.3500,655.3500,144.00,103.00,False
1789838772.5901,233.40,924.7250,655.3500,655.3500,144.00,103.00,False
1789838772.6908,233.50,925.1350,655.3500,655.3500,144.00,103.00,False
1789838772.7922,233.60,925.5450,655.3500,655.3500,144.00,103.00,False
1789838772.8923,233.70,925.9500,655.3500,655.3500,143.50,103.00,False
1789838772.9909,233.80,926.3550,655.3500,655.3500,143.50,103.00,False
1789838773.0908,233.90,926.7600,655.3500,655.3500,143.50,103.00,False
1789838773.1887,234.00,927.1650,655.3500,655.3500,143.50,103.00,False
1789838773.3090,234.10,927.5650,655.3500,655.3500,143.00,103.00,False
1789838773.3904,234.20,927.9650,655.3500,655.3500,143.00,103.00,False
1789838773.4947,234.30,928.3650,655.3500,655.3500,143.00,103.00,False
1789838773.5889,234.40,928.7650,655.3500,655.3500,143.00,103.00,False
1789838773.7092,234.50,929.1650,655.3500,655.3500,143.00,103.00,False
1789838773.7902,234.60,929.5600,655.3500,655.3500,142.50,103.00,False
1789838773.8899,234.70,929.9550,655.3500,655.3500,142.50,103.00,False
1789838773.9950,234.80,930.3500,655.3500,655.3500,142.50,103.00,False
1789838774.0911,234.90,930.7450,655.3500,655.3500,142.50,103.00,False
1789838774.1875,235.00,931.1350,655.3500,655.3500,142.00,103.00,False
1789838774.2941,235.10,931.5250,655.3500,655.3500,142.00,103.00,False
1789838774.3902,235.20,931.9150,655.3500,655.3500,142.00,103.00,False
1789838774.4913,235.30,932.3050,655.3500,655.3500,142.00,103.00,False
1789838774.5886,235.40,932.6950,655.3500,655.3500,142.00,103.00,False
1789838774.6890,235.50,933.0850,655.3500,655.3500,142.00,103.00,False
1789838774.7934,235.60,933.4750,655.3500,655.3500,142.00,103.00,False
1789838774.8925,235.70,933.8650,655.3500,655.3500,142.00,103.00,False
1789838775.0161,235.80,934.2500,655.3500,655.3500,141.50,103.00,False
1789838775.0900,235.90,934.6350,655.3500,655.3500,141.50,103.00,False
1789838775.1920,236.00,935.0200,655.3500,655.3500,141.50,103.00,False
1789838775.2923,236.10,935.4050,655.3500,655.3500,141.50,103.00,False
1789838775.4149,236.20,935.7900,655.3500,655.3500,141.50,103.00,False
1789838775.4953,236.30,936.1700,655.3500,655.3500,141.00,103.00,False
1789838775.5951,236.40,936.5500,655.3500,655.3500,141.00,103.00,False
1789838775.6927,236.50,936.9300,655.3500,655.3500,141.00,103.00,False
1789838775.7958,236.60,937.3100,655.3500,655.3500,141.00,103.00,False
1789838775.9140,236.70,937.6850,655.3500,655.3500,140.50,103.00,False
1789838775.9957,236.80,938.0600,655.3500,655.3500,140.50,103.00,False
1789838776.0930,236.90,938.4350,655.3500,655.3500,140.50,103.00,False
1789838776.1952,237.00,938.8100,655.3500,655.3500,140.50,103.00,False
1789838776.3109,237.10,939.1850,655.3500,655.3500,140.50,103.00,False
1789838776.3936,237.20,939.5550,655.3500,655.3500,140.00,103.00,False
1789838776.4947,237.30,939.9250,655.3500,655.3500,140.00,103.00,False
1789838776.5977,237.40,940.2950,655.3500,655.3500,140.00,103.00,False
1789838776.6939,237.50,940.6650,655.3500,655.3500,140.00,103.00,False
1789838776.7897,237.60,941.0300,655.3500,655.3500,139.50,103.00,False
1789838776.8978,237.70,941.3950,655.3500,655.3500,139.50,103.00,False
1789838776.9952,237.80,941.7600,655.3500,655.3500,139.50,103.00,False
1789838777.0945,237.90,942.1250,655.3500,655.3500,139.50,103.00,False
1789838777.2152,238.00,942.4900,655.3500,655.3500,139.50,103.00,False
1789838777.2930,238.10,942.8500,655.3500,655.3500,139.00,103.00,False
1789838777.3995,238.20,943.2100,655.3500,655.3500,139.00,103.00,False
1789838777.4945,238.30,943.5700,655.3500,655.3500,139.00,103.00,False
1789838777.5969,238.40,943.9300,655.3500,655.3500,139.00,103.00,False
1789838777.6935,238.50,944.2900,655.3500,655.3500,139.00,103.00,False
1789838777.8099,238.60,944.6500,655.3500,655.3500,139.00,103.00,False
1789838777.8954,238.70,945.0100,655.3500,655.3500,139.00,103.00,False
1789838777.9986,238.80,945.3700,655.3500,655.3500,139.00,103.00,False
1789838778.1130,238.90,945.7300,655.3500,655.3500,139.00,103.00,False
1789838778.1933,239.00,946.0850,655.3500,655.3500,138.50,103.00,False
1789838778.2951,239.10,946.4400,655.3500,655.3500,138.50,103.00,False
1789838778.4003,239.20,946.7950,655.3500,655.3500,138.50,103.00,False
1789838778.4943,239.30,947.1500,655.3500,655.3500,138.50,103.00,False
1789838778.5952,239.40,947.5000,655.3500,655.3500,138.00,103.00,False
1789838778.6972,239.50,947.8500,655.3500,655.3500,138.00,103.00,False
1789838778.7956,239.60,948.2000,655.3500,655.3500,138.00,103.00,False
1789838778.8981,239.70,948.5500,655.3500,655.3500,138.00,103.00,False
1789838779.0203,239.80,948.8950,655.3500,655.3500,137.50,103.00,False
1789838779.0942,239.90,949.2400,655.3500,655.3500,137.50,103.00,False
1789838779.1993,240.00,949.5850,655.3500,655.3500,137.50,103.00,False
1789838779.2988,240.10,949.9300,655.3500,655.3500,137.50,103.00,False
1789838779.3999,240.20,950.2750,655.3500,655.3500,137.50,103.00,False
1789838779.4971,240.30,950.6150,655.3500,655.3500,137.00,103.00,False
1789838779.5960,240.40,950.9550,655.3500,655.3500,137.00,103.00,False
1789838779.6976,240.50,951.2950,655.3500,655.3500,137.00,103.00,False
1789838779.7969,240.60,951.6350,655.3500,655.3500,137.00,103.00,False
1789838779.9192,240.70,951.9750,655.3500,655.3500,137.00,103.00,False
1789838779.9970,240.80,952.3100,655.3500,655.3500,136.50,103.00,False
1789838780.1030,240.90,952.6450,655.3500,655.3500,136.50,103.00,False
1789838780.2084,241.00,952.9800,655.3500,655.3500,136.50,103.00,False
1789838780.2990,241.10,953.3150,655.3500,655.3500,136.50,103.00,False
1789838780.4032,241.20,953.6450,655.3500,655.3500,136.00,103.00,False
1789838780.4967,241.30,953.9750,655.3500,655.3500,136.00,103.00,False
1789838780.6030,241.40,954.3050,655.3500,655.3500,136.00,103.00,False
1789838780.6978,241.50,954.6350,655.3500,655.3500,136.00,103.00,False
1789838780.7967,241.60,954.9650,655.3500,655.3500,136.00,103.00,False
1789838780.8952,241.70,955.2950,655.3500,655.3500,136.00,103.00,False
1789838780.9994,241.80,955.6250,655.3500,655.3500,136.00,103.00,False
1789838781.0982,241.90,955.9550,655.3500,655.3500,136.00,103.00,False
1789838781.2192,242.00,956.2850,655.3500,655.3500,136.00,103.00,False
1789838781.2970,242.10,956.6100,655.3500,655.3500,135.50,103.00,False
1789838781.3977,242.20,956.9350,655.3500,655.3500,135.50,103.00,False
1789838781.4982,242.30,957.2600,655.3500,655.3500,135.50,103.00,False
1789838781.6066,242.40,957.5850,655.3500,655.3500,135.50,103.00,False
1789838781.6960,242.50,957.9050,655.3500,655.3500,135.00,103.00,False
1789838781.8020,242.60,958.2250,655.3500,655.3500,135.00,103.00,False
1789838781.9060,242.70,958.5450,655.3500,655.3500,135.00,103.00,False
1789838781.9980,242.80,958.8650,655.3500,655.3500,135.00,103.00,False
1789838782.1164,242.90,959.1850,655.3500,655.3500,135.00,103.00,False
1789838782.1992,243.00,959.5000,655.3500,655.3500,134.50,103.00,False
1789838782.3028,243.10,959.8150,655.3500,655.3500,134.50,103.00,False
1789838782.3999,243.20,960.1300,655.3500,655.3500,134.50,103.00,False
1789838782.4999,243.30,960.4450,655.3500,655.3500,134.50,103.00,False
1789838782.6198,243.40,960.7550,655.3500,655.3500,134.00,103.00,False
1789838782.6993,243.50,961.0650,655.3500,655.3500,134.00,103.00,False
1789838782.8013,243.60,961.3750,655.3500,655.3500,134.00,103.00,False
1789838782.9029,243.70,961.6850,655.3500,655.3500,134.00,103.00,False
1789838782.9976,243.80,961.9950,655.3500,655.3500,134.00,103.00,False
1789838783.0982,243.90,962.3000,655.3500,655.3500,133.50,103.00,False
1789838783.2014,244.00,962.6050,655.3500,655.3500,133.50,103.00,False
1789838783.3039,244.10,962.9100,655.3500,655.3500,133.50,103.00,False
1789838783.3998,244.20,963.2150,655.3500,655.3500,133.50,103.00,False
1789838783.5138,244.30,963.5150,655.3500,655.3500,133.00,103.00,False
1789838783.5995,244.40,963.8150,655.3500,655.3500,133.00,103.00,False
1789838783.7032,244.50,964.1150,655.3500,655.3500,133.00,103.00,False
1789838783.8054,244.60,964.4150,655.3500,655.3500,133.00,103.00,False
1789838783.9222,244.70,964.7150,655.3500,655.3500,133.00,103.00,False
1789838783.9976,244.80,965.0100,655.3500,655.3500,132.50,103.00,False
1789838784.1009,244.90,965.3050,655.3500,655.3500,132.50,103.00,False
1789838784.2040,245.00,965.6000,655.3500,655.3500,132.50,103.00,False
1789838784.3047,245.10,965.8950,655.3500,655.3500,132.50,103.00,False
1789838784.3991,245.20,966.1900,655.3500,655.3500,132.50,103.00,False
1789838784.5003,245.30,966.4850,655.3500,655.3500,132.50,103.00,False
1789838784.6003,245.40,966.7800,655.3500,655.3500,132.50,103.00,False
1789838784.7015,245.50,967.0750,655.3500,655.3500,132.50,103.00,False
1789838784.8205,245.60,967.3650,655.3500,655.3500,132.00,103.00,False
1789838784.8998,245.70,967.6550,655.3500,655.3500,132.00,103.00,False
1789838785.0035,245.80,967.9450,655.3500,655.3500,132.00,103.00,False
1789838785.1036,245.90,968.2350,655.3500,655.3500,132.00,103.00,False
1789838785.2007,246.00,968.5250,655.3500,655.3500,132.00,103.00,False
1789838785.3012,246.10,968.8100,655.3500,655.3500,131.50,103.00,False
1789838785.4017,246.20,969.0950,655.3500,655.3500,131.50,103.00,False
1789838785.5038,246.30,969.3800,655.3500,655.3500,131.50,103.00,False
1789838785.6013,246.40,969.6650,655.3500,655.3500,131.50,103.00,False
1789838785.7181,246.50,969.9450,655.3500,655.3500,131.00,103.00,False
1789838785.8058,246.60,970.2250,655.3500,655.3500,131.00,103.00,False
1789838785.9038,246.70,970.5050,655.3500,655.3500,131.00,103.00,False
1789838786.0033,246.80,970.7850,655.3500,655.3500,131.00,103.00,False
1789838786.1211,246.90,971.0650,655.3500,655.3500,131.00,103.00,False
1789838786.2013,247.00,971.3400,655.3500,655.3500,130.50,103.00,False
1789838786.3053,247.10,971.6150,655.3500,655.3500,130.50,103.00,False
1789838786.4059,247.20,971.8900,655.3500,655.3500,130.50,103.00,False
1789838786.5040,247.30,972.1650,655.3500,655.3500,130.50,103.00,False
1789838786.5981,247.40,972.4350,655.3500,655.3500,130.00,103.00,False
1789838786.7048,247.50,972.7050,655.3500,655.3500,130.00,103.00,False
1789838786.8052,247.60,972.9750,655.3500,655.3500,130.00,103.00,False
1789838786.9064,247.70,973.2450,655.3500,655.3500,130.00,103.00,False
1789838787.0201,247.80,973.5150,655.3500,655.3500,130.00,103.00,False
1789838787.1010,247.90,973.7800,655.3500,655.3500,129.50,103.00,False
1789838787.2046,248.00,974.0450,655.3500,655.3500,129.50,103.00,False
1789838787.2999,248.10,974.3100,655.3500,655.3500,129.50,103.00,False
1789838787.4029,248.20,974.5750,655.3500,655.3500,129.50,103.00,False
1789838787.5026,248.30,974.8400,655.3500,655.3500,129.50,103.00,False
1789838787.6028,248.40,975.1050,655.3500,655.3500,129.50,103.00,False
1789838787.7063,248.50,975.3700,655.3500,655.3500,129.50,103.00,False
1789838787.8022,248.60,975.6350,655.3500,655.3500,129.50,103.00,False
1789838787.9035,248.70,975.8950,655.3500,655.3500,129.00,103.00,False
1789838788.0035,248.80,976.1550,655.3500,655.3500,129.00,103.00,False
1789838788.1036,248.90,976.4150,655.3500,655.3500,129.00,103.00,False
1789838788.2065,249.00,976.6750,655.3500,655.3500,129.00,103.00,False
1789838788.3242,249.10,976.9300,655.3500,655.3500,128.50,103.00,False
1789838788.4043,249.20,977.1850,655.3500,655.3500,128.50,103.00,False
1789838788.5045,249.30,977.4400,655.3500,655.3500,128.50,103.00,False
1789838788.6072,249.40,977.6950,655.3500,655.3500,128.50,103.00,False
1789838788.7060,249.50,977.9500,655.3500,655.3500,128.50,103.00,False
1789838788.8048,249.60,978.2000,655.3500,655.3500,128.00,103.00,False
1789838788.9093,249.70,978.4500,655.3500,655.3500,128.00,103.00,False
1789838789.0032,249.80,978.7000,655.3500,655.3500,128.00,103.00,False
1789838789.1085,249.90,978.9500,655.3500,655.3500,128.00,103.00,False
1789838789.2115,250.00,979.1950,655.3500,655.3500,127.50,103.00,False
1789838789.3059,250.10,979.4400,655.3500,655.3500,127.50,103.00,False
1789838789.4059,250.20,979.6850,655.3500,655.3500,127.50,103.00,False
1789838789.5074,250.30,979.9300,655.3500,655.3500,127.50,103.00,False
1789838789.6232,250.40,980.1750,655.3500,655.3500,127.50,103.00,False
1789838789.7048,250.50,980.4150,655.3500,655.3500,127.00,103.00,False
1789838789.8070,250.60,980.6550,655.3500,655.3500,127.00,103.00,False
1789838789.9048,250.70,980.8950,655.3500,655.3500,127.00,103.00,False
1789838790.0093,250.80,981.1350,655.3500,655.3500,127.00,103.00,False
1789838790.1253,250.90,981.3700,655.3500,655.3500,126.50,103.00,False
1789838790.2035,251.00,981.6050,655.3500,655.3500,126.50,103.00,False
1789838790.3097,251.10,981.8400,655.3500,655.3500,126.50,103.00,False
1789838790.4065,251.20,982.0750,655.3500,655.3500,126.50,103.00,False
1789838790.5269,251.30,982.3100,655.3500,655.3500,126.50,103.00,False
1789838790.6050,251.40,982.5400,655.3500,655.3500,126.00,103.00,False
1789838790.7073,251.50,982.7700,655.3500,655.3500,126.00,103.00,False
1789838790.8085,251.60,983.0000,655.3500,655.3500,126.00,103.00,False
1789838790.9094,251.70,983.2300,655.3500,655.3500,126.00,103.00,False
1789838791.0097,251.80,983.4600,655.3500,655.3500,126.00,103.00,False
1789838791.1058,251.90,983.6900,655.3500,655.3500,126.00,103.00,False
1789838791.2065,252.00,983.9200,655.3500,655.3500,126.00,103.00,False
1789838791.3152,252.10,984.1500,655.3500,655.3500,126.00,103.00,False
1789838791.4287,252.20,984.3800,655.3500,655.3500,126.00,103.00,False
1789838791.5092,252.30,984.6050,655.3500,655.3500,125.50,103.00,False
1789838791.6086,252.40,984.8300,655.3500,655.3500,125.50,103.00,False
1789838791.7041,252.50,985.0550,655.3500,655.3500,125.50,103.00,False
1789838791.8093,252.60,985.2800,655.3500,655.3500,125.50,103.00,False
1789838791.9088,252.70,985.5000,655.3500,655.3500,125.00,103.00,False
1789838792.0113,252.80,985.7200,655.3500,655.3500,125.00,103.00,False
1789838792.1104,252.90,985.9400,655.3500,655.3500,125.00,103.00,False
1789838792.2080,253.00,986.1600,655.3500,655.3500,125.00,103.00,False
1789838792.3299,253.10,986.3800,655.3500,655.3500,125.00,103.00,False
1789838792.4063,253.20,986.5950,655.3500,655.3500,124.50,103.00,False
1789838792.5105,253.30,986.8100,655.3500,655.3500,124.50,103.00,False
1789838792.6076,253.40,987.0250,655.3500,655.3500,124.50,103.00,False
1789838792.7130,253.50,987.2400,655.3500,655.3500,124.50,103.00,False
1789838792.8086,253.60,987.4500,655.3500,655.3500,124.00,103.00,False
1789838792.9101,253.70,987.6600,655.3500,655.3500,124.00,103.00,False
1789838793.0094,253.80,987.8700,655.3500,655.3500,124.00,103.00,False
1789838793.1107,253.90,988.0800,655.3500,655.3500,124.00,103.00,False
1789838793.2274,254.00,988.2900,655.3500,655.3500,124.00,103.00,False
1789838793.3066,254.10,988.4950,655.3500,655.3500,123.50,103.00,False
1789838793.4112,254.20,988.7000,655.3500,655.3500,123.50,103.00,False
1789838793.5143,254.30,988.9050,655.3500,655.3500,123.50,103.00,False
1789838793.6085,254.40,989.1100,655.3500,655.3500,123.50,103.00,False
1789838793.7066,254.50,989.3100,655.3500,655.3500,123.00,103.00,False
1789838793.8155,254.60,989.5100,655.3500,655.3500,123.00,103.00,False
1789838793.9080,254.70,989.7100,655.3500,655.3500,123.00,103.00,False
1789838794.0133,254.80,989.9100,655.3500,655.3500,123.00,103.00,False
1789838794.1099,254.90,990.1100,655.3500,655.3500,123.00,103.00,False
1789838794.2114,255.00,990.3100,655.3500,655.3500,123.00,103.00,False
1789838794.3107,255.10,990.5100,655.3500,655.3500,123.00,103.00,False
1789838794.4136,255.20,990.7100,655.3500,655.3500,123.00,103.00,False
1789838794.5276,255.30,990.9100,655.3500,655.3500,123.00,103.00,False
1789838794.6116,255.40,991.1050,655.3500,655.3500,122.50,103.00,False
1789838794.7118,255.50,991.3000,655.3500,655.3500,122.50,103.00,False
1789838794.8099,255.60,991.4950,655.3500,655.3500,122.50,103.00,False
1789838794.9177,255.70,991.6900,655.3500,655.3500,122.50,103.00,False
1789838795.0124,255.80,991.8800,655.3500,655.3500,122.00,103.00,False
1789838795.1158,255.90,992.0700,655.3500,655.3500,122.00,103.00,False
1789838795.2083,256.00,992.2600,655.3500,655.3500,122.00,103.00,False
1789838795.3153,256.10,992.4500,655.3500,655.3500,122.00,103.00,False
1789838795.4288,256.20,992.6400,655.3500,655.3500,122.00,103.00,False
1789838795.5102,256.30,992.8250,655.3500,655.3500,121.50,103.00,False
1789838795.6114,256.40,993.0100,655.3500,655.3500,121.50,103.00,False
1789838795.7112,256.50,993.1950,655.3500,655.3500,121.50,103.00,False
1789838795.8119,256.60,993.3800,655.3500,655.3500,121.50,103.00,False
1789838795.9111,256.70,993.5600,655.3500,655.3500,121.00,103.00,False
1789838796.0132,256.80,993.7400,655.3500,655.3500,121.00,103.00,False
1789838796.1140,256.90,993.9200,655.3500,655.3500,121.00,103.00,False
1789838796.2125,257.00,994.1000,655.3500,655.3500,121.00,103.00,False
1789838796.3291,257.10,994.2750,655.3500,655.3500,120.50,103.00,False
1789838796.4123,257.20,994.4500,655.3500,655.3500,120.50,103.00,False
1789838796.5124,257.30,994.6250,655.3500,655.3500,120.50,103.00,False
1789838796.6138,257.40,994.8000,655.3500,655.3500,120.50,103.00,False
1789838796.7102,257.50,994.9750,655.3500,655.3500,120.50,103.00,False
1789838796.8109,257.60,995.1450,655.3500,655.3500,120.00,103.00,False
1789838796.9143,257.70,995.3150,655.3500,655.3500,120.00,103.00,False
1789838797.0177,257.80,995.4850,655.3500,655.3500,120.00,103.00,False
1789838797.1188,257.90,995.6550,655.3500,655.3500,120.00,103.00,False
1789838797.2131,258.00,995.8250,655.3500,655.3500,120.00,103.00,False
1789838797.3125,258.10,995.9950,655.3500,655.3500,120.00,103.00,False
1789838797.4187,258.20,996.1650,655.3500,655.3500,120.00,103.00,False
1789838797.5199,258.30,996.3350,655.3500,655.3500,120.00,103.00,False
1789838797.6319,258.40,996.5000,655.3500,655.3500,119.50,103.00,False
1789838797.7114,258.50,996.6650,655.3500,655.3500,119.50,103.00,False
1789838797.8161,258.60,996.8300,655.3500,655.3500,119.50,103.00,False
1789838797.9148,258.70,996.9950,655.3500,655.3500,119.50,103.00,False
1789838798.0338,258.80,997.1600,655.3500,655.3500,119.50,103.00,False
1789838798.1282,258.90,997.3200,655.3500,655.3500,119.00,103.00,False
1789838798.2135,259.00,997.4800,655.3500,655.3500,119.00,103.00,False
1789838798.3142,259.10,997.6400,655.3500,655.3500,119.00,103.00,False
1789838798.4137,259.20,997.8000,655.3500,655.3500,119.00,103.00,False
1789838798.5183,259.30,997.9550,655.3500,655.3500,118.50,103.00,False
1789838798.6161,259.40,998.1100,655.3500,655.3500,118.50,103.00,False
1789838798.7131,259.50,998.2650,655.3500,655.3500,118.50,103.00,False
1789838798.8150,259.60,998.4200,655.3500,655.3500,118.50,103.00,False
1789838798.9317,259.70,998.5700,655.3500,655.3500,118.00,103.00,False
1789838799.0167,259.80,998.7200,655.3500,655.3500,118.00,103.00,False
1789838799.1169,259.90,998.8700,655.3500,655.3500,118.00,103.00,False
1789838799.2144,260.00,999.0200,655.3500,655.3500,118.00,103.00,False
1789838799.3342,260.10,999.1700,655.3500,655.3500,118.00,103.00,False
1789838799.4142,260.20,999.3150,655.3500,655.3500,117.50,103.00,False
1789838799.5156,260.30,999.4600,655.3500,655.3500,117.50,103.00,False
1789838799.6188,260.40,999.6050,655.3500,655.3500,117.50,103.00,False
1789838799.7144,260.50,999.7500,655.3500,655.3500,117.50,103.00,False
1789838799.8135,260.60,999.8900,655.3500,655.3500,117.00,103.00,False
1789838799.9159,260.70,1000.0300,655.3500,655.3500,117.00,103.00,False
1789838800.0185,260.80,1000.1700,655.3500,655.3500,117.00,103.00,False
1789838800.1201,260.90,1000.3100,655.3500,655.3500,117.00,103.00,False
1789838800.2135,261.00,1000.4500,655.3500,655.3500,117.00,103.00,False
1789838800.3142,261.10,1000.5900,655.3500,655.3500,117.00,103.00,False
1789838800.4160,261.20,1000.7300,655.3500,655.3500,117.00,103.00,False
1789838800.5179,261.30,1000.8700,655.3500,655.3500,117.00,103.00,False
1789838800.6340,261.40,1001.0100,655.3500,655.3500,117.00,103.00,False
1789838800.7157,261.50,1001.1450,655.3500,655.3500,116.50,103.00,False
1789838800.8162,261.60,1001.2800,655.3500,655.3500,116.50,103.00,False
1789838800.9171,261.70,1001.4150,655.3500,655.3500,116.50,103.00,False
1789838801.0179,261.80,1001.5500,655.3500,655.3500,116.50,103.00,False
1789838801.1202,261.90,1001.6800,655.3500,655.3500,116.00,103.00,False
1789838801.2241,262.00,1001.8100,655.3500,655.3500,116.00,103.00,False
1789838801.3207,262.10,1001.9400,655.3500,655.3500,116.00,103.00,False
1789838801.4221,262.20,1002.0700,655.3500,655.3500,116.00,103.00,False
1789838801.5256,262.30,1002.2000,655.3500,655.3500,116.00,103.00,False
1789838801.6250,262.40,1002.3250,655.3500,655.3500,115.50,103.00,False
1789838801.7212,262.50,1002.4500,655.3500,655.3500,115.50,103.00,False
1789838801.8193,262.60,1002.5750,655.3500,655.3500,115.50,103.00,False
1789838801.9171,262.70,1002.7000,655.3500,655.3500,115.50,103.00,False
1789838802.0415,262.80,1002.8250,655.3500,655.3500,115.50,103.00,False
1789838802.1161,262.90,1002.9450,655.3500,655.3500,115.00,103.00,False
1789838802.2185,263.00,1003.0650,655.3500,655.3500,115.00,103.00,False
1789838802.3162,263.10,1003.1850,655.3500,655.3500,115.00,103.00,False
1789838802.4191,263.20,1003.3050,655.3500,655.3500,115.00,103.00,False
1789838802.5159,263.30,1003.4200,655.3500,655.3500,114.50,103.00,False
1789838802.6202,263.40,1003.5350,655.3500,655.3500,114.50,103.00,False
1789838802.7204,263.50,1003.6500,655.3500,655.3500,114.50,103.00,False
1789838802.8187,263.60,1003.7650,655.3500,655.3500,114.50,103.00,False
1789838802.9351,263.70,1003.8800,655.3500,655.3500,114.50,103.00,False
1789838803.0174,263.80,1003.9900,655.3500,655.3500,114.00,103.00,False
1789838803.1180,263.90,1004.1000,655.3500,655.3500,114.00,103.00,False
1789838803.2195,264.00,1004.2100,655.3500,655.3500,114.00,103.00,False
1789838803.3369,264.10,1004.3200,655.3500,655.3500,114.00,103.00,False
1789838803.4154,264.20,1004.4250,655.3500,655.3500,113.50,103.00,False
1789838803.5197,264.30,1004.5300,655.3500,655.3500,113.50,103.00,False
1789838803.6221,264.40,1004.6350,655.3500,655.3500,113.50,103.00,False
1789838803.7199,264.50,1004.7400,655.3500,655.3500,113.50,103.00,False
1789838803.8222,264.60,1004.8450,655.3500,655.3500,113.50,103.00,False
1789838803.9201,264.70,1004.9500,655.3500,655.3500,113.50,103.00,False
1789838804.0198,264.80,1005.0550,655.3500,655.3500,113.50,103.00,False
1789838804.1193,264.90,1005.1600,655.3500,655.3500,113.50,103.00,False
1789838804.2363,265.00,1005.2600,655.3500,655.3500,113.00,103.00,False
1789838804.3188,265.10,1005.3600,655.3500,655.3500,113.00,103.00,False
1789838804.9370,265.20,1005.4600,655.3500,655.3500,113.00,103.00,False
1789838805.0391,265.30,1005.5600,655.3500,655.3500,113.00,103.00,False
1789838805.1567,265.40,1005.6600,655.3500,655.3500,113.00,103.00,False
1789838805.2449,265.50,1005.7550,655.3500,655.3500,112.50,103.00,False
1789838805.3400,265.60,1005.8500,655.3500,655.3500,112.50,103.00,False
1789838805.4396,265.70,1005.9450,655.3500,655.3500,112.50,103.00,False
1789838805.5403,265.80,1006.0400,655.3500,655.3500,112.50,103.00,False
1789838805.6564,265.90,1006.1300,655.3500,655.3500,112.00,103.00,False
1789838805.7365,266.00,1006.2200,655.3500,655.3500,112.00,103.00,False
1789838805.8383,266.10,1006.3100,655.3500,655.3500,112.00,103.00,False
1789838805.9383,266.20,1006.4000,655.3500,655.3500,112.00,103.00,False
1789838806.0385,266.30,1006.4900,655.3500,655.3500,112.00,103.00,False
1789838806.1381,266.40,1006.5750,655.3500,655.3500,111.50,103.00,False
1789838806.2438,266.50,1006.6600,655.3500,655.3500,111.50,103.00,False
1789838806.3424,266.60,1006.7450,655.3500,655.3500,111.50,103.00,False
1789838806.4394,266.70,1006.8300,655.3500,655.3500,111.50,103.00,False
1789838806.5628,266.80,1006.9100,655.3500,655.3500,111.00,103.00,False
1789838806.6425,266.90,1006.9900,655.3500,655.3500,111.00,103.00,False
1789838806.7422,267.00,1007.0700,655.3500,655.3500,111.00,103.00,False
1789838806.8453,267.10,1007.1500,655.3500,655.3500,111.00,103.00,False
1789838806.9368,267.20,1007.2300,655.3500,655.3500,111.00,103.00,False
1789838807.0351,267.30,1007.3050,655.3500,655.3500,110.50,103.00,False
1789838807.1438,267.40,1007.3800,655.3500,655.3500,110.50,103.00,False
1789838807.2387,267.50,1007.4550,655.3500,655.3500,110.50,103.00,False
1789838807.3412,267.60,1007.5300,655.3500,655.3500,110.50,103.00,False
1789838807.4394,267.70,1007.6050,655.3500,655.3500,110.50,103.00,False
1789838807.5409,267.80,1007.6800,655.3500,655.3500,110.50,103.00,False
1789838807.6426,267.90,1007.7550,655.3500,655.3500,110.50,103.00,False
1789838807.7421,268.00,1007.8300,655.3500,655.3500,110.50,103.00,False
1789838807.8600,268.10,1007.9000,655.3500,655.3500,110.00,103.00,False
1789838807.9372,268.20,1007.9700,655.3500,655.3500,110.00,103.00,False
1789838808.0416,268.30,1008.0400,655.3500,655.3500,110.00,103.00,False
1789838808.1412,268.40,1008.1100,655.3500,655.3500,110.00,103.00,False
1789838808.2647,268.50,1008.1800,655.3500,655.3500,110.00,103.00,False
1789838808.3407,268.60,1008.2450,655.3500,655.3500,109.50,103.00,False
1789838808.4436,268.70,1008.3100,655.3500,655.3500,109.50,103.00,False
1789838808.5414,268.80,1008.3750,655.3500,655.3500,109.50,103.00,False
1789838808.6415,268.90,1008.4400,655.3500,655.3500,109.50,103.00,False
1789838808.7539,269.00,1008.5000,655.3500,655.3500,109.00,103.00,False
1789838808.8444,269.10,1008.5600,655.3500,655.3500,109.00,103.00,False
1789838808.9414,269.20,1008.6200,655.3500,655.3500,109.00,103.00,False
1789838809.0409,269.30,1008.6800,655.3500,655.3500,109.00,103.00,False
1789838809.1595,269.40,1008.7400,655.3500,655.3500,109.00,103.00,False
1789838809.2414,269.50,1008.7950,655.3500,655.3500,108.50,103.00,False
1789838809.3432,269.60,1008.8500,655.3500,655.3500,108.50,103.00,False
1789838809.4468,269.70,1008.9050,655.3500,655.3500,108.50,103.00,False
1789838809.5466,269.80,1008.9600,655.3500,655.3500,108.50,103.00,False
1789838809.6429,269.90,1009.0100,655.3500,655.3500,108.00,103.00,False
1789838809.7498,270.00,1009.0600,655.3500,655.3500,108.00,103.00,False
1789838809.8507,270.10,1009.1100,655.3500,655.3500,108.00,103.00,False
1789838809.9514,270.20,1009.1600,655.3500,655.3500,108.00,103.00,False
1789838810.0498,270.30,1009.2100,655.3500,655.3500,108.00,103.00,False
1789838810.1417,270.40,1009.2550,655.3500,655.3500,107.50,103.00,False
1789838810.2459,270.50,1009.3000,655.3500,655.3500,107.50,103.00,False
1789838810.3417,270.60,1009.3450,655.3500,655.3500,107.50,103.00,False
1789838810.4463,270.70,1009.3900,655.3500,655.3500,107.50,103.00,False
1789838810.5600,270.80,1009.4350,655.3500,655.3500,107.50,103.00,False
1789838810.6398,270.90,1009.4750,655.3500,655.3500,107.00,103.00,False
1789838810.7456,271.00,1009.5150,655.3500,655.3500,107.00,103.00,False
1789838810.8447,271.10,1009.5550,655.3500,655.3500,107.00,103.00,False
1789838810.9456,271.20,1009.5950,655.3500,655.3500,107.00,103.00,False
1789838811.0437,271.30,1009.6350,655.3500,655.3500,107.00,103.00,False
1789838811.1432,271.40,1009.6750,655.3500,655.3500,107.00,103.00,False
1789838811.2526,271.50,1009.7150,655.3500,655.3500,107.00,103.00,False
1789838811.3442,271.60,1009.7550,655.3500,655.3500,107.00,103.00,False
1789838811.4448,271.70,1009.7900,655.3500,655.3500,106.50,103.00,False
1789838811.5448,271.80,1009.8250,655.3500,655.3500,106.50,103.00,False
1789838811.6448,271.90,1009.8600,655.3500,655.3500,106.50,103.00,False
1789838811.7481,272.00,1009.8950,655.3500,655.3500,106.50,103.00,False
1789838811.8629,272.10,1009.9300,655.3500,655.3500,106.50,103.00,False
1789838811.9424,272.20,1009.9600,655.3500,655.3500,106.00,103.00,False
1789838812.0449,272.30,1009.9900,655.3500,655.3500,106.00,103.00,False
1789838812.1435,272.40,1010.0200,655.3500,655.3500,106.00,103.00,False
1789838812.2478,272.50,1010.0500,655.3500,655.3500,106.00,103.00,False
1789838812.3472,272.60,1010.0750,655.3500,655.3500,105.50,103.00,False
1789838812.4470,272.70,1010.1000,655.3500,655.3500,105.50,103.00,False
1789838812.5437,272.80,1010.1250,655.3500,655.3500,105.50,103.00,False
1789838812.6441,272.90,1010.1500,655.3500,655.3500,105.50,103.00,False
1789838812.7508,273.00,1010.1700,655.3500,655.3500,105.00,103.00,False
1789838812.8446,273.10,1010.1900,655.3500,655.3500,105.00,103.00,False
1789838812.9446,273.20,1010.2100,655.3500,655.3500,105.00,103.00,False
1789838813.0450,273.30,1010.2300,655.3500,655.3500,105.00,103.00,False
1789838813.1622,273.40,1010.2500,655.3500,655.3500,105.00,103.00,False
1789838813.2452,273.50,1010.2650,655.3500,655.3500,104.50,103.00,False
1789838813.3487,273.60,1010.2800,655.3500,655.3500,104.50,103.00,False
1789838813.4509,273.70,1010.2950,655.3500,655.3500,104.50,103.00,False
1789838813.5449,273.80,1010.3100,655.3500,655.3500,104.50,103.00,False
1789838813.6432,273.90,1010.3200,655.3500,655.3500,104.00,103.00,False
1789838813.7480,274.00,1010.3300,655.3500,655.3500,104.00,103.00,False
1789838813.8476,274.10,1010.3400,655.3500,655.3500,104.00,103.00,False
1789838813.9468,274.20,1010.3500,655.3500,655.3500,104.00,103.00,False
1789838814.0472,274.30,1010.3600,655.3500,655.3500,104.00,103.00,False
1789838814.1457,274.40,1010.3700,655.3500,655.3500,104.00,103.00,False
1789838814.2445,274.50,1010.3800,655.3500,655.3500,104.00,103.00,False
1789838814.3531,274.60,1010.3900,655.3500,655.3500,104.00,103.00,False
1789838814.4658,274.70,1010.4000,655.3500,655.3500,104.00,103.00,False
1789838814.5452,274.80,1010.4050,655.3500,655.3500,103.50,103.00,False
1789838814.6468,274.90,1010.4100,655.3500,655.3500,103.50,103.00,False
1789838814.7468,275.00,1010.4150,655.3500,655.3500,103.50,103.00,False
1789838814.8490,275.10,1010.4200,655.3500,655.3500,103.50,103.00,False
1789838814.9429,275.20,1010.4200,655.3500,655.3500,103.00,103.00,False
1789838815.0314,275.30,1010.4200,655.3500,655.3500,103.00,103.00,False
1789838815.1329,275.40,1010.4200,655.3500,655.3500,103.00,103.00,False
1789838815.2306,275.50,1010.4200,655.3500,655.3500,103.00,103.00,False
1789838815.3583,275.60,1010.4200,655.3500,655.3500,103.00,103.00,False
1789838815.4514,275.70,1010.4150,655.3500,655.3500,102.50,103.00,False
1789838815.5489,275.80,1010.4100,655.3500,655.3500,102.50,103.00,False
1789838815.6472,275.90,1010.4050,655.3500,655.3500,102.50,103.00,False
1789838815.7454,276.00,1010.4000,655.3500,655.3500,102.50,103.00,False
1789838815.8475,276.10,1010.3900,655.3500,655.3500,102.00,103.00,False
1789838815.9533,276.20,1010.3800,655.3500,655.3500,102.00,103.00,False
1789838816.0485,276.30,1010.3700,655.3500,655.3500,102.00,103.00,False
1789838816.1487,276.40,1010.3600,655.3500,655.3500,102.00,103.00,False
1789838816.2623,276.50,1010.3450,655.3500,655.3500,101.50,103.00,False
1789838816.3507,276.60,1010.3300,655.3500,655.3500,101.50,103.00,False
1789838816.4485,276.70,1010.3150,655.3500,655.3500,101.50,103.00,False
1789838816.5511,276.80,1010.3000,655.3500,655.3500,101.50,103.00,False
1789838816.6664,276.90,1010.2850,655.3500,655.3500,101.50,103.00,False
1789838816.7474,277.00,1010.2650,655.3500,655.3500,101.00,103.00,False
1789838816.8494,277.10,1010.2450,655.3500,655.3500,101.00,103.00,False
1789838816.9520,277.20,1010.2250,655.3500,655.3500,101.00,103.00,False
1789838817.0553,277.30,1010.2050,655.3500,655.3500,101.00,103.00,False
1789838817.1475,277.40,1010.1850,655.3500,655.3500,101.00,103.00,False
1789838817.2506,277.50,1010.1650,655.3500,655.3500,101.00,103.00,False
1789838817.3518,277.60,1010.1450,655.3500,655.3500,101.00,103.00,False
1789838817.4511,277.70,1010.1250,655.3500,655.3500,101.00,103.00,False
1789838817.5755,277.80,1010.1000,655.3500,655.3500,100.50,103.00,False
1789838817.6545,277.90,1010.0750,655.3500,655.3500,100.50,103.00,False
1789838817.7558,278.00,1010.0500,655.3500,655.3500,100.50,103.00,False
1789838817.8564,278.10,1010.0250,655.3500,655.3500,100.50,103.00,False
1789838817.9549,278.20,1010.0000,655.3500,655.3500,100.50,103.00,False
1789838818.0686,278.30,1009.9700,655.3500,655.3500,100.00,103.00,False
1789838818.1524,278.40,1009.9400,655.3500,655.3500,100.00,103.00,False
1789838818.2502,278.50,1009.9100,655.3500,655.3500,100.00,103.00,False
1789838818.3510,278.60,1009.8800,655.3500,655.3500,100.00,103.00,False
1789838818.4511,278.70,1009.8500,655.3500,655.3500,100.00,103.00,False
1789838818.5502,278.80,1009.8150,655.3500,655.3500,99.50,103.00,False
1789838818.6542,278.90,1009.7800,655.3500,655.3500,99.50,103.00,False
1789838818.7558,279.00,1009.7450,655.3500,655.3500,99.50,103.00,False
1789838818.8501,279.10,1009.7100,655.3500,655.3500,99.50,103.00,False
1789838818.9727,279.20,1009.6700,655.3500,655.3500,99.00,103.00,False
1789838819.0495,279.30,1009.6300,655.3500,655.3500,99.00,103.00,False
1789838819.1538,279.40,1009.5900,655.3500,655.3500,99.00,103.00,False
1789838819.2538,279.50,1009.5500,655.3500,655.3500,99.00,103.00,False
1789838819.3502,279.60,1009.5100,655.3500,655.3500,99.00,103.00,False
1789838819.4505,279.70,1009.4650,655.3500,655.3500,98.50,103.00,False
1789838819.5529,279.80,1009.4200,655.3500,655.3500,98.50,103.00,False
1789838819.6523,279.90,1009.3750,655.3500,655.3500,98.50,103.00,False
1789838819.7534,280.00,1009.3300,655.3500,655.3500,98.50,103.00,False
1789838819.8736,280.10,1009.2800,655.3500,655.3500,98.00,103.00,False
1789838819.9527,280.20,1009.2300,655.3500,655.3500,98.00,103.00,False
1789838820.0550,280.30,1009.1800,655.3500,655.3500,98.00,103.00,False
1789838820.1528,280.40,1009.1300,655.3500,655.3500,98.00,103.00,False
1789838820.2552,280.50,1009.0800,655.3500,655.3500,98.00,103.00,False
1789838820.3500,280.60,1009.0250,655.3500,655.3500,97.50,103.00,False
1789838820.4537,280.70,1008.9700,655.3500,655.3500,97.50,103.00,False
1789838820.5536,280.80,1008.9150,655.3500,655.3500,97.50,103.00,False
1789838820.6543,280.90,1008.8600,655.3500,655.3500,97.50,103.00,False
1789838820.7514,281.00,1008.8050,655.3500,655.3500,97.50,103.00,False
1789838820.8505,281.10,1008.7500,655.3500,655.3500,97.50,103.00,False
1789838820.9517,281.20,1008.6950,655.3500,655.3500,97.50,103.00,False
1789838821.0520,281.30,1008.6400,655.3500,655.3500,97.50,103.00,False
1789838821.1711,281.40,1008.5850,655.3500,655.3500,97.50,103.00,False
1789838821.2531,281.50,1008.5250,655.3500,655.3500,97.00,103.00,False
1789838821.3522,281.60,1008.4650,655.3500,655.3500,97.00,103.00,False
1789838821.4534,281.70,1008.4050,655.3500,655.3500,97.00,103.00,False
1789838821.5552,281.80,1008.3450,655.3500,655.3500,97.00,103.00,False
1789838821.6551,281.90,1008.2800,655.3500,655.3500,96.50,103.00,False
1789838821.7538,282.00,1008.2150,655.3500,655.3500,96.50,103.00,False
1789838821.8518,282.10,1008.1500,655.3500,655.3500,96.50,103.00,False
1789838821.9527,282.20,1008.0850,655.3500,655.3500,96.50,103.00,False
1789838822.0808,282.30,1008.0200,655.3500,655.3500,96.50,103.00,False
1789838822.1579,282.40,1007.9500,655.3500,655.3500,96.00,103.00,False
1789838822.2546,282.50,1007.8800,655.3500,655.3500,96.00,103.00,False
1789838822.3559,282.60,1007.8100,655.3500,655.3500,96.00,103.00,False
1789838822.4544,282.70,1007.7400,655.3500,655.3500,96.00,103.00,False
1789838822.5538,282.80,1007.6650,655.3500,655.3500,95.50,103.00,False
1789838822.6568,282.90,1007.5900,655.3500,655.3500,95.50,103.00,False
1789838822.7550,283.00,1007.5150,655.3500,655.3500,95.50,103.00,False
1789838822.8550,283.10,1007.4400,655.3500,655.3500,95.50,103.00,False
1789838822.9689,283.20,1007.3600,655.3500,655.3500,95.00,103.00,False
1789838823.0556,283.30,1007.2800,655.3500,655.3500,95.00,103.00,False
1789838823.1562,283.40,1007.2000,655.3500,655.3500,95.00,103.00,False
1789838823.2571,283.50,1007.1200,655.3500,655.3500,95.00,103.00,False
1789838823.3719,283.60,1007.0400,655.3500,655.3500,95.00,103.00,False
1789838823.4521,283.70,1006.9550,655.3500,655.3500,94.50,103.00,False
1789838823.5577,283.80,1006.8700,655.3500,655.3500,94.50,103.00,False
1789838823.6557,283.90,1006.7850,655.3500,655.3500,94.50,103.00,False
1789838823.7555,284.00,1006.7000,655.3500,655.3500,94.50,103.00,False
1789838823.8532,284.10,1006.6150,655.3500,655.3500,94.50,103.00,False
1789838823.9565,284.20,1006.5300,655.3500,655.3500,94.50,103.00,False
1789838824.0559,284.30,1006.4450,655.3500,655.3500,94.50,103.00,False
1789838824.1590,284.40,1006.3600,655.3500,655.3500,94.50,103.00,False
1789838824.2814,284.50,1006.2700,655.3500,655.3500,94.00,103.00,False
1789838824.3546,284.60,1006.1800,655.3500,655.3500,94.00,103.00,False
1789838824.4572,284.70,1006.0900,655.3500,655.3500,94.00,103.00,False
1789838824.5570,284.80,1006.0000,655.3500,655.3500,94.00,103.00,False
1789838824.6750,284.90,1005.9100,655.3500,655.3500,94.00,103.00,False
1789838824.7570,285.00,1005.8150,655.3500,655.3500,93.50,103.00,False
1789838824.8605,285.10,1005.7200,655.3500,655.3500,93.50,103.00,False
1789838824.9562,285.20,1005.6250,655.3500,655.3500,93.50,103.00,False
1789838825.0547,285.30,1005.5300,655.3500,655.3500,93.50,103.00,False
1789838825.1661,285.40,1005.4300,655.3500,655.3500,93.00,103.00,False
1789838825.2633,285.50,1005.3300,655.3500,655.3500,93.00,103.00,False
1789838825.3637,285.60,1005.2300,655.3500,655.3500,93.00,103.00,False
1789838825.4620,285.70,1005.1300,655.3500,655.3500,93.00,103.00,False
1789838825.5597,285.80,1005.0300,655.3500,655.3500,93.00,103.00,False
1789838825.6611,285.90,1004.9250,655.3500,655.3500,92.50,103.00,False
1789838825.7669,286.00,1004.8200,655.3500,655.3500,92.50,103.00,False
1789838825.8577,286.10,1004.7150,655.3500,655.3500,92.50,103.00,False
1789838825.9584,286.20,1004.6100,655.3500,655.3500,92.50,103.00,False
1789838826.0578,286.30,1004.5050,655.3500,655.3500,92.50,103.00,False
1789838826.1604,286.40,1004.3950,655.3500,655.3500,92.00,103.00,False
1789838826.2581,286.50,1004.2850,655.3500,655.3500,92.00,103.00,False
1789838826.3667,286.60,1004.1750,655.3500,655.3500,92.00,103.00,False
1789838826.4618,286.70,1004.0650,655.3500,655.3500,92.00,103.00,False
1789838826.5590,286.80,1003.9500,655.3500,655.3500,91.50,103.00,False
1789838826.6579,286.90,1003.8350,655.3500,655.3500,91.50,103.00,False
1789838826.7587,287.00,1003.7200,655.3500,655.3500,91.50,103.00,False
1789838826.8578,287.10,1003.6050,655.3500,655.3500,91.50,103.00,False
1789838826.9572,287.20,1003.4900,655.3500,655.3500,91.50,103.00,False
1789838827.0593,287.30,1003.3750,655.3500,655.3500,91.50,103.00,False
1789838827.1619,287.40,1003.2600,655.3500,655.3500,91.50,103.00,False
1789838827.2615,287.50,1003.1450,655.3500,655.3500,91.50,103.00,False
1789838827.3798,287.60,1003.0300,655.3500,655.3500,91.50,103.00,False
1789838827.4587,287.70,1002.9100,655.3500,655.3500,91.00,103.00,False
1789838827.5623,287.80,1002.7900,655.3500,655.3500,91.00,103.00,False
1789838827.6605,287.90,1002.6700,655.3500,655.3500,91.00,103.00,False
1789838827.7600,288.00,1002.5500,655.3500,655.3500,91.00,103.00,False
1789838827.8769,288.10,1002.4300,655.3500,655.3500,91.00,103.00,False
1789838827.9586,288.20,1002.3050,655.3500,655.3500,90.50,103.00,False
1789838828.0585,288.30,1002.1800,655.3500,655.3500,90.50,103.00,False
1789838828.1617,288.40,1002.0550,655.3500,655.3500,90.50,103.00,False
1789838828.2593,288.50,1001.9300,655.3500,655.3500,90.50,103.00,False
1789838828.3610,288.60,1001.8000,655.3500,655.3500,90.00,103.00,False
1789838828.4613,288.70,1001.6700,655.3500,655.3500,90.00,103.00,False
1789838828.5589,288.80,1001.5400,655.3500,655.3500,90.00,103.00,False
1789838828.6618,288.90,1001.4100,655.3500,655.3500,90.00,103.00,False
1789838828.7817,289.00,1001.2750,655.3500,655.3500,89.50,103.00,False
1789838828.8635,289.10,1001.1400,655.3500,655.3500,89.50,103.00,False
1789838828.9622,289.20,1001.0050,655.3500,655.3500,89.50,103.00,False
1789838829.0624,289.30,1000.8700,655.3500,655.3500,89.50,103.00,False
1789838829.1850,289.40,1000.7350,655.3500,655.3500,89.50,103.00,False
1789838829.2640,289.50,1000.5950,655.3500,655.3500,89.00,103.00,False
1789838829.3621,289.60,1000.4550,655.3500,655.3500,89.00,103.00,False
1789838829.4623,289.70,1000.3150,655.3500,655.3500,89.00,103.00,False
1789838829.5605,289.80,1000.1750,655.3500,655.3500,89.00,103.00,False
1789838829.6753,289.90,1000.0300,655.3500,655.3500,88.50,103.00,False
1789838829.7647,290.00,999.8850,655.3500,655.3500,88.50,103.00,False
1789838829.8697,290.10,999.7400,655.3500,655.3500,88.50,103.00,False
1789838829.9652,290.20,999.5950,655.3500,655.3500,88.50,103.00,False
1789838830.0634,290.30,999.4500,655.3500,655.3500,88.50,103.00,False
1789838830.1606,290.40,999.3000,655.3500,655.3500,88.00,103.00,False
1789838830.2616,290.50,999.1500,655.3500,655.3500,88.00,103.00,False
1789838830.3661,290.60,999.0000,655.3500,655.3500,88.00,103.00,False
1789838830.4631,290.70,998.8500,655.3500,655.3500,88.00,103.00,False
1789838830.5598,290.80,998.7000,655.3500,655.3500,88.00,103.00,False
1789838830.6645,290.90,998.5500,655.3500,655.3500,88.00,103.00,False
1789838830.7622,291.00,998.4000,655.3500,655.3500,88.00,103.00,False
1789838830.8653,291.10,998.2500,655.3500,655.3500,88.00,103.00,False
1789838830.9838,291.20,998.0950,655.3500,655.3500,87.50,103.00,False
1789838831.0614,291.30,997.9400,655.3500,655.3500,87.50,103.00,False
1789838831.1647,291.40,997.7850,655.3500,655.3500,87.50,103.00,False
1789838831.2640,291.50,997.6300,655.3500,655.3500,87.50,103.00,False
1789838831.3838,291.60,997.4750,655.3500,655.3500,87.50,103.00,False
1789838831.4627,291.70,997.3150,655.3500,655.3500,87.00,103.00,False
1789838831.5629,291.80,997.1550,655.3500,655.3500,87.00,103.00,False
1789838831.6625,291.90,996.9950,655.3500,655.3500,87.00,103.00,False
1789838831.7626,292.00,996.8350,655.3500,655.3500,87.00,103.00,False
1789838831.8694,292.10,996.6700,655.3500,655.3500,86.50,103.00,False
1789838831.9671,292.20,996.5050,655.3500,655.3500,86.50,103.00,False
1789838832.0645,292.30,996.3400,655.3500,655.3500,86.50,103.00,False
1789838832.1655,292.40,996.1750,655.3500,655.3500,86.50,103.00,False
1789838832.2817,292.50,996.0100,655.3500,655.3500,86.50,103.00,False
1789838832.3630,292.60,995.8400,655.3500,655.3500,86.00,103.00,False
1789838832.4642,292.70,995.6700,655.3500,655.3500,86.00,103.00,False
1789838832.5669,292.80,995.5000,655.3500,655.3500,86.00,103.00,False
1789838832.6635,292.90,995.3300,655.3500,655.3500,86.00,103.00,False
1789838832.7625,293.00,995.1550,655.3500,655.3500,85.50,103.00,False
1789838832.8693,293.10,994.9800,655.3500,655.3500,85.50,103.00,False
1789838832.9674,293.20,994.8050,655.3500,655.3500,85.50,103.00,False
1789838833.0652,293.30,994.6300,655.3500,655.3500,85.50,103.00,False
1789838833.1887,293.40,994.4550,655.3500,655.3500,85.50,103.00,False
1789838833.2649,293.50,994.2750,655.3500,655.3500,85.00,103.00,False
1789838833.3731,293.60,994.0950,655.3500,655.3500,85.00,103.00,False
1789838833.4745,293.70,993.9150,655.3500,655.3500,85.00,103.00,False
1789838833.5723,293.80,993.7350,655.3500,655.3500,85.00,103.00,False
1789838833.6674,293.90,993.5550,655.3500,655.3500,85.00,103.00,False
1789838833.7634,294.00,993.3750,655.3500,655.3500,85.00,103.00,False
1789838833.8661,294.10,993.1950,655.3500,655.3500,85.00,103.00,False
1789838833.9653,294.20,993.0150,655.3500,655.3500,85.00,103.00,False
1789838834.0862,294.30,992.8300,655.3500,655.3500,84.50,103.00,False
1789838834.1680,294.40,992.6450,655.3500,655.3500,84.50,103.00,False
1789838834.2652,294.50,992.4600,655.3500,655.3500,84.50,103.00,False
1789838834.3658,294.60,992.2750,655.3500,655.3500,84.50,103.00,False
1789838834.4671,294.70,992.0900,655.3500,655.3500,84.50,103.00,False
1789838834.5653,294.80,991.9000,655.3500,655.3500,84.00,103.00,False
1789838834.6686,294.90,991.7100,655.3500,655.3500,84.00,103.00,False
1789838834.7623,295.00,991.5200,655.3500,655.3500,84.00,103.00,False
1789838834.8657,295.10,991.3300,655.3500,655.3500,84.00,103.00,False
1789838834.9852,295.20,991.1350,655.3500,655.3500,83.50,103.00,False
1789838835.0654,295.30,990.9400,655.3500,655.3500,83.50,103.00,False
1789838835.1693,295.40,990.7450,655.3500,655.3500,83.50,103.00,False
1789838835.2690,295.50,990.5500,655.3500,655.3500,83.50,103.00,False
1789838835.3696,295.60,990.3550,655.3500,655.3500,83.50,103.00,False
1789838835.4656,295.70,990.1550,655.3500,655.3500,83.00,103.00,False
1789838835.5658,295.80,989.9550,655.3500,655.3500,83.00,103.00,False
1789838835.6679,295.90,989.7550,655.3500,655.3500,83.00,103.00,False
1789838835.7669,296.00,989.5550,655.3500,655.3500,83.00,103.00,False
1789838835.8853,296.10,989.3500,655.3500,655.3500,82.50,103.00,False
1789838835.9663,296.20,989.1450,655.3500,655.3500,82.50,103.00,False
1789838836.0666,296.30,988.9400,655.3500,655.3500,82.50,103.00,False
1789838836.1684,296.40,988.7350,655.3500,655.3500,82.50,103.00,False
1789838836.2678,296.50,988.5300,655.3500,655.3500,82.50,103.00,False
1789838836.3643,296.60,988.3200,655.3500,655.3500,82.00,103.00,False
1789838836.4700,296.70,988.1100,655.3500,655.3500,82.00,103.00,False
1789838836.5692,296.80,987.9000,655.3500,655.3500,82.00,103.00,False
1789838836.6660,296.90,987.6900,655.3500,655.3500,82.00,103.00,False
1789838836.7649,297.00,987.4800,655.3500,655.3500,82.00,103.00,False
1789838836.8657,297.10,987.2700,655.3500,655.3500,82.00,103.00,False
1789838836.9711,297.20,987.0600,655.3500,655.3500,82.00,103.00,False
1789838837.0698,297.30,986.8500,655.3500,655.3500,82.00,103.00,False
1789838837.7069,297.40,986.6400,655.3500,655.3500,82.00,103.00,False
1789838837.7565,297.50,986.4250,655.3500,655.3500,81.50,103.00,False
1789838837.8576,297.60,986.2100,655.3500,655.3500,81.50,103.00,False
1789838837.9555,297.70,985.9950,655.3500,655.3500,81.50,103.00,False
1789838838.0608,297.80,985.7800,655.3500,655.3500,81.50,103.00,False
1789838838.1755,297.90,985.5600,655.3500,655.3500,81.00,103.00,False
1789838838.2575,298.00,985.3400,655.3500,655.3500,81.00,103.00,False
1789838838.3605,298.10,985.1200,655.3500,655.3500,81.00,103.00,False
1789838838.4608,298.20,984.9000,655.3500,655.3500,81.00,103.00,False
1789838838.5599,298.30,984.6800,655.3500,655.3500,81.00,103.00,False
1789838838.6621,298.40,984.4550,655.3500,655.3500,80.50,103.00,False
1789838838.7653,298.50,984.2300,655.3500,655.3500,80.50,103.00,False
1789838838.8633,298.60,984.0050,655.3500,655.3500,80.50,103.00,False
1789838838.9693,298.70,983.7800,655.3500,655.3500,80.50,103.00,False
1789838839.0586,298.80,983.5550,655.3500,655.3500,80.50,103.00,False
1789838839.1601,298.90,983.3250,655.3500,655.3500,80.00,103.00,False
1789838839.2630,299.00,983.0950,655.3500,655.3500,80.00,103.00,False
1789838839.3537,299.10,982.8650,655.3500,655.3500,80.00,103.00,False
1789838839.4670,299.20,982.6350,655.3500,655.3500,80.00,103.00,False
1789838839.5831,299.30,982.4050,655.3500,655.3500,80.00,103.00,False
1789838839.6650,299.40,982.1700,655.3500,655.3500,79.50,103.00,False
1789838839.7677,299.50,981.9350,655.3500,655.3500,79.50,103.00,False
1789838839.8640,299.60,981.7000,655.3500,655.3500,79.50,103.00,False
1789838839.9589,299.70,981.4650,655.3500,655.3500,79.50,103.00,False
1789838840.0587,299.80,981.2250,655.3500,655.3500,79.00,103.00,False
1789838840.1668,299.90,980.9850,655.3500,655.3500,79.00,103.00,False
